Species	CMC001.B.deep.homd_mags	CMC002.B.deep.homd_mags	CMC003.B.deep.homd_mags	CMC004.B.deep.homd_mags	CMC005.B.deep.homd_mags	CMC006.B.deep.homd_mags	CMC007.B.deep.homd_mags	CMC008.B.deep.homd_mags	CMC009.A.deep.homd_mags	CMC009.B.deep.homd_mags	CMC010.B.deep.homd_mags	CMC011.B.deep.homd_mags	CMC012.B.deep.homd_mags	CMC013.B.deep.homd_mags	CMC015.B.deep.homd_mags	CMC016.B.deep.homd_mags	CMC017.B.deep.homd_mags	CMC018.B.deep.homd_mags	CMC020.B.deep.homd_mags	CMC021.B.deep.homd_mags	CMC022.B.deep.homd_mags	CMC023.A.deep.homd_mags	CMC023.B.deep.homd_mags	CMC024.B.deep.homd_mags	CMC025.B.deep.homd_mags	CMC026.B.deep.homd_mags	CMC027.B.deep.homd_mags	CMC028.B.deep.homd_mags	CMC029.B.deep.homd_mags	CMC030.B.deep.homd_mags	CMC031.B.deep.homd_mags	CMC032.B.deep.homd_mags	CMC033.B.deep.homd_mags	CMC034.B.deep.homd_mags	CMC035.B.deep.homd_mags	CMC036.B.deep.homd_mags	CMC037.B.deep.homd_mags	CMC038.A.deep.homd_mags	CMC038.B.deep.homd_mags	CMC039.B.deep.homd_mags	CMC040.B.deep.homd_mags	CMC042.B.deep.homd_mags	CMC043.B.deep.homd_mags	CMC045.B.deep.homd_mags	CMC046.B.deep.homd_mags
JACDCH01 pr_cl_3229	0	0	8	2	3	0	7	3	0	2	0	0	2	2	0	0	5	2	0	2	2	1	0	5	2	0	2	0	0	0	0	4	0	0	0	1	1	0	2	0	8	0	5	4	2
PALSA-555 pr_cl_3271	0	6	0	3	20	0	2	0	0	6	6	0	0	1	2	0	1	1	0	5	2	2	8	0	7	0	0	8	2	0	2	3	0	1	4	0	1	4	0	0	2	4	0	2	2
SIRX01 pr_cl_3226	0	6	0	0	7	2	0	2	5	0	0	0	0	0	0	3	0	1	0	0	0	2	0	0	2	1	0	1	0	0	0	3	0	5	4	0	2	44	2	0	0	0	0	2	0
JACVRM01 pr_cl_3222	0	6	0	0	3	0	7	0	1	5	0	0	8	0	0	4	0	0	1	0	0	0	1	1	6	0	0	6	0	0	0	0	0	0	1	2	3	0	8	2	4	0	2	2	4
JACDAN01 pr_cl_3270	0	6	0	4	0	1	0	0	3	8	0	0	2	2	1	0	1	1	2	1	2	4	1	4	5	1	7	1	0	0	0	0	0	0	0	0	0	0	0	0	1	2	1	0	3
70-9 pr_cl_3224	0	17	47	2	101	26	389	297	8	292	17	6	44	261	44	6	1	0	22	103	0	0	209	5	35	356	16	1	18	1	0	0	0	0	0	118	13	2	1	0	0	1	15	3	24
Solirubrobacteraceae pr_cl_3223	1	8	4	13	1	4	29	3	6	9	0	8	1	16	1	22	33	2	12	9	8	31	13	20	13	4	48	23	5	2	1	0	3	2	0	1	2	10	11	6	2	17	2	3	3
JACVRW01 pr_cl_3225	4	39	12	131	1	8	8	9	9	15	1	181	9	6	1	42	37	1	16	47	160	65	7	125	6	9	29	21	5	5	0	7	2	0	19	0	35	14	461	2	33	10	0	44	14
CACZQA01 pr_cl_3187	3	0	0	36	3	2	6	2	0	8	11	10	19	0	0	25	31	7	7	7	75	14	38	93	87	30	18	11	0	2	0	0	0	2	10	2	2	16	4	3	4	9	0	0	0
W1P20-047 pr_cl_3179	0	2	2	12	2	0	5	0	1	1	2	187	11	4	2	6	6	14	3	3	65	9	86	168	2	29	45	4	1	3	0	0	0	1	12	44	20	13	172	6	2	5	0	1	5
W1P20-047 pr_cl_3180	0	0	1	6	0	2	7	0	0	0	0	1	7	0	0	7	187	26	16	8	121	72	15	561	2	10	18	4	2	35	2	2	2	0	12	4	1	68	168	1	0	1	0	4	0
UMGS1519 pr_cl_3177	2	2	1	11	516	0	17	0	4	3	494	11019	4644	2	2	177	365	1251	5	12	1403	15	23	24	5	19890	17	83	16	35	25	0	6	6	21	8	14	16	46	6	5	35	0	0	0
RUG013 pr_cl_3178	2	0	0	0	0	0	0	0	0	0	2	26	5	0	0	0	11	2	0	0	4	0	0	25	2	63	13	0	0	0	0	0	0	0	0	0	0	4	0	2	2	0	3	0	0
Denitrobacterium pr_cl_3182	4	316	5	17	12	1	9	1	0	9	8	4	0	1	2	167	1368	2	5	33	9984	125	11	608225	177	1681	3	7	0	6	4	0	0	4	10418	1585	350	43771	954	46	2	15	22	310	2
Cryptobacterium pr_cl_3181	0	4	0	9	11	0	5	1	0	0	0	4	5	11	3	1	2390	2	0	0	4	79	5	131	2	32	2	1	2	6	0	0	0	1	6	2	46	5	0	0	0	0	0	0	2
Cryptobacterium pr_cl_3298	2	15	0	196	249	0	784	0	329	18	250	2614	614	627	1084	3095	1694	162	125	208	109	84	1586	96	6849	6650	1182	825	29	7221	27	0	6	29	258	78	7	12	27	14	32	865	61	8	8
Cryptobacterium pr_cl_3299	28	12	4	17084	9128	2	238	0	70	7	127	197649	34762	401	118591	299109	128898	281	1594	1266	9030	4543	94460	1916	74912	211390	32724	60823	1734	22602	0	0	2	1019	613	60	422	33	960	338	0	42708	611	110	4
Eggerthellaceae pr_cl_3186	42	0	1	198	35	0	269	0	4	15	34	112	32	3	487	379	237	23	45	92	203	121	502	148	328	159	267	1	70	226	0	0	19	15	155	11	37	38	220	31	0	8	94	8	12
Slackia pr_cl_3183	5710	1808	30	132511	2386	1928	34519	2980	112	445	18348	30854	48215	254	334	105713	12541	30688	9678	11131	103585	35136	6336	55013	15219	49778	23622	51144	17873	14557	341	123	1638	8088	48556	8760	275	2152	134113	3251	10495	32174	1071	60070	920
Berryella pr_cl_3184	1113	143	82	4173	2050	139	1257	61	92	217	5760	16759	12831	200	1901	16190	23362	330162	795	3985	3168011	915592	13463	1001128	11851	139364	14675	2824	462	3221	509	9	896	797	2083	1025	730	97960	249534	5432	181	3209	1023	594	1365
Berryella pr_cl_3185	5855	2798	191	226	8780	3977	665	595	12	237	384	287	483	3	1002	1135	154668	1684	136	3038	36137	14954	1454	12242	51807	59427	312	2898	479	143058	35	6	16	51	195333	832	81	1349	3273	2509	5	333	45	28	28
UBA7748 pr_cl_3188	0	1	3	45	1635	0	129	1	10	16	174	40	48	13	153	1599	264	23	41	41	110	188	1266	76	159	79	10	2	18	75	167	0	6	37	1828	39	10	28	21	29	6	112	49	22	34
RUG721 pr_cl_3204	33	0	6	35	112	2	51	2	0	10	9	66	223	0	142	3055	172	47	35	206	44	30	785	137606	70	52	67	3	72	38	0	0	4	16	30	81	12	12	43	277	6	5	8	200	25
Olegusella pr_cl_3409	33	34	431	82	11	154	128	17	0	3	28155	288	99	141	26	11958	3430	35486	257	285	8185	3093	1325	19378	169	13525	5717	2	867	787	0	5	10	12354	2052	1437	34	36791	6079	3555	0	1272	11	28	86
Olsenella_I pr_cl_3216	252	24	231	5546	13474	81	129	21	11	16	36973	2715	567997	123	955	13593	1520	51355	674	2700	4823	264	2403	24721	1772	11824	438	18	869	860	23	0	22	31893	394	2832	347	1086	654	344	11	141	68	145	26
Lancefieldella pr_cl_3386	0	0	0	2	2	0	0	0	2	0	5	7	0	1	0	0	0	0	7	1	0	0	0	1	2	6	1	0	0	0	0	6	0	0	1	5	0	0	0	0	0	0	0	0	0
Lancefieldella pr_cl_3352	0	0	0	0	3	0	0	0	0	0	2	0	0	0	0	1	0	0	0	1	3	0	0	0	0	0	0	0	0	3	0	1	0	0	0	1	0	0	0	0	0	0	0	0	0
Lancefieldella pr_cl_3358	0	0	0	9	4	0	0	0	1	0	4	1	11	0	0	0	4	0	0	2	0	0	0	0	2	0	0	3	0	0	0	0	0	0	1	0	0	0	0	3	0	0	0	0	0
Lancefieldella pr_cl_3359	0	0	0	0	1	0	0	0	44	8	0	3	2	0	0	4	0	0	2	2	4	0	0	1	0	0	0	0	4	0	0	0	0	0	0	0	0	0	0	0	0	0	0	0	0
Lancefieldella pr_cl_3381	0	0	0	0	0	0	0	0	0	0	0	0	14	0	0	16	0	0	0	4	3	0	0	2	0	0	2	2	1	4	0	1	0	0	1	0	0	0	0	2	1	1	0	7	0
Lancefieldella pr_cl_3357	0	0	4	10	23	0	3	2	4	1	9	0	1	6	0	5	0	5	5	3	2	0	0	2	0	2	1	2	2	0	0	1	0	0	3	2	2	0	0	5	8	9	2	7	3
Lancefieldella pr_cl_3323	0	0	0	2	2	0	0	2	0	0	0	2	5	0	0	18	1	0	1	4	1	0	0	9	2	7	0	0	0	2	0	2	0	0	0	2	0	0	1	0	0	12	0	4	4
Lancefieldella pr_cl_3367	0	0	0	10	0	0	0	2	1	0	8	32	12	0	0	29	0	2	7	2	2	0	0	2	4	16	1	0	6	5	0	0	2	0	1	0	1	0	0	0	4	12	0	2	0
Lancefieldella pr_cl_3361	0	0	0	0	5	0	1	1	0	0	2	1	0	0	0	0	0	2	1	2	1	0	0	0	0	0	2	0	1	1	0	0	0	0	0	0	0	0	1	0	0	0	0	3	0
Lancefieldella pr_cl_3343	0	0	0	0	0	0	0	0	0	0	0	0	0	0	0	0	0	0	0	0	0	0	0	0	0	0	0	0	0	0	2	0	0	0	0	0	0	0	0	0	0	0	0	0	0
Lancefieldella pr_cl_3383	0	0	0	0	3	0	0	0	0	0	0	4	2	0	2	14	0	0	3	2	4	0	0	0	0	2	0	0	2	6	0	0	0	0	2	1	0	0	0	0	0	0	0	0	0
Lancefieldella pr_cl_3365	0	0	0	60	8	8	0	4	0	2	73	60	3	4	4	18	17	43	44	5	63	0	1	4	8	88	20	17	6	3	2	5	11	2	8	1	4	0	8	2	8	209	2	7	0
Lancefieldella pr_cl_3407	0	0	0	0	0	0	0	0	0	0	2	2	0	0	0	0	0	0	0	0	0	0	0	0	0	0	0	0	0	0	0	0	0	0	0	0	0	0	0	0	0	0	0	0	0
Lancefieldella pr_cl_3380	0	0	0	0	0	0	0	0	0	0	4	0	0	0	0	1	0	0	0	0	0	0	0	0	0	0	0	0	0	0	0	0	0	0	1	2	0	0	0	0	0	0	0	0	0
Lancefieldella pr_cl_3395	0	0	0	2	0	0	0	0	0	0	0	0	0	0	0	0	0	0	2	0	12	0	0	0	4	0	0	0	0	2	0	1	0	0	0	0	0	0	0	0	0	0	0	0	0
Lancefieldella pr_cl_3348	0	0	0	17	0	0	0	0	0	0	2	3	0	0	1	2	0	0	1	6	139	2	1	0	0	2	0	0	0	0	1	0	0	0	0	0	0	0	0	0	1	2	0	0	0
Lancefieldella pr_cl_3345	0	0	0	9	1	0	0	0	0	0	2	22	9	0	2	2	0	1	7	21	6	2	0	0	0	4	3	0	3	0	0	9	3	0	0	0	0	0	0	0	4	4	0	84	0
Lancefieldella pr_cl_3315	0	0	0	9	5	1	2	2	0	0	12	2	6	1	2	12	4	2	1	4	7	0	0	5	0	6	2	3	4	2	1	3	0	1	4	3	1	0	0	0	0	3	0	1	0
Lancefieldella pr_cl_3385	0	0	0	2	0	0	0	0	0	0	0	0	0	2	0	0	0	0	0	7	2	0	0	2	0	0	0	0	0	2	0	0	0	0	1	5	0	0	0	0	0	2	0	0	0
Lancefieldella pr_cl_3414	0	0	0	15	1	0	0	1	0	0	2	1	8	0	0	3	0	6	0	1	8	3	9	4	2	7	6	2	0	5	0	0	0	2	0	2	0	2	4	0	0	0	0	3	0
Lancefieldella pr_cl_3317	0	0	2	58	32	1	24	8	5	11	73	65	34	6	15	42	4	7	8	26	76	0	5	16	39	8	21	11	4	28	3	2	0	0	3	10	5	0	8	10	17	26	2	10	2
Lancefieldella pr_cl_3332	0	0	0	5	0	0	1	0	0	0	3	1	1	0	0	0	4	0	2	2	1	0	4	1	4	0	0	0	0	0	0	0	0	0	0	0	0	0	0	2	0	0	0	3	0
Lancefieldella pr_cl_3377	0	0	0	4	17	0	0	0	0	0	1	8	0	0	0	0	0	0	1	0	2	0	0	7	2	0	10	0	0	0	0	0	0	0	2	1	0	0	0	0	2	4	0	0	0
Lancefieldella pr_cl_3391	0	0	0	1	2	0	0	2	0	0	11	2	2	0	1	15	2	0	4	1	3	0	1	4	2	1	4	1	0	5	2	0	0	0	0	2	0	0	0	0	0	9	1	0	0
Lancefieldella pr_cl_3341	0	0	0	0	0	0	0	0	0	1	1	0	0	0	0	3	0	2	1	6	2	1	1	2	0	0	0	0	6	1	0	0	0	0	0	1	0	0	0	0	0	0	0	0	0
Lancefieldella pr_cl_3347	0	0	0	5	0	0	0	2	0	0	6	1	0	0	0	1	0	0	0	5	0	0	0	0	0	0	0	0	0	0	0	0	0	0	0	0	0	0	0	0	0	4	0	3	0
Lancefieldella pr_cl_3382	0	0	0	8	1	0	4	0	0	2	6	3	7	0	2	6	1	1	5	2	3	0	2	2	0	0	16	0	5	4	0	0	0	0	2	0	0	0	0	0	2	15	0	1	0
Lancefieldella pr_cl_3336	0	0	0	15	0	0	33	0	1	0	0	19	11	0	1	3	2	0	1	6	50	3	51	2	12	6	5	9	1	17	0	2	0	0	25	0	0	0	29	2	41	6	0	0	0
Lancefieldella pr_cl_3370	0	0	0	4	0	5	0	0	0	2	1	2	15	0	0	17	0	0	0	7	72	0	0	0	1	2	30	6	2	0	0	0	0	9	0	0	0	0	0	0	2	6	0	4	0
Lancefieldella pr_cl_3340	0	0	1	6	2	2	0	0	0	4	5	4	0	5	0	6	0	0	0	4	85	3	6	2	2	0	4	3	10	3	0	0	0	0	0	3	0	0	0	0	3	3	0	0	0
Lancefieldella pr_cl_3375	0	0	0	0	3	1	0	0	0	0	6	7	0	2	0	1	0	0	0	0	0	0	0	1	0	0	1	6	1	0	0	1	0	0	0	0	6	0	0	0	1	3	1	0	0
Lancefieldella pr_cl_3401	0	0	0	1	11	0	0	0	0	0	2	2	1	0	0	0	0	0	2	1	40	0	0	1	1	0	0	0	2	0	0	0	0	0	0	0	1	2	0	0	0	2	2	0	0
Lancefieldella pr_cl_3202	0	1	4	80	10	3	24	0	3	1	23	98	60	16	5	107	16	5	18	34	239	1	20	152	62	44	46	29	45	33	0	1	1	6	3	7	0	0	6	4	22	64	11	23	0
Lancefieldella pr_cl_3412	0	0	0	7	15	0	16	0	0	4	4	9	8	2	2	13	11	187	6	2	358	18	2	273	20	26	18	0	0	1	0	0	0	0	3	3	0	35	20	0	1	1	2	0	0
Lancefieldella pr_cl_3349	0	0	0	7	2	0	0	2	0	0	1	0	0	2	3	3	0	0	0	3	219	0	0	0	4	2	0	4	0	2	0	2	0	0	0	2	0	0	0	0	0	1	0	1	0
Lancefieldella pr_cl_3338	0	0	0	3	9	0	0	0	0	0	23	2	0	8	0	29	27	0	8	7	4	0	2	1	282	0	0	2	0	0	0	0	0	0	5	8	4	0	0	9	0	1	3	0	4
Lancefieldella pr_cl_3325	0	0	0	23	4	1	0	2	0	4	25	13	18	0	2	7	0	2	3	14	185	0	1	11	11	12	0	0	7	2	0	3	0	4	6	0	0	0	4	3	8	10	1	7	0
Lancefieldella pr_cl_3331	0	0	0	0	0	0	0	0	0	0	0	0	0	0	0	0	0	0	0	0	1	0	0	2	0	0	0	0	0	0	0	0	0	0	0	0	0	0	0	0	0	2	0	0	0
Lancefieldella pr_cl_3308	0	0	0	38	6	0	35	1	0	0	13	57	24	2	4	21	4	2	27	15	42	0	16	31	22	31	16	9	27	25	0	0	0	6	0	1	0	0	0	3	6	19	0	10	1
Lancefieldella pr_cl_3392	0	0	0	8	4	1	0	1	0	0	3	7	2	0	0	0	0	2	3	5	1	0	0	0	0	1	2	0	0	2	0	0	0	0	0	1	0	4	0	0	16	3	0	0	0
Lancefieldella pr_cl_3339	0	0	0	0	1	0	0	0	4	0	0	0	0	0	0	2	0	0	0	0	1	0	0	0	0	0	0	0	0	0	0	0	0	2	5	0	0	0	0	0	0	0	0	0	0
Lancefieldella pr_cl_3350	0	0	0	15	4	0	2	1	0	2	4	7	3	0	0	8	4	2	0	1	18	0	2	6	18	0	0	7	20	0	0	0	1	0	2	3	0	4	13	0	0	16	2	11	0
Lancefieldella pr_cl_3366	0	0	0	17	13	1	7	0	0	0	14	12	0	2	0	2	7	0	1	24	199	0	3	13	2	3	4	3	2	0	0	0	0	0	2	2	0	0	0	0	0	19	0	7	0
Lancefieldella pr_cl_3379	0	0	1	0	0	0	0	0	0	1	2	4	0	0	0	4	0	0	4	3	0	2	0	0	2	0	2	0	1	0	0	1	0	0	0	0	0	0	0	0	0	8	1	0	0
Lancefieldella pr_cl_3305	0	0	0	0	0	0	0	0	0	0	0	0	0	0	0	2	0	0	0	4	2	0	0	0	0	0	2	0	0	0	0	0	0	0	0	0	0	0	0	0	0	0	0	0	0
Lancefieldella pr_cl_3405	0	0	0	3	3	0	1	0	0	0	5	1	7	0	0	2	2	0	1	5	6	0	2	1	0	3	7	11	2	5	0	0	0	0	3	0	0	0	0	0	2	2	0	4	4
Lancefieldella pr_cl_3318	0	0	0	2	0	0	0	1	0	0	1	0	0	3	0	0	0	1	0	1	1	0	0	1	0	0	0	0	0	0	0	0	0	0	0	0	0	0	0	0	0	0	0	2	0
Lancefieldella pr_cl_3311	0	0	0	3	0	0	6	1	1	0	1	2	12	0	0	2	0	1	9	0	2	0	2	2	1	2	0	1	11	0	0	0	0	0	0	0	2	0	0	0	3	3	0	1	0
Lancefieldella pr_cl_3335	0	0	0	9	0	0	0	2	0	0	2	71	0	0	2	29	14	6	43	4	60	0	10	10	7	165	14	39	0	6	0	6	0	0	9	1	0	0	2	4	17	8	2	1	0
Lancefieldella pr_cl_3353	0	0	0	4	1	0	0	0	0	0	1	3	1	0	0	16	0	0	0	3	2	0	2	4	0	0	4	0	0	4	0	0	0	0	0	0	0	0	0	0	15	2	1	4	0
Lancefieldella pr_cl_3356	0	0	0	1	1	3	0	0	2	0	10	10	1	0	0	1	2	1	7	8	46	0	2	0	0	0	1	4	1	0	0	0	0	0	2	0	0	0	0	1	0	1	0	2	0
Lancefieldella pr_cl_3387	0	0	5	14	2	3	0	3	0	0	6	2	0	1	0	7	2	6	1	8	55	0	2	1	0	1	0	2	0	1	0	1	0	0	0	1	2	0	0	3	0	11	0	6	0
Lancefieldella pr_cl_3333	0	0	0	10	5	0	0	0	4	0	13	0	0	3	5	1	0	4	0	6	5	0	0	1	0	0	0	0	0	0	0	1	0	0	0	0	0	0	0	1	0	0	0	0	0
Lancefieldella pr_cl_3310	0	0	0	3	2	0	2	0	0	0	1	3	0	0	0	2	0	0	3	0	6	0	0	0	1	5	0	0	2	0	0	0	0	0	0	0	0	0	0	0	0	2	0	0	0
Lancefieldella pr_cl_3393	0	0	0	2	0	0	0	0	0	0	0	0	0	0	0	2	0	0	0	0	2	0	0	0	0	0	0	0	0	0	0	0	0	0	0	0	0	0	0	0	2	3	0	1	0
Lancefieldella pr_cl_3406	0	0	0	0	4	2	0	0	0	0	18	21	11	2	2	0	0	2	3	5	70	0	2	0	5	1	11	1	1	2	0	0	0	0	8	0	0	0	0	0	4	5	0	2	0
Lancefieldella pr_cl_3327	0	0	0	23	2	2	2	0	35	4	105	3	2	0	0	11	7	1	10	14	0	0	0	1	4	0	7	0	0	0	8	1	0	3	0	2	0	6	7	4	1	163	101	5	3
Lancefieldella pr_cl_3404	0	0	7	45	22	11	7	1	9	0	15	20	77	3	5	676	10	4	6	16	114	8	159	93	39	17	15	3	6	12	0	2	2	2	330	10	2	0	2	61	24	53	4	8	6
Lancefieldella pr_cl_3373	0	0	0	12	0	0	0	0	0	0	1	0	5	0	0	0	2	1	0	4	5	0	1	7	0	0	0	0	0	0	0	3	1	0	1	0	2	0	0	0	1	0	0	0	0
Lancefieldella pr_cl_3316	0	0	0	9	9	1	0	4	2	0	7	10	5	0	0	2	5	0	0	8	84	1	10	2	4	4	10	0	2	2	0	0	0	0	2	0	0	0	0	2	11	5	0	0	0
Lancefieldella pr_cl_3354	0	0	0	18	2	0	0	4	0	0	3	1	0	0	0	0	0	0	1	0	63	0	0	0	3	5	3	0	5	0	0	0	0	0	0	0	0	0	0	0	7	1	0	0	0
Lancefieldella pr_cl_3342	0	0	0	0	0	2	0	0	0	0	0	3	0	0	0	1	0	0	2	4	22	0	0	0	7	5	2	5	5	2	0	1	0	0	0	5	0	0	0	0	2	2	0	0	0
Lancefieldella pr_cl_3378	0	0	2	0	5	4	0	0	0	0	0	6	0	0	0	0	1	1	4	0	0	0	0	3	0	0	4	0	3	0	0	0	0	0	0	0	0	0	0	0	0	0	0	0	0
Lancefieldella pr_cl_3398	0	0	0	2	0	0	0	0	0	0	2	8	0	0	0	0	0	0	0	3	0	0	3	3	5	2	1	0	0	0	0	0	0	0	2	2	0	0	0	0	1	1	0	0	0
Lancefieldella pr_cl_3371	0	0	0	5	1	2	0	0	38	0	43	0	0	0	0	2	4	2	4	9	4	0	0	0	10	0	1	0	13	4	1	0	0	0	0	0	0	5	4	5	7	37	15	0	0
Lancefieldella pr_cl_3307	0	0	0	4	0	0	0	0	0	0	3	1	2	0	0	3	0	0	7	2	195	0	0	0	0	0	0	0	4	0	0	0	0	0	0	0	0	0	0	0	0	2	0	1	0
Lancefieldella pr_cl_3399	0	0	0	0	3	2	0	0	0	0	4	6	0	2	0	8	0	2	7	3	27	0	1	0	0	6	3	1	0	0	0	0	0	0	3	0	0	0	0	2	0	4	1	1	0
Lancefieldella pr_cl_3374	0	0	0	3	0	1	0	0	0	0	7	0	0	0	0	2	0	0	0	2	0	0	2	0	0	0	0	0	0	0	0	0	0	0	0	0	0	0	0	0	0	0	0	0	0
Lancefieldella pr_cl_3402	0	0	0	11	0	0	2	2	0	0	2	0	1	0	0	2	0	0	0	0	12	0	0	0	13	0	0	0	0	6	0	0	0	0	0	6	0	0	0	0	0	0	1	0	0
Lancefieldella pr_cl_3397	0	0	0	2	2	0	3	0	0	0	3	4	2	0	2	7	6	0	3	1	1	0	18	9	1	0	0	0	6	5	0	1	0	3	0	0	0	0	4	0	0	13	0	0	0
Lancefieldella pr_cl_3364	0	0	0	23	4	0	0	2	0	0	15	2	0	6	4	2	0	0	4	9	34	0	6	10	5	8	5	0	6	9	0	5	0	0	11	2	0	0	0	1	27	19	0	13	0
Lancefieldella pr_cl_3313	0	0	0	0	0	0	0	0	0	0	3	7	0	0	0	0	0	0	6	2	0	0	0	1	0	7	0	5	0	0	0	0	0	0	0	0	0	0	0	1	0	4	0	0	0
Lancefieldella pr_cl_3394	0	0	0	8	8	4	0	0	0	2	0	2	0	0	0	0	0	0	0	1	4	1	0	0	3	0	0	2	0	2	0	0	0	0	2	0	0	0	0	0	0	4	0	0	0
Lancefieldella pr_cl_3413	0	0	0	83	16	0	15	2	3	5	13	34	99	1	8	315	33	7	16	5	17	15	68	26	86	32	92	2	4	22	8	0	11	0	5	6	3	0	41	13	3	16	13	0	2
Lancefieldella pr_cl_3411	0	0	0	8	3	0	4	0	0	0	0	0	6	0	0	1	0	0	6	4	2	0	0	0	4	0	2	0	0	0	0	0	2	0	4	0	0	2	0	0	0	0	0	0	0
Lancefieldella pr_cl_3306	0	0	0	0	0	0	0	0	0	0	3	0	0	0	0	1	0	1	0	0	4	0	0	0	0	0	0	0	0	0	0	0	0	0	0	0	0	0	0	0	0	0	0	1	0
Lancefieldella pr_cl_3351	0	1	0	0	3	1	0	0	0	0	2	0	0	2	0	0	0	3	0	0	0	0	0	8	1	2	0	0	0	0	0	0	0	0	2	0	1	0	0	0	3	2	0	0	0
Lancefieldella pr_cl_3396	0	0	0	0	0	0	14	4	0	3	9	0	0	0	0	1	0	1	12	9	0	6	0	35	4	0	0	0	2	0	0	0	0	1	0	2	0	0	0	0	0	4	0	1	0
Lancefieldella pr_cl_3363	0	0	0	0	0	1	0	0	1	0	7	4	1	1	2	13	0	1	0	2	2	0	0	1	0	3	0	4	0	4	0	2	0	0	9	0	0	0	0	0	10	16	0	1	0
Lancefieldella pr_cl_3314	0	0	0	0	1	0	0	0	0	0	0	0	0	0	0	0	0	0	2	0	0	0	0	0	0	2	0	0	0	0	0	0	0	0	0	0	0	0	0	0	0	1	2	0	0
Lancefieldella pr_cl_3390	0	0	0	31	1	1	3	0	1	3	29	7	3	0	16	20	4	3	4	9	10	2	1	8	22	3	9	3	4	2	0	0	1	0	0	2	4	0	0	5	7	23	0	4	0
Lancefieldella pr_cl_3346	0	0	0	3	0	0	0	0	21	0	6	0	0	6	0	1	0	0	0	0	1	0	1	0	45	0	1	0	0	0	2	0	0	0	0	2	3	0	0	0	0	1	0	2	0
Lancefieldella pr_cl_3400	0	0	0	0	0	0	0	0	0	0	3	0	0	0	0	0	0	0	1	0	0	0	0	0	0	0	1	0	0	0	0	0	0	0	0	0	0	0	0	0	0	1	0	0	0
Lancefieldella pr_cl_3337	0	0	0	4	1	0	0	0	0	0	1	4	0	0	0	0	0	0	2	0	147	0	0	2	0	2	0	0	0	1	0	0	0	0	0	0	0	0	0	0	0	0	0	2	0
Lancefieldella pr_cl_3360	0	0	0	2	5	2	0	2	0	0	4	0	0	0	0	2	0	6	2	2	5	0	2	1	1	0	1	0	0	0	0	0	0	0	2	1	0	0	1	1	0	1	1	0	0
Lancefieldella pr_cl_3376	0	0	2	0	0	0	0	0	0	0	0	1	0	0	0	0	1	0	0	4	6	0	0	0	1	3	2	1	0	0	0	2	0	0	0	0	0	0	0	0	0	2	0	0	0
Lancefieldella pr_cl_3312	0	0	0	0	0	0	0	0	0	0	2	0	0	0	0	0	0	0	2	3	0	0	0	0	1	0	2	0	0	0	0	0	0	0	3	0	0	0	0	0	0	0	0	0	0
Lancefieldella pr_cl_3330	0	0	0	2	2	0	0	0	0	0	1	2	2	0	0	0	0	0	0	6	6	0	0	0	1	0	0	0	1	0	0	0	0	0	0	0	0	0	0	0	0	9	0	0	0
Lancefieldella pr_cl_3388	0	0	4	43	18	3	22	3	0	0	61	29	95	8	0	41	14	2	20	30	47	808	32	35	39	10	19	13	7	13	0	2	0	6	11	7	0	4	5	5	26	52	4	17	0
Lancefieldella pr_cl_3309	0	0	0	2	0	0	0	0	0	0	4	1	0	0	0	3	0	0	2	0	0	0	1	11	8	0	0	0	0	0	0	0	0	0	0	0	0	0	0	0	0	0	0	0	0
Lancefieldella pr_cl_3319	0	0	0	0	1	1	0	0	0	0	2	3	0	0	0	0	1	0	0	2	4	0	0	2	1	0	2	0	0	0	0	0	0	0	0	0	0	0	0	0	0	4	0	0	0
Lancefieldella pr_cl_3334	0	0	0	8	6	0	6	0	0	0	29	11	9	1	6	59	1	80	3	11	68	0	13	3	10	2	0	2	0	1	1	2	2	2	10	5	0	0	0	0	6	3	4	10	2
Lancefieldella pr_cl_3355	0	0	2	6	3	12	157	0	0	0	8	3	46	7	0	76	1	0	7	0	264	31	83	4	15	0	4	8	13	0	0	1	16	0	21	10	0	0	14	2	0	0	1	83	0
Lancefieldella pr_cl_3410	0	2	0	4	0	0	0	0	0	0	12	6	12	0	2	8	0	1	2	4	12	34	2	2	16	0	0	2	0	3	0	0	0	0	0	0	0	0	1	1	0	0	0	0	0
Lancefieldella pr_cl_3344	0	0	0	4	0	0	0	1	0	0	8	4	7	0	0	19	4	0	6	0	4	0	0	0	6	2	0	1	0	0	0	0	0	0	0	0	0	0	0	0	0	1	0	0	0
Lancefieldella pr_cl_3324	1	0	0	0	1	3	0	0	0	0	14	10	2	1	0	8	0	3	9	9	21	0	3	1	12	6	4	0	5	5	0	2	0	0	0	1	2	0	0	0	2	9	0	5	0
Lancefieldella pr_cl_3417	1	0	1	488	6	3	131	1	15	0	23	9	104	1	0	38	10	4	14	32	7	2	63	12	249	27	109	0	14	3	3	0	0	9	11	53	0	0	4	0	20	49	1	9	0
Lancefieldella pr_cl_3384	1	0	0	0	8	0	2	0	1	0	0	2	2	0	0	0	0	0	0	2	0	0	0	0	1	0	2	0	1	0	0	0	0	0	4	1	0	0	0	0	0	0	3	0	0
Lancefieldella pr_cl_3303	1	0	2	55	369	5	222	14	47	4	23	25	41	6	1	22	8	2	57	99	30	0	26	34	22	17	0	4	11	7	33	2	0	5	18	28	11	0	0	19	10	42	46	25	1
Lancefieldella pr_cl_3369	1	0	0	3	2	0	0	0	0	0	4	0	1	0	0	10	0	0	0	2	12	0	4	6	17	0	4	1	6	6	0	1	3	0	6	1	0	0	0	0	0	7	0	1	0
Lancefieldella pr_cl_3328	1	5	0	5	6	3	0	1	0	0	6	4	1	0	0	6	0	2	1	12	5	0	5	1	8	0	1	2	1	1	0	0	0	0	0	0	0	0	0	2	3	7	0	2	0
Lancefieldella pr_cl_3368	1	0	0	1	6	0	0	1	0	0	48	5	0	0	0	6	1	2	3	22	12	16	5	3	41	13	2	1	8	6	0	0	0	0	37	1	2	2	1	0	0	4	0	3	0
Lancefieldella pr_cl_3408	1	0	2	57	144	1	492	0	12	5	9	102	106	2	7	142	0	2	45	35	10	2	5	74	24	37	2	2	44	56	7	0	0	0	9	12	3	0	0	7	37	17	6	22	3
Lancefieldella pr_cl_3389	2	0	0	4	2	0	2	1	2	0	6	1	0	0	2	1	0	0	0	5	8	1	0	0	60	0	0	0	4	1	0	0	0	0	4	0	0	0	0	2	2	8	0	0	2
Lancefieldella pr_cl_3322	2	0	8	10	4	22	1639	134	820	418	14	24	11	2	4	4	0	0	71	4	3	79	2	9	83	2	293	6	25	0	0	2	50	0	10	3	4	0	6	2	77	33	6	25	1
Lancefieldella pr_cl_3321	2	0	2	135	60	7	513	11	2	5	120	69	126	13	102	320	32	12	64	85	911	8	22	208	104	36	119	8	66	21	1	8	7	4	40	31	6	12	7	21	83	49	19	33	0
Lancefieldella pr_cl_3329	4	0	0	268	71	4	50	4	5	0	135	133	124	23	121	442	208	36	81	62	357	13	103	53	137	249	98	25	34	60	3	5	8	11	141	15	9	6	19	13	52	95	8	36	6
Lancefieldella pr_cl_3320	4	2	0	10	2	0	2	1	0	0	6	21	0	0	0	14	2	0	6	4	34	8	7	2	19	5	5	1	2	0	0	0	0	1	2	1	0	2	10	0	7	4	2	2	0
Lancefieldella pr_cl_3326	8	0	4	5	11	7	1	7	10	1	106	3	46	1	0	0	46	0	9	8	320	2	8	45	5	7	111	27	12	6	222	0	1	0	9	2	0	4	4	0	23	118	0	5	0
Lancefieldella pr_cl_3302	16	0	43	431	9848	97	4849	175	1088	142	623	315	379	261	71	351	35	28	1144	1950	884	29	200	591	267	405	182	92	146	138	488	3	36	19	494	694	203	43	29	323	170	311	1012	808	136
Lancefieldella pr_cl_3362	19	0	0	4	0	2	1	0	4	0	2	0	56	0	0	11	0	2	1	2	1	1	46	29	67	0	0	0	4	2	0	6	0	2	0	6	0	0	0	0	2	36	0	0	0
Lancefieldella pr_cl_3415	34	10	37	256	1987	57	77	30	9	18	25	51	14917	18	60	6693	1161	122	897	394	179	155	52	416	31078	16	52	10	107	15	2	1	5	42	10873	649	27	2	6	8	11	27	0	4	0
Lancefieldella pr_cl_3403	87	0	10	684	160	25	263	24	13	0	274	521	452	85	909	955	1112	89	246	363	698	143	1256	339	1102	414	472	92	103	313	15	1	55	88	700	64	32	7	39	14	255	452	94	170	120
Lancefieldella pr_cl_3304	128	14	79	55858	7340	2435	1323	382	825	63	37288	72745	48954	551	5338	79461	8382	2094	40417	35651	131699	1786	8851	35186	45037	42786	35212	14238	36772	36504	21	53	1388	2050	752	9487	680	21	797	769	41217	68340	809	15188	242
Lancefieldella pr_cl_3372	148	23	9539	1699	2889	294	4657	1143	29748	2673	1925	2004	2230	3479	580	2370	1873	490	2239	5350	1930	14056	531	1451	535	850	21180	378	252	274	575	87	54	292	443	2350	90	951	3182	8372	1981	955	140	8130	1083
Lancefieldella pr_cl_3416	312	126	297	122534	6236	876	99649	3314	2679	851	7188	3500	50382	742	783	17368	12422	5802	6157	10579	3153	965	14041	5294	112869	8510	21634	308	3462	1435	19661	32	890	10849	1394	11013	501	490	576	334	3177	12525	1544	2510	590
Olsenella pr_cl_3218	71	46	0	4753	276	11	205	2	2	51	4612	276	9714	2	132	7504	1148	3218	203	1284	2339	605	2738	817	1970	5085	639	17	455	347	34	5	192	681	3220	170	31	97	658	630	22	615	18	36	97
Olsenella pr_cl_3217	1313	1368	67	299515	14070	387	1146	297	29	213	190083	8670	464136	191	1267	389839	24592	163766	4883	36004	84646	34549	18580	33024	108748	257335	27856	289	5679	11693	345	7	3794	30129	158811	4990	270	3161	32226	22374	1143	41927	160	1350	1478
Olsenella_F pr_cl_3215	0	0	0	33	36	0	39	0	3	0	32	27	8	0	5	87	57	4	1	10	16	0	44	13	9	217	8	3	10	11	15	0	5	2	11	875	60	2	6	0	0	7	4	2	0
Olsenella_F pr_cl_3213	0	0	7	82	83	2	12	1	2	14	81	35	254	7	217	126	46	14	18	31	44	17	61	58	26	355	57	16	14	23	23	2	6	17	12	2677	927	2	16	8	6	11	12	13	0
Olsenella_F pr_cl_3214	45	8	137	1551	4254	68	134	7	9	24	3959	322	831	131	179	2903	851	272	39	177	430	99	759	267	792	22975	298	16	46	393	1233	41	77	56	317	701751	74757	24	143	124	53	379	250	105	12
Olsenella_F pr_cl_3211	1079	22	27	5307	608	18	4892	48	33	512	1008	6465	1878	129	6229	22672	8851	755	1195	6959	2654	563	10029	1476	3788	2017	7238	99	2073	2659	156	2	300	728	3212	1135	320	172	1425	422	65	2265	849	840	322
Olsenella_F pr_cl_3209	1625	26	127	11237	923	27	7844	74	71	1293	1995	10820	3305	372	10226	45088	22674	1537	2057	10463	7324	1473	18403	2372	6882	7108	14326	711	1708	7278	142	4	435	1100	5160	1716	484	280	2603	899	301	4428	1312	2405	477
Olsenella_F pr_cl_3212	32172	1426	2463	177515	18237	2048	186326	7373	1443	27372	135266	179530	51411	12446	179773	841561	282837	654546	34472	152065	254614	140344	273337	182238	144569	184909	207745	19732	35222	100454	5512	524	9651	21858	750652	27469	10572	27134	103063	15177	50337	99362	39264	36151	9909
Olsenella_F pr_cl_3210	524180	4506	4543	1279624	322986	11138	2677477	54390	22632	397435	357459	1764845	1038020	202232	4787210	6087689	4201337	268118	571380	2594378	1503405	417950	4993656	529128	2964197	1195865	1342851	1187916	842731	1961381	85498	2078	133784	269043	854511	469028	268380	57057	822128	227326	186377	1776484	430839	741116	338596
Euzebyaceae pr_cl_3869	0	0	0	0	0	0	4	0	0	0	0	0	2	0	0	0	0	0	0	0	0	0	2	1	0	0	0	0	0	0	0	0	1	0	0	0	0	0	0	0	0	0	0	0	0
Euzebyaceae pr_cl_3868	0	0	2	0	0	0	10	0	0	6	0	0	0	0	0	2	0	0	0	0	11	0	2	44	1	0	4	2	0	0	2	2	0	0	14	0	71	8	2	0	2	0	0	5	0
Euzebyaceae pr_cl_3870	2	0	8	3	0	2	0	0	0	5	0	2	2	3	0	0	0	12	0	0	0	16	0	18	0	2	0	0	0	0	0	0	0	0	0	0	0	19	93	0	0	4	0	0	0
Streptomyces_A pr_cl_3232	1	18	23	24	23	2	41	2	14	31	11	11	12	20	12	8	24	3	28	22	3	7	35	33	44	21	21	4	9	2	14	5	0	0	6	11	17	10	14	12	3	10	14	23	17
Streptomyces_A pr_cl_3233	4	21	12	18	11	0	11	1	6	25	0	3	7	17	0	5	14	10	8	13	6	2	33	140	14	9	10	3	3	3	1	2	4	1	6	10	226	37	20	1	4	10	8	6	5
Streptomyces pr_cl_3234	6	11	278	450	660	49	1434	383	56	664	33	491	714	607	414	40	187	17	239	259	17	26	453	56	192	1176	138	17	158	15	160	3	71	2	13	239	20	20	23	82	329	41	32	194	668
Streptomyces pr_cl_3235	7	32	24	54	27	3	15	4	18	12	5	0	9	10	3	10	3	35	4	6	23	41	16	89	26	20	21	3	21	0	3	1	0	0	14	8	45	30	63	2	34	4	6	12	10
Nocardiopsis pr_cl_3228	0	29	20	15	20	3	18	7	12	21	2	12	9	18	9	11	9	4	7	5	15	11	17	35	18	56	30	4	4	1	0	1	4	3	8	10	35	13	7	3	6	10	3	6	14
Spirillospora pr_cl_3236	0	8	8	10	16	3	1	0	14	23	20	10	17	7	4	3	13	0	5	6	7	2	20	12	14	10	3	5	4	8	4	0	1	0	8	15	39	0	3	0	6	0	0	4	3
Streptosporangiaceae pr_cl_3766	1	14	0	7	9	6	5	3	4	3	7	1	2	5	4	11	0	1	0	3	0	2	5	14	4	0	8	11	12	1	0	1	3	0	5	1	19	4	1	0	3	0	2	3	1
Streptosporangiaceae pr_cl_3237	1	17	10	13	28	0	22	4	15	19	5	2	4	14	0	11	8	7	8	2	17	7	14	24	16	8	8	4	8	5	7	9	4	0	10	14	14	13	25	3	10	4	3	9	9
Streptosporangiaceae pr_cl_3765	2	0	2	2	6	0	17	0	2	1	6	0	5	0	2	0	0	0	1	0	5	2	4	2	19	2	2	1	2	0	2	0	0	0	0	29	217	10	6	5	6	4	0	0	0
Streptosporangium pr_cl_3889	3	10	22	14	34	0	26	6	40	83	14	2	5	5	10	10	38	4	11	5	37	35	58	48	33	7	14	4	15	2	15	4	2	3	6	14	13	106	108	8	10	7	4	8	9
Streptosporangium pr_cl_3888	5	5	6	5	5	1	1	0	5	6	4	0	2	8	5	3	1	0	3	5	0	11	8	5	1	0	4	0	6	1	1	0	1	0	2	1	19	6	4	3	10	0	1	3	6
WHST01 pr_cl_3241	0	10	4	0	11	0	3	0	8	18	4	3	0	0	0	3	7	5	1	2	2	12	5	13	5	3	9	0	4	0	2	4	0	0	2	0	5	6	1	2	0	2	2	4	4
WHST01 pr_cl_3242	23	14	10	31	41	8	24	6	17	26	58	9	29	25	16	32	206	3	23	30	33	8	7	36	35	7	87	6	0	105	1	3	7	2	16	9	268	4	2	31	10	6	2	27	12
Kribbella pr_cl_3230	0	34	98	5	8	2	10	0	3	3	2	0	0	3	1	4	0	1	0	0	0	3	8	52	4	3	4	0	2	1	0	0	0	0	0	0	1	2	12	0	4	0	0	3	2
Kribbella pr_cl_3231	0	64	7	5	8	1	20	0	4	6	4	6	13	5	4	4	2	2	0	5	3	6	2	15	3	4	16	0	8	1	2	2	0	2	0	2	0	7	2	0	2	0	0	8	0
Tenggerimyces pr_cl_3767	2	3	3	4	6	0	8	0	13	18	0	4	4	7	9	10	10	0	6	2	5	8	6	20	10	15	13	14	4	0	2	3	3	0	4	0	17	10	2	0	6	3	0	7	12
JACCXZ01 pr_cl_3258	3	9	13	9	11	1	1	2	15	3	6	6	19	4	1	8	2	2	2	8	4	4	9	65	15	2	5	5	15	2	0	1	0	0	2	2	17	2	8	2	11	0	0	0	4
SCSIO-66511 pr_cl_3256	0	14	11	20	23	2	8	0	11	24	8	4	21	20	4	4	6	0	8	8	1	10	33	24	19	13	0	0	8	4	1	0	0	0	11	10	36	49	6	2	12	4	8	6	21
SCSIO-66511 pr_cl_3255	1	6	1	6	26	0	12	10	48	81	4	6	26	10	6	2	12	1	4	6	0	27	54	16	12	5	15	2	5	0	4	0	5	1	1	4	8	138	26	6	14	0	4	2	10
SCSIO-66511 pr_cl_3257	3	8	3	19	18	4	19	2	8	13	4	5	3	6	1	1	10	2	0	3	5	7	17	27	9	10	4	2	6	2	2	6	1	2	9	5	9	15	4	0	9	5	11	11	3
Propionibacteriaceae pr_cl_3835	2	16	2	22	17	0	21	4	5	18	9	0	2	0	3	4	4	0	5	0	1	23	7	6	12	2	4	1	2	0	2	46	4	0	26	0	3	0	3	0	23	2	4	4	5
Propionibacteriaceae pr_cl_3867	60	11	262	253	42	95	156	350	54	52	35	32	198	697	42	8	261	4	9	21	198	76	23	8449	51	1359	69	1506	60	11	56	0	4	68	643	87	85	345	89	30	133	12	1	329	53
Fen-668 pr_cl_3845	4	15	2605421	73	117	5	35	3	20	21	31	43	3349	9481	11	9	185696	6	18	22	957	781	42	164778	31	179	85	342	5	4	5	0	27	1	11	22	141	74	4	7	262	2	16	86	12014
Fen-668 pr_cl_3844	58	8	38750	182230	201	25	14571	121	23	30	10546	15019	31706	456	7424	71	19899	221	7	4576	805	2459390	6190	16159	3685	497529	260971	494	29	87	8	7	8	10	52	5	90	29849	3141	126	855770	20	11	124071	1571
Propionibacterium pr_cl_3761	2	7	9	28	3994	2	25	14	9	20	4	28	2660	3100	78	19	15	2	11	11	7	5	1622	16	2390	43	6	0	12	0	6	2	226	1	3	1378	13124	6	4	46	9	83	48	20	19
Propionibacterium pr_cl_3759	4	44	12	21410	706701	4	1576	25	4632	167	9	12	8241	8075	107971	55	419	68	8254	341	12	544	666297	28	5328	92	24	115	16	104	5	2	57412	4	17	21292	47532	3	10	161	17	646	47130	18	24
Propionibacterium pr_cl_3760	5	21	0	83	85501	4	5	9	15	78	10	7	2273	40993	190	13	94	10	36	8	20	15	6925	19	19553	222	5	3	25	10	5	8	2940	0	36	18193	128126	9	4	631	18	1360	135	133	11
Propionibacterium pr_cl_3762	22	1	12	153	34258	8	15	17	19	34	129	10	1227	8850	179	68	173	6	37	22	35	98	3118	53	14158	272	18	40	87	11	146	3	763	2	285	7594	51888	11	4	306	7	688	155	44	21
Propionibacterium pr_cl_3763	26	38	54	186	264409	35	95	20	33	54	207	61	12038	222461	977	97	200	105	90	56	131	99	24225	81	102823	853	22	45	53	84	32	22	4504	0	253	29216	394332	16	76	1126	77	4048	1768	550	159
Propionibacterium pr_cl_3764	795	723	785	17858	28059824	58	1113	254	190	662	310	9639	3070056	19849372	105342	5805	16769	2425	10674	285	2407	759	6427851	174	13864347	121161	912	187	303	6657	220	929	1079490	9	11619	8611212	103124155	102	595	293522	913	1059788	173483	279	428
Cutibacterium pr_cl_3422	3	832	77	85	29	40	46	107	49	35	26	26	33	1395	16	17	23	6	19	29	6	36	59	64	37	16	16	24	32	2	8	12	2	1	11	13	33	108	1	12	32	4	25	12	32
Cutibacterium pr_cl_3421	1016	11404	1055	1236	686	302	2203	1725	756	431	954	194	664	1635	199	444	1589	160	329	468	331	925	1022	1382	504	206	211	765	415	84	241	39	14	15	266	317	346	610	198	65	202	84	103	411	404
Brooklawnia pr_cl_3834	0	14	631	25	30	1236	95	179	693	397	19	28	261	108	6	10	899	4	3	38	968	851	2	1235	46	1674	100	26	29	33	5	20	2	2	43174	29	7	217	366	976	1591	27	6	357	762
Brooklawnia pr_cl_3842	0	0	13	26	29	0	193	7	3	10	86	2	6	10	8	3	108	2	6	4	29	22	43	523971	30	557	7	213	16	5	1	0	2	0	13	518	54	46	148	6	7	4	2	80	15
Brooklawnia pr_cl_3839	3	10	41	54	43	46	25981	263	3	16	3396	215	2	16	2	1	1627	0	0	61	748	47	3	280	301	3699	30	687	5	6	3	4	5	0	6	8	79	924	842	11	7	4	0	2186	1047
Brooklawnia pr_cl_3843	19	5	39	193	198	77	190	16	40	45	56	64	89	31	175	119	440	19	228	66	171	86	111	465	273	101	36	218	136	103	195	0	7	4	79	51	78	57	202	82	63	193	52	278	52
Brooklawnia pr_cl_3841	152	100	740	398	43	272	270078	2120	27	55	27649	1753	311	439	25	7	32210	38	77	334	5867	453	18	992	1519	33831	1335	6447	79	90	4	9	35	6	246	48	9	9866	35083	87	153	19	1	55195	10561
Brooklawnia pr_cl_3833	1329	1815	3420543	9067	13803	503035	8253	68274	793	16606	1700	11761	48323	31742	2025	8557	480063	30073	2105	5346	256554	234500	4291	181749	12052	443756	2891	2062	6518	124237	2091	201	367	503	14592783	1564	1846	1246	2108	12025	11982	6142	1452	23924	204299
Brooklawnia pr_cl_3840	1669	1274	4825	4289	422	4220	4578349	42266	69	109	552827	35831	1933	3473	119	40	681190	844	472	8719	128980	7894	507	20157	38978	571006	21119	111173	537	1661	35	98	707	10	588	160	10	325183	2404184	999	1275	268	157	1017719	161253
Arachnia pr_cl_3847	17	13	456	364	165	42	63	96	97	151	46	75	156	163	41	8	221	7	16	35	128	192	59	545	76	45	49	18	78	8	15	3	14	3	81	65	133	80	26	59	315	19	14	272	89
Arachnia pr_cl_3849	121	18	1224	5273	1509	799	385	6568	456	1494	197	422	984	1819	359	15	475	13	73	118	75	2786	148	1450	81	314	2959	491	689	57	87	95	3	2	514	372	76	463	43	379	1098	110	17	3621	440
Arachnia pr_cl_3865	127	31	2291	4384	1328	197	494	537	341	124	344	1981	1001	766	84	2	862	22	95	725	201	498	98	31017	1592	682	316	455	1082	6	74	1	21	8	131	812	180	1474	739	286	921	380	44	1195	42455
Arachnia pr_cl_3856	220	39	28446	28368	50991	13161	9252	135188	7697	29609	9720	5024	14245	21457	8920	140	6080	120	1338	6045	224	3957	5955	6105	4836	8960	5246	1143	8640	86	1101	268	147	9	1600	18853	6175	787	3130	1409	38133	281	0	9491	8552
Arachnia pr_cl_3864	235	42	1207	3356	963	222	584	954	369	2263	870	596	999	13971	163	22	1765	48	55	271	393	1472	120	19751	102	661	496	182	430	29	62	19	32	5	535	460	133	645	84	375	2496	311	25	9698	1487
Arachnia pr_cl_3862	389	344	25399	17228	2988	1548	15027	2461	1022	1908	1169	7597	1733	7086	998	104	4414	132	227	1124	1299	8928	394	11233	2483	3391	2785	2038	2878	210	332	79	63	18	4102	1317	234	1773	1112	2371	8336	1013	105	9307	9302
Arachnia pr_cl_3863	406	444	16523	35253	10909	2389	5566	12136	4024	13200	2723	1895	8669	8396	5410	374	4551	93	1029	2956	2092	14792	1218	11860	10025	2836	6620	3091	5837	347	516	110	84	19	4985	3254	501	1858	1029	1925	26955	706	162	21368	5040
Arachnia pr_cl_3852	574	93	8281	43106	2947	3728	3221	13890	12636	15113	4527	447	14933	5213	6004	36	14030	74	1707	4408	1854	2798	944	21494	3136	992	300674	704	8992	40	1116	52	55	7	2001	2098	57	1557	571	1430	73865	214	16	2212902	54682
Arachnia pr_cl_3859	1176	1393	86663	67507	2174	11143	23583	18324	6203	9705	9667	7085	6767	15604	5491	816	12129	406	1154	1917	10291	52691	1402	64342	2538	11146	12197	14164	5834	990	1284	646	93	50	71127	1899	244	7766	3893	7939	27377	998	252	38877	19508
Arachnia pr_cl_3850	1523	2163	21956	5843341	17258	787571	54605	8160811	106127	1503310	3920	7689	69328	308041	3361397	628	8557	428	3764	4283	3368	16687	107632	24885	7374	10430	1325034	3168	9077	272	46317	147519	244	70	6500	182842	426	45402	843	126116	25871	2475	783	489129	10917
Arachnia pr_cl_3860	2191	1105	183878	97657	15221	29682	30936	23794	10070	30259	15675	16962	18007	51569	25499	1474	32355	1329	2114	5342	50934	4035783	16014	513299	6248	269233	180364	2565065	12151	44127	2825	1696	236	80	1343664	8189	771	16010	5749	23526	45880	1277	659	50135	23836
Arachnia pr_cl_3855	2319	1407	678786	500695	2195416	103494	135873	979136	158957	293679	158080	22631	194836	404592	193198	3374	131232	2485	150703	107658	16746	88335	54385	173218	7840500	134757	63212	16248	130541	953	5564	4487	2722	47	11648	260375	80316	9871	86360	22183	2496481	8091	149	103280	208458
Arachnia pr_cl_3857	2806	1267	212329	156372	10687	21366	24661	23885	15346	19680	194546	12013	20365	46863	8838	746	827446	1830	2186	6318	10926870	173650	3409	27324294	16774	444795	32155	5015439	21014	144434	3864	501	317	462	153570	28023	5065	1903307	143386	24300	72563	5210	5606	382587	30053
Arachnia pr_cl_3853	11805	1306	205807	1006110	8405	95878	10239	40603	453083	134514	191520	12854	48402	17040	11370	898	21543	2155	4263	158667	5174	13124	2076	326866	4284	3215	62757	5671	18051	165	3974	496	198	98	40977	5436	174	15211	9887	12243	584532	3061	367	857358	78446
Arachnia pr_cl_3848	15657	19515	5733	113245	14227	1936	42866	11497	74852	92317	53628	5652	286433	163473	36633	8393	16210	4515	37071	86419	1498	374052	31725	9404	75461	2238	27711	3659	124267	15274	93012	12416	2663	2819	5446	20083	157	194815	9028	12888	19372	11671	4986	100904	109783
Arachnia pr_cl_3851	71381	20565	173483	5605934	4501768	411051	736120	3382869	1265128	5738832	583635	58638	2068087	1800651	1113513	4480	701256	13695	402693	381707	19962	457130	265540	707294	2338449	240330	1234537	37499	1064322	3601	161315	8715	15355	52327	43489	723055	3205	176455	18871	334437	7779465	13082	4603	3497111	684929
Arachnia pr_cl_3861	77197	83220	3269566	1959310	175857	1698284	2001612	1034724	519599	1589684	1072957	1380106	847841	415593	959226	39007	1885425	24484	230861	359580	174758	2819029	343290	1060444	113033	1341086	911750	180425	533131	552886	300498	9225	9976	3429	1961661	432598	20184	436412	258197	521683	763811	34826	6202	1517549	1372807
Arachnia pr_cl_3858	149534	13627	381385	13531433	77719	57398	530746	138992	283504	132929	50541	145687	1050525	187576	39611	17073	100958	8686	22495	41773	74440	427008	24048	885081	69140	245508	1547103	62308	62923	4598	85148	5485	2937	918	127759	36815	8016	260789	88726	287933	3997581	15607	7370	1733992	1719837
Arachnia pr_cl_3854	242831	983746	25152	2033168	221360	50394	1375033	317170	153537	227713	219928	2126516	1043632	2457336	889785	2090921	1763619	158	139196	886624	3179	33188	587122	366786	484069	3812	563842	6301	3077382	88694	184784	68851	42691	24856	18630	204727	168953	5492	3258	298519	14909	1513985	121466	686651	11012
Antricoccaceae pr_cl_3238	4	19	9	3	26	4	25	8	10	23	5	1	13	16	0	10	0	0	13	0	12	5	21	11	18	1	16	1	6	0	5	2	1	0	2	11	45	9	3	4	1	4	8	14	14
Catelliglobosispora pr_cl_3208	1	8	6	2	21	4	8	4	6	36	4	1	16	30	21	0	15	2	1	9	6	14	14	19	11	1	7	2	4	1	2	4	4	1	9	6	28	27	2	4	12	4	15	1	12
Allorhizocola pr_cl_3207	1	15	27	21	138	16	44	12	28	57	6	51	35	24	16	6	24	12	23	11	25	20	38	111	22	57	27	14	13	2	9	4	3	2	5	37	7	16	20	18	26	5	2	33	19
Natronosporangium pr_cl_3239	3	11	2	8	39	1	14	0	3	10	2	2	2	4	2	0	19	0	3	5	7	12	4	10	6	8	0	18	0	6	9	2	2	0	2	0	100	8	3	3	6	1	1	1	0
Natronosporangium pr_cl_3240	3	1	2	30	4	2	11	3	1	16	1	6	8	801	2	2	3	0	4	4	3	7	4	1	4	9	0	0	1	0	0	0	0	0	4	2	0	5	8	1	5	6	2	8	7
Kibdelosporangium pr_cl_3244	0	8	19	4	14	4	32	0	0	9	0	0	4	6	6	4	14	0	4	3	0	15	8	6	13	0	2	1	6	0	8	8	0	0	0	2	2	2	7	2	9	5	3	0	6
Saccharopolyspora pr_cl_3253	0	27	6	3	17	6	8	3	27	6	2	0	1	8	2	2	14	0	5	0	3	9	9	23	19	2	0	0	4	0	0	3	0	0	17	1	12	12	2	3	2	2	6	1	7
Amycolatopsis_C pr_cl_3245	2	12	39	27	5	0	5	0	6	2	0	7	0	8	8	10	2	1	10	10	20	6	16	11	13	3	0	0	6	1	0	0	2	2	4	2	27	0	3	0	4	1	0	15	1
Sciscionella pr_cl_3243	2	0	2	8	22	0	10	4	7	28	0	12	12	40	2	8	8	0	10	4	1	4	11	6	21	10	12	6	16	16	0	6	2	0	12	14	6	2	4	0	12	0	2	3	11
Actinophytocola pr_cl_3247	0	3	14	0	7	0	9	0	7	4	0	2	0	5	6	1	2	0	2	3	4	2	14	14	4	2	2	0	2	2	2	6	0	0	4	8	13	3	4	0	4	0	1	5	1
Actinophytocola pr_cl_3254	4	4	6	144	59	2	55	12	30	11	127	30	11	85	12	12	48	85	26	103	8	25	81	62	66	51	15	12	28	220	6	1	0	1	2	24	34	11	10	23	2	0	67	8	7
Actinophytocola pr_cl_3248	5	4	51	8	14	4	9	2	27	19	10	3	9	10	22	7	15	26	11	1	30	6	12	19	13	16	7	4	15	6	1	2	1	0	19	8	49	9	2	0	8	12	3	3	7
Pseudonocardiaceae pr_cl_3250	0	6	0	0	3	0	0	0	2	4	0	0	0	0	0	2	0	0	0	0	0	0	1	0	0	1	0	0	1	0	0	1	0	0	0	0	0	0	0	0	4	0	0	0	4
Pseudonocardiaceae pr_cl_3246	1	15	21	27	39	4	69	11	16	56	10	40	34	26	8	4	11	4	8	20	0	2	17	22	26	52	9	6	5	0	16	6	7	1	0	11	6	9	3	1	18	11	2	15	46
Pseudonocardiaceae pr_cl_3252	3	30	7	4	58	1	17	6	10	14	3	7	2	1	4	2	6	0	6	5	0	0	14	15	43	1	5	3	3	2	1	3	2	0	2	4	1	1	3	3	1	4	1	5	8
Pseudonocardiaceae pr_cl_3249	4	161	44	60	35	6	46	10	194	29	16	19	16	31	14	91	39	2	16	32	12	8	32	53	70	8	38	13	19	25	7	3	3	3	16	17	77	14	12	7	16	10	15	10	39
Pseudonocardiaceae pr_cl_3251	6	77	33	33	0	8	362	0	47	19	8	3	2	9	8	10	14	12	2	3	6	11	9	27	6	6	10	0	5	2	0	4	2	12	18	11	18	25	47	7	5	7	2	15	25
Dietzia pr_cl_3838	0	18	14	2	2	0	0	0	19	18	2	4	2	10	0	0	4	0	2	0	2	14	4	23	8	3	1	2	2	0	0	2	0	0	1	0	0	3	5	4	2	0	1	1	4
Lawsonella pr_cl_3886	0	12	2	49	7	0	44	3	1	9	5	1	5	0	9	6	56	4	10	21	6	15	0	25	24	5	4	4	13	0	0	6	2	0	22	4	4	0	16	3	11	6	1	1	9
Lawsonella pr_cl_3887	30	6	4	586	20	11	6	4	2	20	694	124	1096	35	73	2421	566	300	37	59	1331	26	139	268	143	1483	277	3	105	679	0	4	60	47	407	14	6	5	45	27	5	1274	18	32	2
Corynebacterium pr_cl_3837	1	59	11	41	31	18	16	4	57	46	36	7	12	12	2	200	71	3	13	14	51	21	18	23	10	10	15	0	5	6	2	8	1	5	6	2	12	10	10	8	36	20	6	15	24
Corynebacterium pr_cl_3900	4	81	17	8	3	10	14	2	23	15	9	2	1	5	3	5	15	0	4	2	0	17	22	18	17	1	14	4	7	0	2	0	1	4	0	11	8	0	0	0	7	2	0	20	2
Corynebacterium pr_cl_3875	4	8	6	4	43	16	8	13	11	52	10	7	15	21	30	8	12	5	2	33	4	22	92	41	62	14	48	51	50	2	23	0	2	3	15	11	4	15	0	14	30	2	4	14	13
Corynebacterium pr_cl_3836	4	401	36	86	40	1	83	15	73	65	11	14	130	61	7	9	50	2	36	7	6	32	40	124	82	8	19	4	37	2	5	6	5	7	6	37	30	76	8	52	27	34	15	16	30
Corynebacterium pr_cl_3899	7	19	25	36	25	17	19	28	33	263	29	13	12	31	8	8	100	12	13	19	2	14	47	62	20	7	173	3	13	2	12	5	16	3	26	6	0	32	26	39	46	3	16	22	10
Corynebacterium pr_cl_3873	7	16	7	30	23	9	12	15	6	73	27	132	10	28	18	69	25	9	15	18	3	21	48	16	30	27	31	2	27	2	10	6	0	7	45	20	10	5	17	10	8	14	12	51	76
Corynebacterium pr_cl_3874	9	0	2	8	9	2	31	2	6	42	73	0	3	2	5	0	6	2	4	10	0	13	41	11	24	6	28	0	61	0	1	0	9	2	6	5	4	9	2	30	133	30	4	26	11
Corynebacterium pr_cl_3872	9	9	65	22	42	15	13	5	186	228	18	7	6	15	17	32	33	11	5	11	4	28	15	54	26	17	18	0	84	4	6	1	4	2	27	36	4	13	7	88	36	21	3	397	81
Corynebacterium pr_cl_3871	13	179	86	95	110	289	104	240	2170	2013	128	1536	46	640	52	37	225	12	32	136	2	160	233	258	186	512	66	6	94	2	15	18	18	22	111	218	2119	51	168	1129	662	679	54	64	741
Corynebacterium pr_cl_3894	29	34	59	120	43	62	89	56	157	663	379	21	49	95	60	199	519	13	72	201	1	70	400	132	63	37	214	8	106	2	34	0	4	24	137	52	10	86	8	32	54	15	60	281	47
Corynebacterium pr_cl_3898	357	86	6819	1014	1603	4693	1326	1734	1054	8933	3981	828	426	928	827	654	3431	361	660	1078	127	4896	1825	9661	1074	739	5131	74	1912	24	757	0	61	68	1011	831	166	3324	291	822	1393	220	234	4209	1649
Corynebacterium pr_cl_3896	530	227	1604	4432	4090	2689	6334	2108	5493	40374	4600	2645	1795	3140	3464	2159	7507	1074	1711	2448	51	6949	3126	4016	2429	2415	12628	104	5425	73	2091	4	89	156	817	2131	467	1276	524	1677	6836	605	498	14064	4455
Corynebacterium pr_cl_3897	15130	15698	11370978	107354	168946	7674563	154283	999846	68793	500040	1032768	103462	47911	119019	126332	77482	2469751	90965	46955	92656	239876	7199184	140101	8602174	112645	117455	429141	5781	164122	4938	56402	329	3268	4122	465294	117672	20384	3163795	282162	162296	111131	33428	34262	708881	83588
Corynebacterium pr_cl_3876	132070	50390	257671	351412	98898	791462	932189	827711	2111392	5349010	330681	9574	140157	2231589	190510	39929	110479	11840	279726	252850	4350	314426	316630	216680	190768	124923	2348420	2336	212127	8677	79893	21300	11704	21949	170824	1447979	418817	453796	14009	240150	2610100	778495	63883	829134	157109
Corynebacterium pr_cl_3895	8181228	5505193	404956	12553324	25120166	4784206	28785048	11471550	6053776	47354929	33738226	4104825	7784410	27425680	16405897	25315210	15131974	1813567	14435288	16829023	21693	2360434	28032147	9228062	24000559	5067625	28594467	211682	37129932	427930	9337512	7742	585239	2139737	5303856	18466159	3144896	484679	242168	13163814	17590426	6453358	21160533	17758551	11389409
Brevibacterium pr_cl_3891	0	25	0	49	6	1	6	3	16	15	7	2	4	1	2	6	0	0	2	1	8	4	4	8	83	10	0	15	0	0	0	4	1	0	7	8	7	3	0	0	1	1	2	4	2
Brevibacterium pr_cl_3890	5	66	38	66	36	2	99	9	44	66	37	33	34	45	21	32	23	6	19	23	67	25	58	84	149	76	19	10	29	4	10	4	7	2	23	40	38	36	14	8	84	13	0	47	58
Ruania pr_cl_3227	16	26	21	23	61	2	13	7	19	44	25	3	33	36	19	20	10	0	2	13	4	11	14	25	79	13	0	7	4	2	6	23	6	7	11	31	91	21	13	7	42	1	2	9	2
Canibacter pr_cl_3558	0	7	12	19	17	164	10	10	17	37	1	2	0	8	4	5	18	0	32	2	21	10	15	224	2	1	5	10	9	1	0	0	0	0	0	0	29	22	45	0	2	9	0	6	11
Pseudolysinimonas pr_cl_3267	0	40	45	9	77	8	30	9	28	48	12	0	5	49	11	1	19	5	9	27	11	8	47	200	43	5	20	2	41	3	16	2	2	4	15	28	19	9	7	0	18	0	9	20	25
Pseudolysinimonas pr_cl_3266	0	6	0	2	12	0	4	0	8	14	0	2	0	15	2	0	2	0	0	0	4	3	8	6	28	0	2	1	0	0	0	0	2	0	0	4	15	2	0	0	8	1	0	4	8
Leucobacter pr_cl_3268	0	9	2	9	14	1	13	0	27	5	0	2	2	19	4	9	0	0	4	7	9	4	3	7	2	1	3	5	2	0	0	6	2	0	0	3	0	14	4	0	3	3	4	2	2
Terrimesophilobacter pr_cl_2910	20	14	25	14	45	8	36	2	5	19	6	4	12	7	18	4	12	10	14	15	34	28	26	68	29	16	21	11	18	2	0	0	0	0	28	8	64	6	31	6	18	32	35	2	0
Parascardovia pr_cl_3423	1	30	31	144	525	7	61	18	34	37	62	8850	93	27	263	88	479	78	43	98	288	152	2080	5236	173	187	292	1	68	114	17	26	37	13	11	136	125870	131	429	17	89	79	37	17	7
Alloscardovia pr_cl_3424	0	0	0	0	6	2	0	0	0	2	0	21	32	2	2	26	18	0	15	0	2	1	88	0	5	7	0	0	0	2	0	0	0	0	4	0	0	2	0	0	0	14	0	0	0
Alloscardovia pr_cl_3420	0	2	0	1	36	0	0	0	0	52	0	0	0	0	2	14	34	0	3	0	1	0	0	2	249	0	1	2	0	0	0	2	0	0	0	0	3	4	0	0	1	0	0	0	0
Alloscardovia pr_cl_3419	7	1	2	33	97	0	58	0	11	11	9	141	71	20	101	315	75	4	3	58	9	24	159	20	260	21	43	19	11	8	0	74	0	13	9	24	17	10	6	5	25	17	1	12	0
Scardovia pr_cl_3173	0	3	41	6	16703	0	4	0	0	4	140	44	12	10	8	516	11	106	5	5	14	13	679	22	244	117	0	12	1	20	56	2	0	0	51	13	16953	6	1	4	4	5362	99	0	2
Scardovia pr_cl_3418	325	624	91	350	22505	84	6639	165	264	381	723	14057	3033	2522	9330	608	391	36	1748	6952	55	240	44037	183	113195	282	3780	66	723	100	52	655	1228	56	147	61469	1505710	23	43	52	234	427	613	145	191
Bifidobacterium pr_cl_3206	1	4	10	16	72	4	5	0	10	4	3	14	10	8	14	15	18	2	8	0	5	12	47	12	9	6	34	9	0	2	1	4	1	1	4	12	6	16	8	2	3	2	4	6	2
Bifidobacterium pr_cl_3439	4	47	8	14	13	0	19	2	23	15	2	5	27	5	27	56	40	1	2	3	25	39	86	22	25	8	19	2	6	10	4	4	0	1	4	10	611	4	2	0	3	12	1	3	0
Bifidobacterium pr_cl_3438	4	8	2	10	7	3	8	6	11	13	3	1	30	1	65	41	32	0	2	2	19	6	95	14	103	15	13	4	11	9	12	18	3	0	13	11	18	9	2	2	6	17	0	16	10
Bifidobacterium pr_cl_3437	436	223	28	412	7858	2	28	0	14	147	6721	4870	454856	974	1391926	425363	331920	11	3790	590	373	1559	1621674	1109	995137	55452	143	103	45	744	18	4	3	46	65	1607	9568	13	31	43	18	173447	929	4	14
Glutamicibacter pr_cl_3273	0	24	8	22	2	0	2	3	41	16	13	0	8	8	4	3	18	0	8	2	2	0	15	11	43	2	11	4	1	12	2	0	2	2	0	0	2	3	2	2	4	0	0	7	0
Arthrobacter_D pr_cl_3264	4	45	7	27	28	8	22	12	24	30	35	0	7	8	6	14	13	12	11	10	8	2	11	32	20	11	20	2	7	10	4	1	4	1	5	6	21	2	4	4	20	4	1	8	4
Rothia pr_cl_3614	0	0	0	2	5	3	0	1	1	4	3	0	0	5	0	8	1	3	0	1	1	3	1	5	0	0	9	0	2	0	1	18	0	1	6	2	5	5	6	0	0	2	0	1	0
Rothia pr_cl_3587	0	0	0	0	0	0	0	0	0	0	0	0	0	0	0	0	0	0	0	2	0	0	0	3	0	0	0	0	0	0	0	2	0	0	0	0	1	0	0	0	0	0	0	0	0
Rothia pr_cl_3621	0	2	0	8	5	3	26	37	12	10	6	0	5	1	0	1	2	0	3	1	0	0	3	10	38	11	20	0	7	0	0	115	2	0	3	20	57	0	1	0	12	0	0	1	0
Rothia pr_cl_3605	0	0	0	2	15	3	0	1	7	0	3	0	7	2	5	1	0	0	0	6	0	0	0	2	4	0	0	0	0	0	0	5	0	0	3	0	3	6	0	2	0	2	0	0	0
Rothia pr_cl_3599	0	8	0	2	2	0	1	0	1	6	0	0	0	8	0	56	1	0	3	1	0	0	0	3	2	3	0	0	3	0	0	30	0	1	0	0	7	0	2	4	3	2	8	2	0
Rothia pr_cl_3577	0	0	0	0	0	0	0	0	0	0	0	0	0	0	0	1	0	0	0	0	0	0	0	3	2	0	0	0	0	0	0	1	0	0	2	0	0	0	0	0	0	0	0	0	0
Rothia pr_cl_3570	0	0	2	103	3	1	79	0	0	11	16	2	48	2	309	32	54	0	8	131	3	7	0	10	55	2	40	1	43	27	1	7	0	0	2	15	12	0	0	0	22	74	0	40	1
Rothia pr_cl_3567	0	1	0	0	0	0	0	0	2	0	0	0	0	8	0	0	0	0	0	0	2	0	2	0	0	0	1	0	2	0	0	6	0	0	2	0	0	0	0	0	0	0	2	6	0
Rothia pr_cl_3609	0	0	1	0	0	1	2	0	1	2	0	0	0	0	0	0	0	0	0	0	0	0	1	0	0	0	4	0	0	0	0	5	0	0	0	0	3	0	0	0	0	0	0	0	0
Rothia pr_cl_3606	0	0	0	3	32	2	0	0	0	1	0	0	0	0	0	35	2	0	6	0	0	0	0	0	28	0	0	0	0	0	2	8	0	0	0	2	19	0	0	0	2	0	1	0	0
Rothia pr_cl_3566	0	0	0	0	0	0	0	0	0	0	0	0	0	0	0	0	0	0	0	0	0	0	0	0	0	0	0	0	0	0	0	0	0	0	0	0	1	0	0	0	0	0	0	1	0
Rothia pr_cl_3626	0	0	19	23	55	1	0	1	62	2	2	0	0	2	2	0	5	0	0	0	0	11	0	0	0	0	0	2	0	0	1	8	0	0	0	2	2	15	0	2	27	0	0	12	0
Rothia pr_cl_3571	0	0	0	0	0	0	0	0	1	0	0	0	0	0	0	1	0	0	0	0	0	0	0	0	0	1	0	0	0	0	0	2	0	2	2	0	3	2	0	0	0	0	0	0	0
Rothia pr_cl_3573	0	0	0	0	0	0	0	0	0	0	0	0	0	0	0	0	0	0	0	0	0	0	0	0	0	0	0	0	0	0	0	0	0	0	1	0	4	0	0	0	0	0	0	0	0
Rothia pr_cl_3575	0	39	20	25	9	43	28	17	33	36	12	6	13	48	18	22	3	23	14	6	114	2	7	146	7	16	63	0	54	6	0	446	1	0	110	15	82	0	0	5	18	0	4	5	4
Rothia pr_cl_3612	0	0	3	8	2	7	20	0	6	3	3	1	0	17	0	10	0	8	1	0	5	0	1	46	0	2	1	0	5	0	0	79	2	0	14	13	12	2	1	3	4	0	0	6	6
Rothia pr_cl_3572	0	0	0	2	0	5	2	4	2	0	3	0	0	0	2	0	0	0	5	0	0	1	0	1	2	0	0	0	1	0	0	22	0	0	0	0	23	0	0	0	0	0	0	0	0
Rothia pr_cl_3613	0	0	0	0	0	3	3	0	0	1	0	1	2	0	0	0	0	0	0	0	0	0	0	1	0	0	1	0	0	1	0	2	0	1	0	0	8	0	0	0	0	0	1	0	0
Rothia pr_cl_3581	0	0	0	2	0	0	0	0	20	0	0	0	0	0	0	6	0	0	0	2	0	0	2	0	0	0	0	0	0	0	0	4	0	0	0	0	0	0	0	0	0	0	0	0	0
Rothia pr_cl_3568	0	195	246	9	125	0	0	7	4	37	2	1	1	4	0	0	46	2	0	0	76	0	0	9	2	2	8	0	2	0	9	9	4	0	28	4	1	761	46	7	14	0	7	17	33
Rothia pr_cl_3611	0	0	2	1	8	2	8	0	1	0	10	5	0	28	0	0	2	0	0	6	0	0	0	5	10	0	14	0	3	0	0	59	0	0	2	6	16	1	11	6	5	2	0	4	0
Rothia pr_cl_3618	0	0	0	0	0	1	1	0	0	0	0	0	0	0	0	0	0	0	0	0	3	0	2	2	0	0	0	0	0	0	0	5	0	0	1	0	5	0	0	0	0	0	0	0	0
Rothia pr_cl_3574	0	0	0	4	0	2	0	0	3	0	0	4	0	0	0	0	0	0	0	0	0	2	0	6	0	0	0	0	0	0	0	6	0	0	2	0	3	0	0	0	0	0	0	0	0
Rothia pr_cl_3578	0	0	5	6	5	0	6	3	4	6	32	0	2	6	0	8	4	2	0	4	0	3	0	1	0	0	1	7	0	0	0	8	0	4	0	0	0	0	0	4	1	0	3	4	0
Rothia pr_cl_3594	0	3	0	1	1	4	0	2	2	1	5	0	2	9	0	6	4	0	0	2	2	0	0	14	0	0	0	0	0	0	0	19	0	0	4	0	16	6	1	0	2	1	4	0	0
Rothia pr_cl_3597	0	0	0	0	0	1	0	0	1	0	0	0	0	0	0	1	0	0	0	0	2	0	0	2	0	0	0	0	0	0	0	6	0	0	2	0	5	0	0	0	0	0	0	2	0
Rothia pr_cl_3601	0	0	1	0	0	0	0	0	0	0	0	0	0	0	0	0	0	0	0	0	0	0	0	0	0	0	0	0	0	0	0	2	0	0	0	0	0	0	0	0	0	0	0	0	0
Rothia pr_cl_3586	0	9	0	0	0	2	6	0	4	19	6	0	0	0	21	4	0	0	0	8	0	0	0	7	6	10	2	0	8	0	1	19	0	0	1	0	6	4	0	1	0	0	1	0	0
Rothia pr_cl_3593	0	0	0	2	0	0	0	0	0	0	1	0	0	0	0	4	0	0	0	0	1	0	0	5	0	1	0	0	0	0	0	8	0	0	3	1	2	0	0	0	0	0	0	0	0
Rothia pr_cl_3576	0	0	1	2	21	0	3	10	18	233	2	0	12	8	0	12	0	0	3	0	0	0	0	2	11	0	1	0	6	0	0	13	0	0	2	5	4	0	0	0	0	1	0	0	0
Rothia pr_cl_3598	0	6	0	1	5	5	4	4	5	1	0	0	0	0	0	4	0	0	0	0	0	0	2	5	0	0	0	0	0	0	0	9	0	0	5	0	35	0	0	2	0	0	0	2	0
Rothia pr_cl_3603	0	0	2	0	2	1	6	2	0	0	4	0	0	0	0	1	0	2	6	0	1	0	0	0	0	0	0	0	0	0	0	11	0	0	0	0	11	0	1	0	0	0	0	0	2
Rothia pr_cl_3588	0	0	0	0	0	0	0	0	0	0	0	0	0	0	0	0	0	0	0	0	0	0	0	0	0	0	0	0	0	0	0	1	0	0	0	0	0	0	0	0	0	0	0	0	0
Rothia pr_cl_3596	0	0	0	0	0	0	0	0	1	0	0	0	0	0	0	0	0	0	0	0	0	0	0	0	0	0	0	0	0	0	0	0	0	0	0	0	0	0	0	0	0	0	0	0	0
Rothia pr_cl_3617	0	0	0	0	0	0	2	0	0	2	0	0	0	0	0	0	0	1	0	0	0	0	0	0	0	0	0	0	0	0	0	3	2	0	0	0	0	0	0	0	0	0	0	0	0
Rothia pr_cl_3583	0	0	4	0	0	2	20	8	4	2	6	0	4	10	0	6	3	0	0	1	4	0	0	29	3	4	0	0	9	0	2	46	0	1	12	6	12	2	3	3	0	2	1	0	2
Rothia pr_cl_3579	0	1	0	2	0	0	0	0	0	0	0	0	0	0	0	1	0	0	0	1	2	0	0	9	0	0	0	0	0	0	0	2	0	0	0	0	2	0	0	0	0	2	0	0	0
Rothia pr_cl_3589	0	0	0	0	0	0	0	0	0	0	0	0	0	0	0	0	0	0	0	0	0	0	0	15	0	0	0	0	0	0	0	4	0	0	0	0	0	0	0	0	0	0	0	0	0
Rothia pr_cl_3584	0	7	3	6	2	11	7	5	8	5	4	1	8	19	0	5	2	5	2	1	14	1	4	41	2	0	4	0	8	0	2	127	4	2	27	7	47	0	2	0	0	0	6	3	0
Rothia pr_cl_3623	0	0	13	2	3	0	2	0	0	10	1	0	0	1	0	1	0	0	4	2	2	0	11	0	12	0	9	0	0	0	2	0	0	0	0	0	7	0	0	1	12	1	2	3	0
Rothia pr_cl_3580	0	0	2	0	0	0	11	0	2	0	0	0	0	2	0	2	0	0	0	0	1	0	0	3	0	0	0	0	2	0	0	14	0	0	0	1	0	0	0	0	0	0	0	2	0
Rothia pr_cl_3600	0	0	0	0	0	2	3	4	0	2	7	0	2	7	2	3	0	0	0	0	3	0	2	23	0	0	0	0	1	2	0	29	0	0	8	0	10	0	0	0	0	0	0	0	0
Rothia pr_cl_3602	0	0	0	0	0	0	0	0	0	0	0	0	0	0	0	5	0	2	0	0	0	0	0	0	0	0	0	0	0	0	0	2	0	0	0	2	2	0	0	0	0	0	0	0	0
Rothia pr_cl_3619	0	17	3	2	22	9	96	4	45	14	11	5	5	10	4	8	2	2	56	10	0	0	1	27	50	26	0	0	7	1	2	119	0	0	2	7	427	1	0	10	41	4	0	10	3
Rothia pr_cl_3622	1	47	36	10	257	3	17	0	20	41	12	0	8	8	5	6	11	0	1	24	6	0	5	6	19	6	12	0	1	1	14	6	0	1	2	9	24	3	0	2	24	3	15	6	2
Rothia pr_cl_3585	1	3	7	4	8	23	7	3	19	2	4	6	5	28	1	10	5	8	8	2	10	0	3	70	4	1	4	0	11	0	3	151	4	0	27	16	33	2	1	7	0	2	5	1	0
Rothia pr_cl_3595	1	0	3	2	3	0	2	0	16	4	4	0	0	2	0	33	6	0	2	0	0	0	0	4	12	0	5	0	2	0	0	6	0	0	2	2	2	0	0	0	2	0	6	0	0
Rothia pr_cl_3582	1	4	8	30	50	15	27	6	6	63	4	1	0	27	1	3	3	3	5	1	4	14	8	51	20	2	10	0	5	0	0	90	3	0	21	3	42	0	17	0	13	4	4	21	4
Rothia pr_cl_3591	1	5	9	12	1	3	1367	6	2378	179840	4	1	1	378	11	20	2	0	41	4	26	2	0	30	8	0	11	44	2	0	0	34	2	0	11	6	17	4	0	0	10	0	6	8	0
Rothia pr_cl_3590	1	8	8	3	0	0	16	1	6	4	2	0	0	7	0	7	0	2	3	4	8	2	1	10	1	0	3	0	10	0	0	48	1	0	3	4	10	12	7	0	20	23	6	0	0
Rothia pr_cl_3627	2	14	152	137	219	24	305	83	387	479	58	0	33	217	58	21	43	2	57	26	10	7	22	15	233	75	211	0	19	4	2	117	0	0	7	40	215	42	2	15	126	26	4	57	0
Rothia pr_cl_3569	5	0	89	41	104	33	15	25	86	31	358	8	9	83	5	7	3	0	7	0	7	5	26	21	40	12	31	6	4	0	4	7	4	0	5	38	304	4	3	7	32	8	0	14	2
Rothia pr_cl_3610	5	6	2	610	0	7	10	3	0	2	45	0	0	3	2	12	3	0	10	11	0	3	0	42	0	0	1	0	2	6	0	9	2	0	2	0	3	13	0	0	4	2	4	2	0
Rothia pr_cl_3604	6	30	27	63	147	45	51	25	59	37	224	8	13	47	19	55	20	14	72	22	35	7	24	147	45	23	15	0	53	6	4	323	10	2	47	40	131	25	43	14	16	97	29	68	4
Rothia pr_cl_3608	6	6524	66	1611	209	30	455	21	205	129	278	12	31	124	5	244	3	2	108	326	2	7	1	62	1588	30	20	6	39	10	366	380	12	3	9	6	16	2	0	0	331	13	15	442	791
Rothia pr_cl_3620	9	63	34	113	6313	57	1206	105	166	276	35	230	57	452	233	54	86	12	1875	39	27	15	17	634	6644	403	155	16	80	16	13	552	7	13	61	700	96922	17	3	123	191	15	20	37	11
Rothia pr_cl_3630	30	43	11	341	479	45	512	224	364	394	348	5	62	562	154	87	1393	7	137	138	0	111	172	370	517	54	213	0	101	72	4	105	2	1	12	206	75	22	2	122	268	116	5	120	28
Rothia pr_cl_3629	30	105	63	289	876	30	410	114	872	620	75	2	56	413	52	71	28	6	184	59	6	9	119	86	585	115	365	0	79	9	13	384	0	5	43	166	470	6	5	29	377	30	26	94	12
Rothia pr_cl_3616	64	83	41	31	17	143	23	71	29	33	31	7	28	88	9	58	23	36	43	4	48	97	33	604	34	38	21	7	220	4	5	8084	9	3	110	54	465	12	21	22	92	3	25	144	30
Rothia pr_cl_3624	74	12	50	249	545	28	264	27	236	636	233	14	138	99	133	135	819	1	193	167	19	34	454	70	424	40	107	30	235	268	22	67	10	87	55	178	413	21	41	54	32	84	51	68	9
Rothia pr_cl_3592	683	1675	1893	1860	6136	970	2960	1379	3420	6977	6348	1089	8245	4613	614	6734	1735	16479	2841	1355	1485	6327	843	4600	6442	670	19549	718	3377	311	1161	94313	131	109	1699	1345	2683	8762	7418	1342	10821	7171	2457	13652	1297
Rothia pr_cl_3615	845	0	2821	46	35	8	499	20	1484	607	15681	77	21	25	26	2086	169	0	168	513	4	55	72	72	50	391	863	7	0	18	55	95959	5	76	111	162	29	9	71	199	10	5291	0	267	13
Rothia pr_cl_3625	20050	5361	620258	352567	50175	62410	248950	151286	401270	496514	258526	4545	45555	95911	34606	8530	34944	7608	25146	13317	9326	106285	12622	18769	64490	77342	243069	4226	28271	400	75015	234444	263	440	1266	14151	21319	237709	3616	9317	217146	2955	1249	142832	6258
Rothia pr_cl_3607	70599	1400	249	142980	61525	315	3877	470	2093	7251	2131	2520	14573	1941	10845	26912	56479	6350	108294	78587	15955	1070	3378	2992	403702	776	11063	323	720	68	253	480	775	190	156	2420	226558	615	2460	2247	35556	3329	12076	987	10116
Rothia pr_cl_3628	414210	1625015	41763	2105507	5902163	338305	2605564	1219333	4894906	4434295	516757	10561	339523	2786274	397160	2270302	70022	13906	1577315	533352	4135	43912	339382	513254	4734585	630384	2011533	2527	572646	21753	20834	3032054	11222	69177	383358	1409274	3574906	35684	11987	346695	1673310	623264	678853	651428	167131
Mobiluncus pr_cl_3440	32	5	80	240	129	20	171	33	26	88	27	135	165	82	57	1795	77	65	60	556	42	113	131	51	128	196	207	10	135	8	50	9	17	42	91	29	40	7	25	33	90	410	28	67	191
Peptidiphaga pr_cl_3823	1535	458	7621	333157	1538173	71735	840287	665757	67679	1014160	87897	16978	153182	46508	106594	4538	22131	1098	20564	40929	122	3901	53797	18383	905884	60574	564220	143	301140	706	14098	79	1233	12465	1930	1570816	3325	70764	9390	137944	1316570	2105	1157	282722	230736
Peptidiphaga pr_cl_3824	10509	201	9313	1449941	44766	8625	25634	92447	936692	2214535	29693	51898	2014565	1604572	7943	959	15098	7720	7564	82874	44	3572	8575	804	28463	54586	134363	557	19852	33	42549	371	70900	369	1147	11063	621	645	369	57425	2455227	1026	419	135068	362323
Peptidiphaga pr_cl_3826	12508	10919	1574658	1608033	380504	174691	529968	416155	1147895	2460974	4968805	84313	613460	625332	222155	27526	414764	21760	134571	493520	299	149688	132734	45126	172015	417985	153420	652	125342	1709	177005	1171	15916	23842	188632	315565	4433	143532	71499	156308	6016686	30403	6866	1222938	518383
Peptidiphaga pr_cl_3825	25399	38839	13640	74850	7195847	20703	595808	233152	51476	821908	188932	13416	206782	1008523	1268250	378632	110430	523	849586	547554	139	2851	1438731	411694	5117051	134465	7287	60	453327	1821	4549	1478	12589	17899	28953	1307379	182843	1807	1052	6504	585075	315169	524869	18169	117865
Peptidiphaga pr_cl_3822	60179	3393	2150754	3058412	5112900	425392	12137984	4054432	397491	5707696	256987	3156498	7112064	5503148	3254569	59536	1445984	108152	1584337	2079850	118	5221	3759173	186701	1341837	10892691	1077504	373	987628	2635	1165503	21007	398777	1081	10375	2676962	54644	4815	8185	695447	2775873	201047	104465	1417333	5453926
Pauljensenia pr_cl_3730	0	285	19	21	14	12	60	41	1823	147	35	6	16	140	88	51	23	29	3	50	22	13	26	116	17	12	51	55	678	2	2	2011	0	0	62	35	0	13	13	5	9	4	20	105	17
Pauljensenia pr_cl_3642	0	0	0	0	0	0	0	0	0	0	1	0	0	0	0	3	8	0	1	0	0	0	0	2	0	13	0	0	0	0	5	3	0	0	0	0	4	0	0	0	0	1	8	2	0
Pauljensenia pr_cl_3643	0	3	0	0	1	2	0	2	1	0	1	6	2	0	3	12	5	0	8	10	2	5	0	0	6	1	4	3	2	0	0	5	0	2	0	0	0	0	0	0	0	4	6	0	0
Pauljensenia pr_cl_3660	0	0	1	11	71	3	0	0	71	34	33	0	0	0	14	2	43	1	0	0	0	2	2	5	11	10	126	5	0	0	0	2	0	0	7	3	2	0	10	0	0	9	7	4	0
Pauljensenia pr_cl_3749	0	1	5	7	4	0	29	0	74	49	19	4	8	36	10	27	14	20	15	8	16	15	13	27	0	5	29	12	21	4	14	47	2	0	7	10	1	4	15	0	5	18	3	2	6
Pauljensenia pr_cl_3653	0	0	0	0	0	0	2	1	0	0	0	3	6	0	0	4	1	2	0	0	0	0	0	0	2	1	0	3	95	1	0	8	0	0	1	0	3	0	0	0	0	3	0	0	0
Pauljensenia pr_cl_3658	0	3	0	3	4	1	3	2	2	1	2	5	11	13	6	22	1	0	0	16	2	5	13	8	37	2	4	18	9	0	0	3	5	0	4	2	1	0	2	0	2	16	6	0	0
Pauljensenia pr_cl_3685	0	21	46	15	3	39	0	9	5	7	28	9	0	1	0	99	69	21	0	28	38	2	2	213	3	8	26	79	52	3	2	72	2	0	34	6	0	9	9	16	21	7	24	12	5
Pauljensenia pr_cl_3645	0	0	0	0	0	0	0	2	0	0	1	2	6	0	0	13	3	0	3	0	15	2	0	0	6	2	6	19	0	0	0	19	0	0	2	2	0	0	0	0	0	5	11	0	0
Pauljensenia pr_cl_3651	0	7	0	0	26	0	3	0	345	11	0	0	0	2	0	11	9	11	0	2	3	2	1	3	4	2	0	2	0	0	0	30	0	3	36	1	0	0	0	2	4	6	6	0	0
Pauljensenia pr_cl_3636	0	18	0	108	31	16	14	10	7	28	60	18	25	42	3	132	41	3	8	49	33	10	6	70	26	14	43	44	6	11	1	24	0	0	20	6	2	36	111	0	5	11	7	9	2
Pauljensenia pr_cl_3565	0	0	5	12	26	3	10	2	7	22	4	14	4	0	106	2	4	2	0	4	6	2	8	4	13	2	4	0	8	0	0	0	4	0	2	0	3	2	8	2	2	1	0	6	32
Pauljensenia pr_cl_3708	0	44	3	0	4	0	215	0	3	2	48	0	1	2	2	31	4	0	0	3	24	0	4	32	0	0	10	0	4	3	0	29	0	2	13	1	2	0	0	2	3	32	2	9	0
Pauljensenia pr_cl_3706	0	9	13	1	0	9	3	11	3	4	17	12	27	6	0	48	40	0	5	14	38	82	2	55	4	13	31	123	20	12	0	23	2	3	14	1	0	0	1	10	0	7	23	22	0
Pauljensenia pr_cl_3724	0	4	6	185	3	1	0	2	0	0	2	139	0	6	3	3	0	115	2	5	4	0	0	12	1	0	2	1	14	5	0	0	0	0	0	0	0	0	0	0	0	0	2	2	0
Pauljensenia pr_cl_3655	0	0	0	0	0	0	0	2	0	1	0	1	5	0	0	25	4	0	2	6	7	8	0	2	2	1	0	0	1	2	0	13	0	0	0	0	1	0	1	0	16	13	0	8	0
Pauljensenia pr_cl_3654	0	6	0	0	0	0	0	0	2	0	0	0	1	2	0	4	0	0	1	0	0	2	0	3	0	0	0	2	1	0	4	17	0	0	0	1	0	0	0	0	0	4	3	0	0
Pauljensenia pr_cl_3656	0	0	3	0	4	85	7	6	0	2	6	8	0	0	4	5	24	0	2	1	18	0	4	6	13	3	15	5	0	2	0	23	0	0	2	0	0	0	1	1	0	4	2	0	0
Pauljensenia pr_cl_3659	0	0	0	0	0	1	0	0	0	0	2	0	0	0	0	0	0	0	1	0	3	0	0	1	0	0	1	0	0	2	0	16	0	0	0	0	0	0	0	0	0	1	0	0	0
Pauljensenia pr_cl_3639	0	2	9	11	14	8	2118	17	36	1413	4	2	15	11	2	1208	31	4	378	4	175	7	0	630	143	5	2	4	74	0	0	85	2	0	12	2	1	241	18	0	0	20	4	6	89
Pauljensenia pr_cl_3721	0	7	4	2	4	3	4	4	1	2	19	1	44	0	0	89	19	22	4	2	25	0	0	35	3	0	576	50	18	13	3	2	0	2	8	0	0	6	0	0	1	14	29	0	0
Pauljensenia pr_cl_3652	0	0	0	0	0	0	2	0	0	0	1	0	0	0	0	0	0	0	4	0	0	0	0	0	0	2	0	0	0	0	0	2	0	0	0	0	0	0	0	0	0	2	6	0	0
Pauljensenia pr_cl_3734	0	5	8	63	1435	18	14	4	2	2610	15	3	9	42	340	33	43	12	651	6	72	245	7	102	250	5	78	18	22	3	0	4	0	4	2	228	1118	0	2	6	7	3	2	2	12
Pauljensenia pr_cl_3640	1	0	21	16	2	0	0	0	0	0	4	0	0	0	0	0	156	15	0	0	241	650	1	86	0	0	344	19	2	11	0	10	0	2	2	0	0	0	0	0	0	0	18	0	0
Pauljensenia pr_cl_3735	1	5	5	33	19	5	7	5	1	52	7	8	19	8	4	403	38	37	12	11	218	23	0	207	18	3	111	500	24	62	5	299	0	0	16	7	1	0	1	10	7	3	4	3	0
Pauljensenia pr_cl_3746	1	61	40	504	86	88	22	43	65	65	100	41	7	3	197	136	44	34	60	653	17	199	17	93	43	12	24	39	7	98	7	251	5	5	16	282	2	19	4	248	8	23	35	10	1
Pauljensenia pr_cl_3644	1	0	2	0	3	0	0	9	0	1	7	16	4	2	0	23	8	1	12	8	20	5	0	80	9	19	2	8	0	0	0	41	0	0	2	0	1	0	1	1	26	6	19	2	0
Pauljensenia pr_cl_3641	2	34	5	24	67	68	103	32	5	34	30	15	15	21	16	67	40	3	69	28	406	34	28	50	92	15	47	109	25	30	1	45	0	4	40	8	2	0	6	13	34	24	53	13	0
Pauljensenia pr_cl_3705	2	73	69	4	11	14	11	23	26	23	9	3	4	6	2	41	48	3	6	10	37	7	5	80	10	3	55	43	9	19	2	18	0	3	26	1	2	0	0	10	15	48	19	8	0
Pauljensenia pr_cl_3662	2	1	10	4	30	4	3	0	8	20	4	4	0	12	5	12	4	2	0	6	0	2	4	5	0	6	20	4	1	0	4	4	0	0	5	0	3	6	9	1	6	2	0	10	0
Pauljensenia pr_cl_3637	2	17	4	80	11	4	3	0	2	0	10	12	22	6	0	22	16	40	3	9	17	15	0	28	2	0	23	83	39	2	0	231	2	1	8	0	4	217	8	12	4	1	2	4	21
Pauljensenia pr_cl_3743	2	3	24	14	2	10	23	2	7	11	28	2	1	4	6	11	13	11	16	9	9	1	0	121	1	2	3	4	17	2	6	6	1	1	32	0	3	0	11	7	3	7	2	5	4
Pauljensenia pr_cl_3638	2	23	0	1	0	0	0	2	1	0	13	35	67	0	1	99	14	0	5	15	71	0	1	0	7	8	52	0	0	1	9	47	0	2	0	0	0	0	0	2	0	24	2	82	0
Pauljensenia pr_cl_3733	2	12	77	20	63	29	59	73	208	606	11	46	150	108	923	35	755	20	559	124	22	4	2033	118	2	47	96	46	135	7	15	84	4	1	16	2	0	3	5	230	142	62	2	157	16
Pauljensenia pr_cl_3718	3	67	43	24	360	24	366	199	851	207	17	1245	8	213	162	598	90	18	22625	5380	221	13	27	281	53	79	760	679	2293	65	574	54	0	1	5	39	1	10	14	78	7	13	1	3289	2779
Pauljensenia pr_cl_3722	3	0	3	6	15	4	19	0	0	7	27	9	13	26	2	1831	210	6	2	19	820	3	1	610	16	14	22	2175	48	205	4	15	0	0	14	4	3	0	1	9	1	3	3	13	1
Pauljensenia pr_cl_3723	3	22	51	37	52	101	78	31	14	103	24	163	65	21	10	79	31	13	107	42	35	12	0	9	133	39	113	6	68	92	3	311	0	4	17	37	10	2	6	13	254	48	7	65	29
Pauljensenia pr_cl_3657	3	6	53	162	23	4	500	34	13	79	24	170	274	172	88	0	7	11	10	42	0	18	160	0	9	162	49	0	52	0	49	155	11	0	4	142	0	3	2	44	237	14	7	103	253
Pauljensenia pr_cl_3700	3	43	40	15155	112923	256	24740	3491	128	50048	348	157	7967	3163	24262	1586	25229	33	61241	854	164	44	34406	361	154129	1064	88597	263	2362	86	9	2004	810	130	27	5554	24271	0	9	8699	23	20	73	13	143
Pauljensenia pr_cl_3729	4	0	4	4	9	3	2	1	0	4	56	28	46	15	0	208	27	23	7	24	90	1	0	81	3	7	13	143	29	32	5	11	0	0	5	6	6	10	2	5	12	23	3	16	1
Pauljensenia pr_cl_3707	4	88	60	31	81	22	9	6	61	61	45	20	4	93	121	136	55	6	40	58	72	0	1	194	113	5	69	96	28	27	1	54	0	0	25	7	4	0	11	25	9	54	13	8	1
Pauljensenia pr_cl_3748	4	75	36	3	6	59	1099	483	3	20	28	42	656	21	2	34	29	18	0	242	26	47	269	35	2	6	6	10	15	20	2	22	2	0	28	1	0	2	4	636	8	18	0	48	23
Pauljensenia pr_cl_3754	4	13	13	104	224	19	66	18	19	104	62	17	32	49	78	76	63	41	36	73	43	21	83	162	168	36	40	13	45	6	10	16	3	3	31	11	18	24	32	43	36	20	18	66	13
Pauljensenia pr_cl_3710	4	0	12	18	41	3	19	20	26	72	5	0	7	120	14	14	20	0	4	9	4	0	0	17	4	63	4	8	220	2	0	24	0	0	25	35	0	3	0	16	4	0	6	106	39
Pauljensenia pr_cl_3635	4	52	37	134	14	37	1720	382	31	8	4	25	12	75	46	579	169	6	11	36	104	28	6	572	293	17	15	99	2	2	100	8	0	0	28	14	47	0	4	10	4256	8	97	249	32
Pauljensenia pr_cl_3712	4	16	28	1	1	8	19	0	2	0	539	100	231	1	21	371	33	43	447	9	61	22	6	189	0	4	17	95	14	16	3	60	0	3	20	2	0	1	2	4	1	3	20	2	5
Pauljensenia pr_cl_3719	5	207	4	1	40	10	40	0	3	0	106	0	29	3	0	14	3	3	14	14	33	0	2	7	62	3	32	15	17	16	2	2	4	3	26	1	8	0	0	40	1	5	2	8	2
Pauljensenia pr_cl_3661	5	26	14	143	55	3	34	15	57	82	43	31	22	53	76	399	49	0	13	47	10	8	15	136	23	22	33	5	219	5	26	28	3	5	39	15	54	15	43	10	28	74	39	57	10
Pauljensenia pr_cl_3731	5	81	83	76	16	102	8	39	22	8	99	46	6	5	1	188	114	92	12	46	121	135	12	262	5	8	41	190	12	174	4	59	3	4	54	4	1	16	87	43	3	8	17	56	4
Pauljensenia pr_cl_3694	5	71	51	26	21	43	35	14	57	19	116	18	20	3	4	390	92	28	38	32	126	30	3	363	2	14	96	401	18	88	6	69	2	9	40	8	3	19	2	28	8	120	100	14	8
Pauljensenia pr_cl_3739	5	113	105	50	20	62	22	24	16	5	38	17	53	10	4	108	420	44	10	30	87	2	14	161	3	17	137	56	41	20	2	2231	2	6	20	9	5	0	1	36	3	92	25	47	0
Pauljensenia pr_cl_3698	5	14	10	0	4	2	2	0	4	6	11	1	8	0	0	72	29	5	3	5	35	0	2	94	9	3	18	60	3	1	0	13	0	1	1	2	0	0	0	2	1	61	16	4	0
Pauljensenia pr_cl_3740	6	1	33	17	13	21	17	12	1	50	11	15	1	7	12	1625	224	23	6	13	615	8	50	544	15	6	89	1696	62	167	1	199	0	4	8	6	7	0	13	10	7	22	14	36	2
Pauljensenia pr_cl_3670	8	173	272	78	83	210	39	30	47	27	87	61	11	17	19	114	106	75	11	44	71	159	33	811	49	35	29	32	46	113	0	57	1	6	128	8	2	70	55	26	109	148	361	13	12
Pauljensenia pr_cl_3720	8	138	61	195	374	61	679	404	1750	5568	42	128	281	1508	350	147	273	88	390	84	43	3	48	54	6	11	1513	44	375	6	9	21	4	3	3	29	9	16	4	4428	2364	51	10	778	64
Pauljensenia pr_cl_3711	9	267	205	33	22	15	6	35	115	25	90	7	15	5	4	20	34	1	9	22	17	19	27	95	41	13	4	7	7	9	0	106	2	6	17	24	6	33	22	31	36	19	12	40	15
Pauljensenia pr_cl_3646	9	39	788	222	40	29	215	221	2516	162	324	121	228	163	303	588	771	140	124	748	71	1462	70	844	48	54	2457	202	81	64	2	97	1	25	42	94	22	43	59	304	10	22	44	433	33
Pauljensenia pr_cl_3827	10	1	0	9	18	0	10	0	8	10	5	10	2	61	8	24	26	6	112	6	18	25	199	20	22	25	18	6	4	8	80	10	5	0	13	2	2	0	10	0	2	8	4	9	8
Pauljensenia pr_cl_3732	11	128	46	72	59	24	97	21	32	80	122	173	138	45	129	660	78	41	56	18	61	15	175	173	99	13	56	116	3	65	0	87	0	11	45	25	80	4	32	57	99	55	22	41	23
Pauljensenia pr_cl_3693	13	26	31	29	10	157	33	30	12	22	52	16	30	36	14	111	126	5	250	108	58	7	4	247	16	3	59	143	568	30	2	327	0	4	34	24	0	9	2	12	18	141	14	25	22
Pauljensenia pr_cl_3753	14	2	20	192	419	26	182	118	49	270	54	48	76	180	139	236	283	0	152	132	127	28	146	468	282	351	272	95	116	29	47	10	9	18	28	52	239	164	625	49	59	61	26	111	41
Pauljensenia pr_cl_3727	14	45	103	84	49	34	112	95	130	273	75	16	41	25	30	150	139	10	64	109	33	17	26	82	177	18	336	40	60	9	11	74	5	3	17	22	15	0	2	7	214	140	31	120	14
Pauljensenia pr_cl_3702	15	155	118	40	57	50	28	25	45	20	170	363	63	93	13	1708	323	80	80	85	599	35	17	781	46	74	261	1403	85	204	6	741	7	12	64	14	82	27	28	141	88	343	269	83	10
Pauljensenia pr_cl_3676	15	255	29	202	361	29	276	114	24	36	229	208	379	103	148	458	1437	151	85	186	449	73	4280	449	639	185	793	615	1836	23	247	1126	11	74	341	96	49	2	87	61	81	330	91	447	130
Pauljensenia pr_cl_3650	16	46	71	222	1	6	4	22	194	14	18	35	4	0	1	87	18	71	47	2	35	106	1	39	15	3	33	24	96	26	46	87	3	4	149	4	11	0	0	25	43	7	31	8	3
Pauljensenia pr_cl_3697	16	59	199	254	797	299	1036	557	140	508	277	1703	1659	1069	347	1431	627	706	28616	7147	171	303	293	563	469	694	3256	419	1162	69	949	95	12	26	175	171	15	7	38	55	127	470	296	5324	4507
Pauljensenia pr_cl_3687	16	144	172	16	243	37	110	26	52	1264	184	15	14	268	139	118	79	42	262	174	93	26	420	78	516	6	64	8	43	3	151	187	5	4	83	89	27	17	7	41	17	72	35	59	59
Pauljensenia pr_cl_3647	17	11	0	4	10	4	0	7	23	3	4	4	1	0	0	19	9	0	5	0	18	4	1	11	5	9	3	40	2	6	0	76	0	0	9	0	0	2	4	6	0	2	5	12	0
Pauljensenia pr_cl_3725	17	67	18	40	237	81	32	90	361	2137	55	3	41	129	20	43	28	4	86	2	21	0	0	47	6	11	119	22	95	0	25	236	0	0	8	0	0	6	0	914	336	10	7	193	5
Pauljensenia pr_cl_3742	18	113	1920	161	70	968	28	207	45	79	649	278	135	37	15	538	322	1737	52	259	3670	820	39	13985	40	90	268	1230	1586	455	19	479	20	11	5540	31	3	26	137	55	777	234	110	1531	46
Pauljensenia pr_cl_3699	18	369	133	152	134	44	49	32	32	108	342	38	37	25	44	825	183	241	24	65	479	76	15	907	26	47	250	657	128	101	14	295	6	25	198	17	176	12	15	49	25	303	123	64	3
Pauljensenia pr_cl_3715	18	22	10	18	28	63	3	5	31	15	45	64	85	13	22	222	22	132	30	40	65	160	11	75	25	13	340	56	62	28	3	12	4	1	12	8	0	15	2	25	9	72	46	14	1
Pauljensenia pr_cl_3713	18	120	4	36103	21464	7	1603	52	11	1825	277	43	624	384	480	558	195	8	1035	437	23	45	2838	19	13730	40	23	114	36	2	2080	2278	0	3	17	468	902	5	19	1	3818	81	123	2753	16375
Pauljensenia pr_cl_3695	19	143	99	43	21	132	48	31	30	15	210	65	13	7	11	464	115	38	27	54	162	43	2	310	5	33	211	246	19	96	47	106	4	2	81	7	1	19	23	73	12	469	121	19	253
Pauljensenia pr_cl_3696	22	188	180	37	52	1191	32	198	39	20	47	12	29	9	3	422	209	27	32	50	122	9	7	1084	8	29	275	140	31	35	20	151	0	0	288	5	4	14	13	20	87	173	87	29	22
Pauljensenia pr_cl_3631	22	117	60	64	188	120	254	232	36	119	91	118	103	273	204	387	309	5	217	145	131	83	128	572	759	75	82	259	226	113	0	26	25	0	17	10	4	35	177	91	65	334	46	36	2
Pauljensenia pr_cl_3704	24	271	343	71	89	98	41	42	72	122	120	423	378	36	11	1167	250	54	47	73	348	43	16	605	50	49	105	936	108	115	82	333	14	8	156	12	3	21	85	37	184	131	125	167	9
Pauljensenia pr_cl_3728	25	3	3	2431	7	17	0	176	16	1808	350	1651	220	55	724	102	7	220	32	2624	6	136	54	36	178	0	482	2	85	14	45	9	0	0	39	685	2	4	32	1328	385	343	18	17	20
Pauljensenia pr_cl_3747	26	7	14	94	10	10	33	11	45	36	60	157	91	5	50	1256	107	125	41	32	75	16	151	64	27	22	181	152	73	285	3	235	6	16	14	6	4	4	9	26	8	125	16	37	0
Pauljensenia pr_cl_3684	28	52	110	48	10	15	126	20	50	38	111	70	67	40	140	330	165	7	20	143	90	6	81	109	46	33	249	72	16	92	4	118	5	23	83	15	4	12	13	12	6	80	82	63	16
Pauljensenia pr_cl_3679	34	409	417	68	20	142	10	24	17	19	520	60	50	17	20	2756	545	88	67	76	261	77	17	617	34	81	393	452	131	268	13	332	16	30	1244	12	6	33	7	62	15	762	531	48	0
Pauljensenia pr_cl_3634	38	698	501	92	147	373	133	910	4888	681	784	363	64	9	18	1594	87	48	75	50	127	53	1124	1040	130	46	746	138	55	15	16	1228	11	12	269	350	33	101	8	17	116	288	439	256	14
Pauljensenia pr_cl_3692	39	89	215	77	44675	895	610	4822	730	22177	264	12858	6238	17951	1673	832	458	55	1088	2477	395	1	3457	806	15430	1828	10631	939	11216	75	9633	801	133	5	174	3983	3252	42	80	698	26090	319	653	18614	21333
Pauljensenia pr_cl_3632	42	31	35	30	40	104	70	61	20	6	61	207	111	24	1	435	141	50	0	50	586	109	41	409	265	103	236	801	42	60	8	244	0	20	200	4	3	76	332	25	13	61	129	80	2
Pauljensenia pr_cl_3738	44	65	20	184	25859	36	4	5	58	13	54	13	902	17100	125	86	120	16	110	1193	151	22	5476	133	12850	106	10	98	3	15	35	15	960	0	28	6813	88365	4	13	215	50	902	251	38	14
Pauljensenia pr_cl_3649	46	5	0	5	4	4	1	9	4	0	0	8	6	2	0	173	3	2	2	22	0	0	0	512	20	2	25	6	93	0	1	18	2	3	2	2	0	4	2	25	0	1	5	4	0
Pauljensenia pr_cl_3683	48	527	492	87	171	281	57	71	67	61	305	96	153	21	15	921	734	108	54	158	549	158	47	953	57	44	423	593	122	144	17	1289	11	10	269	21	11	36	28	95	57	269	216	175	0
Pauljensenia pr_cl_3745	52	283	298	260	314	399	134	110	121	279	576	220	127	196	103	1774	813	537	90	281	1868	774	87	1577	110	164	480	1522	243	354	48	1922	19	26	522	75	92	99	260	460	54	604	405	182	26
Pauljensenia pr_cl_3689	58	226	251	42	12	395	17	64	109	89	330	59	59	39	8	657	910	44	60	111	184	55	7	312	10	41	117	83	105	64	41	991	8	9	173	45	8	33	59	30	14	596	419	160	5
Pauljensenia pr_cl_3667	61	94	262	870	1027	435	753	164	154	386	336	252	263	434	351	843	1874	87	233	463	176	374	249	1872	542	422	253	246	517	90	69	81	17	14	780	54	40	63	145	193	162	174	132	500	1045
Pauljensenia pr_cl_3675	73	63	97	419	68	105	61	342	74	67	715	356	645	27	60	1152	521	519	237	368	1245	198	134	827	126	190	6720	1204	1336	95	14	11369	15	69	216	403	347	114	307	147	68	674	64	367	7
Pauljensenia pr_cl_3717	78	517	57	86	346	34	930	176	8648	10348	6192	786	36	132	280	403	465	300	1103	438	131	125	707	1287	75	582	4514	123	777	13	17	42	667	15	47	70	6	31	25	172	382	63	10	615	360
Pauljensenia pr_cl_3726	79	9	0	261	108	5	38	2	2299	16920	2477	5	3	0	2	347	95	5	22	30	10	5	1301	29	2	3	14	42	6	8	3	49	0	27	11	9	3	0	21	49	3	65	0	258	123
Pauljensenia pr_cl_3673	112	290	366	1408	1494	165	320	215	497	404	682	712	739	47	369	2710	757	1159	662	645	1114	685	484	1026	580	420	3120	1466	1393	366	59	556315	29	47	2092	766	850	40	138	493	102	842	205	661	15
Pauljensenia pr_cl_3691	116	596	796	144	147	458	122	123	439	541	580	199	133	133	22	991	668	181	174	408	347	86	46	1181	39	178	256	381	259	58	32	23008	31	22	466	586	40	44	47	143	71	186	314	135	11
Pauljensenia pr_cl_3668	119	491	1310	395	630	227	339	141	49	270	1111	553	489	235	393	2991	192413	59134	355	417	510	593	232	57808	410	1506	2861	2628	553	356	25	79	22	42	136	59	87	35	139	1980	210	4557	1035	196	2781
Pauljensenia pr_cl_3682	121	1269	1218	372	112	914	112	187	124	76	664	264	287	87	27	2013	3685	219	92	266	578	66	51	3290	61	197	673	506	213	168	211	3726	9	31	398	48	14	96	171	98	162	1520	134	228	40
Pauljensenia pr_cl_3681	129	3369	467	125	111	1962	92	360	556	74	312	58	358	48	18	1345	10746	348	196	84	899	59	20	1000	98	47	273	1209	102	466	14	1990	13	45	187	22	1	57	63	95	136	754	75	178	5
Pauljensenia pr_cl_3680	142	309	661	97	138	1264	32	240	100	21	2000	237	163	17	40	4927	943	813	80	339	521	171	77	1160	82	125	899	1547	249	206	32	549	16	31	665	53	159	163	150	476	297	813	704	152	40
Pauljensenia pr_cl_3744	144	254	231	240	166	272	62	309	348	153	3191	339	53	14349	87	1333	165	831	68	408	857	177	146	891	208	253	485	1039	397	137	176	2401	36	20	357	564	155	85	819	244	207	4055	160	978	20
Pauljensenia pr_cl_3688	148	6461	717	188	123	362	1843	228	977	733	1182	114	412	214	60	2088	626	182	269	310	521	53	95	1526	176	168	285	686	285	201	30	2044	41	27	417	146	45	86	78	178	78	352	309	270	54
Pauljensenia pr_cl_3701	149	392	568	311	712	382	784	406	488	2252	637	235	379	480	70	7613	1160	187	320	710	3714	408	239	4401	227	155	798	8321	498	903	51	1797	27	31	235	238	336	155	141	173	426	777	327	692	54
Pauljensenia pr_cl_3736	153	326	573	444	490	2128	181	671	183	147	2395	580	4901	121	85	6865	2313	14076	276	296	4849	8532	153	4648	144	279	17091	1811	1401	308	64	954	24	149	817	54	170	159	435	1245	98	5000	1668	627	15
Pauljensenia pr_cl_3648	172	511	104	430	616	171	167	151	250	215	376	605	1031	170	127	2269	403	362	360	522	1048	571	135	1699	638	259	725	600	1022	111	358	4551	19	36	999	176	79	54	142	156	149	592	866	444	39
Pauljensenia pr_cl_3690	196	387	851	35399	1065	235	2103	91	2511	14471	1248	136	277	1186	54	1592	1141	106	128	743	370	56	27	1201	12704	138	383	402	134	118	2938	18140	22	34	302	128	151	18	21	169	5744	585	370	10777	22464
Pauljensenia pr_cl_3752	212	85	298	378	250	126	1531	66	138	246	257	314	103	156	671	1718	657	260	243	301	13361	171	359	469050	481	1818	627	184	431	98	98	40	12	26	275	127	183	1829	18339	93	194	510	117	425	80
Pauljensenia pr_cl_3703	326	828	2026	3072	4401	613	9512	4158	887	4595	740	2670	6425	4135	2723	3881	1694	364	1694	2117	409	141	3154	1084	1218	9495	1179	968	1323	223	933	3170	368	54	554	2192	66	73	53	578	2178	1781	1509	1441	4265
Pauljensenia pr_cl_3633	342	285	311	1415	3939	916	11179	705	743	2253	2316	19914	8964	1374	1943	21996	8593	676	2536	3220	39223	6297	1678	7136	15980	12659	9481	56429	2187	507	108	1057	154	116	1030	451	244	153	630	1418	5479	4020	522	1903	139
Pauljensenia pr_cl_3669	346	1217	2495	2975	336	1675	1605	1956	324	3948	2802	1750	1868	451	912	9041	2056	501	235	684	8535	4576	663	19819	217	2477	2272	6349	779	199	459	317	45	43	1667	586	74	2020	198	791	1281	976	1543	1518	2788
Pauljensenia pr_cl_3716	355	452	9344	17235	27912	1869	63379	20886	1792	26348	845	14794	42294	25507	15945	234	9575	523	7810	9284	12	40	20576	1099	7284	65736	3897	9	4533	26	6798	254	1868	29	88	10889	311	38	46	3441	15346	1315	552	8239	32088
Pauljensenia pr_cl_3709	401	56	31	2184	764	29	531	63	8	238	319	29	66	191	123	433	2938	244	3999	1283	1481	2	112	325	4042	8	182	56	23	5	6	114	16	0	59	83	5935	139	96	63	349	121	130	58	31
Pauljensenia pr_cl_3678	754	3000	90	7554	6417	346	5955	1081	211	3384	2703	2236	1689	3062	5170	5957	3850	327	3088	5510	458	352	1780	2103	7068	790	4075	446	2497	1257	152	15	684	271	1189	455	308	18	120	1275	652	2490	2763	2508	1353
Pauljensenia pr_cl_3741	811	147	5365	13307	18314	2085	113644	22273	18395	24897	1976	127356	5830	11491	5055	1843	1934	706	10259	33722	4556	2602	7156	1302	1548	18650	9543	572	854	88	6458	2966	633	131	422	5708	848	82	314	13936	43268	9797	251	8181	10361
Pauljensenia pr_cl_3666	892	677	1163	768	1244	886	73174	5832	16649	608	165	354	284	188	236	518	610	1114	522	2010	169	122	131	838	37867	332	868	451	403	27	49	126	27	25	2847	95	107	175	195	231	713	556	60	7528	10825
Pauljensenia pr_cl_3751	1107	683	665	4040	187	660	5468	859	549	51	1120	11051	585	231	254	1348	1045	621	36	1059	11025	3249	139	24778	9314	10924	6158	1444	301	350	818	13	4	63	294	559	101	72047	128276	991	124	2086	133	6669	749
Pauljensenia pr_cl_3714	4014	1562	864	9803	50144	839	2546	1216	2011	33079	131214	2575	30569	12754	10283	15036	5871	14794	8371	109844	2358	7867	41894	22810	31659	2413	25638	2288	7117	9035	1484	7358	2357	383	2867	9080	9175	679	1573	8488	21354	14682	11831	88538	345
Pauljensenia pr_cl_3672	5143	2630	433576	883	2470	150944	829	18608	756	769	10381	615	819	131	289	8138	3728	896	437	1976	12301	1017	338	681859	217	1419	1741	3819	8502	830	59	1148	123	1014	44006	143	27	39306	27346	10670	51325	2914	1504	735	8026
Pauljensenia pr_cl_3674	6545	7322	7595	164061	24078	10565	11875	3998	15133	8310	144124	187311	294935	12475	29594	423638	157618	176120	81547	134596	305391	144055	34603	64550	81614	126687	561994	1115612	376085	14311	1527	5975	9692	8746	5358	8267	48714	6234	93726	86755	123207	869159	5647	212352	3821
Pauljensenia pr_cl_3671	8158	2716	107905	3043	2435	1594608	669	230930	641	798	3751	286276	1356	426	1085	16240	308782	306787	860	232010	2048243	1170405	4174	1047625	1378	19404	8602	416220	2816	652855	62	622	118	572	89657	770	1143	131994	756996	5645	2032	15394	1950	22014	9230
Pauljensenia pr_cl_3677	8942	148075	5721	24206	8963	3432	7353	5734	876	7328	271184	24503	24632	18372	18607	702987	69240	30456	27457	11608	22217	17323	14245	20015	18971	17338	154777	5452	20176	215484	545	537	4229	4461	15366	2470	4286	432	4009	30308	1163	210786	118198	3748	934
Pauljensenia pr_cl_3664	11281	1339	1637	213007	206702	11141	216454	23242	68124	119962	28171	18907	34442	79938	67098	77034	68848	996	48536	122090	385	6078	28160	39563	126144	11687	40592	2290	51564	7771	5547	223	4660	3289	23059	10741	6566	2961	4724	21873	32291	14456	9028	75424	144786
Pauljensenia pr_cl_3665	17233	191206	8052	153662	1432614	8709	535589	26682	615815	591308	921296	21446	178073	80897	88813	60561	44504	4131	348066	1146602	8100	19085	109407	73361	115052	108516	96844	8141	433670	14359	176395	523507	13884	3905	671805	104507	23904	2897	4752	29318	42045	561120	1009258	24596	14332
Pauljensenia pr_cl_3737	18534	37797	43	106759	14032	536	6559	461	234	2487	2721	1736	2315	141	2217	7901	26626	2649	63828	47307	11537	193	383	788	131931	143	2832	290	835	38	2521	2083	259	13	254	331	46504	923	3529	1078	67964	4483	6141	8792	25889
Pauljensenia pr_cl_3750	56387	14310	10148	11274	21838	17061	7134	4366	1603	3772	41147	28235	112185	3561	7762	1049053	100228	1499789	7175	46069	1006259	353698	21487	2023582	25710	88384	30259	8715	5792	1646	457	2074	431	3399	73869	7248	1295	777891	9530480	3820	7144	7337	3550	39160	2448
Pauljensenia pr_cl_3686	96408	238360	173007	6394	8098	48814	23138	273962	84796	17767	128881	4425	11929	2874	5990	355796	12455	62582	7336	72955	138870	14720	5335	151068	9626	9430	16823	7772	6884	30968	8817	42028	2693	4081	226184	13230	3098	8535	4742	55972	6100	216337	172848	47126	916
Pauljensenia pr_cl_3663	213723	44504	44086	1075322	2807815	204866	984598	644642	145727	1368061	350961	548410	716498	1276139	1459320	2546290	2127347	35416	1014422	967826	16324	261340	1138220	890626	2929777	393500	1139946	101253	1396480	295193	263282	1249	30036	102391	561469	228405	159204	13677	106314	644679	553468	324425	278754	778854	138622
Actinomyces pr_cl_3828	0	0	0	0	0	0	0	1	0	0	0	0	0	0	0	5	0	0	0	0	0	0	0	0	0	2	1	0	0	0	0	2	0	0	0	0	0	0	0	0	0	0	4	0	0
Actinomyces pr_cl_3829	0	0	0	0	0	0	0	0	0	0	0	0	0	0	0	0	0	0	0	0	0	0	0	0	0	0	2	0	0	0	0	0	0	0	0	0	0	0	0	0	0	0	0	0	0
Actinomyces pr_cl_3832	2	0	0	0	0	0	0	0	0	0	0	0	0	1	0	0	0	0	0	0	0	2	2	0	4	0	0	0	0	0	0	0	0	0	0	9	12	2	0	0	0	1	0	2	2
Actinomyces pr_cl_3830	13	10	25	153	971	21	407	37	71	496	49	40	262	441	178	68	16	10	63	178	5	9	144	111	486	46	69	63	190	21	341	173	2	2	23	27	338	16	20	23	48	14	12	91	360
Actinomyces pr_cl_3821	53	73	161	243	213	40	238	40	190	316	234	48	141	221	286	228	376	63	130	222	258	148	240	337	313	85	265	195	235	167	190	71	15	43	206	94	103	112	110	127	80	282	168	170	105
Actinomyces pr_cl_3820	113	142	1826	820	2151	132	1893	199	287	1720	594	270	537	1826	857	269	494	64	432	1731	186	114	1277	4510	1836	209	516	61	1368	190	1475	154	99	38	198	843	3066	174	395	447	484	253	617	631	1750
Actinomyces pr_cl_3784	117	3338	851	1175	2201	395	3517	2084	1584	28034	671	314	162	4798	216	697	936	25	456	1251	117	506	676	2666	1556	540	2434	9	3599	19	409	14106	45	343	303	599	336	904	68	313	2452	577	504	4105	607
Actinomyces pr_cl_3774	118	402	92637	477	811	10263	674	1564	402	1894	1335	227	6459	2145	202	342	21711	204	221	269	17509	10157	346	13261	1048	20465	446	166	715	137	105	132	23	84	1514551	173	183	994	1481	166	749	432	208	7338	12430
Actinomyces pr_cl_3789	134	800	478	715	5748	187	4458	1177	3609	8107	728	68	767	2859	1455	219	303	53	714	594	33	221	961	922	5628	251	754	60	432	13	131	14196	32	26	432	807	485	470	37	2183	2282	248	228	1012	427
Actinomyces pr_cl_3775	163	438	289	384	1201	170	760	288	765	926	444	224	203	614	426	489	480	125	302	443	587	315	633	982	711	248	480	253	385	149	263	218	71	73	604	346	1485	173	316	254	266	294	400	436	235
Actinomyces pr_cl_3791	220	493	472	766	2681	431	3516	2292	1911	12780	1048	1695	295	3769	113	324	1436	30	532	909	62	244	1176	1782	1184	443	5943	8	787	8	396	33996	18	96	355	1121	498	972	143	777	4222	880	168	1434	1544
Actinomyces pr_cl_3771	220	203	510	734	999	161	829	223	424	1241	1011	242	596	430	688	535	1243	118	404	483	2403	1040	525	1490	1996	303	931	318	833	205	261	287	63	73	625	346	189	1628	1245	300	287	352	410	733	233
Actinomyces pr_cl_3819	258	143	187	486	415	107	594	194	558	693	395	241	383	459	354	225	383	103	481	636	416	334	590	591	859	160	712	64	749	252	207	80	46	40	387	230	294	202	337	264	237	185	149	330	178
Actinomyces pr_cl_3801	267	825	1803	2014	2478	439	2655	1284	2405	8685	690	206	296	2058	567	533	596	62	626	461	311	164	597	2039	1698	415	1314	36	708	58	358	1905	58	68	641	814	234	960	481	258	2279	648	315	1691	954
Actinomyces pr_cl_3770	292	525	497	1670	1097	180	1349	463	851	2881	508	445	350	894	534	681	623	137	378	462	1202	289	928	1741	897	590	949	321	843	201	260	643	52	80	579	487	318	533	631	287	760	853	396	900	559
Actinomyces pr_cl_3798	302	951	6579	5380	1344	313	3236	1023	1597	7477	2572	136	590	2119	1143	255	3202	73	648	804	10736	1663	394	12050	3655	704	1212	302	613	4875	334	2316	31	52	1187	2903	359	2376	728	455	1183	495	141	1785	781
Actinomyces pr_cl_3786	319	3542	1425	3663	6103	856	3737	1738	3956	9921	1696	83	500	4178	205	656	653	80	718	693	52	480	534	1691	1999	516	5359	5	746	57	441	20247	51	88	846	1067	280	870	59	313	1412	806	622	1677	253
Actinomyces pr_cl_3818	326	255	115	1011	573	47	2400	155	296	1234	2492	2738	1125	1203	294	626	988	61	383	754	523	85	1329	919	1217	345	418	64	672	73	804	65	65	35	184	358	945	482	4920	235	637	2209	3630	199	585
Actinomyces pr_cl_3772	369	240	1661	961	785	1507	544	439	389	1337	2524	429	1131	674	1049	849	9882	1755002	398	1361	2206106	11711	1703	199681	1202	15944	820	916	901	833	688	219	82	159	4521	460	416	2791	10176	277	364	1307	392	1287	1144
Actinomyces pr_cl_3811	386	134	1019	2024	1112	187	1625	450	721	2755	576	154	718	1272	741	512	3700	227	506	861	1546	2461	680	2544	1248	429	1218	216	999	192	432	222	51	64	835	493	1014	509	941	395	991	649	347	1486	1077
Actinomyces pr_cl_3780	525	12290	3510	1554	1834	767	1441	704	4417	4155	3205	123	433	2034	723	4847	910	65	1293	832	249	362	526	2849	1587	432	1351	21	806	626	569	3544	48	365	3202	438	274	295	32	378	903	1896	4073	708	157
Actinomyces pr_cl_3799	538	1683	2611	3644	4841	766	5249	2660	4691	19031	1365	332	934	4305	1031	943	899	101	1331	923	546	902	959	3222	3141	911	4219	91	1958	31	604	3900	80	165	921	1485	476	1478	599	525	4488	1110	570	3432	1179
Actinomyces pr_cl_3782	560	5966	1462	3031	11153	1710	8121	3637	10059	19806	2012	1275	1241	7023	990	789	1058	150	1342	1569	85	1018	1505	5171	3506	610	2212	10	770	62	628	6129	51	68	1134	1601	340	581	45	1939	4493	1024	676	2908	2208
Actinomyces pr_cl_3768	638	520	787	3457	13552062	37033	2722826	368482	5428	2037943	128591	86751	490998	651559	3611403	3643	2448	545	569339	293535	1244	1050	3656669	18960	18509616	5427	1606	2803	47431	1071	17606	116274	5255	2160	921	853436	3984687	433	1144	1640	1411	1634	58904	3075	17826
Actinomyces pr_cl_3831	670	979	347	1368	4601	835	1404	1441	1033	8707	3288	2209	1560	1904	2328	7592	1124	790	2654	3029	1570	1094	500	38207	1358	2891	1728	327	3297	934	889	1480	238	125	1294	654	1317	448	2081	970	846	3559	936	1451	126
Actinomyces pr_cl_3802	689	693	1033	2659	2017	232	5004	1154	3258	7231	538	690	2988	3989	1923	414	2124	209	1419	1873	194	277	1248	3322	1986	680	2280	3225	1509	296	227	923	47	222	910	2708	308	592	175	1927	1472	1256	2854	1327	627
Actinomyces pr_cl_3783	834	5042	1717	3168	12319	2530	3467	3032	7025	12421	4266	39	414	7770	304	1085	1497	104	1112	1148	174	2046	482	4463	3488	442	2783	4	796	87	613	15979	92	75	1735	639	383	831	36	396	1878	1432	1372	2393	257
Actinomyces pr_cl_3769	1205	5067	38962	5513	269141	3423	59047	1361	995710	26111	29502	14963	58398	15246	1358	2981	2448	1413	4672	21706	15088	2451	1975	106584	11982	75612	3674	381	10898	1407	3081	4409	2108	742	388274	1741	492	2226	1659	11563	3907	5044	2380	2097	10194
Actinomyces pr_cl_3804	1363	836	10310	13782	2495	1120	11234	3886	8619	10665	1235	937	2798	13520	4901	1357	4434	144	2218	3898	451	1763	4823	7445	4586	3023	9857	353	3766	234	1007	505	93	604	1223	5408	573	939	383	4036	3024	552	6298	2342	3773
Actinomyces pr_cl_3779	1374	1020	1664	5430	7714	1127	11559	3225	4718	22861	7344	2651	2270	3255	7720	7671	4563	434	3661	13731	3215	1769	18198	4008	11050	2657	9791	5183	8009	698	2823	3321	525	670	2346	2750	66839	1064	2433	3462	2591	15210	12146	10804	1300
Actinomyces pr_cl_3792	1374	3450	65416	10457	17220	2916	23758	14357	13535	121041	2350	214	10163	15617	1437	1300	2329	307	4858	2358	153	1759	2297	5954	7291	1703	24130	115	2384	104	2415	37205	141	621	1922	9225	1505	45492	525	1237	44898	4051	1455	56512	4002
Actinomyces pr_cl_3773	1524	1818	266072	11267	10989	681108	18031	109928	4193	11607	80260	4363	17776	11172	13664	15115	874873	4262	3907	15525	3633356	3990550	17563	1271068	10754	163796	9662	10409	16948	6216	9710	1058	404	462	284744	8527	9984	427235	894067	7266	4715	12641	4975	56186	123713
Actinomyces pr_cl_3817	1671	1970	1965	5074	3933	693	4114	1149	1668	3348	363020	17054	2604	2967	10238	15265	24985	451568	2177	3158	4873	3849	10864	3416465	3269	3143	5181	3989	3866	3742	3011	1086	464	448	97987	3417	3261	702346	764588	1334	1538	4314	1919	3901	1259
Actinomyces pr_cl_3810	1728	557	871	3007	2379	282	10896	1267	3791	4523	1022	1279	1869	9904	2105	1181	4368	184	2222	4373	639	449	3692	7685	3171	830	4500	604	4826	527	5280	810	94	671	2649	4507	711	240	219	4861	1287	690	7175	1880	8038
Actinomyces pr_cl_3794	1829	5558	6224	66661	13423	1648	23531	6484	17605	39649	3419	2294	7543	17084	3045	3413	7549	1677	2527	3749	8960	1021	2657	8635	17906	5459	84777	593	14514	207	2320	22829	537	476	2346	6488	2860	9042	7933	1127	33737	4942	1232	12975	6255
Actinomyces pr_cl_3785	1927	20261	1916210	5770	13946	25078	9840	8125	23996	37702	9389	287	1682	10229	2219	2006	3457	433	2771	3460	3602	1623	2924	175324	5567	1812	4330	855	2570	367	1969	12975	335	589	8135	3923	1384	12385	760	2367	6333	4361	3317	5991	2503
Actinomyces pr_cl_3805	1958	724	3344	31716	17395	737	53227	3869	4216	78108	4414	5711	77943	114040	19726	3711	11755	2306	25990	43786	3074	1980	26588	5282	57317	6921	12323	1491	36628	1498	65311	1583	421	373	3912	9425	1467	435	1448	3184	9557	6078	2035	5122	77535
Actinomyces pr_cl_3800	2314	12289	16554	568857	85624	241988	525625	2469547	245508	3855947	18788	8978	50488	914498	115928	12428	13335	3276	9985	11570	7756	3949	101020	14769	61393	9996	1151658	1596	22699	1247	16113	860693	1683	900	3416	55021	17155	64492	2998	15542	2555915	9511	4553	1603402	215932
Actinomyces pr_cl_3781	2948	73879	15853	42378	23850	22007	73831	8861	134018	91963	38299	7196	125228	269990	29575	6496	12582	37854	41596	52095	11806	9464	26792	104765	67789	6667	14993	2434	53342	3249	57190	8414	1764	685	37285	21354	3731	10888	4951	7864	35681	12793	5310	17657	70925
Actinomyces pr_cl_3788	3620	28991	35442	31610	48849	8091	138716	19420	80731	187966	12796	1310	9708	37370	3816	3733	4795	677	10824	6896	2463	2487	4671	28446	18398	4502	11920	524	8625	725	3420	37154	623	991	9160	14198	2595	12727	1121	3376	12554	8356	8569	41745	32885
Actinomyces pr_cl_3797	4546	12327	748808	28075	23987	4171	36875	9429	25949	74479	11627	5247	7663	31262	18651	16504	204178	2092	7988	15108	1977143	11116	10267	8177298	18653	29824	27431	8938	33277	3362	11968	18652	710	851	215380	17110	5956	3048284	189182	8282	23114	8922	11325	62448	14148
Actinomyces pr_cl_3816	6004	1513	416202	29318	91038	11712	156907	11315	10725	98409	50973	18072	54446	103483	75851	34404	46292	5323	42846	115542	20400	8135	98859	510644	129231	11643	49298	8477	111133	8218	105469	307	1098	2048	17274	47508	40012	13105	34461	25963	26394	19221	21773	46637	72881
Actinomyces pr_cl_3787	9369	86247	55627	41830	433906	19608	1065238	44747	142018	280084	83281	4369	22446	121412	19302	25174	16421	3789	30746	20729	8910	8182	13953	77515	125504	40114	31565	3590	22326	2466	17515	113595	16186	3159	28729	32432	26125	32109	3039	7824	51969	21345	19935	33766	18919
Actinomyces pr_cl_3814	13384	2942	25178	57164	60557	8036	76548	9492	10469	58297	85067	22287	47145	38047	84572	87774	78645	12906	38420	88567	40162	13120	90997	103824	84387	29247	85379	21649	75718	24624	82332	374	2920	4127	35612	25559	69333	26828	230130	21240	12122	61126	34984	36695	23794
Actinomyces pr_cl_3790	15314	19568	27012	40916	113311	30382	237848	152355	93612	1082602	56227	3306	23674	274605	6089	44152	9049	2055	29679	38322	2121	6084	66182	50736	44903	15594	635512	462	31061	645	42097	2532995	794	9274	9878	71071	18231	49454	8252	60757	313877	74946	12998	116585	20616
Actinomyces pr_cl_3806	19636	19368	61647	1817733	714120	12865	2982370	128760	203392	5798908	93273	300035	6104238	8126920	1015142	42410	188033	139235	1638135	2740825	10448	3273	1360493	51856	3579679	114681	445469	3678	2361852	4647	4609462	54141	13131	971	30488	525791	14351	1027	7097	107579	513299	249055	6533	257008	5928851
Actinomyces pr_cl_3793	36743	43034	385939	478561	157635	41811	2306323	292952	842124	6453732	924900	80619	301336	303543	1106524	90427	331197	61730	108738	304303	40722	133566	610628	118442	1013823	391393	403675	18402	131013	15839	359792	46767	25857	3193	432779	45218	19688	58581	37504	142962	2156008	64783	20342	640721	450423
Actinomyces pr_cl_3777	38170	333164	49199	1503735	929165	31889	788953	199231	740241	931925	84867	358691	98617	1107910	228908	1031687	556297	5476	47415	161401	17484	31246	57826	82112	295521	33492	877717	24250	968857	42126	60982	44413	10912	4448	30043	113628	11783	24566	51637	173296	2498272	196763	18586	680956	192845
Actinomyces pr_cl_3813	41678	7799	50576	154003	117378	22170	151416	29178	17918	120674	201273	50082	96753	71883	258954	256492	309300	34779	83708	176404	182352	91664	143480	213089	216622	92099	214853	76452	186830	82163	256653	1097	7477	8796	103846	48480	124760	28012	142556	63111	27084	165630	67812	108014	33813
Actinomyces pr_cl_3795	49807	69487	112697	1428019	1112449	62560	3963727	588265	2562469	2240803	233908	56657	499772	1865496	710274	510447	1162348	57465	2273929	674508	16828	285994	570600	331273	1227782	40050	2516522	19974	10402010	170140	300350	762071	44795	11815	32667	1094748	30409	226129	22854	808965	1840659	243839	15439	1232838	917226
Actinomyces pr_cl_3809	62395	12406	20711	62285	107186	7727	574715	46640	249465	131268	36651	46512	66597	487534	35468	16390	203932	5928	96850	222238	4869	4612	123047	428284	133849	12604	171370	3564	221590	11753	43519	17067	1675	30036	9866	236796	27124	3134	6856	232112	41591	18461	372789	62943	91402
Actinomyces pr_cl_3807	74606	18785	4617	31279	85982	2937	86816	5616	21260	17909	41080	27369	22659	57654	162054	52382	51542	5524	47725	60096	20909	26410	158804	61881	32872	21207	44677	15917	48579	15350	13699	90440	5039	6251	631098	35277	62095	1226	7037	33470	9124	18230	48331	19108	13142
Actinomyces pr_cl_3796	109462	13676	18157	410762	101346	5664	50412	22570	16605	51423	16765	7708	28945	21582	24363	48090	149569	11299	172712	222532	92259	5093	17493	72097	722364	13271	26113	1916	8616	1318	3862	33373	1579	1072	7494	9610	356341	52243	9832	13150	246872	15920	38654	20917	49342
Actinomyces pr_cl_3803	118684	128206	24073555	2033663	338615	309304	1571122	1110869	3397080	2818417	259210	63799	814622	3006650	1887516	177968	495342	10903	318584	342085	27212	2639337	2276141	447692	3160793	444439	1523070	15790	131528	18459	320494	50776	15573	193103	242778	1607839	78285	460326	31961	269909	1331404	86048	84136	780703	1821052
Actinomyces pr_cl_3778	308785	10931890	1363783	967548	3680389	747272	1762432	835072	7964527	3399001	1535755	73941	251673	2626867	198913	2037537	531632	52794	640205	698062	90215	411309	399815	2104176	2228034	494772	589059	19020	380920	42033	389565	6973292	43558	119394	1451956	487368	743915	364448	39600	218413	706182	1139319	1566936	770155	266502
Actinomyces pr_cl_3815	926248	111750	492577	3801928	3652433	382612	5168895	420265	657159	2784694	6596740	1623546	2310866	1009350	4098024	6362545	4485057	905670	2201010	5259178	2635538	894357	7052726	2707910	4361142	1714135	5964653	1278607	3147223	1568309	3200577	14193	229893	329806	2783771	1491980	9671665	207374	1208921	1398432	448473	4109357	3127772	2625338	662532
Actinomyces pr_cl_3812	1174112	216848	120591	3242930	1407624	475682	2022308	800818	385616	3326082	1829771	811896	1775241	1103142	6776319	6533554	7442648	164787	1547405	3216301	3566331	3788697	778371	1773023	5006445	2271051	5349587	1930009	4472820	3536642	10374823	40312	125403	154959	1667938	462363	205136	405067	1058637	1407638	820383	2301177	426196	1734513	322164
Actinomyces pr_cl_3808	1453390	1414894	811615	2928776	229379	203420	2113353	66760	55134	421942	3027619	2242589	1251935	431288	1838805	6585586	3360557	557788	925811	2143902	2201817	640678	6783687	1449120	902965	1657177	3477051	2456605	3178601	1457268	520243	1034659	182931	318246	4079337	819222	387016	13251	244677	657781	309267	1970762	381515	1137802	52356
Actinomyces pr_cl_3776	3001514	60133	148876	4829578	117285	5991199	1814596	2502720	2356306	1624926	8531355	7266920	2657403	1442283	4574378	24315052	11567491	3101216	1992215	5214494	3262801	8116567	6552173	2595870	5272031	2687570	14770025	8066869	5288755	9187740	36559	9316	321476	822416	2800826	718042	30306	69240	259556	466138	15323	6407792	2757304	4081449	168117
UBA2268 pr_cl_2748	0	18	0	100	666	66	0	10	0	1	60	1	0	2	87	0	8383	57627	0	132	432	45808	150	4019	3512	228	0	134	14	19	0	0	0	4	0	244	16	32189	97596	72	4	0	0	0	0
Balneolaceae pr_cl_1752	0	0	0	0	0	4	0	0	0	0	2	0	0	0	0	0	0	0	0	0	0	0	0	0	0	0	0	6	0	0	0	0	0	0	0	0	0	0	11	0	0	0	2	0	0
Salinibacteraceae pr_cl_3544	3	6	0	0	0	2	2	0	2	1	2	2	1	4	0	6	6	0	0	0	2	4	5	4	2	1	4	0	3	4	0	0	0	0	0	0	3	2	0	0	5	2	0	6	1
Chlorobium pr_cl_3190	0	0	0	0	0	0	0	0	0	0	4	0	0	0	0	0	2	7	0	0	2	11	0	4	0	0	0	4	6	4	0	0	0	0	25	0	0	23	65	0	2	0	0	0	0
Chlorobium pr_cl_3191	23	50	0	10	1	10	0	0	0	2	53	6	2	0	0	13	15	456	0	4	20	839	0	140	75	2	9	332	2	2	0	0	0	2	73	0	0	139	745	4	0	1	0	2	0
Sediminibacterium pr_cl_3902	0	0	2	1	0	0	0	0	0	0	0	0	0	0	0	0	0	0	0	0	0	0	0	4	0	0	0	0	0	0	0	0	0	0	0	0	0	2	0	0	0	0	0	0	0
Niastella pr_cl_891	0	0	0	0	0	2	0	0	0	0	0	0	0	0	0	2	2	0	1	0	0	0	4	0	0	0	2	0	0	1	0	0	0	0	2	0	2	20	85	0	0	0	0	0	0
Hymenobacter pr_cl_2783	6	9	8	20	10	0	10	2	16	4	0	1	55	0	1822	8	10	4	4	6	4	5	9	8	15	2	4	5	2	5	0	2	0	0	1	2	16	21	36	14	16	16	0	0	221
Empedobacter pr_cl_888	0	5	0	4	0	0	2	0	10	2	0	0	0	0	0	4	0	0	0	4	0	1	1	28	4	0	0	2	0	3	0	0	0	0	3	0	0	2	0	0	0	2	2	0	2
Empedobacter pr_cl_887	0	18	0	0	2	0	0	0	0	0	0	2	0	2	4	0	0	0	2	0	0	2	2	0	0	0	0	0	0	0	0	0	0	0	0	0	0	0	1	0	0	0	0	0	0
Bergeyella pr_cl_901	0	0	5	0	0	0	1	0	2	0	0	0	0	0	0	0	0	0	0	0	0	1	0	2	0	0	0	0	0	0	0	0	0	0	0	0	0	0	0	2	0	0	0	2	0
Chryseobacterium pr_cl_894	0	0	0	10	0	0	6	0	5	6	0	0	3	6	0	0	0	0	0	0	2	10	0	0	0	0	4	2	0	0	0	0	0	0	0	2	0	2	3	0	3	1	0	0	0
Chryseobacterium pr_cl_895	0	0	0	0	1	0	0	0	0	0	0	0	0	0	0	0	0	0	0	0	0	0	0	5	0	0	0	4	0	0	0	0	0	0	0	0	0	4	0	0	0	0	0	0	0
Soonwooa pr_cl_1215	0	0	2	0	0	0	0	0	0	0	0	0	0	0	0	0	0	0	0	0	0	0	0	4	0	0	0	2	0	0	0	0	0	0	0	0	0	0	0	0	0	0	0	0	0
Moheibacter pr_cl_1569	0	0	0	0	0	0	0	1	0	0	0	0	0	0	0	2	0	1	0	0	0	0	0	2	0	0	0	2	0	0	0	0	0	0	0	0	1	6	0	0	0	1	0	0	0
Cloacibacterium pr_cl_885	0	6	4	1	1	0	2	6	0	0	2	0	4	0	2	4	2	0	0	0	0	0	0	0	0	0	0	0	0	0	0	0	0	0	2	0	0	0	0	2	10	0	0	0	2
Cloacibacterium pr_cl_884	1	19	4	10	2	0	0	0	0	0	2	0	12	0	0	0	2	0	0	0	0	2	0	2	0	0	0	0	0	2	0	0	0	0	1	0	0	0	0	0	6	0	0	0	0
Kaistella pr_cl_896	0	0	0	4	0	0	0	1	0	1	11	2	1	0	110	0	2	0	0	0	0	0	0	0	2	0	0	0	0	0	0	0	0	0	0	2	0	0	2	0	0	0	0	0	37
Kaistella pr_cl_897	16	33	11	78	8	4	10	7	4	15	0	9	413	0	10244	6	4	19	7	4	0	0	32	5	0	0	6	14	11	28	3	7	0	7	4	10	2	15	22	55	49	60	0	29	1565
Bergeyella_A pr_cl_899	26	24	147	228	64	74	241	85	238	247	779	157	60	90	57	369	497	116	86	137	108	181	66	455	487	38	251	233	104	50	23	43	9	2	44	27	19	703	357	88	281	160	15	150	26
Bergeyella_A pr_cl_898	41	0	2314	1331	37	103	204	20	18	59	116	243	85	36	19	509	307	138	240	327	96	189	16	443	146	127	449	246	36	84	40	44	5	7	242	46	7	557	1632	90	489	116	13	196	34
JABCPE02 pr_cl_900	0	0	0	2	0	0	0	0	0	0	0	0	0	0	0	0	1	0	0	1	0	5	0	0	1	0	2	0	2	0	0	0	0	1	2	0	0	3	2	0	3	0	0	0	0
JABCPE02 pr_cl_902	0	0	6	31	0	0	3	0	4	4	4	0	2	0	2	0	6	0	2	1	1	17	1	7	0	0	4	8	0	0	14	0	0	0	0	0	0	12	11	5	14	0	0	10	4
JABCPE02 pr_cl_905	0	0	1	1	0	0	3	0	0	0	2	0	0	0	0	0	0	0	0	0	0	0	0	0	0	0	1	2	0	0	0	0	0	0	0	0	0	0	4	0	8	0	0	3	0
JABCPE02 pr_cl_931	0	0	6	14	6	8	11	0	7	6	1	3	0	0	0	14	23	1	3	0	4	172	6	22	0	0	3	13	4	7	0	0	0	0	4	6	0	52	66	4	50	4	0	18	1
JABCPE02 pr_cl_903	1	0	10	7	0	2	5	0	2	6	1	3	0	0	0	0	20	3	0	1	10	3	2	6	0	4	12	6	2	2	0	0	0	0	0	2	3	5	2	3	36	2	1	3	0
JABCPE02 pr_cl_911	2	0	15	29	32	14	10	0	9	7	18	19	7	1	4	8	17	3	4	2	9	29	0	28	81	3	29	15	5	6	0	1	1	1	0	2	2	48	86	38	95	8	0	71	23
JABCPE02 pr_cl_908	2	0	21	9	0	27	2	5	6	1	1	0	0	0	0	10	24	0	0	0	6	5	4	17	0	2	4	4	2	0	4	0	1	0	12	6	0	14	1	2	37	0	2	13	0
JABCPE02 pr_cl_936	3	0	12	37	0	5	10	0	24	10	6	4	4	0	0	4	26	5	8	2	21	17	5	22	1	2	11	15	6	5	9	7	0	2	8	9	1	94	24	4	89	1	2	38	3
JABCPE02 pr_cl_930	3	4	40	55	0	6	14	2	14	9	15	16	0	0	3	41	45	12	5	33	22	33	5	39	4	1	25	75	3	5	14	2	0	0	4	2	0	40	14	15	86	7	0	38	11
JABCPE02 pr_cl_909	4	0	11	14	0	11	5	0	8	8	6	6	2	0	3	7	8	0	6	2	7	15	0	10	1	0	5	4	8	5	1	0	2	1	2	4	0	25	72	4	49	2	2	27	2
JABCPE02 pr_cl_907	6	0	34	38	0	8	26	5	18	5	9	8	3	0	0	4	22	2	5	4	15	34	2	22	4	0	9	30	5	0	7	3	1	2	9	20	2	446	5047	4	110	2	0	43	13
JABCPE02 pr_cl_920	7	0	58	113	0	22	45	9	17	19	29	7	7	1	0	35	28	8	2	1	38	44	6	53	3	2	23	36	19	3	3	13	0	0	13	7	0	124	23	20	161	3	2	61	9
JABCPE02 pr_cl_932	7	2	29	118	0	14	42	7	16	18	7	1	6	1	4	5	50	5	15	12	7	33	14	20	4	0	21	30	14	9	11	1	3	2	11	1	0	25	17	20	138	7	1	46	19
JABCPE02 pr_cl_935	7	3	24	49	0	6	12	3	8	11	4	11	4	0	11	22	20	6	3	4	122	21	1	20	0	0	13	16	15	4	18	3	0	0	3	0	0	35	11	11	76	2	1	24	5
JABCPE02 pr_cl_928	7	3	59	65	2	12	45	7	25	13	6	11	4	4	2	6	35	6	1	3	14	43	3	30	2	1	19	32	7	8	6	1	0	0	12	11	0	185	20	4	124	7	0	54	11
JABCPE02 pr_cl_910	7	0	20	52	0	4	4	6	18	12	8	3	0	0	2	1	35	2	1	1	10	24	2	9	0	0	7	21	5	2	20	3	0	1	6	5	0	76	109	5	93	3	0	22	6
JABCPE02 pr_cl_904	7	6	6	53	1	6	38	1	9	10	8	45	1	0	0	27	79	120	15	10	19	120	1	88	14	0	61	10	3	21	0	5	3	4	10	15	3	62	72	5	21	2	3	24	4
JABCPE02 pr_cl_933	8	0	29	51	0	11	12	2	27	9	10	9	0	12	0	6	16	3	3	10	17	31	7	24	16	0	14	42	8	2	6	2	0	0	5	5	0	80	19	7	90	5	0	31	1
JABCPE02 pr_cl_926	9	0	34	91	0	20	39	15	8	10	10	0	20	3	0	1	16	4	9	0	9	26	0	15	6	5	46	19	6	3	24	22	0	0	5	3	1	46	20	2	80	2	1	36	7
JABCPE02 pr_cl_934	11	0	43	67	0	18	17	2	20	14	14	13	2	0	0	2	17	1	7	5	27	48	1	41	0	2	24	36	5	8	3	2	1	3	20	3	0	80	12	12	154	0	0	65	9
JABCPE02 pr_cl_929	12	2	83	109	2	36	82	13	41	43	33	17	8	2	8	11	89	1	15	27	58	115	9	54	12	12	59	218	20	9	12	12	1	0	27	12	0	216	67	33	287	0	8	141	15
JABCPE02 pr_cl_913	19	1	127	108	0	74	35	13	21091	755	23	19	8	0	5	9	89	16	25	8	28	115	7	97	1	2	65	82	32	13	13	3	2	0	17	9	0	195	22	23	281	152	3	126	23
JABCPE02 pr_cl_922	19	0	27	360	31	25	254	12	99	48	312	23	98	9	1	14	279	54	51	440	115	80	99	59	56	28	501	19	1082	337	113	144	4	41	17	30	8	75	53	37	128	281	19	353	3
JABCPE02 pr_cl_944	21	0	28	102	0	27	26	1	11	36	23	36	7	1	0	18	109	78	29	10	33	55	7	68	5	6	48	45	26	18	14	0	1	3	34	2	0	92	55	24	256	8	1	59	22
JABCPE02 pr_cl_917	21	4	92	153	6	32	54	18	72	68	19	53	37	5	13	40	93	23	36	70	61	194	1	91	30	13	130	94	29	6	30	26	3	4	33	43	6	594	41	35	331	48	16	147	25
JABCPE02 pr_cl_927	21	0	17	83	1	20	37	3	39	40	36	64	8	0	2	34	103	0	18	14	37	70	2	45	0	1	83	66	18	43	21	0	2	0	7	8	0	129	24	2	166	4	4	92	17
JABCPE02 pr_cl_919	26	9	134	130	1	15	62	8	156	15	15	65	13	0	10	139	346	73	33	13	396	156	5	76	6	4	214	1528	17	29	22	3	11	1	81	15	9	232	210	23	452	24	9	289	15
JABCPE02 pr_cl_916	28	1	68	235	0	219	191	71	93	142	42	57	30	3	10	1334	138	38	38	16	73	298	15	114	6	7	70	100	48	14	19	47	29	0	36	13	3	308	27	43	5753	9	8	133	32
JABCPE02 pr_cl_914	33	0	141	216	0	51	101	22	92	41	50	15	18	3	8	15	132	8	43	18	78	131	9	176	11	6	97	187	22	21	27	12	1	2	34	54	0	357	53	36	399	13	1	194	77
JABCPE02 pr_cl_941	34	0	96	215	0	52	129	8	36	79	69	26	26	0	12	36	212	18	62	16	48	183	32	102	20	11	156	73	61	50	65	2	9	7	85	4	0	172	54	77	746	13	2	189	55
JABCPE02 pr_cl_918	37	15	167	277	8	116	136	39	361	121	61	75	37	24	77	28	107	14	38	25	74	121	17	147	83	5	100	461	80	36	37	7	11	16	46	58	3	416	183	48	428	21	18	190	45
JABCPE02 pr_cl_915	39	0	51	231	1	41	156	23	36	50	45	6	10	4	16	11	101	7	28	26	89	112	19	59	6	6	95	94	34	24	18	14	2	3	27	26	0	271	17	23	299	11	10	142	21
JABCPE02 pr_cl_921	40	2	138	222	48	51	96	26	73	54	41	22	31	3	21	81	93	16	41	14	49	97	22	102	168	15	54	89	41	13	22	14	8	6	18	15	9	242	56	20	323	18	1	106	23
JABCPE02 pr_cl_943	43	0	76	352	8	60	195	10	40	71	132	42	40	8	24	36	328	15	67	27	39	162	39	128	54	10	287	101	78	51	58	3	6	7	60	19	0	130	43	155	742	17	15	181	46
JABCPE02 pr_cl_912	56	12	128	275	231	60	216	32	106	337	111	85	25	20	36	114	392	21	63	48	131	283	29	161	114	15	226	432	69	42	25	20	1	14	82	33	7	291	173	50	563	31	12	415	39
JABCPE02 pr_cl_945	58	12	15	212	20	33	60	14	39	1098	102	92	69	36	15	2348	228	334	201	197	173	133	10	78	41	43	188	327	57	88	808	3	7	37	12	6	15	83	69	14	148	361	41	81	127
JABCPE02 pr_cl_923	66	30	139	264	139	84	62	30	75	57	31	93	29	17	12	152	135	94	8	81	175	181	35	204	65	16	69	157	49	30	42	37	5	0	62	9	4	277	83	47	486	23	46	182	33
JABCPE02 pr_cl_938	81	5	121	530	0	77	300	30	50	142	133	37	50	5	15	83	456	40	89	52	51	278	70	140	65	22	270	170	143	96	134	7	13	17	145	10	0	294	41	130	8896	29	9	374	2100
JABCPE02 pr_cl_942	90	0	131	353	0	121	163	18	42	107	115	36	20	1	11	52	280	42	76	34	58	214	31	127	34	8	195	147	122	66	126	11	5	7	116	14	1	278	40	98	1103	34	10	253	64
JABCPE02 pr_cl_924	134	10	1628	928	356	172	598	124	334	468	302	164	183	429	302	507	547	78	347	687	218	593	185	464	849	70	400	1139	223	133	717	158	32	28	108	131	29	574	151	313	1026	402	370	1110	145
JABCPE02 pr_cl_925	158	26	1021	1214	28	582	475	112	566	294	394	315	123	13	41	187	636	108	172	133	466	883	73	799	52	38	465	731	358	88	181	62	15	32	308	73	8	5089	617	235	3069	79	19	1519	450
JABCPE02 pr_cl_939	312	4	503	1715	2	400	474	96	140	324	369	298	102	3	38	362	1377	324	301	116	360	1166	102	392	272	37	570	475	326	247	466	29	45	52	644	87	6	1301	465	457	3655	103	30	1231	377
JABCPE02 pr_cl_940	336	7	607	1505	10	267	764	92	159	362	331	206	167	22	87	409	1281	189	377	205	353	982	97	612	121	57	805	487	297	273	345	785	22	35	365	50	5	1049	325	446	4996	110	28	953	314
JABCPE02 pr_cl_906	344	74	2860	1730	35	1092	606	227	603	645	669	229	381	46	87	539	1637	276	444	305	735	963	98	1300	319	60	816	873	362	170	260	112	39	49	597	154	14	2402	1138	386	4203	141	181	1502	361
JABCPE02 pr_cl_937	4661	88	779	4946	5	1890	2383	312	321	1180	1871	297	426	45	267	2094	15595	446	4007	457	465	2175	719	1324	292	148	2781	1780	2006	7085	1214	144	73	107	1052	533	46	1775	381	8532	9197	534	128	5866	689
Flavobacterium pr_cl_890	0	0	0	0	0	0	0	0	0	0	0	0	0	0	0	0	0	0	0	0	0	0	4	0	10	0	0	0	0	0	0	0	2	0	0	0	0	0	4	0	6	0	0	0	0
Flavobacterium pr_cl_889	0	0	0	0	0	0	0	0	4	2	0	2	0	0	0	0	0	0	6	0	0	0	0	2	0	0	1	0	0	0	0	0	0	0	0	0	0	0	14	1	0	0	0	0	0
Flavobacterium pr_cl_886	1	18	3	3	0	0	0	0	6	6	3	3	0	0	0	6	4	7	0	2	2	4	0	23	2	0	6	0	6	2	1	0	0	0	1	0	0	9	26	1	0	2	0	0	0
Capnocytophaga pr_cl_952	0	2	0	5	0	7	18	9	2	14	0	2	2	0	3	0	5	1	1	12	2	12	0	4	5	0	9	14	1	0	0	0	2	1	0	6	0	35	29	1	10	0	2	8	4
Capnocytophaga pr_cl_993	5	0	51	101	0	92	55	28	61	63	104	157	19	5	11	181	112	31	14	18	88	129	6	48	12	4	111	36	66	12	10	12	3	8	1	6	0	43	97	8	139	9	7	38	21
Capnocytophaga pr_cl_992	7	0	46	113	1	76	77	17	48	80	56	66	7	4	7	55	89	44	13	14	66	111	7	83	19	4	73	54	20	33	1	15	4	14	11	33	1	59	73	11	121	22	1	97	10
Capnocytophaga pr_cl_995	8	0	83	103	4	63	113	39	72	54	45	54	21	9	5	50	95	14	11	7	50	177	2	69	2	1	88	24	10	28	20	62	0	0	6	11	0	86	37	25	112	10	5	86	6
Capnocytophaga pr_cl_990	10	0	68	241	9	113	176	41	93	178	67	156	19	8	69	43	111	80	28	34	29	165	23	142	116	18	166	20	25	12	22	32	1	3	18	26	5	132	197	9	284	153	18	83	37
Capnocytophaga pr_cl_953	10	1	101	199	0	181	124	47	127	442	53	95	47	10	2	44	55	18	37	9	37	147	6	34	27	7	183	17	9	36	6	43	0	4	0	9	2	61	96	119	58	8	9	66	30
Capnocytophaga pr_cl_986	11	0	50	208	16	138	181	34	117	188	152	153	106	13	5	44	135	101	35	73	219	290	14	717	15	34	138	141	72	25	7	61	2	3	76	14	3	64	207	17	396	47	12	119	30
Capnocytophaga pr_cl_994	14	0	19	28	0	47	48	7	73	41	36	69	16	5	0	53	157	39	39	15	40	225	4	105	35	2	160	83	8	34	6	2	0	0	4	49	1	53	137	10	29	4	10	61	13
Capnocytophaga pr_cl_985	22	7	85	131	6	90	125	35	65	69	35	241	36	7	2	69	104	34	12	25	65	169	4	189	15	2	180	41	16	6	6	15	0	2	16	23	2	101	339	9	427	11	6	83	31
Capnocytophaga pr_cl_982	25	0	140	363	3	108	270	61	236	265	133	154	69	16	10	129	228	60	28	56	103	295	16	310	45	14	217	88	48	18	15	51	1	5	25	26	1	299	67	24	557	42	21	206	73
Capnocytophaga pr_cl_974	26	6	43	353	8	138	774	50	62	190	320	107	69	14	154	604	439	47	128	193	22	200	93	323	113	54	214	82	410	28	50	3	4	38	13	458	14	79	217	150	378	274	144	722	152
Capnocytophaga pr_cl_970	27	0	73	125	0	128	241	55	29	61	199	451	23	0	1	103	209	133	8	18	333	172	9	151	6	1	168	107	22	64	13	4	0	9	11	1	0	81	299	16	214	17	1	135	5
Capnocytophaga pr_cl_988	30	9	148	260	0	175	132	33	142	177	19	138	58	33	4	22	36	92	11	29	44	187	4	355	23	4	82	17	26	0	3	19	0	6	14	36	1	225	40	20	487	12	4	265	35
Capnocytophaga pr_cl_961	34	2	56	109	0	80	87	25	29	39	122	64	13	5	0	151	178	18	16	9	149	97	0	117	3	0	126	119	7	74	6	4	0	13	27	7	0	63	229	12	120	4	4	88	14
Capnocytophaga pr_cl_971	38	0	93	66	0	90	154	28	42	129	163	97	23	3	0	321	343	47	23	15	169	211	1	98	3	2	116	136	31	101	29	11	2	16	10	22	2	104	296	36	145	5	10	170	36
Capnocytophaga pr_cl_979	40	18	146	706	7	228	382	167	454	874	133	216	185	77	92	389	194	95	34	4404	58	348	13	209	15	18	281	130	378	21	6	84	5	10	17	34	15	210	37	37	908	52	18	297	100
Capnocytophaga pr_cl_991	43	0	51	273	3	178	190	71	128	390	87	206	40	10	2	31	98	49	20	30	45	223	14	113	6	4	107	29	14	10	6	25	0	4	16	31	0	168	29	18	692	20	6	166	31
Capnocytophaga pr_cl_996	45	75	1874	827	19	242	1590	119	206	407	929	2213	197	23	319	329	1574	577	241	110	2955	525	711	10531	177	220	1355	1383	160	61	12	103	13	8	480	271	26	6658	4881	128	1016	146	85	1476	1027
Capnocytophaga pr_cl_969	50	0	77	108	2	101	86	30	66	75	38	88	13	8	6	92	240	53	32	9	143	269	7	142	9	4	200	200	9	70	21	3	6	18	33	14	0	58	295	36	133	20	11	118	8
Capnocytophaga pr_cl_977	51	2	93	605	0	132	352	195	414	558	160	233	134	57	15	353	127	96	30	101	56	199	9	191	7	21	209	39	71	11	13	51	2	1	23	34	1	241	160	45	577	53	50	212	84
Capnocytophaga pr_cl_972	52	2	126	379	0	316	261	98	159	317	183	192	50	13	5	246	467	85	42	18	139	468	6	155	15	5	375	183	46	65	18	74	8	26	20	47	3	133	152	41	280	34	56	263	44
Capnocytophaga pr_cl_980	52	0	114	564	1	231	350	82	308	674	105	251	118	49	31	150	187	70	41	76	73	232	9	230	40	29	347	106	100	25	8	46	5	3	21	42	5	233	49	41	1131	56	11	342	58
Capnocytophaga pr_cl_978	60	2	181	1340	4	388	1804	126	431	1147	612	496	11720	129	91	119	241	201	54	160	52	608	67	451	276	62	442	108	783	51	11	196	9	15	29	53	6	359	56	78	1814	356	30	453	111
Capnocytophaga pr_cl_998	61	0	157	302	1	300	253	65	127	312	430	385	41	26	3	72	103	65	63	38	130	163	15	162	79	21	353	324	45	91	1	1021	1	6	59	34	15	218	66	44	529	28	31	75	37
Capnocytophaga pr_cl_965	70	0	164	615	2	181	329	85	197	191	636	225	47	6	7	551	791	64	52	29	301	428	6	162	2	3	397	536	51	342	51	18	8	54	26	26	0	166	1969	282	321	133	24	458	59
Capnocytophaga pr_cl_958	74	0	236	1456	2	355	254	119	147	450	179	383	166	19	72	194	1043	183	34	30	542	20448	171	33208	41	29	418	346	295	132	17	377	19	13	55	71	6	1529	8134	335	1199	33	55	434	735
Capnocytophaga pr_cl_1000	75	0	55	143	1	298	65	34	20	107	69	134	36	27	13	24	60	15	19	31	33	86	22	97	46	21	191	37	33	5	3	54	2	1	30	22	0	53	20	20	290	13	36	21	18
Capnocytophaga pr_cl_989	78	0	67	105	5	157	84	44	163	76	61	271	24	7	8	364	226	66	57	33	90	391	4	198	19	15	334	419	4	52	9	13	4	2	9	6	1	178	68	19	150	12	5	150	42
Capnocytophaga pr_cl_967	91	0	346	509	2	344	534	99	193	234	518	289	72	21	5	804	835	64	138	36	284	799	11	221	18	11	576	372	67	293	52	59	9	52	40	42	8	255	645	125	635	41	35	580	80
Capnocytophaga pr_cl_987	93	0	200	526	1	194	350	65	386	318	155	1841	138	23	9	148	152	514	42	38	119	320	25	354	17	27	271	97	33	23	6	70	4	4	33	39	5	357	524	27	586	59	13	233	71
Capnocytophaga pr_cl_968	101	0	297	832	1	691	787	183	247	191	857	263	114	2	5	1408	1529	87	187	92	330	1908	4	199	12	2	901	1139	54	427	188	26	20	63	76	59	2	254	1861	390	1505	236	36	1043	50
Capnocytophaga pr_cl_966	108	11	179	324	3	333	395	126	181	262	495	291	77	2	33	716	868	106	151	142	294	958	31	214	66	28	512	313	142	193	3752	33	9	33	36	33	3	190	857	194	591	150	39	632	90
Capnocytophaga pr_cl_1015	173	18	109	783	48	137	189	19	121	118	144	566	106	29	126	560	235	312	200	368	173	768	106	265	291	41	473	472	98	60	12	3	20	28	58	27	3	1165	2232	33	248	124	2	348	20
Capnocytophaga pr_cl_954	173	0	171	64791	206	106	6218	93	5096	65435	282	2450	18315	5438	1670	171	26683	29	131	8608	74618	279801	1129	161	32320	740	22886	377	1909	4768	71	32	8	95	33	2133	77	90	391	64	185	319	49	2929	20306
Capnocytophaga pr_cl_1014	227	1	577	386	129	1353	172	300	54	212	411	333	113	184	21	438	361	39	64	1873	158	518	95	265	261	72	868	711	84	101	21	41	6	52	47	112	26	4124	927	210	468	3274	27	489	77
Capnocytophaga pr_cl_1004	257	0	360	712	2	961	72	161	64	575	116	959	88	47	44	32	86	132	35	24	316	345	149	341	20	49	596	292	100	37	16	41	2	3	120	32	0	148	40	68	1674	12	8	54	126
Capnocytophaga pr_cl_981	264	7	1206	4033	1	1021	1885	567	2467	3255	571	1771	610	345	127	527	505	771	236	461	495	2236	106	1291	146	95	1305	310	480	70	140	15209	18	26	123	345	35	1581	380	259	4558	257	116	2274	419
Capnocytophaga pr_cl_963	268	0	780	752	6	859	1812	781	430	737	1394	935	224	24	12	2214	2615	290	241	151	1033	3196	47	646	23	23	1362	1297	95	706	240	81	39	143	195	227	1	770	3235	559	1946	203	77	1795	174
Capnocytophaga pr_cl_1006	288	0	391	467	0	572	42	124	66	498	101	752	87	47	24	226	164	115	843	39	82	472	106	307	33	38	795	1048	39	57	17	76	8	4	93	18	0	139	15	191	5132	23	27	35	247
Capnocytophaga pr_cl_984	331	0	120	1659	0	319	230	92	368	760	530	1611	172	21	4	3469	605	93	44	100	45	776	6	159	42	52	710	189	60	42	8	170	15	10	40	143	8	333	325	78	1342	90	16	2441	43
Capnocytophaga pr_cl_997	343	0	416	1065	59	316	43485	749	4004	1634	468	452	372	160	49	263	421	133	437	143	125	444	178	439	147	180	865	2243	661	339	72	22	74	31	102	558	13	345	211	303	450	81	65	856	4530
Capnocytophaga pr_cl_1005	349	0	205	1017	0	1480	34	322	96	820	247	649	127	66	58	63	92	143	73	42	175	338	164	245	38	47	736	80	144	16	16	35	4	1	105	53	5	150	31	108	2268	24	11	98	205
Capnocytophaga pr_cl_1003	420	0	233	561	0	655	149	140	66	523	101	546	75	36	59	38	182	111	44	33	218	377	107	380	28	26	837	536	56	16	8	16	6	8	70	29	1	158	23	53	1066	8	26	55	92
Capnocytophaga pr_cl_956	422	0	161	300	2	457	187	81	227	528	117	496	6	2	5	298	1611	174	171	26	317	3196	8	413	3	2	2104	2148	53	1027	2	324	1	0	28	9	0	702	226	99	22659	9	12	571	160
Capnocytophaga pr_cl_976	439	7	2255	5469	11	1564	3193	576	1943	3011	1623	130789	697	262	150	1834	1981	25965	498	419	1516	2949	144	7553	214	98	4525	1981	642	250	181	535	18	36	269	348	59	2112	1603	377	4000	373	144	2157	561
Capnocytophaga pr_cl_959	488	7	10648	1653	8	9091	704	1652	185	279	1081	29894	172	208	70	888	56395	38178	262	1183	5707	247549	248	75387	62	367	9200	7469	322	559	49	25	4	55	114	158	11	109813	772876	2064	1451	63	250	24625	8707
Capnocytophaga pr_cl_1009	726	5	492	491	7	366	1540	145	314	680	1307	1107	230	51	78	528	1073	241	1283	92	118	1285	99	597	157	307	3167	5954	153	1073	1	30	18	30	72	132	6	198	54	403	1508	197	112	234	129
Capnocytophaga pr_cl_960	738	3	2396	3080	3	2845	3404	779	933	1793	2990	4381	510	55	66	5355	5926	2388	685	297	9662	6450	85	4142	100	82	3712	5377	367	2833	552	174	67	245	295	296	13	1752	7358	873	4716	435	193	3727	413
Capnocytophaga pr_cl_957	885	3	17116	5106	46	69172	1383	11983	220	558	732	33667	523	90	62	1096	34813	16464	202	162	43910	19058	99	17726	112	152	15441	49272	311	941	100	157	158	42	2214	237	23	8849	103312	1502	320857	191	287	24016	2111
Capnocytophaga pr_cl_1012	921	0	368	895	14	1317	6463	266	495	3560	1877	635	308	432	473	917	959	152	1050	296	419	3606	530	1792	324	881	7516	4618	512	549	7	307	37	73	112	189	8	556	234	1715	1731	102	667	462	90
Capnocytophaga pr_cl_1011	947	7	409	728	15	760	5039	184	468	2607	3202	1620	671	346	435	937	1503	198	1943	303	173	2811	404	1445	313	8523	5782	7110	401	1370	1	40	33	36	45	177	16	108	63	1325	324	115	582	452	15
Capnocytophaga pr_cl_962	1269	41	4224	49285	78	4106	45619	1064	1976	4252	9684	4300	1823	365	498	12019	12706	1013	11004	1169	3155	11098	840	3221	678	652	11857	3096	1476	4275	404	118	320	2068	352	616	57	2016	10846	10830	10128	812	856	7802	912
Capnocytophaga pr_cl_1013	2358	20	18189	4948	37	73567	1830	14153	5665	2114	1836	4479	896	583	269	462	1593	5298	336	195	2590	24207	287	6096	210	279	9477	5731	875	658	48	306	39	27	335	2819	250	67663	6831	574	12500	427	231	5983	1423
Capnocytophaga pr_cl_1007	3698	2	784	561	52	4225	42471	741	3188	83584	34578	923	1797	12461	1487	2483	778	184	6190	1507	145	12620	2444	7844	1729	4561	29534	2138	2833	444	0	22	175	373	18	556	24	86	27	12217	162	153	3634	1898	33
Capnocytophaga pr_cl_983	3805	135	13802	42771	101	18712	26914	7969	59947	47070	8943	20598	9401	3558	1400	11033	11973	10371	3701	5349	8879	34359	1164	21992	3626	1164	19943	5134	5328	1244	2074	6266	242	321	6937	3577	472	17662	6691	3626	75746	3487	1506	25369	5981
Capnocytophaga pr_cl_1008	4928	0	1703	1648	69	11145	79482	1895	3922	41975	19044	2565	3229	5625	2878	5126	1608	409	11444	3209	400	26929	4896	15487	3361	9184	61272	5484	4856	1338	6	79	348	633	140	1095	13	458	120	21371	916	294	7234	3814	99
Capnocytophaga pr_cl_975	12045	626	2191	44535	206	109102	191430	20813	20969	79978	128819	7462	15592	7466	5177	437091	118225	1338	15065	5496	7366	91064	2552	54328	7414	3756	81076	68408	15401	11728	868	5014	584	1445	1417	3961	3276	8927	7232	1927	108290	13994	6175	20588	11384
Capnocytophaga pr_cl_999	16342	656	81860	115001	1681	112112	105648	44475	23236	78779	79284	100210	10735	16712	2912	87817	19990	56337	17420	15730	90559	48155	4560	46908	109653	18866	75473	169893	36497	8051	720	881587	1959	494	71153	20324	27133	70016	102847	8168	150892	21127	13180	27909	8684
Capnocytophaga pr_cl_964	18896	259	61121	81705	214	77103	111481	19347	34049	57786	118262	108933	20387	1775	1540	179865	212153	18722	18448	10345	64445	192735	2119	42016	2452	1476	130219	400216	11694	63362	14526	16523	1935	7693	22778	38323	496	46443	207367	30571	137664	31422	5637	131873	14495
Capnocytophaga pr_cl_1002	51314	33	27321	136017	121	149931	9042	32875	11579	278612	109352	87088	14107	6761	8280	7182	9579	13544	6822	8175	22205	40855	21091	34355	3813	4990	91368	17295	164386	3019	2310	4471	762	643	9343	8642	181	39744	3240	22493	583971	1816	982	7545	38044
Capnocytophaga pr_cl_955	114562	0	7003	48161	297	116342	8395	22314	30153	22805	12698	89697	1228	1083	1025	83966	339760	30185	25947	4452	21321	527945	2601	60334	875	447	415497	790317	7360	236139	1798	79747	261	96	6903	748	81	101463	40432	25811	195676	2132	1363	77837	27375
Capnocytophaga pr_cl_1001	120957	28	8533	124669	40	1455	2934	1381	8075	4486	21882	11335	1283	980	984	5879	203141	14538	3944	984	2822	101842	1213	2283	753	975	488590	692285	4417	9539	73	333	256	126	319	290	35	54606	20576	2702	600744	1291	5168	15349	5559
Capnocytophaga pr_cl_973	151646	7112	89207	567044	11048	104485	1664735	174092	55340	535964	572121	133043	170339	240997	274748	526690	446820	31267	348814	291772	53274	127876	194285	403700	359293	136891	543890	47986	929167	55017	374602	9489	12466	43082	82517	221030	181987	62920	29069	231914	526548	284153	540739	461742	243313
Capnocytophaga pr_cl_1010	166671	435	104407	122160	1053	109790	252850	25007	65461	96682	332266	377991	39328	9490	12250	145252	404671	51815	289720	25967	39304	232231	14024	120897	55154	52958	455075	2168878	34392	363474	437	11262	2441	26288	10576	22843	1483	85944	13833	79117	46562	32864	35258	58885	8143
RGIG7150 pr_cl_1572	0	0	0	0	0	0	0	0	0	2	0	0	2	0	0	0	0	2	0	0	7	2	0	0	0	0	0	0	0	0	0	0	0	2	0	0	0	0	2	0	0	0	0	0	0
Limisoma pr_cl_618	0	0	0	8	2	6	0	6	0	1	4	2	0	1	4	2	4	159	0	0	2	2	6	6	9	0	0	0	0	0	1	1	0	0	0	1	0	9	9	2	3	0	0	0	2
Petrimonas pr_cl_1839	0	5	0	0	0	0	0	0	0	2	0	12	11	0	0	2	1	18	2	0	60	6	0	36	7	0	12	13	0	15	0	0	0	1	117	17	0	2825	8470	5	0	2	0	1	0
JAFADY01 pr_cl_946	8	0	0	25	43	0	10	0	0	4	17	35	20	0	0	27	4	10	2	7	21	6	1	28	72	1	3	4	6	0	0	0	0	0	5	16	0	54	140	0	22	1	0	0	1
Dysgonomonadaceae pr_cl_1840	18	492	3	20	8	4	2	2	6	41	43	50	17	19	22	23	51	129	12	6	186	20	6	57	47	220	141	24	105	57	2	0	4	8	9512	1292	63	273839	788998	12	26	9	4	37	3
Phil12 pr_cl_1817	0	0	2	7	0	0	0	2	4	2	3	5	2	4	0	1	9	10	4	3	9	17	29	2	11	5	7	0	2	4	0	0	2	0	0	0	0	19	17	0	0	10	0	0	3
Phil12 pr_cl_5	12	0	60	3	0	2	2	0	0	2	10	1984	3155	0	6	3	3947	1	1	21	4637	3	0	1348	9	90	25	306	0	108	0	0	0	23	477	40	4	10908	14427	43	0	2129	0	126	0
RGIG3770 pr_cl_756	98	215	559	9004	68849	3495	13	588	205	44	15459	71961	118	6	1398	94	21444	524359	106	69	182404	1356	4094	19723	382	10370	65	138	64	1379	6	4	0	2551	41044	67	45	6439	107765	444	9	26990	6	22	7
Marinifilaceae pr_cl_578	671	15	228	606	159	14	0	2	0	0	48	12	480	62	307	1	454	4265	190	85	106	14	0	1199	2322	3	5476	836	61	25	0	0	0	2	1360	1378	6	69467	101073	8	44	36	8	1013	0
Limimorpha pr_cl_755	29	1209	45	33	11	6	4	4	0	20	40	320	3	14	2	9	794	590	52	69	339	5116	83	2706	31	13	710	288	14	11	0	0	0	0	20	362	22	12798	17082	0	4	10	2	6	0
Limimorpha pr_cl_754	6558	232698	8241	117	1031	2394	436	408	2	9	4271	42647	572	2224	837	626	214736	156272	7544	902	11764	942647	19536	236016	3013	4314	178905	28828	4069	918	8	0	1	41	929	70616	3800	2394200	3100214	363	89	22	10	1140	779
Cryptobacteroides pr_cl_48	0	2	15	0	0	16	0	0	0	0	56	215	0	0	2	6	7	2	0	0	480	6	0	23638	58	42	5	438	2	2	0	0	0	0	123	3	1	51738	3649	2	0	0	1	2	2
Cryptobacteroides pr_cl_45	0	241	5	15	166	2	5	0	5	0	16	93	56	2	0	3	10	28	3	4	166108	1	1	218	168	27064	3	21	2	0	0	0	0	10	13	3	7	25057	74197	6	2	2	0	1	0
Cryptobacteroides pr_cl_2759	4	0	2	172	9	0	0	0	0	0	13	9	41	194	2	112	14	57	30	113	4	4	7	11	128	0	77	2	7	4	0	0	1	2	11	8	0	2	19	2	10	0	0	114	2
Cryptobacteroides pr_cl_44	11	11	32	69	12	21	20	13	13	86	46	222	12	4	4	123	141	465	3	41	520	280	51	492	92	78	51	174	7	28	0	0	1	3	57993	2	0	294	750	6	22	23	0	8	7
Cryptobacteroides pr_cl_2756	25	7	6	75	13	1	39	0	4	0	1112	249	35	10	615	78	200	136	12	252	145805	1447	19	14720	223	26001	536	58849	13	1091	0	4	0	0	135	44	21	1061	3657	340	33	6	4	47	1
Cryptobacteroides pr_cl_47	39	539	254	756	1620	3178	4	590	3	12	15269	45830	15	0	489	4	4	172042	6	13	52011	28	7	118886	18003	6960	14	5189	27	75	2	4	0	64	28838	222	31	121758	1164141	106	63	4	2	84	2
Cryptobacteroides pr_cl_46	52	63	24	153	4	13	72	2	15	9	124	104	65	39	78	266	97	66	43	106	241	124	148	275	77	101	147	68	88	49	47	47	1	4	309	33	19	332	488	30	17	63	20	46	5
Cryptobacteroides pr_cl_2757	661	482	48	5783	1248	34	106	36	204	55	174	807	1227	217	144	567	656	5434	1250	600	597	1037	339	1325	212	110	3370	92	556	30	0	2	37	5	76	130	25	2704	3262	20	142	68	40	262	52
Cryptobacteroides pr_cl_2754	1133	290	617	3829	13837	3710	94	532	0	59	3468	160863	32649	6	337	281915	57995	290195	148	340	273651	1929	870	49962	263	17556	1504	2798	13	4614	2	0	4	584	46522	246	26	103164	183254	1539	47	17868	1	781	220
Cryptobacteroides pr_cl_2755	1648	459	67	1274	630	104	9	26	9	27	666	22074	979	283	619	3130	12724	55473	205	15549	17947	319055	1197	125174	2246	1472	22620	8818	188	222	0	0	9	18	9820	2682	668	113003	947200	345	75	132	58	3280	18
Cryptobacteroides pr_cl_2758	2277	32	149	92480	855	70	108	12	64	476	188	232	7435	93	206	14473	2126	2464	8344	25083	588	748	244	1300	19321	112	7595	100	1122	164	15	51	72	251	539	681	39	855	3386	120	1433	148	73	17064	560
Cryptobacteroides pr_cl_2753	15523	3843	277	176919	10381	2020	28	265	20	72	7151	16042	123142	71	1494	228047	21379	71501	6925	23121	30998	79777	7124	4032	15070	1636	135350	278	349	767	44	2	213	348	19659	4362	109	80929	794533	6988	908	9335	166	32180	897
Bacteroides_D pr_cl_660	0	7	0	32	1	0	0	0	12	0	1	6	2	0	1	8	5	17	0	8	6	48	6	41	7	2	12	0	3	8	0	0	1	0	6	0	0	113	256	0	2	0	0	13	32
Bacteroides_D pr_cl_658	3	0	25	23	134	0	0	0	76	10457	0	58	5807	0	132	17	28	33	6	2682	57	164	4	55	0	2	43	48	12	8	1	0	0	0	4	1	0	109	161	23	0	0	2	4759	21
Bacteroides_D pr_cl_661	3	0	0	4	2	2	0	0	0	0	2	0	0	0	0	2	0	0	2	0	2	0	0	4	0	0	0	0	0	0	1	0	0	0	0	0	1	0	0	2	6	7	0	2	0
Bacteroides_D pr_cl_697	4	2	0	184	4	1	3	0	3	7	0	3	0	0	0	28	18	25	4	9	0	86	4	3	4	0	76	1	1	0	0	0	0	0	0	0	0	57	84	1	2	2	0	45	9
Bacteroides_D pr_cl_657	8	3	32	284	20	23	63	22	31	155	144	49	122	20	17	62	71	13	30	54	73	58	35	80	59	5	76	50	29	13	36	61	4	3	0	3	0	23	82	3	120	45	18	173	53
Bacteroides_D pr_cl_664	9	33	7	27	4	2	56	3	687	30	2	1	1	2	0	2	3	30	7	41	4	26	0	3	0	0	6	1	8	2	0	0	4	0	3	21	7	542	711	127	2	0	2	725	14
Bacteroides_D pr_cl_656	16	2	43	14	1	0	15	0	1	39	3	1115	420	5	145	1601	88	1	240	25	25	2300	15	189	0	30	1939	14	11	2	0	0	8	57	10	140	2	3503	4445	22	0	513	1	151	3
Bacteroides_D pr_cl_666	24	6	3	41	0	0	12091	6	16	65	24	2	0	0	6	29	670	8	29	146	14	45	25305	14	212	2	64	0	4	0	0	0	0	3	1	2	0	24	87	0	6	6	0	389	159
Bacteroides_D pr_cl_690	32	4	0	53	14	2	24	2	0	28	6	9	6	3	70	38	86	5	20	27	18	69775	344	12	27	13	213	16	43	17	20	0	3	1	8	10	0	35	99	14	4	11	0	28	2
Bacteroides_D pr_cl_694	51	0	58	24170	270	49	407	33	3100	3220	594	163	362	341	40	2938	258	746	995	3098	116	752	276	74	1189	48	1992	108	973	4	0	2	108	23	103	149	4	43	669	73	590	71	148	69024	6101
Bacteroides_D pr_cl_695	141	1	31	199366	3386	34	11150	50	648	614	1013	374	1908	75	79	52586	1375	610	5891	203580	379	1968	392	222	36115	62	1380	340	173	4	0	0	390	105	4083	796	0	122	3041	93	505	525	27	3022	810
Bacteroides_D pr_cl_692	187	0	0	3307	74	66	142	148	414	303	90	503	156	2	53	1824	46930	470	279	750	511	2563	600	176	240	46	1139	1046	21	6	0	0	35	56	65	74	0	878	36948	137	128010	117	14	1154	597
Bacteroides_D pr_cl_655	198	0	121	35	2	0	66	3	0	148	6	24342	14077	197	3854	46092	1833	8	3927	169	598	188961	670	3869	51	687	95803	233	118	26	0	0	33	1198	175	1636	84	308739	397743	407	6	9789	2	2643	139
Bacteroides_D pr_cl_696	496	0	0	84016	689	2	36	2	31	45	705	2478	683	28	751	19084	3140	1030	82	14926	30	1113	760	1845	1855	55	2414	67	6	5	0	0	3820	88	6	16	2	32	143	128	0	347	7	4733	26
Bacteroides_D pr_cl_663	845	1175	201	1040	65	28	1568	84	32950	1724	134	27	155	308	96	274	43	992	243	1998	84	1289	122	117	12	138	628	4	213	28	2	39	98	2	45	125	31	2212	2996	271	530	79	351	40378	261329
Bacteroides_D pr_cl_659	1133	34	603	1096	2038	29	14	12	76	569	1192	571	2096	1222	371	1187	296	266588	8650	3843	119	53400	555	2593	126	729	11405	8	379	44	0	2	243	52	3576	1708	337	19256	43710	604	50	605	5	249	160
Bacteroides_D pr_cl_665	3862	2	1	5421	154	0	1943951	0	21	8377	2053	5	186	11	2354	7591	136	13	3227	24489	22	24	4435	4	26216	1	7402	8	56	40	0	0	0	37	0	11	0	5	5	0	90	1292	288	33898	4
Bacteroides_D pr_cl_687	9646	0	53	577002	2237	52	1	8	42	86	638	656	10169	802	566	206	3081	4293	13397	122229	114	206551	8939	3561	89	439	1469	84	98	74	0	0	9685	12	2407	3140	44	17295	78815	3007	12	822	82	8543	95
Bacteroides_D pr_cl_689	12454	0	0	237	27	3	0	0	13	705	0	111	71	211	10	864	222	53	1059	75	5	1134	39	281	171	0	7948	0	36	0	0	0	2	2	7	29	2	552	4045	30	0	38	4	140	70
Bacteroides_D pr_cl_688	13710	0	27	21316	98	89	433	36	124	3033	145	3247	471	940	2063	3784	3192	51063	5877	2710	737	109489	3918	5273	2929	80	66587	95	421	40	1	68	803	319	39	3024	389	4874	39732	278	446	618	1003	23318	1101
Bacteroides_D pr_cl_691	27738	3	22	62451	592	6	14	18	42	1294	494	298	1995	200	277	5242	232	7967	1920	1857	49	26997	575	832	3733	128	64900	120	174	5	1	0	1378	69	65	216	5	34723	66634	46	12	132	384	57	850
Bacteroides_D pr_cl_693	37996	34	93	122927	1243	2588	708	8144	12185	7397	4516	30960	7532	169	2149	31910	3931	76109	12807	26050	21637	273574	27090	4408	5832	1703	55621	22082	369	252	1163	9	5250	3140	447	3155	37	774	30916	8837	6375	6891	581	44720	62557
RF16 pr_cl_3564	1	0	0	51	0	0	0	0	0	4	81	20084	4	0	2	218	111	0	3	14	98	30	34	11009	2	19	378	3	8	8	0	0	0	4	500	78	0	1195	2914	31	2	2870	0	3	0
H1 pr_cl_1227	11	2	233	302	191	70	827	126	76	446	227	103	194	674	338	54	132	26	238	604	46	67	401	1385	32	8	213	17	714	15	465	3	2	3	33	318	189	139	224	66	154	746	111	398	245
F0058 pr_cl_951	100	0	21	830	32	235	379	84	135	36	163	1156	131	18	42	621	1882	106	171	335	1018	1041	45	1312	153	168	1216	813	172	493	109	0	13	20	179	44	1	295	1963	200	271	284	16	691	552
F0058 pr_cl_950	180	42	44	1550	149	354	672	107	195	57	305	1755	291	30	200	3266	5136	352	381	450	1982	1778	86	2294	991	291	2020	986	238	817	98	0	36	18	433	78	1	494	2863	433	299	408	56	1235	654
F0058 pr_cl_947	3213	39	2105	17523	206	1992	2005	605	371	169	912	35637	1869	67	258	5834	32816	6182	2430	3716	31180	38239	344	109939	2740	5052	14362	4354	823	7702	399	0	261	78	2684	488	6	21604	168234	1680	1923	4132	45	13154	1379
F0058 pr_cl_949	25896	404	10397	419769	1082	339268	396479	69188	101744	6944	41443	412683	39253	2315	3458	160576	354330	172973	20190	32873	731308	932540	8120	749781	54843	51079	454643	503010	120498	354016	52089	111	6784	603	110675	23302	219	99373	406479	186933	116359	117570	2141	346957	461769
F0058 pr_cl_948	109414	198	18400	878168	4898	204389	465892	100008	82569	213387	75870	2343126	116275	14418	29287	1495000	1762022	114404	269377	250477	732503	829255	12173	733675	114688	121495	1157652	1532281	115830	515874	51085	172	17945	11708	168236	34154	286	228569	1365499	104956	354553	266773	17514	679754	122407
Porphyromonas_A pr_cl_619	0	10	1	0	0	0	2	0	3	2	1	1	6	0	3	2	2	12	3	0	0	20	0	14	0	3	5	1	0	0	0	0	0	0	0	4	7	28	77	0	55	1	1	2	2
Porphyromonas_A pr_cl_1016	0	0	0	0	0	1	0	0	0	0	0	16	0	0	17	0	15	6	0	0	68	14	0	21005	0	55	19	251	0	21	0	0	0	0	0	472	53	4	5	0	13	0	1	14	1
Porphyromonas_A pr_cl_3157	0	0	0	0	0	0	0	2	0	0	6	23	0	0	0	4	4	4	0	0	0	3	2	4	4	2	2	0	4	0	0	0	0	0	0	6	0	2	6	5	2	5	0	6	0
Porphyromonas pr_cl_1199	0	0	5	0	1	0	0	0	10	6	0	2	5	0	0	0	0	11	0	0	0	6	2	1	0	0	3	0	2	0	0	13	0	0	2	0	0	7	4	0	14	2	0	10	0
Porphyromonas pr_cl_614	0	6	2	2	0	5	78	66	5	7	2	0	0	0	0	56	9	4	17	10	3	33	0	4	14	5	5	3	4	0	0	0	1	0	2	0	4	1	4	2	388	14	0	8	8
Porphyromonas pr_cl_604	0	0	4	0	0	3	0	0	2	0	0	0	0	0	0	0	0	0	0	0	0	0	0	0	0	0	1	0	0	0	0	0	0	0	0	9	0	12	18	0	2	0	0	13	0
Porphyromonas pr_cl_616	0	0	0	4	0	0	2	0	0	1	2	0	2	1	0	324	7	23	6	2	7	2	0	2	10	4	2	0	0	0	0	0	0	0	4	0	0	16	7	0	2	0	0	1	0
Porphyromonas pr_cl_1198	0	0	4	0	0	0	0	0	6	0	0	0	0	0	0	0	0	4	0	0	0	0	0	0	0	0	0	0	1	0	0	3	0	0	0	0	0	0	2	0	2	0	0	0	0
Porphyromonas pr_cl_1574	0	0	4	2	3	1	9	0	6	9	4	6	0	11	2	2	14	2	6	4	3	1	0	16	8	0	4	3	4	2	0	4	0	0	5	4	2	3	6	3	11	2	6	8	2
Porphyromonas pr_cl_613	0	1	3	124	0	4	7	13	1	8	450	92	0	0	3	40	48	21	94	19	2	73	13	27	44	0	114	7	17	23	0	0	0	13	2	0	0	0	20	6	438	23	2	52	7
Porphyromonas pr_cl_589	0	0	15	83	0	440	7	93	26	20	0	76	29	2	4	5	168	39	1	4	12	361	5	17	0	7	108	30	26	0	0	0	0	0	15	1	0	15	6	9	107	9	0	541	543
Porphyromonas pr_cl_642	0	17	0	9	1	0	0	0	2	2	7	21	2	0	0	7	11	87	2	2	0	11	4	14	9	1	6	0	0	0	0	0	0	0	4	0	0	32	50	0	7	0	0	7	0
Porphyromonas pr_cl_643	0	2	1	5	1	2	0	0	0	0	0	0	1	0	1	1	1	128	0	6	2	59	2	10	3	0	1	0	0	0	0	0	0	0	2	1	0	9	7	0	5	2	2	3	0
Porphyromonas pr_cl_634	1	7	14	31	8	0	6	0	28	186	3	13	1	0	0	11	3	275	0	5	1	71	1	31	8	0	10	1	0	0	0	18	0	0	0	0	0	62	97	0	31	2	3	9	3
Porphyromonas pr_cl_662	1	0	0	9	0	98	2	24	0	2	2	6	40	20	0	15236	4	6	24	0	1	2	0	2	2505	2	382	0	12	0	1	0	0	0	0	0	0	12	5	3	4	0	0	0	0
Porphyromonas pr_cl_647	1	1	0	13	6	5	2	0	2	0	0	0	5	0	0	0	0	58	4	3	4	6	0	0	1	0	5	0	1	0	0	0	0	0	2	1	0	0	2	0	8	0	0	0	0
Porphyromonas pr_cl_598	2	0	61	16	0	3	5	0	35	5	0	2	0	0	0	1	15	3	0	0	0	0	0	13	0	0	8	0	7	0	0	0	0	0	4	13	0	10	0	11	36	1	0	63	1
Porphyromonas pr_cl_638	2	4	2	19	0	5	0	0	5	2	0	0	0	1	2	0	3	130	0	0	10	29	2	8	3	0	14	0	9	0	0	0	0	2	3	3	0	39	35	0	13	2	0	15	2
Porphyromonas pr_cl_615	2	2	0	8	0	14	216	98	4	6	18	6	2	0	14	61	15	18	47	4	0	66	4	2	66	0	80	6	0	0	5	2	0	3	0	0	0	2	15	2	1017	33	1	16	0
Porphyromonas pr_cl_646	2	2	0	6	1	0	1	0	0	0	0	8	9	1	0	0	1	129	4	8	2	11	1	4	9	1	1	2	0	0	0	0	0	1	1	0	0	32	105	2	1	3	0	4	2
Porphyromonas pr_cl_609	2	0	188	2	0	18	17	4	38	3	16	18	2	1	0	4	7	6	0	22	742	1	3	34	0	0	24	38	4	0	0	1	3	0	23	254	0	62	37	8	13	11	0	51	0
Porphyromonas pr_cl_617	3	0	5	4	0	4	4	2	1	2	2	5	0	0	2	5	7	2	0	2	7	3	7	4	0	0	5	9	2	0	0	0	0	0	2	2	0	0	13	0	121	2	10	6	1
Porphyromonas pr_cl_588	4	0	4	138	0	280	207	63	19	47	4	79	32	4	0	2	173	12	3	15	57	293	0	57	0	2	207	18	11	1	2	0	0	0	61	6	0	3	4	14	271	36	0	1155	119
Porphyromonas pr_cl_640	5	11	6	30	5	6	0	0	2	4	0	33	10	1	0	4	11	330	2	18	29	48	0	24	36	2	28	0	3	9	0	0	0	0	1	3	0	130	166	0	19	9	2	40	1
Porphyromonas pr_cl_641	5	6	0	47	6	0	16	0	11	0	0	1	1	1	0	2	17	192	1	6	3	37	4	8	108	0	12	2	0	0	0	0	0	2	2	1	0	43	30	0	9	2	0	54	126
Porphyromonas pr_cl_635	7	3	0	25	10	0	0	3	0	1	1	5	2	0	0	1	13	166	2	10	4	51	5	12	2	0	29	0	0	0	0	0	0	2	7	2	0	68	92	0	12	3	0	14	8
Porphyromonas pr_cl_631	7	11	5	2	8	14	0	2	0	0	2	7	1	0	0	1	11	125	0	5	4	26	4	12	2	0	22	1	2	0	0	0	2	2	5	1	1	130	217	4	23	2	0	2	0
Porphyromonas pr_cl_602	8	0	374	2	0	61	10	18	114	4	14	5	0	0	0	17	6	30	1	4	7	0	0	66	0	2	16	0	15	2	0	0	2	0	32	57	0	109	36	9	48	0	0	54	0
Porphyromonas pr_cl_645	8	11	0	40	11	1	0	0	0	3	1	0	4	0	0	0	9	57	1	11	0	28	2	8	3	0	27	0	0	0	0	0	0	0	2	4	0	107	193	0	12	0	0	15	0
Porphyromonas pr_cl_612	9	0	1127	52	6	97	8	24	188	61	12	58	7	10	0	28	110	102	0	3	618	56	9	276	2	0	80	162	0	1	0	9	8	0	11	74	11	79	122	61	334	2	1	116	8
Porphyromonas pr_cl_633	10	6	3	11	4	6	74	0	4	1	0	12	7	0	1	44	45	185	51	19	12	35	36	12	25	0	15	9	9	50	0	0	0	0	3	4	0	113	87	2	9	1	0	26	31
Porphyromonas pr_cl_637	10	5	0	7	2	2	0	0	0	1	0	17	5	0	0	8	5	313	3	1	5	67	7	13	16	0	5	0	0	0	0	0	0	0	6	3	0	119	116	0	4	4	0	23	1
Porphyromonas pr_cl_648	10	7	0	21	4	49	27	96	0	38	1	10	7	8	1	14	115	446	2	8	4	30	3	16	29	1	23	3	2	0	0	0	0	0	1	3	0	71	85	1	47	6	2	19	4
Porphyromonas pr_cl_599	12	0	115	28	0	4	25	10	75	18	6	3	2	4	0	10	21	6	0	1	6	1	0	26	0	0	12	27	2	2	0	1	0	0	2	24	0	53	39	22	19	1	1	111	8
Porphyromonas pr_cl_608	12	0	86	0	2	13	19	6	25	0	21	1	2	3	0	12	18	3	0	0	32	0	0	45	2	0	7	5	5	4	0	3	7	0	11	65	0	173	31	10	13	11	1	45	0
Porphyromonas pr_cl_630	12	7	9	8	5	11	0	0	4	0	1	27	4	2	0	15	3	281	6	7	2	46	0	16	17	1	17	0	2	0	0	0	0	2	7	6	0	76	89	0	23	6	0	19	4
Porphyromonas pr_cl_611	16	0	206	10	0	19	0	0	51	13	6	12	3	3	0	8	39	13	2	0	12	17	0	20	0	0	32	6	4	2	0	1	0	0	6	73	0	25	25	6	67	0	0	100	0
Porphyromonas pr_cl_1200	16	3	13	15	5	76	38	31	17	30	12	5	37	3	0	172	63	4	1	101	6	34	2	32	12	17	76	33	14	6	0	13	8	0	8	4	0	6	11	12	32	5	37	71	11
Porphyromonas pr_cl_606	19	0	64	2	0	3	9	4	81	8	2	0	0	1	0	1	16	0	2	0	44	1	1	4	0	0	38	0	2	0	0	2	0	0	11	34	0	29	6	138	27	4	0	79	0
Porphyromonas pr_cl_639	19	7	44	34	3	7	17	2	1	1	1	42	15	0	1	1	28	478	8	12	76	21	1	20	9	3	71	0	1	0	0	1	0	0	6	2	0	63	160	3	26	4	0	55	7
Porphyromonas pr_cl_603	19	0	101	31	0	0	2	0	15	4	10	12	18	0	2	3	24	3	14	15	15	2	0	22	36	0	95	32	6	0	0	0	0	0	12	21	0	53	25	14	47	3	0	117	11
Porphyromonas pr_cl_594	21	0	106	465	2	23	0	2	38	257	100	61	37	4	11	76	154	53	53	57	11	104	64	274	23	7	384	34	89	6	3	0	8	0	10	0	0	2	13	71	2848	29	0	835	99
Porphyromonas pr_cl_636	25	24	1	66	10	3	2	2	0	0	9	508	145	1	0	126	23	626	23	22	71	250	19	45	12	0	80	2	0	0	0	0	2	0	8	15	4	293	262	1	36	44	9	141	4
Porphyromonas pr_cl_593	28	0	108	1919	9	35	0	27	95	910	327	160	245	27	46	324	440	137	122	234	137	301	148	4091	60	11	1540	65	563	9	23	3	7	0	19	75	0	73	43	449	14845	141	0	3259	392
Porphyromonas pr_cl_620	30	2	1	37	2	3	2	0	0	0	2	268	10	0	10	28	31	269	7	41	152	1377	6	176	29	0	44	20	9	0	0	0	0	0	99	31	0	188	595	7	6	10	1	63	4
Porphyromonas pr_cl_607	45	0	107	4	0	7	1	6	45	1	16	1	1	0	0	7	21	0	0	3	4	3	1	16	1	0	7	7	2	0	0	0	0	0	0	338	0	70	11	6	3	8	0	51	0
Porphyromonas pr_cl_1197	46	0	68	24	0	9	0	3	145	6	7	2	0	124	1	2	3	20	10	6	0	6	3	20	2	0	20	14	6	0	0	4523	2	0	4	5	3	2	184	10	137	0	0	106	2
Porphyromonas pr_cl_601	50	3	308	39	0	16	45	3	86	7	11	6	1	3	0	4	40	2	0	6	6	2	0	62	0	0	15	48	2	0	8	1	5	1	10	134	2	95	17	41	75	8	0	50	4
Porphyromonas pr_cl_605	86	0	399	10	2	17	170	12	1208	149	89	13	14	14	5	40	34	1	17	21	42	14	11	67	1	1	104	31	16	0	5	0	11	2	22	2670	2	195	37	154	278	1	2	174	1325
Porphyromonas pr_cl_597	87	0	313	222	1	7	46	11	30	19	48	30	16	0	0	59	257	67	25	35	228	172	0	208	4	4	536	637	78	0	0	0	2	5	20	14	0	34	52	151	360	14	5	929	51
Porphyromonas pr_cl_644	92	107	5	1953	38	66	8	13	7	0	27	36	66	1	0	79	75	838	17	90	481	151	11	555	193	14	679	2	9	2	2	0	0	0	252	14	0	275	391	6	529	17	2	125	6
Porphyromonas pr_cl_610	93	0	9017	183	86	941	61	195	379	95	54	61	14	79	0	240	213	151	12	33	813	164	41	785	11	1	175	553	40	13	3	78	49	6	116	484	50	449	1089	163	3825	42	24	729	30
Porphyromonas pr_cl_1196	342	11	1194	910	461	1013	102	621	2308	868	448	178	268	795	2058	886	879	995	337	206	539	1137	180	949	92	93	3370	188	879	50	11	2555	30	5	94	273	50	629	1724	234	4355	76	86	2929	142
Porphyromonas pr_cl_587	421	13	5560	6758	11	284304	1034	47651	873	790	177	19985	2031	203	22	233	204648	6049	425	410	21912	9569	216	54529	78	49	7986	4933	1925	96	96	38	30	27	4010	1475	19	443	873	3371	4259	677	263	37110	37370
Porphyromonas pr_cl_590	443	0	435	4331	4	1106	110	227	4281	1947	380	225	284	96	8	197	5405	270	2	200	1045	1719	47	379	4	41	3892	726	27	14	1	0	54	12	49	159	2	414	179	273	170	21	18	15840	355
Porphyromonas pr_cl_586	1601	15	491	221611	443	14300	83134	3810	324122	58363	390	2369	38195	386	614	1384	45766	482	4570	13625	9791	307182	4352	2660	126	1104	511301	758	93115	163	3090	7	72	36	158986	370	67	837	163	1266	314288	8743	48	718134	53726
Porphyromonas pr_cl_595	2087	89	195221	199061	119	3522	630	1384	965	572	1354	5008124	1422	304	96	3193	173275	626814	660	665	3120282	7715	309	738875	277	1942	291627	89912	1399	837	14	12	162	31	2049	655	66	565281	7918786	53890	5792	6214	234	171995	4585
Porphyromonas pr_cl_585	4311	5	17118	127519	112	44517	4686	6715	17064	51277	2313	8430	9645	1842	300	294	22131	949	438	1830	1122	32019	654	14052	73	437	52207	484	1411	335	2953	7	925	62	44211	996	362	4501	2939	14161	881917	276	58	104803	7686
Porphyromonas pr_cl_592	5544	13	48698	477339	1502	12051	1502	4744	23532	1673585	569043	35917	47103	14361	13591	59542	79775	37861	86909	39029	2413	39380	91079	469563	28545	1776	341223	17656	537959	1396	1023	20	3244	15923	4270	30325	22	4094	3615	130493	2130751	23580	974	424284	66060
Porphyromonas pr_cl_632	22112	18563	2887	60616	9358	1239	581	306	1872	1558	5186	148873	11607	929	732	37203	13206	408339	20765	9163	19025	164723	6412	16497	10965	1314	42266	2145	2473	307	54	43	254	414	7056	6139	293	218989	238346	2099	55958	5175	812	150652	1020
Porphyromonas pr_cl_591	134600	7	45952	53290	267	599318	141787	103033	395000	149269	21324	73749	23760	9459	487	66747	708279	16680	409	13700	3536	1372102	8975	54895	378	3103	543248	4695	1594	599	107	19	3209	54468	3081	72461	63	76530	32056	97082	290303	275	3168	1199345	58365
Porphyromonas pr_cl_600	150589	1004	488780	16104	12337	42043	157715	34935	486474	37502	40488	24345	12196	17675	2461	143569	218466	5455	12467	31335	45346	56584	3360	57305	2340	2646	135363	21232	12001	4808	5101	186906	6583	3718	37490	483618	569	300469	83345	114158	487858	34357	14113	329168	14503
Porphyromonas pr_cl_596	172966	5980	673044	226075	123	92803	151397	25169	178831	66339	127909	76438	30589	2821	1721	505164	532787	200813	175173	49041	760109	487137	3110	174485	154	1362	1101020	5434845	302223	4612	1615	40	5920	6199	11895	13049	6	47026	53293	211073	4276678	141753	6659	1129855	77358
Porphyromonas pr_cl_621	186148	30843	16179	72067	19414	4651	2133	1697	659	976	4561	360461	24141	2076	14874	132325	139389	2306429	8185	129618	290570	5587827	9716	376083	243880	6850	184669	56424	6198	1303	325	375	3133	664	147832	35179	1096	1496491	6446263	2611	2572	27160	5284	137924	6297
UBA6382 pr_cl_698	466	40	40	31533	6726	564	23	77	9	28	10006	78637	76227	20	2203	268952	48175	117140	2677	2667	112212	3269	12615	13982	31634	36059	14057	304	272	31077	0	4	2161	6024	16861	1656	11	46	2319	4020	38	32907	428	843	26
Bacteroides pr_cl_650	4	17	6	72	7	1	1	2	0	11	5	115	22	0	2	37	65	164	8	63	196	109	0	173	20	30	56	10	4	24	0	2	0	0	30	8	0	354	295	7	0	26	0	17	1
Bacteroides pr_cl_652	23	1257	748	1700	1347	6	3	6	1	0	983	13945	48	2	37	1256	712	282761	147	452	54807	35056	44	26670	145	1798	286	125	0	107	0	0	5	4	2922	9	1	222	1160	64	45	797	0	96	1
Bacteroides pr_cl_649	209	223	132	3515	408	79	88	37	9	24	533	3225	789	35	377	5339	5293	12227	202	2365	12879	28454	887	26284	11442	1610	2748	1552	56	1057	55	21	43	69	4087	561	32	551826	854021	240	294	9575	11	331	16
Bacteroides pr_cl_651	702	115	89	5120	243	72	24	33	2	11	4532	35705	149	7	1869	113932	103031	1432	4136	8962	48597	4145	39	11777	402	16995	12106	10796	21	109	4	0	997	62	4813	25	16	1262	52824	2048	661	185	10	12824	78
Phocaeicola pr_cl_734	0	40	112	44	149	0	3	1	2	5	8	19913	8413	4	9	1102	2245	61481	13	22	2265	1026	32	767	53	3233	32	28	164	4305	0	0	1	4	376	293	4	129	10289	353	0	41	0	4	3
Phocaeicola pr_cl_735	21	0	14	470	71	23	17	59	21	800	256	1871	793	102	19	449	2396	3624	34	312	9814	225	42	3166	388	19170	257	601	73	2579	0	62	32	2	68	76	65	65	856	190	47	1277	193	155	46
Phocaeicola pr_cl_733	57	2	14	553	117	104	0	12	0	5	576	1599	659	1	10	3996	981	1963	14	86	4748	824	98	1416	640	1885	494	1042	4	1727	0	1	9	61	2348	25	0	687	7620	132	0	341	0	65	3
Phocaeicola pr_cl_732	9311	279	2045	196917	17593	17228	127	5219	31	496	106427	328059	153290	192	2496	1216997	203983	290881	3394	14666	1091110	164598	24393	307867	133270	311977	102684	187124	194	364024	16	44	1821	8377	496443	2844	118	48406	1492295	16761	149	86231	240	13445	536
Alloprevotella pr_cl_718	0	0	3	9	1	0	1	0	45	0	0	0	33	1	1	34	7	1	5	8	2	0	2	13	18	3	2	0	0	2	0	5	8	2	0	0	0	1	4	0	34	2	0	56	0
Alloprevotella pr_cl_712	0	0	29	26	0	10	1	0	4	2	212	4	4	0	0	23	58	6	36	2	24	17	1	23	5	3	54	2	33	0	0	7	0	0	4	3	2	10	19	1	50	3	0	44	2
Alloprevotella pr_cl_720	0	0	12	35	0	6	7	2	16	0	0	12	64	0	0	40	60	9	11	7	0	18	3	23	6	1	9	0	2	0	0	0	10	0	0	0	0	21	32	9	34	8	0	144	0
Alloprevotella pr_cl_716	0	0	6	11	0	7	16	2	68	6	2	13	88	0	2	93	57	8	13	15	0	33	0	29	17	0	25	0	0	0	0	0	19	0	0	0	0	4	12	0	16	9	1	140	0
Alloprevotella pr_cl_708	1	0	1064	1	10	3	0	4	154	9	0	13	0	0	0	15	45	4	0	4	42	105	6	50	2	0	8	78	6	0	0	9	0	0	4	31	153	46	50	5	42	11	0	62	0
Alloprevotella pr_cl_713	2	16	26	4	3	10	0	2	16	1	0	69	0	0	0	6	157	14	2	0	92	14	3	32	0	0	22	14	3	0	0	2	0	0	5	0	1	6	9	28	87	7	1	32	0
Alloprevotella pr_cl_719	2	0	9	15	1	1	3	0	37	10	5	11	118	0	2	38	52	0	4	12	2	11	1	16	10	7	13	1	0	0	0	10	3	0	0	1	0	14	27	0	55	3	0	88	8
Alloprevotella pr_cl_726	3	1	61	36	0	20	11	1	20	5	0	15	68	0	1	115	119	18	10	7	59	23	8	39	4	1	51	0	3	0	0	3	6	0	0	2	0	8	108	8	80	2	0	184	2
Alloprevotella pr_cl_721	4	1	10	9	0	20	1	0	14	1	0	10	50	0	2	53	134	3	3	3	4	22	11	30	3	3	24	0	0	0	0	0	4	0	0	0	0	5	25	11	28	0	0	86	4
Alloprevotella pr_cl_725	5	0	13	90	0	27	0	0	2	6	2	66	247	7	0	173	353	26	23	0	19	20	7	32	0	0	73	0	0	0	0	0	2	0	0	2	0	16	73	7	14	16	2	277	2
Alloprevotella pr_cl_873	10	0	449	72	21	150	41	24	2	11	10	57	106	37	21	18	37	20	55	161	139	114	55	33	143	10	22	5	43	10	0	1	11	4	156	34	16	560	318	18	107	23	2	37	8
Alloprevotella pr_cl_707	11	4	4055	22	31	6	6	4	506	32	0	51	5	6	0	17	83	54	4	16	90	165	19	137	1	1	45	35	35	0	0	15	1	0	16	41	94	233	78	8	185	23	1	50	4
Alloprevotella pr_cl_723	39	14	1242	1258	9	87	705	29	656	1046	223	166	262	17	1	1652	2687	911	299	180	68	3870	32	902	5	8	1229	0	10	2	2	2	9	18	55	79	2	1488	1670	68	2166	106	2	9618	229
Alloprevotella pr_cl_705	46	4	11	899	130	10	109	17	61	35	164	115	332	50	43	853	419	80	272	656	92	147	116	312	363	26	156	111	61	13	8	4	5	7	45	53	9	131	298	41	488	182	12	427	18
Alloprevotella pr_cl_711	61	76	2566	1024	154	554	133	204	1049	816	983	1636	367	1692	1526	2576	2135	171	4991	355	1598	709	387	1641	1227	46	2583	207	357	289	17	12555	394	40	195	103	884	241	1327	577	9938	87	20	437	20
Alloprevotella pr_cl_710	77	41	1042	259	239	367	52	54	149	89	407	449	156	22	14	267	1105	302	188	58	676	1058	50	1140	78	12	627	205	79	66	19	111	30	2	86	33	28	659	648	276	1266	212	23	959	36
Alloprevotella pr_cl_704	82	9	50	1219	175	83	347	32	292	97	343	522	807	118	168	2169	1118	134	1168	769	568	785	503	740	1025	80	1024	148	338	128	15	52	46	34	35	106	51	222	293	80	1707	461	35	1033	90
Alloprevotella pr_cl_751	163	24	65	6115	448	344	129	75	117	1471	1256	346	1410	360	224	2083	536	299	444	1252	242	298	606	734	961	268	2781	28	256	29	16	1212	46	148	63	93	18	68	278	129	1461	342	64	2495	115
Alloprevotella pr_cl_752	239	29	7	7354	139	50	536	119	1355	1056	271	277	2611	52	49	853	212	970	394	903	157	450	2782	377	1356	40	2834	49	304	75	65	91	19	85	24	98	8	36	91	49	1493	321	43	1691	102
Alloprevotella pr_cl_717	339	2708	1522	5726	2754	468	4747	208	34768	1358	1042	3785	44961	1839	2284	33058	7343	2460	50907	11217	854	11224	3425	10777	13225	985	3475	295	583	70	17	15522	2528	130	79	1353	266	21962	31168	603	25944	933	61	22024	153
Alloprevotella pr_cl_722	656	110	15458	53499	172	1783	12818	319	21249	49385	9684	3031	3640	434	30	14178	47907	9898	3953	2185	673	97338	725	13424	89	227	17655	32	275	26	13	9	114	190	947	946	8	16138	19317	2207	96993	1581	19	166902	3885
Alloprevotella pr_cl_714	759	113	3120	1677	85	367	45	45	290	26	589	10247	1810	565	60	3895	85043	13534	53	148	3269	223228	2662	219859	145	653	799	309	2340	386	5	6	25	162	2464	783	274	1138496	536714	693	775	8844	13	4912	24
Alloprevotella pr_cl_706	1897	179	28684	31723	710	216	27419	77	2350	4359	23285	3795	312	10604	938	180873	4066	359	624	1984	1072	1488	1641	3763	268	1268	583	439	1890	166	10	233	33	4219	168	1685	2078	425	1005	181	122781	167	17904	760	114
Alloprevotella pr_cl_724	2058	116	6533	20318	249	5956	1601	1101	4390	2048	950	8229	41527	197	115	79914	70178	4310	2653	810	2920	6413	809	10051	143	273	15262	116	2468	57	35	49	451	63	214	533	34	5838	58444	3198	10540	1793	444	74345	616
Alloprevotella pr_cl_709	2456	6079	66450	2885	3009	4919	750	900	513	1454	5804	58521	1912	299	1368	5524	258976	68136	2173	2105	93941	55401	1037	44041	2141	404	13456	52241	2120	3447	60	197	288	39	6049	1571	249	25269	219457	14431	515382	7845	489	34441	691
Alloprevotella pr_cl_703	2673	868	185	46464	9614	56	3455	63	3102	2291	3425	846	37472	1918	824	109512	28655	448	15046	22391	2309	9974	5793	13027	14145	1315	5793	123	581	97	80	707	542	761	857	1878	79	2636	4687	2032	74078	2768	322	44709	30
Alloprevotella pr_cl_702	4690	1388	255	12788	576	51	370	25	247	75	376	625	3600	107	158	21569	4214	1439	1513	2204	384	22334	2674	4517	1443	144	3214	532	268	48	4	57	218	169	1685	338	63	3523	6885	322	1935	1901	187	11933	263
Alloprevotella pr_cl_715	5209	56	17249	157565	2444	13763	2842	1768	19973	1051	27204	112619	19370	5945	522	50548	216462	18699	1887	12467	37947	538624	2531	56973	708	2042	61634	8495	5382	2881	537	49	2204	400	6905	332	180	137919	261677	38567	265601	108161	1690	468220	2502
Alloprevotella pr_cl_753	24415	3297	604	754115	15609	1902	34608	8799	87321	168424	51458	30263	143547	16093	4457	670373	40739	16966	128147	191056	30952	45658	172830	79257	184280	25824	463255	5779	29114	5349	397	141288	7102	21085	812	20909	394	4894	7181	6654	431186	52216	27446	448863	8901
Prevotella pr_cl_807	0	3	0	77	32	0	7	0	12	8	262	8	64	37	40	3	18	0	54	91	0	5	35	43	155	3	9	1	48	9	1	2	4	0	0	17	3	0	0	17	12	108	17	10	0
Prevotella pr_cl_802	0	1	0	113	82	0	6	2	13	41	61	14	94	109	94	27	5	3	159	84	4	12	58	17	246	11	8	2	59	6	3	6	8	5	0	21	10	0	5	8	81	73	33	19	0
Prevotella pr_cl_817	0	0	0	26	48	0	0	1	51	16	77	39	24	40	19	44	35	2	91	64	14	26	13	17	24	6	27	8	59	2	3	0	4	2	0	10	2	1	11	9	21	37	9	19	0
Prevotella pr_cl_770	1	0	13	1	13	1	3	1	30	11	14	5	39	20	11	30	0	4	67	46	4	11	209	10	173	5	9	0	3	6	0	0	9	0	0	5	2	2	5	0	20	21	5	45	7
Prevotella pr_cl_880	1	0	0	5	12	2	19	0	20	4	14	17	6	2	23	35	10	0	19	9	40	0	13	21	43	3	7	0	4	0	7	7	0	0	2	6	7	0	0	1	19	20	12	18	6
Prevotella pr_cl_792	1	0	0	31	4	0	6	0	14	1	6	50	2	0	1	14	4	2	4	18	31	43	15	13	37	0	21	2	2	0	0	0	1	0	0	0	8	15	11	0	6	1	2	104	0
Prevotella pr_cl_803	1	10	0	105	139	0	44	0	13	86	39	23	86	123	98	19	35	7	379	102	8	32	64	48	295	6	3	55	41	4	0	3	12	0	1	28	19	13	23	3	213	93	4	19	0
Prevotella pr_cl_772	2	0	2	15	10	1	43	0	13	16	24	15	20	1	101	28	3	10	14	19	6	8	51	3	28	4	7	4	25	8	1	2	5	2	0	0	1	1	56	5	19	28	10	35	0
Prevotella pr_cl_801	3	0	8	208	173	3	81	6	145	175	164	30	221	177	173	206	128	45	716	268	69	59	115	239	410	20	59	7	186	50	1	8	25	8	0	34	10	8	52	37	200	209	83	104	5
Prevotella pr_cl_819	3	35	4	90	86	4	10	19	93	41	234	5	33	55	46	102	60	8	268	128	45	30	33	88	19	11	174	33	146	6	11	2	10	3	3	33	1	10	66	24	58	88	11	156	0
Prevotella pr_cl_729	4	7	148	144	109732	3	43	11	15	20	43	168	1199	33	48	1402	87	59	92	121	59	234	674	82	389	752	71	27	23	56	133	19	18	57	688	78	39	73	71	73	225	320	564	62	13
Prevotella pr_cl_833	4	21	11	88	32	1	25	0	28	25	99	24	30	45	29	28	49	8	123	48	22	26	35	33	40	4	327	7	28	18	3	5	10	0	1	21	8	2	19	19	15	44	6	71	3
Prevotella pr_cl_808	5	0	0	128	43	1	5	9	24	14	183	5	69	18	28	34	33	71	113	72	45	39	41	101	182	7	41	9	68	12	0	0	7	4	4	22	4	30	40	12	72	52	20	161	0
Prevotella pr_cl_826	5	26	3	135	210	10	162	28	66	109	223	34	127	108	70	177	98	6	640	236	19	44	63	136	399	23	82	28	218	25	7	0	14	7	3	37	5	0	56	93	111	139	56	219	6
Prevotella pr_cl_740	5	6	4	68	169	11	47	20	49	28	47	674	194	26	30	328	39	37	100	60	33	342	135	76	222	21	395	61	143	2	22	8	3	12	3	39	16	18	121	18	29	31	16	65	6
Prevotella pr_cl_844	5	7	3	133	16	3	17	3	34	11	115	25	5	20	22	25	47	6	91	26	10	5	15	162	16	8	216	5	146	36	0	1	4	1	3	12	0	0	4	6	11	35	2	141	16
Prevotella pr_cl_776	6	1	1	21	18	0	3	0	13	21	4	11	25	11	11	41	123	0	39	31	0	60	13	19	44	4	8	2	18	3	33	0	0	0	0	2	3	0	10	0	36	17	1	31	5
Prevotella pr_cl_811	6	0	2	42	45	2	7	0	30	17	139	28	22	21	29	31	52	5	199	37	8	13	28	37	30	7	133	12	69	5	0	1	4	6	4	16	1	0	24	27	20	29	22	81	0
Prevotella pr_cl_762	6	0	6	644	38	8	18	6	13	3	328	1684	194	13	59	444	686	169	84	1329	379	55	137	125	143	30	456	20	54	420	13	5	16	4	0	26	3	52	167	24	267	468	9	535	15
Prevotella pr_cl_812	6	8	0	38	17	0	8	6	9	6	129	18	24	9	23	19	38	0	120	67	7	23	42	29	38	5	73	10	25	11	0	0	2	2	0	8	2	0	25	9	32	37	4	31	1
Prevotella pr_cl_736	6	0	0	109	90	19	19	21	16	146	119	41	29	26	97	85	85	10	57	92	49	82	256	46	191	8	72	62	218	25	44	0	22	14	8	33	4	0	32	59	111	91	15	47	23
Prevotella pr_cl_816	7	0	3	9	9	0	6	0	13	2	18	16	7	3	9	26	30	1	59	15	8	4	19	11	84	2	28	5	9	3	1	3	0	0	0	2	0	0	71	9	131	14	11	62	0
Prevotella pr_cl_843	7	1	7	67	69	27	14	8	103	43	72	41	25	50	49	45	68	16	210	105	58	23	14	659	56	4	188	28	105	10	0	4	6	8	5	59	10	108	533	25	133	72	16	213	1
Prevotella pr_cl_791	8	2	0	248	54	15	108	8	71	84	182	58	82	37	80	194	48	21	232	175	44	46	47	117	371	25	71	33	77	12	0	6	10	2	6	27	8	18	65	46	91	191	37	117	7
Prevotella pr_cl_765	8	0	2	218	70	1	87	5	192	241	220	52	96	28	136	298	343	12	65	129	93	39	310	77	248	11	145	3	119	34	0	3	20	27	9	77	9	6	91	92	95	155	7	97	5
Prevotella pr_cl_840	9	1	8	67	30	5	23	0	71	5	39	114	27	28	9	30	34	1	84	55	25	13	16	106	45	8	166	5	34	4	0	9	1	0	3	5	3	4	32	17	96	33	24	26	0
Prevotella pr_cl_778	9	56	16	139	220	57	60	27	37	40	508	334	123	45	38	523	131	110	200	226	38	293	55	97	619	292	199	48	139	612	28	58	8	9	11	54	25	31	96	28	230	310	382	233	106
Prevotella pr_cl_742	9	12	1	97	23	3	9	16	30	11	36	77	101	6	92	161	71	42	135	97	40	69	35	67	215	8	35	120	87	4	23	4	14	1	0	24	59	42	52	9	255	111	11	21	1
Prevotella pr_cl_775	9	2	7	19	4	1	0	5	10	3	50	26	7	2	0	71	47	24	26	22	93	63	15	23	28	4	26	9	9	1	5	3	0	3	4	2	0	71	275	10	290	19	0	53	3
Prevotella pr_cl_730	9	13	7	29	7	4	14	1	34	12	8	21	33	0	5	17	8	31	7	18	22	30	22	20	20	4	38	4	0	1	0	0	0	0	8	2	0	54	41	2	4	15	0	15	6
Prevotella pr_cl_799	10	1	0	411	496	1	328	9	77	366	237	63	391	300	238	112	90	15	1731	444	10	6	295	322	1257	61	124	21	209	10	4	15	64	21	1	133	26	4	50	33	631	361	16	68	4
Prevotella pr_cl_777	11	0	2	36	22	5	6	0	23	21	22	12	13	2	8	66	33	22	42	244	6	18	17	44	50	3	10	3	9	11	2	49	5	0	2	5	5	8	15	25	24	18	10	46	2
Prevotella pr_cl_832	12	12	11	333	188	11	30	7	140	36	352	37	258	56	119	279	310	8	424	173	73	32	183	228	354	8	132	93	240	29	33	44	23	6	34	32	12	4	38	46	281	317	53	107	11
Prevotella pr_cl_835	12	2	2	67	123	2	24	2	26	47	238	24	153	96	96	65	44	14	441	194	1	15	98	93	324	13	73	7	101	6	3	5	8	2	6	23	3	6	22	36	269	116	36	34	0
Prevotella pr_cl_758	13	4	0	25	53	0	10	0	101	57	68	92	130	73	159	307	62	28	645	420	4	65	147	127	529	30	53	9	31	31	1	2	22	12	3	46	6	36	78	30	18	264	35	104	2
Prevotella pr_cl_831	15	11	21	160	73	8	15	15	77	31	160	20	46	99	17	89	82	6	260	59	42	37	76	91	63	15	131	15	93	15	1	2	9	0	7	13	8	2	26	63	41	72	40	158	1
Prevotella pr_cl_787	15	3	1	13	27	4	116	22	19	62	44	358	56	14	18	173	81	29	96	195	140	257	13	150	122	19	278	44	46	8	69	2	4	4	5	22	0	64	252	9	426	68	5	219	8
Prevotella pr_cl_820	16	24	9	341	43	5	2	57	10	25	60	26	24	44	44	89	222	819	160	140	32	561	48	54	46	13	267	44	75	14	1	5	8	2	11	26	11	99	109	17	144	67	3	102	51
Prevotella pr_cl_842	16	2	26	165	54	18	26	18	116	34	174	23	84	49	33	45	80	1	223	135	55	13	39	1443	328	6	188	17	95	9	0	18	5	0	2	10	0	2	30	20	45	100	23	101	5
Prevotella pr_cl_774	18	2	5	70	12	2	9	2	14	28	23	74	14	10	2	63	23	42	50	72	25	36	5	20	31	4	1662	3	37	3	11	4	2	2	17	3	0	42	277	34	15	25	3	71	1
Prevotella pr_cl_794	19	13	10	123	2	7	10	3	21	30	35	146	24	5	0	35	110	128	20	54	72	161	21	27	21	4	112	51	19	0	1	0	1	3	5	11	17	128	314	3	157	19	4	70	41
Prevotella pr_cl_828	20	24	9	169	72	4	46	45	91	58	226	190	66	86	54	94	138	165	340	242	167	169	66	118	183	25	177	139	302	63	5	1	13	2	7	23	63	48	388	47	105	144	32	451	6
Prevotella pr_cl_829	21	10	29	82	50	0	5	4	33	30	129	17	56	36	179	184	802	208	139	116	68	57	46	117	40	6	179	117	93	5	5	2	9	0	2	11	5	129	113	23	53	71	22	98	31
Prevotella pr_cl_779	22	6	0	206	52	1	67	0	22	10	66	114	319	10	15	503	200	18	56	239	86	95	90	86	57	12	154	9	16	30	0	10	17	6	12	10	5	42	193	20	30	141	35	85	9
Prevotella pr_cl_785	28	10	6	251	12	12	42	67	185	482	164	296	57	10	10	164	369	123	108	419	188	269	61	148	219	26	221	114	158	48	27	0	14	8	19	90	2	31	123	77	312	117	2	169	16
Prevotella pr_cl_784	28	68	9	231	67	10	40	6	51	46	79	690	75	22	2	357	136	11	412	294	165	603	119	190	202	10	363	33	91	9	2	0	7	5	16	35	0	93	345	34	967	126	5	149	21
Prevotella pr_cl_769	31	3	1768	189	122	9	89	13	688	108	55	90	57	59	25	118	235	40	161	154	202	513	100	597	215	24	113	97	116	23	19	23	8	2	29	36	26	95	390	57	464	76	5	146	10
Prevotella pr_cl_830	33	7	15	346	98	17	66	22	117	57	203	16	78	88	25	104	94	12	331	175	45	25	53	90	58	15	213	20	286	14	9	0	8	7	6	41	3	0	112	132	29	145	34	165	4
Prevotella pr_cl_781	35	16	5	517	167	28	94	15	13	33	71	1609	78	1502	252	585	282	82	158	480	165	317	183	12369	230	15	191	41	109	7	2	1	14	27	22	23	2	105	680	34	739	102	5	242	17
Prevotella pr_cl_731	37	21	80	78	5016	2	90	18	8	13	29	746	77	0	20	225	78	158	36	110	189	505	179	73	103	111	99	27	15	54	0	5	3	41	24	30	1	205	1530	55	160	110	9	134	3
Prevotella pr_cl_798	38	6	9	547	270	6	158	8	35	213	201	88	248	189	115	93	114	17	1177	339	44	41	188	339	923	17	248	44	174	6	2	4	63	11	4	75	20	962	1460	64	356	184	19	204	3
Prevotella pr_cl_782	39	0	6	1695	150	41	503	166	611	1916	393	137	238	28	211	215	253	46	423	1837	28	189	893	150	958	27	600	122	383	156	431	9	55	37	49	308	3	20	31	78	1369	493	13	419	93
Prevotella pr_cl_814	40	17	19	418	109	4	15	6	106	44	217	20	64	57	40	2516	128	184	275	87	158	69	28	77	52	55	52	10	227	7	2	12	8	0	0	15	5	4	35	27	58	145	43	117	0
Prevotella pr_cl_824	43	76	40	560	642	37	198	91	413	418	1083	124	475	445	227	541	589	40	2084	774	320	204	173	1170	439	93	504	134	1109	90	68	21	49	18	17	89	36	13	213	219	412	901	274	798	46
Prevotella pr_cl_818	43	15	12	442	254	33	76	17	237	111	600	61	448	165	160	781	309	46	682	696	52	122	225	256	1384	40	375	47	321	76	157	7	34	4	7	108	25	21	167	128	452	362	49	450	12
Prevotella pr_cl_789	43	1	4	49	21	6	11	6	28	17	13	15	42	18	28	1055	91	12	264	44	44	77	27	38	128	12	120	10	27	18	0	1	2	1	2	5	0	360	2934	11	156	42	0	122	3
Prevotella pr_cl_821	46	35	16	357	68	11	225	6	99	33	143	503	97	74	24	307	144	134	264	263	153	831	85	458	225	12	173	33	175	19	4	51	9	36	32	37	22	174	899	59	382	86	112	814	30
Prevotella pr_cl_741	47	32	99	1186	337	30	148	87	249	372	453	238	743	124	1057	864	236	464	785	519	273	515	1022	273	2634	29	2244	471	291	52	124	120	37	37	37	173	52	224	640	232	1340	470	275	2047	74
Prevotella pr_cl_841	47	22	165	442	199	83	100	114	128	60	568	151	335	213	111	1054	457	45	848	322	449	509	160	7953	175	60	586	182	535	54	9	34	19	11	61	70	19	23	206	158	462	349	103	674	30
Prevotella pr_cl_855	48	0	33	465	111	36	171	106	611	518	393	432	119	35	23	77	376	83	287	262	705	175	2	1330	44	46	755	60	90	54	54	2	12	7	82	69	4	87	202	217	980	114	24	531	532
Prevotella pr_cl_845	49	53	19	1274	184	5	307	28	179	162	1498	77	542	168	169	338	294	31	807	967	129	102	389	499	658	34	410	278	328	180	116	2287	24	9	16	172	19	4	108	104	163	601	89	384	7
Prevotella pr_cl_771	51	13	921	101	90	11	78	7	41	14	83	105	113	14	53	209	137	33	82	204	754	246	203	1130	306	16	1649	81	54	44	1	11	19	0	36	22	76	112	1708	34	397	263	49	715	4
Prevotella pr_cl_851	53	13	66	339	88	34	22	20	107	60	500	61	124	33	22	340	309	218	416	165	178	101	76	768	59	42	504	40	458	17	1	4	7	6	3	24	10	10	140	126	111	150	37	397	50
Prevotella pr_cl_809	54	2	10	887	197	33	70	55	226	161	491	70	259	494	111	561	422	117	571	386	143	78	305	310	485	19	557	112	303	56	49	8	37	7	7	58	25	28	214	76	242	188	38	527	12
Prevotella pr_cl_793	56	22	93	656	46	105	194	303	166	162	253	318	208	24	39	713	932	315	152	255	616	244	129	328	478	78	273	1728	75	49	13	171	29	7	29	36	2	211	575	59	548	763	71	502	61
Prevotella pr_cl_839	59	16	21	433	167	20	308	12	80	117	227	195	604	117	554	378	615	59	392	527	71	414	1735	509	793	34	502	32	133	219	18	48	33	36	6	92	16	26	256	58	242	514	55	305	26
Prevotella pr_cl_810	78	153	33	887	754	38	461	56	821	551	1679	316	596	508	369	915	1028	50	2862	1185	239	423	349	732	555	211	793	244	1056	197	102	150	56	26	18	168	41	33	517	387	590	858	344	1314	38
Prevotella pr_cl_822	78	172	63	1458	927	35	277	85	1638	492	2001	156	580	627	334	621	1069	31	3167	1419	174	409	194	758	434	169	858	185	1160	141	238	26	131	16	12	327	42	7	236	437	553	884	338	1448	32
Prevotella pr_cl_749	82	49	43	369	320	57	111	73	115	383	636	273	489	124	257	1171	561	1078	1040	693	266	929	772	270	1562	144	879	236	375	109	48	16	32	105	184	95	85	298	580	115	940	477	51	403	44
Prevotella pr_cl_836	84	143	3245	747	388	32	864	84	745	332	1236	304	276	325	203	452	716	34	1789	941	207	267	184	435	231	106	422	121	803	177	30	6	43	20	25	108	33	13	210	271	343	658	238	1416	31
Prevotella pr_cl_701	101	0	69	404	23766	4	96	0	125	151	5131	694	8390	208	37	3080	96	42	291	324	426	75	364	322	11924	349	102	4	49	46	0	0	38	364	28	3605	8	38	28	14	1418	408	179	53	0
Prevotella pr_cl_805	108	22	2291	871	264	30	300	45	354	379	1005	299	532	286	366	1010	509	109	925	630	190	618	489	2774	1507	67	950	471	371	199	17	12	66	35	26	618	216	107	314	336	1242	460	129	801	64
Prevotella pr_cl_825	112	67	25	1607	627	54	632	244	587	676	1488	124	499	489	208	679	704	52	2343	1325	210	179	306	543	410	134	841	117	998	191	49	23	73	19	20	305	45	14	254	378	1044	737	242	1200	25
Prevotella pr_cl_750	112	0	1	276	7	0	8	0	3	0	34	94	14	0	6	10	967	12	8	7	4	38	7	739	17	15	12	7	0	2	84	2	0	7	17	152	5	30	51	3	185	842	4	6	0
Prevotella pr_cl_790	119	23	48	1848	591	459	1374	107	4497	710	2201	1542	1331	401	1357	2068	1117	283	887	1750	1561	940	1370	1762	3762	127	2874	282	1014	160	139	47	96	46	271	413	229	278	960	395	2327	1834	203	1983	101
Prevotella pr_cl_876	122	23	18	1773	88	42	125	61	133	91	527	1650	630	28	64	6132	822	1263	536	564	1750	431	513	226	2643	125	1026	137	112	557	23	9	26	64	708	202	55	238	584	34	667	753	88	443	48
Prevotella pr_cl_768	130	5	113	5051	5113	99	5147	96	1611	3314	939	976	4597	666	3840	6533	2262	167	9580	8120	748	91	13097	3857	31513	332	2134	39	1525	303	163	53	498	942	138	2110	314	63	126	230	1409	4738	1054	835	146
Prevotella pr_cl_838	131	13	25	996	325	32	388	38	429	320	1315	741	571	251	332	982	467	147	1105	750	548	228	437	1697	1595	56	1568	477	671	69	18	51	55	38	18	71	58	66	685	97	785	449	73	1556	54
Prevotella pr_cl_857	131	0	36	1160	185	77	635	337	455	1319	199	1287	276	57	66	217	2351	149	217	327	852	848	41	1226	214	105	1959	463	391	259	36	2	35	35	101	197	4	77	87	390	484	690	35	1875	184
Prevotella pr_cl_827	143	6	8	484	94	25	84	20	111	105	589	79	208	134	48	190	221	29	358	352	39	51	103	129	129	19	1161	37	242	14	12	1	17	15	18	34	16	10	178	50	202	104	10	789	45
Prevotella pr_cl_786	152	45	4	656	88	33	289	21	155	46	71	608	197	22	69	545	110	53	222	333	352	304	299	231	519	23	2173	45	112	17	122	3	63	11	6	29	14	53	185	16	703	265	15	393	24
Prevotella pr_cl_764	161	8	33	16686	369	227	449	41	40	170	7052	41434	4584	132	272	86471	16580	3158	1294	18409	17385	1240	2801	2919	4450	1453	8810	563	1145	30460	54	18	271	57	20	478	34	701	3625	617	5419	8584	141	12679	142
Prevotella pr_cl_870	184	12	89	2295	354	149	817	1102	4628	14893	753	1512	362	112	128	404	2136	188	530	65125	729	1233	87	906	939	106	2926	886	871	616	1282	35	146	40	389	12365	8	94	41	368	949	1247	64	3004	329
Prevotella pr_cl_849	190	61	32	1118	60	23	59	14	126	54	1100	201	145	29	20	442	155	286	550	301	149	124	52	138	44	15	2638	75	875	18	3	4	51	14	24	5	8	54	190	60	322	135	19	1654	26
Prevotella pr_cl_869	200	1	90	1869	198	57	514	256	932	2723	896	1388	295	48	57	282	2527	407	421	1180	560	2230	102	576	337	112	4128	530	442	949	279	4	61	77	132	222	4	65	148	375	623	623	30	1757	149
Prevotella pr_cl_763	242	43	233	11973	744	470	717	172	1342	583	9056	29176	3702	1399	799	12247	10407	2752	1719	17156	6435	1395	8848	2825	4324	404	7964	741	1433	3560	181	558	165	62	136	681	132	688	4449	670	6128	7475	439	17525	221
Prevotella pr_cl_863	251	4	52	5397	500	113	2134	331	878	1910	892	2425	591	183	122	725	6763	202	728	1530	976	2178	144	1838	444	190	5336	954	1889	1091	165	11	81	131	123	564	17	104	44	1518	1729	1364	95	4481	546
Prevotella pr_cl_747	280	676	29	1485	561	53	15	29	23	100	144	11007	475	10	37	3097	1032	2425	417	1673	2424	7043	300	1585	664	241	841	271	109	66	7	3	41	415	426	183	5	2095	10629	290	1692	596	32	1288	3
Prevotella pr_cl_861	351	15	125	3373	503	291	3353	892	3357	8500	1179	4743	666	253	104	459	6632	431	591	3667	2237	6836	140	1637	1524	419	8098	2963	1180	1222	330	1	109	114	179	985	17	310	107	1176	1120	1301	116	4001	951
Prevotella pr_cl_767	384	7	0	34376	36959	10	37303	16	11714	25865	3957	1874	32254	578	25323	42583	1028	103	145677	56801	17	210	40049	30266	323879	241	9864	14	11824	199	23	11	3891	9741	0	15256	107	25	19	255	7062	13993	1888	2015	51
Prevotella pr_cl_800	403	172	81	10018	34756	169	7880	234	2201	20955	8872	3059	32472	38441	37451	5015	2226	589	52535	21083	338	1232	12781	8375	70679	1464	2810	793	6853	858	111	240	1941	395	84	2783	1849	141	1320	1304	18348	8400	912	3052	297
Prevotella pr_cl_868	421	1	50	5019	748	190	2025	521	1819	5435	1031	2559	1243	264	156	616	5165	297	949	3729	731	2299	199	1537	571	309	6673	1257	1278	1049	321	51	125	89	149	936	31	136	37	1108	1457	2513	107	3951	360
Prevotella pr_cl_804	431	197	157	5730	7611	421	2364	2656	1674	2723	12981	1387	3160	4003	2511	5184	2980	1035	5645	6172	1508	5367	5035	3589	19157	402	2613	2716	3793	757	531	992	314	233	270	979	2677	615	1867	740	4191	6988	5965	2952	1598
Prevotella pr_cl_848	440	92	10	2449	128	8	114	10	212	57	3504	595	1151	55	148	2852	368	323	796	722	242	145	205	335	243	61	6820	487	1280	53	18	7	127	57	18	35	3	48	394	94	170	417	34	2539	60
Prevotella pr_cl_760	442	27	14	2348	417	9	233	28	83	351	148922	2585	2307	228	702	4405	1054	257	1263	1542	837	211	6641	436	4350	503	894	142	725	689	96	24	405	137	104	909	82	275	397	500	501	3562	831	1566	118
Prevotella pr_cl_797	557	326	52	36228	32444	171	27283	307	4035	22904	10337	5520	32147	13990	14057	11345	1255	1241	158618	55004	787	1459	22124	22896	115770	4046	3619	921	18187	696	337	767	8470	1180	129	9261	6946	250	875	1314	278414	25520	1091	3863	244
Prevotella pr_cl_883	575	3573	121	4552	440	291	110	219	345	674	492	711	21473	98	275	8815	817	699	3559	10794	2172	4981	703	2555	645	57	2243	97	2589	97	55	466	101	292	377	2777	69	1607	5092	958	334	3003	248	87751	143
Prevotella pr_cl_837	641	110	19	2305	472	159	430	59	687	1837	8915	1821	906	586	485	3194	2421	374	4327	2977	608	3687	637	1077	690	446	2416	532	8165	961	31	29	105	109	107	104	37	425	2776	1645	701	4039	115	1516	256
Prevotella pr_cl_834	656	14	18	1527	1830	269	586	893	880	1226	6407	633	1208	2741	562	2636	2059	118	11998	1974	301	1322	700	2179	1553	575	3415	1050	3724	1257	98	39	197	104	64	372	39	61	896	5433	5076	2975	388	2697	173
Prevotella pr_cl_860	665	4	419	6836	767	769	2326	1120	1904	5798	1997	8408	922	282	222	691	11367	1617	849	5074	2456	9754	232	2574	935	482	27274	3556	1924	4175	503	1	124	151	184	802	19	292	110	1875	2282	2040	229	7770	719
Prevotella pr_cl_867	687	19	52	5590	698	233	2458	469	1384	3827	1456	2671	1239	231	147	931	5072	345	1455	5485	1358	2069	150	1562	958	533	5550	1590	2120	1087	361	95	97	308	288	633	69	141	62	1301	1306	2621	456	5322	1095
Prevotella pr_cl_850	715	1314	1500	37301	1793	486	398	329	407	289	3263	2592	7491	1177	650	2694	2165	22875	4682	35209	4191	64341	15434	61822	7502	851	3573	1575	27810	518	24	100	514	2578	516	4367	215	1443	64456	718	2474	1897	2313	81466	159
Prevotella pr_cl_875	731	320	135	23775	566	953	42	162	92	18	5750	15212	389	116	27	84268	10272	106937	1333	4275	21903	131	3888	4330	56775	1424	6883	152	1071	7004	2	1	25	1646	8781	118	79	544	997	56	272	7921	895	237	36
Prevotella pr_cl_773	810	13	1706	560	407	289	365	222	613	495	493	1600	2062	623	446	2157	1140	269	1142	2883	1238	2287	754	1671	1464	100	2611	927	1563	165	152	1617	122	28	266	162	97	2239	35971	201	4777	2902	277	14832	218
Prevotella pr_cl_746	819	827	32	2194	991	101	21	18	7	8	132	19549	505	18	20	4679	1540	3965	538	2860	4144	11986	324	2640	646	485	1366	492	133	78	10	0	36	694	726	257	7	3704	20166	549	3097	815	14	2443	8
Prevotella pr_cl_878	898	13	23	9610	32486	81	14030	386	4701	24405	9929	1006	7960	9169	26017	13726	3035	230	18826	15386	156	362	13933	4768	74923	1931	4129	56	11986	2489	1360	1282	1464	567	495	2097	2348	20	126	1619	2290	15197	12130	2876	273
Prevotella pr_cl_806	1009	3172	143	229277	30988	315	2056	693	19375	14349	457803	3822	127417	18086	41226	14752	28007	2962	45754	171503	2358	4801	113266	80177	284801	7474	25514	2172	52707	23487	2628	373	29134	389	299	38453	5104	280	2256	15811	6711	358788	23639	6680	631
Prevotella pr_cl_813	1109	138	706	3148	1260	147	693	292	1922	1524	3391	638	2364	1272	1013	7067	1948	336	4325	2523	618	711	1799	1381	1911	210	2873	1137	2381	289	362	165	178	90	85	509	79	1056	2218	704	4384	1815	489	3475	107
Prevotella pr_cl_862	1190	13	72	3143	885	248	2251	902	4313	13778	1765	1916	1038	297	332	629	40570	216	1299	185069	897	12715	7392	1373	1274	340	11926	1416	2824	2126	1289	30	190	225	277	13162	61	150	59	2616	1364	1358	133	3356	284
Prevotella pr_cl_738	1207	49195	899	6028	1383	623	1617	520	3841	692	1298	1153	775	162	397	4753	5736	19445	1102	1652	803	4756	6522	1328	4200	703	1889	111	1793	203	9	44	130	135	141	969	95	1099	1892	277	3981	3634	173	159906	2706
Prevotella pr_cl_866	1322	30	36	6284	832	134	2014	301	2328	5931	2263	1773	1339	284	152	558	7055	404	1449	3872	1032	1131	428	2229	1371	5945	6878	1015	2677	1234	51	6	152	214	5919	1152	98	115	109	1033	1816	3981	159	4633	620
Prevotella pr_cl_823	1543	2814	558	17062	17162	799	4494	1373	137556	16821	101940	4949	10374	12447	8509	16467	18199	1313	63862	31098	4865	6459	5578	15942	12335	5507	15574	7113	23671	2808	979	11568	1157	539	323	3492	905	571	5680	8516	201222	17414	14565	207771	530
Prevotella pr_cl_744	1552	2295	535	142632	16873	1066	1157	2144	222	1631	53520	31025	73581	435	2163	118622	32965	123705	6677	14058	104182	11672	23545	15839	4992	32188	26849	2223	2176	1737	912	583	1715	2062	9832	1872	346	208871	81114	1196	13998	18122	126	5087	113
Prevotella pr_cl_865	1563	8	43	8484	43694	158	4553	386	3244	4873	1147	3724	4151	594	625	1393	10565	313	2095	2661	888	1969	478	3093	2448	491	18411	1060	3309	1763	218	12	200	290	124	2288	36	209	91	2294	2815	5355	155	7821	972
Prevotella pr_cl_859	1576	11	323	44017	2425	467	5413	1410	3890	7022	3750	19047	2614	608	506	2853	55411	1014	3174	7009	3728	11675	619	4606	2185	881	42786	4487	5641	6130	464	50	236	432	249	3535	45	914	342	4464	328612	8274	339	28299	4672
Prevotella pr_cl_846	1651	625	773	13836	3928	1679	751	578	3445	1985	8756	2598	6322	2059	1030	13365	21473	1321	10199	5175	176254	2851	1081	31445	1824	500	14969	477522	8083	1243	152	222	343	255	197	798	159	16809	322418	4054	2601	12428	745	13344	2215
Prevotella pr_cl_854	1703	23	486	11996	3481	1512	3847	2254	8505	25089	7804	10561	5524	1363	852	6012	23200	2245	7020	18913	9193	8930	1679	9450	13020	1405	27980	11420	8460	11103	8318	4414	687	716	1228	3709	128	1045	3221	6079	7119	5466	838	24928	2914
Prevotella pr_cl_796	1940	785	963	45797	174715	455	492626	911	3483	19409	106863	21904	233264	70522	234865	22837	19975	3157	24548	30690	3210	9511	1660350	6477	422752	4921	15002	13227	24332	3256	1418	3901	40901	98086	1628	14223	707563	2184	10426	2991	22295	99272	4689	12042	2380
Prevotella pr_cl_788	2275	760	132	82376	8182	508	3626	734	44440	13301	45942	14095	45405	12749	18132	73344	12495	2356	123585	93037	3447	7427	30363	113307	48335	4717	48724	1448	8049	3382	665	2284	8137	984	473	8429	503	1291	9109	7142	101811	70013	2938	36467	570
Prevotella pr_cl_795	2850	3586	344	282357	89396	2153	8387	10812	954	8416	40081	12337	884547	4901	17704	339369	13066	2846	211741	479899	7221	9465	215421	191705	1486975	2435	28301	1591	255582	2088	441	457	9821	54014	58	54473	7146	476	1004	2093	7216	329973	1006	34682	57
Prevotella pr_cl_874	3296	41	171	101327	3039	1837	350	2679	11195	250	10765	64614	37407	498	500	71239	37598	2345	32016	50387	42363	4524	4555	22164	14928	3817	70190	14830	4163	5543	207	124	1886	1885	865	2979	152	1361	4984	1550	88912	22205	416	42335	4531
Prevotella pr_cl_879	3533	344	532	12176	62778	872	44768	3264	28799	8868	64712	10572	58828	13542	191425	85548	14226	1298	158848	44214	2781	4287	149948	26170	542074	27364	6593	3489	13606	9329	903	10427	11246	2639	1044	13090	47386	2945	19022	2976	26951	236523	93338	8976	632
Prevotella pr_cl_737	3540	28	221	3056	2544	398	9797	115	133	221	959	3034	1841	144	482	154161	1698	613	4603	2905	856	881	6069	1457	20628	271	5173	1183	1890	908	52	24	469	546	1854	392	53	190	4723	662	3891	5008	117	2316	711
Prevotella pr_cl_815	3577	3624	1358	53320	25365	2583	8312	4679	35973	24264	72807	9422	25354	34649	13138	41059	32086	2318	105167	44828	7826	11285	14652	30336	52583	5001	31094	8039	52880	5608	2530	2033	2514	917	779	6354	1749	1690	13840	22452	29777	37255	10148	53032	1344
Prevotella pr_cl_780	5362	897	282	255146	27720	900	1436583	2404	59084	15326	96554	15558	108065	11344	54837	131099	16989	45444	119001	178505	8492	10793	211805	49716	364553	3648	32496	17921	103092	4147	7977	853	10921	20046	1109	16255	2275	2952	10047	3733	666061	178078	5226	99826	14733
Prevotella pr_cl_757	5956	14121	751	25870	2639	258	425	113	43	66	2427	78165	16913	422	1478	781374	11564	64424	725	12774	34064	13201	7405	14568	8481	8987	4540	1004	886	7516	5	69	855	12296	9396	291	149	32505	120435	6746	1971	17544	253	2714	22
Prevotella pr_cl_871	7151	25	72	48417	569	7994	802	1496	224	741	602	6147	3011	542	553	97701	13770	12816	37828	12741	3726	118472	1736	14282	14323	672	88271	630	958	4987	8770	34	4912	50	21995	140	163	6366	10635	2582	39137	15412	5304	20134	845
Prevotella pr_cl_739	7164	31	404	70248	376	5085	68543	2353	343	68	3986	472312	3817	59	216	186172	101189	70242	7583	22982	120271	53312	4912	47750	5350	31931	79978	145531	74	43451	4	4	762	625	16017	9780	32	13831	106886	2777	19376	11281	96	22230	876
Prevotella pr_cl_748	7907	7430	780	179607	13150	1198	3512	6191	819	439	121082	206764	46358	1527	668	956599	84008	261832	17336	42581	54486	28952	50020	6429	25710	32439	18059	32032	3064	16888	149	64429	2167	36533	4058	9648	2401	26144	41376	12901	5406	71406	2548	41479	481
Prevotella pr_cl_761	9291	64	13	3010	17002	1	318	2	10	88	13617	78549	74373	9176	42093	7986	24199	201	13290	3966	1476	164	482730	1655	256082	19607	18971	28	698	5062	2	2	20329	4186	292	58296	1072	18	2956	692	204	82313	15315	2646	160
Prevotella pr_cl_882	9468	16882	949	197323	20387	1230	13927	4503	27606	12485	23331	11688	51436	8667	7642	72128	14772	5785	99801	55147	9778	13822	117187	14008	149461	2471	47330	9022	24026	5559	1456	17245	5575	11416	3271	11511	4353	26147	45465	3356	64339	25324	13199	115935	5241
Prevotella pr_cl_847	14022	3691	309	98378	3916	437	6372	779	5327	2514	63913	8880	471654	2145	5453	1293006	15419	9082	27334	17431	11464	5229	5458	7634	9410	1460	150578	5437	74716	1784	314	81	5557	2444	506	1524	678	1596	15684	4623	14002	13364	1500	97493	3185
Prevotella pr_cl_766	15430	839	104	171155	82334	515	294969	1399	3246	44573	37432	99056	434095	41176	564291	303745	104452	31216	186259	358008	2505	1717	1603348	18486	480885	15846	57145	1923	14615	167792	10089	8575	22644	45642	160	57515	15329	1724	3618	1152	110766	501469	46780	48313	11505
Prevotella pr_cl_759	18281	22	17	119567	5793	67	3470	493	78	108	12370	41962	45646	829	11917	322867	67711	2252	46035	62922	13992	371	32061	13161	56350	10321	22194	97	13634	102663	23	14	6746	3429	9371	8337	37	16	231	4313	5958	116082	5771	95347	5298
Prevotella pr_cl_727	18905	6627	1499	35530	2987	574	213	107	101	123	2647	1606	7544	376	3686	2785	31298	190815	26667	8063	1449	95654	6554	1308	1438	762	41487	1440	1583	172	63	8	121	440	1978	3697	675	189675	157519	313	5149	16876	1078	754	38
Prevotella pr_cl_856	20121	911	173432	370488	12488	629019	62206	128488	375154	69560	1273654	389565	356738	25187	4528	36116	283102	80614	40955	320096	1044752	448395	12553	1081367	28052	66510	361862	40246	124267	28274	26777	15944	3853	2315	260812	61437	1086	601761	632097	194030	314422	355563	33937	843048	208042
Prevotella pr_cl_745	23477	18213	612	39882	17669	1240	126	304	32	104	2270	342770	9244	529	376	79084	26788	71003	9475	49942	82151	215694	6328	44429	12258	7064	25313	8355	2689	1404	256	5	726	13017	14517	4225	201	89590	763946	9378	56037	15345	151	39297	172
Prevotella pr_cl_728	25598	7475	1510	140134	12142	5777	631	2481	238	442	1682	360549	38232	2075	2786	1488092	43672	1089918	17641	305907	53491	2239074	11944	151033	277456	3343	94136	2885	1817	837	97	26	736	1236	73703	19862	412	572512	2816360	14893	6679	36720	1052	3925	544
Prevotella pr_cl_853	29432	3070	517	523017	5785	5145	1083	25263	550	2082	73343	385317	591149	596	10741	1466729	2173702	1521969	13999	230473	1033009	731151	437489	26074	220751	267360	378572	174699	2311	117966	189	624	63501	390	67114	1086	565	61148	725660	36041	633	2112992	8045	3840	538
Prevotella pr_cl_858	30832	197	5014	280775	41612	201411	108161	369277	138507	426036	79636	224408	46053	10544	10034	46991	457573	34543	55479	203179	91600	193720	11867	98864	43450	18199	483209	2445674	103949	89704	83212	28512	6191	8698	9019	80721	1127	23147	7864	108931	110123	90537	9144	467069	38293
Prevotella pr_cl_877	37866	266	168	349337	1504720	1768	966761	9769	205141	1230524	1026608	38939	347011	444480	1170083	553108	139105	8121	857631	585295	3042	9625	540945	287883	3082336	104288	123171	1239	523094	121190	82383	178681	62053	20070	1699	118266	180455	771	3497	230230	89419	814929	831642	97561	5077
Prevotella pr_cl_872	45648	94	94	540687	24553	628	2910	1424	73398	6788	187193	85479	74008	5495	18428	1444054	60922	32134	181197	27723	48923	4552	73966	32837	151429	4337	192193	2133	66303	50736	250	9716	26001	6280	2935	10931	517	1879	960	6628	63458	83326	10786	97044	3883
Prevotella pr_cl_783	50655	49636	51328	71405	38426	82795	7942	67715	4952	7537	52891	2295434	50128	5470	12808	244370	265242	384359	192200	395868	490651	766925	50095	294557	89039	9735	1028804	156009	77985	6358	1912	910	4866	3412	29529	19608	2138	314365	1620780	75893	1173925	81617	6367	653270	24825
Prevotella pr_cl_743	50674	41	143	570587	5468	10513	196984	11028	143221	35064	148201	324418	26329	12725	3550	927447	484396	29250	286723	85292	48898	119527	10795	65700	55629	31913	757763	13281	123388	138251	12110	168	25747	9775	52316	40929	299	1633	12196	8267	34074	258438	3855	195477	24132
Prevotella pr_cl_881	110237	576	1222	991179	304699	26456	1048368	86117	244335	814016	801337	175863	392146	237282	623416	750922	647914	25190	960395	936572	54929	92176	385865	206066	2280394	96450	715248	108244	898558	574355	449101	66045	70633	42593	28552	107892	106468	5441	10549	234532	200032	1064396	137647	440670	100441
Prevotella pr_cl_852	155295	290	13478	647806	33133	316264	256180	187555	79430	125590	716409	722697	229792	75233	208751	727487	966293	35982	628266	268088	250994	362359	20411	350898	96764	89960	1376120	489232	451209	315841	119157	730	19787	18382	154133	70084	2312	89356	88819	241537	614459	466353	172967	614540	170238
Prevotella pr_cl_864	220488	1669	3705	987511	155468	13529	425416	36304	336000	690478	743184	218023	297866	77094	221800	734279	588422	41964	991132	472029	70215	167180	143504	365499	1318993	70482	1092849	118787	1890424	562484	308446	212437	23938	59823	30811	202774	32460	10730	8055	129207	269503	631930	40988	676223	325579
Tannerella pr_cl_580	4	5	26	36	6	11	12	0	0	13	42	2171	12	16	8	223	18	130	26	27	207	120	23	692	86	28	277	508	60	11	0	8	70	2	135	34	0	753	2610	4	110	17	0	307	4
Tannerella pr_cl_622	12	0	2	35	5	26	104	58	14	60	56	46	4	2	22	37	50	1	67	59	35	37	14	113	58	14	73	10	47	22	0	0	2	2	14	13	0	5	63	37	59	29	5	41	25
Tannerella pr_cl_579	27	18	12	226	30	38	188	14	13	88	182	1442	59	3	113	96	144	153	44	274	523	351	50	1366	241	69	302	258	54	26	7	12	2	3	140	87	8	1505	4405	11	113	301	6	332	47
Tannerella pr_cl_582	30	40	53	263	21	108	2870	69	201	28	293	437	156	217	25	465	638	136	65	232	294	355	29	1149	139	193	624	340	37	66	1572	10	4	19	225	505	15	940	2514	25	28	10	538	1133	42
Tannerella pr_cl_584	73	17	32	435	53	74	161	38	27	162	196	477	98	30	71	231	180	332	121	421	342	1501	77	1270	1063	159	455	368	28	80	5	8	5	10	142	64	1	981	3183	22	364	194	8	776	109
Tannerella pr_cl_629	139	0	38	1385	118	200	1060	239	137	815	736	846	259	87	249	1424	984	102	1140	831	1237	676	165	1409	1352	132	1352	225	619	609	21	20	63	31	160	105	10	84	813	274	680	566	35	1123	1406
Tannerella pr_cl_627	189	0	11	1471	103	181	1520	230	221	697	1209	1011	279	49	126	662	610	27	547	812	723	459	316	1016	2298	88	836	270	418	445	16	3	86	27	158	169	7	155	438	396	517	391	37	1329	2860
Tannerella pr_cl_581	310	1239	2161	5213	132	4525	1527	927	179	551	4032	528811	892	84	750	1404	4064	5471	804	1909	155188	8252	470	522680	2809	11592	27394	370736	451	2827	25	46	42	28	20819	4631	136	75053	381067	297	931	1770	186	11687	2610
Tannerella pr_cl_625	1255	0	115	3617	519	1029	1717	945	240	3677	5224	2386	1141	410	1051	3202	5281	127	2882	2491	1220	1639	475	3542	3150	473	6034	793	5664	2769	317	19	99	123	413	472	42	260	511	1966	2673	2725	188	3672	1157
Tannerella pr_cl_623	6471	0	9891	15189	2087	4997	9006	5907	1175	14676	17002	15802	5534	1688	4269	20147	30999	1539	12102	11382	27941	9636	2593	632957	9695	2446	22339	4931	19946	14292	937	240	450	638	1908	2415	221	1298	6123	10666	45070	14540	632	27592	11783
Tannerella pr_cl_583	9747	3271	2005	25788	2198	1878	6502	481	365	5567	3599	24730	2902	1292	1339	21075	8745	62855	4994	16034	8357	227920	3220	36242	69789	2274	13547	14165	2427	2046	126	122	396	90	30007	1795	196	31879	136205	660	6386	2705	1271	72455	2008
Tannerella pr_cl_626	18997	499	1828	573833	41856	5777	1173074	11152	7040	40579	57169	58651	86797	7084	21556	112523	35303	3082	262540	491660	39979	22341	245690	50052	911459	8679	73817	8405	79007	19856	3193	640	47286	4831	22532	53864	662	7090	22980	17575	33452	60468	8652	324332	416928
Tannerella pr_cl_628	57569	34	29602	1472270	16369	52913	23364	68274	4146	106186	67223	2347557	35734	10707	16360	322318	272018	13697	197576	443026	2205577	538843	20276	1758837	55266	126360	427184	375055	64514	28313	4367	653	36461	5282	161106	14635	467	118332	5024990	47683	349548	38919	1922	521530	52106
Tannerella pr_cl_624	2990959	1751	196046	7998389	1758045	1970709	6249551	3006449	710154	11947109	14608085	7392863	3853473	1315165	3593557	8809482	14251578	811113	8775788	7320379	1592809	4018927	1457479	3270869	7874747	1226569	17207011	2492433	16983031	6422946	3369777	325933	204026	229358	768272	1725181	197731	581799	697615	5157926	7694886	11234491	1143467	8510166	1707423
PJMF01 pr_cl_51	0	0	0	0	1	0	0	0	0	0	0	2	0	0	0	3	17	1	2	0	4	7	0	13	2	3	4	2	0	1	0	0	0	0	0	0	0	143	365	0	0	0	0	0	0
PJMF01 pr_cl_49	6	0	2	0	2	0	0	0	0	0	0	4	5	0	0	2	44	0	1	0	0	6655	71	21	4	2	0	2	0	0	0	0	0	0	0	2	0	11967	34208	0	4	0	0	0	0
PJMF01 pr_cl_50	106	45	356	170	230	32	183	5	17	70	68	555	133	31	38	298	2525	123	160	94	298	796	93	1358	70	71	148	202	328	55	8	0	11	7	135	143	47	1262	4164	85	26	66	13	50	33
UBA5232 pr_cl_1170	122	59	258	290	646	186	1266	401	33	346	201	2109	733	635	306	750	6617	21480	294	285	32494	25544	386	22827	270	919	643	202	106	9	83	96	59	9	439	426	27	34266	88421	104	230	60	33	220	491
2-01-FULL-56-20 pr_cl_1850	0	0	0	0	2	0	0	2	1	0	0	3	0	0	0	5	0	2	0	0	6	2	0	3	0	0	2	0	0	0	0	0	0	0	0	0	0	6	6	0	0	0	0	0	0
2-01-FULL-56-20 pr_cl_1849	0	0	0	0	0	0	0	0	2	0	0	0	2	0	0	0	0	0	0	0	0	0	0	0	2	0	0	1	0	0	0	0	0	0	0	0	0	0	0	0	0	0	0	0	0
2-01-FULL-56-20 pr_cl_3278	0	6	0	2	0	0	2	0	0	3	0	0	0	2	0	2	0	0	0	0	0	0	0	2	2	0	0	0	0	0	0	0	0	0	2	0	0	0	0	0	0	2	1	1	0
SURF-38 pr_cl_3903	0	0	0	0	0	0	0	0	0	0	0	0	0	0	0	0	0	0	0	0	0	0	0	0	0	0	0	0	0	0	0	0	0	0	2	0	0	0	0	0	0	0	0	0	0
DUUL01 pr_cl_2516	183	9	12	14	489	382	11	64	0	26	27	461	124	53	22	106	29	250	3	12	424	2020	188	18768	1230	179	42	19	11	6	6	0	5	2	23	26	8	57	231	7	2	5	0	22	9
Altimarinus pr_cl_1822	0	0	13	0	2	2	0	0	0	0	2	0	0	0	0	0	0	0	0	0	0	0	0	84	0	0	0	0	0	0	2	0	0	0	0	0	0	0	0	0	0	0	0	0	2
GN02-872 pr_cl_1821	0	0	0	0	0	0	0	0	0	0	0	0	0	0	0	0	0	0	0	0	0	0	0	0	0	0	0	0	0	0	0	0	0	0	0	0	0	0	0	0	0	0	0	0	0
GN02-872 pr_cl_1820	0	0	119	0	0	0	0	0	0	1	3	0	0	0	0	0	14	0	0	0	265	0	2	750	1	0	65	17	0	2	0	0	0	0	0	0	0	331	150	0	0	2	0	0	0
GN02-872 pr_cl_1818	14	0	2	2715	11	4	2	3	118	50	67	22	1431	6	17	39	17	8	20	49	16	1114	11	38	12	88	1069	38	30	24	1864	0	0	0	3	9	0	6	10	23	45	5	1	190	4
GN02-872 pr_cl_1819	167	5	385	3022	93	703	127	174	542	256	492	586	132	193	145	514	4820	52	148	210	69	2062	67	515	198	35	950	387	197	220	162	70	31	10	509	36	5	830	191	245	3002	116	22	3815	286
GN02-873 pr_cl_1815	0	0	0	0	0	0	0	0	0	0	0	0	0	0	2	0	0	0	0	0	0	1	0	6	0	0	0	0	0	0	0	0	0	0	0	0	0	0	0	0	0	0	0	0	0
GN02-873 pr_cl_1814	2	0	179	0	0	34	0	4	0	0	0	49	4	3	1	2	0	0	7	0	0	253	0	479	3	9	2	924	0	4	0	0	0	2	0	0	0	83	0	1	0	0	0	8	0
GN02-873 pr_cl_1812	4	0	8297	0	0	8	0	4	0	0	0	86	0	0	0	0	0	0	0	0	0	50	0	83	2	3	9	201	0	0	0	0	0	2	0	0	0	132	5	0	0	0	0	29	0
GN02-873 pr_cl_1813	16	0	521	3	0	82	3	2	0	2	17	15772	0	3	4	2	0	0	0	0	6	1409	5	366	4	58	66	357	44	32	0	0	0	0	24	0	0	232	23	5	0	0	4	111	3
GN02-873 pr_cl_1811	131	0	2118	79	0	265	33	53	3	2	120	434	10	22	54	12	21	14	3	0	36	9235	8	1457	11	228	271	46649	6	193	1	0	0	3	0	2	0	3735	294	103	9	2	0	1650	1
HOT-345 pr_cl_2745	0	0	1	0	0	3	0	0	0	0	0	4	0	0	0	3	6	0	0	0	3	0	0	15	0	0	2	5	0	0	0	0	0	0	1	0	0	1	6	0	7	0	0	5	0
HOT-345 pr_cl_2739	0	0	29	0	0	25	0	2	5	0	1	101	2	0	0	13	182	72	0	0	38	8	0	199	0	2	17	3	0	0	0	0	0	0	9	0	0	63	102	0	154	0	0	19	1
HOT-345 pr_cl_2741	0	3	5	0	0	3	0	0	3	1	1	4	2	0	2	12	15	0	4	1	3	0	0	24	12	0	5	0	0	0	0	1	0	0	0	0	0	6	6	0	24	19	0	5	2
HOT-345 pr_cl_2744	3	26	53	37	11	21	17	12	73	6	22	57	18	21	13	192	84	5	92	27	154	23	23	107	27	13	73	9	7	9	1	0	13	3	3	11	91	34	38	29	166	20	2	82	1
HOT-345 pr_cl_2742	4	0	5	3	0	5	0	1	0	0	0	34	8	0	0	27	14	1	0	1	3	11	0	27	1	0	8	0	0	0	0	0	0	0	0	2	0	7	15	0	5	3	0	1	0
HOT-345 pr_cl_2736	5	0	3	6	9	41	17	2	7	1	15	57	3	0	6	8	44	58	0	6	20	78	2	45	0	32	24	169	1	1	0	0	0	0	21	0	0	10	29	4	104	4	0	6	1
HOT-345 pr_cl_2738	5	1	11	12	0	51	41	3	25	13	21	86	6	3	0	35	93	39	0	9	27	152	3	55	8	0	29	164	3	10	1	0	0	0	17	0	0	28	61	7	108	5	0	22	17
HOT-345 pr_cl_2743	6	0	347	2	0	135	10	24	68	3	8	50	3	0	0	18	489	32	4	2	159	56	1	1205	0	10	100	15	6	0	0	0	0	0	16	9	0	70	532	59	10594	1	0	883	16
HOT-345 pr_cl_2734	7	0	17	23	0	59	2	7	3	0	21	91	0	0	0	11	150	85	2	5	46	111	0	84	0	1	66	437	0	0	2	0	0	0	16	0	0	3	122	5	157	6	0	13	1
HOT-345 pr_cl_2731	9	2	1	46	65	43	4	10	0	3	7	1402	23	5	2	294	390	8	7	40	188	5602	40	850	3	24	200	6	13	6	0	0	1	7	2	93	0	89	57	0	92	12	0	30	2
HOT-345 pr_cl_2729	9	0	76	20	14	11	0	4	22	0	0	204	42	7	0	583	341	92	10	8	71	153	0	162	16	0	121	10	40	0	0	0	0	18	11	14	0	87	70	4	8	8	0	17	0
HOT-345 pr_cl_2737	11	0	8	23	0	32	12	8	0	1	17	106	2	4	0	29	119	47	11	2	25	273	2	80	9	1	111	136	0	5	0	0	1	0	12	0	0	17	25	14	201	1	0	13	0
HOT-345 pr_cl_2732	14	0	4	12	6	12	8	2	0	0	1	321	18	10	2	132	269	5	37	40	134	1141	1	565	8	13	131	34	2	1	0	0	0	4	8	139	0	71	80	3	36	9	0	41	2
HOT-345 pr_cl_2730	21	3	10	2	23	23	0	2	1	0	32	977	25	1	0	234	294	4	9	16	131	5561	4	895	6	22	119	4	3	1	0	0	1	2	7	51	0	39	83	5	7	17	0	7	0
HOT-345 pr_cl_2740	98	14	1021	186	7	524	43	69	141	32	39	1056	122	14	0	895	3519	341	90	57	874	255	6	4380	18	11	1174	252	19	6	3	0	5	0	178	6	4	1254	1904	108	2855	20	0	945	43
HOT-345 pr_cl_2727	137	16	32	56	86	162	20	18	6	1	6	2508	163	8	1	1742	2238	132	88	71	989	1629	28	1341	71	36	1581	147	7	4	19	0	6	33	102	177	1	418	556	24	134	108	0	320	22
HOT-345 pr_cl_2728	473	27	205	53	418	482	8	52	3	3	23	10521	1749	59	26	16342	10996	1595	104	155	2993	5863	27	4291	199	65	4696	105	25	16	20	0	20	330	212	802	11	1629	1300	88	59	418	0	333	16
HOT-345 pr_cl_2735	539	2	1264	2478	5	5529	1271	629	228	107	1078	9713	34	19	9	1416	7390	5751	192	89	2799	14213	48	6883	59	56	3566	14534	44	143	30	0	3	2	1549	25	3	5131	50641	671	22997	143	17	1499	347
HOT-345 pr_cl_2733	4974	0	240	436	3	15643	77	2116	30	11	931	4324	5	4	25	4862	3235	1697	110	31	1686	5813	24	1574	43	66	3400	122221	28	168	3	2	9	13	385	33	0	3930	1175	274	2639	23	2	476	49
HOT-345 pr_cl_2726	41841	87	883	66686	459	7883	44556	1395	3595	2317	5501	176057	2285	173	113	162386	157232	26911	37176	20329	55248	71401	332	80215	14416	1528	180495	8235	1157	9316	2477	2	37	182	9695	1758	21	12547	43398	7075	236781	11075	174	183289	6365
JACDFN01 pr_cl_577	0	0	0	0	4	0	0	0	2	0	0	0	0	0	0	1	0	0	0	0	2	0	0	3	2	0	2	0	0	0	0	0	13	28	2	9	0	0	0	0	1	23	0	0	0
Saccharimonadales pr_cl_541	0	33	19	3	23	7	0	0	0	0	0	17	12	2	6	54	32	107	8	17	18	58	2	453	1	4	89	37	1	0	0	0	0	0	5	37	2	88	32	1	21	0	0	2	5
Saccharimonadales pr_cl_549	0	0	20	4	0	8	0	0	0	0	0	7	5	0	0	2	7439	14	5	3	15950	9	0	7083	0	48	4	60	2	12	0	0	0	0	3	0	0	45	10	0	2	12	0	7	3
Saccharimonadales pr_cl_542	2	1592	487	136	1982	27	2	8	0	10	62	497	650	213	609	1044	1397	5989	645	1097	528	3738	302	5986	48	187	6949	209	141	20	0	0	41	36	40	2449	76	42542	17037	51	1095	25	3	9	45
Saccharimonadales pr_cl_546	2	0	44	247	0	100	1	12	0	0	2	216	218	3	5	1276	371	0	0	27	152	172	14	1728	269	9	199	640	13	37	0	0	0	0	30	2	0	106	8	0	0	3	4	2	11
Saccharimonadales pr_cl_547	6	0	34	0	0	80	0	9	6	0	0	167	4	0	0	8	131	0	0	2	61	73	6	259	8	9	4	209	0	0	0	0	0	0	22	3	0	126	50	0	0	1	0	0	3
Saccharimonadales pr_cl_545	24	0	147	0	0	141	0	23	0	0	18	315	31	0	6	0	332	1	19	35	162	255	0	1226	14	22	6	637	0	0	5	0	1	0	195	4	0	375	108	6	0	16	0	2	32
Saccharimonadales pr_cl_543	88	6	4239	76	22	8141	8	1118	13	17	48	6732	33	5	116	208	13569	33	13	43	13846	38180	71	104383	52	520	135	72849	55	142	11	1	2	0	8537	38	4	7209	1199	34	58	6	7	59	39
Nanogingivalis pr_cl_572	1	0	7	0	0	1	0	1	64	36	7	0	2	0	2	28	30	1	5	6	2	5	2	132	2	0	17	4	100	2	0	0	0	0	0	1	0	33	23	0	0	0	0	4	0
Nanogingivalis pr_cl_558	1	0	15	12	1	0	0	0	253	13	5	17	5	4	26	4	16	2	4	5	0	3	7	6	3	5	43	38	6	2	0	0	0	2	0	5	4	4	4	2	1	3	0	11	0
Nanogingivalis pr_cl_551	2	0	0	0	0	0	2	0	0	0	2	4	0	0	0	0	6	9	0	0	3	0	2	6	0	0	1	4	0	0	0	0	0	0	2	0	0	4	11	0	2	0	0	0	2
Nanogingivalis pr_cl_550	2	0	121	0	0	0	0	0	0	2	0	216	0	0	0	2	1	41	1	0	2	4	0	49	0	2	0	15	1	0	0	0	0	0	6	0	3	0	1	0	0	6	0	0	6
Nanogingivalis pr_cl_571	2	0	2	0	0	0	0	0	8	5	0	5	0	0	0	4	35	28	10	6	0	37	4	36	0	0	14	20	6	0	0	0	0	0	0	3	0	0	1	0	0	2	0	0	0
Nanogingivalis pr_cl_576	4	0	2	0	1	1	4	0	15	9	0	0	0	0	0	0	17	18	1	1	0	0	2	2	2	0	4	0	0	0	0	0	0	0	0	2	0	2	8	1	0	0	0	0	0
Nanogingivalis pr_cl_559	7	4	33	37	0	23	8	6	64	202	27	49	11	15	37	53	151	119	55	57	38	22	59	184	2	104	75	46	108	5	0	0	1	0	8	62	0	12	18	149	1	13	1	36	1
Nanogingivalis pr_cl_574	7	0	20	0	0	5	1	0	19	14	1	3	0	0	2	2	12	4	3	4	6	2	0	5	2	0	1	0	3	0	0	0	0	0	2	0	0	0	0	0	0	4	0	2	0
Nanogingivalis pr_cl_562	8	0	26	0	5	4	2	4	43	127	18	25	13	12	9	31	102	25	27	35	15	75	2	187	1	2	36	18	83	0	0	0	3	0	3	18	0	42	37	4	0	8	0	11	13
Nanogingivalis pr_cl_568	8	0	10	0	0	3	1	4	19	110	24	20	13	9	16	221	126	24	20	55	15	11	3	90	7	2	19	28	53	0	0	0	0	0	6	13	0	60	519	4	0	11	0	8	0
Nanogingivalis pr_cl_557	8	23	208	13	24	6	0	0	513	159	27	34	10	4	0	61	145	54	14	18	13	67	6	77	0	13	100	61	72	0	0	0	0	0	32	19	31	25	1	0	37	9	2	12	2
Nanogingivalis pr_cl_556	10	0	15	1	3	71	0	5	2	26	10	195	36	1	2	186	1105	17948	52	107	70	24	20	770	4	5	21	392	10	2	0	0	0	0	3	16	4	1026	2786	52	0	262	1	0	19
Nanogingivalis pr_cl_564	10	0	20	2	0	4	3	8	64	77	12	18	20	7	9	39	2456	248	23	66	47	34	6	271	2	1	135	11599	80	5	0	0	2	0	2	16	0	62	6	10	0	3	0	2	0
Nanogingivalis pr_cl_570	13	0	14	2	0	4	8	15	18	186	30	30	5	11	9	13	77	4	39	63	5	37	3	131	0	1	16	19	120	0	0	0	3	0	3	31	1	11	0	0	5	16	0	11	0
Nanogingivalis pr_cl_573	14	0	13	0	4	0	0	0	77	58	7	23	16	3	13	39	168	14	5	17	14	40	14	90	7	5	86	47	60	1	0	0	3	4	2	2	0	7	25	0	0	8	0	35	0
Nanogingivalis pr_cl_561	15	0	22	3	0	8	12	5	50	284	25	69	23	10	4	27	146	39	59	118	40	49	7	416	15	0	54	12	186	5	0	1	2	0	5	47	0	51	20	2	0	7	0	5	6
Nanogingivalis pr_cl_565	16	10	27	4	0	9	1	1	77	131	25	63	46	10	49	205	518	47	84	66	23	31	5	189	12	25	52	160	162	3	0	0	2	0	2	25	3	68	10	31	0	10	5	11	2
Nanogingivalis pr_cl_567	23	0	42	0	11	10	3	8	136	129	27	34	5	4	15	76	196	70	32	47	38	31	9	144	3	34	49	97	41	6	0	0	3	1	3	16	0	67	5	0	2	3	2	82	3
Nanogingivalis pr_cl_552	36	0	201	2	0	5293	2	922	9	42	15	92	75	7	5	120	1344	905	672	64	84	17	20	1573	0	24	28	147	52	1	0	0	1	0	23	29	0	667	1890	9	0	12	2	13	295
Nanogingivalis pr_cl_553	50	0	33	1	3	283	0	137	6	73	8	141	111	10	8	164	1582	1378	574	103	353	5	50	1238	3	49	31	310	49	5	0	0	0	1	30	62	0	937	1545	23	2	17	0	13	265
Nanogingivalis pr_cl_555	50	2	10	3	2	42	0	27	11	26	4	300	109	1	57	180171	2543	3096	213	208	171	44	70	1623	5	50	79	1082	5	6	0	0	1	38	15	32	1	4311	7847	128	1	71	0	10	42
Nanogingivalis pr_cl_575	65	8	40	33	15	14	20	4	143	132	313	128	21	114	19	152	507	187	87	118	54	75	18	362	64	34	259	232	142	66	28	0	5	0	16	38	2	96	232	42	24	26	2	33	17
Nanogingivalis pr_cl_563	72	0	16	1	8	11	5	3	39	302	20	81	39	25	65	175	312	66	60	68	57	60	51	234	38	75	102	145	260	5	2	0	4	1	6	20	0	16	211	7	0	19	0	79	5
Nanogingivalis pr_cl_554	145	6	73	116	53	167	13	68	26	94	78	37454	559	17	18	819	20049	20231	379	895	945	57	164	11243	115	170	285	78286	57	68	0	0	1	36	218	117	1	45316	460130	367	22	395	17	11	130
Nanogingivalis pr_cl_566	313	2	2787	11	11	191	32	48	14702	636	345	117	47	27	140	356	1646	331	123	491	88	303	31	647	18	4	268	216	391	96	0	2	9	8	32	177	7	230	550	8	74	49	7	1454	27
Nanogingivalis pr_cl_560	417	7	257	44	69	156	89	30	596	3302	429	742	203	200	177	314	1899	471	634	1003	334	8085	120	2950	79	75	8576	372	1771	30	0	0	84	4	105	8303	4	322	556	19	1	162	0	251	27
Nanogingivalis pr_cl_569	449	0	3	0	1	6	8	2	11	331	25	162	15	14	0	6	92	6	36	38	21	11	5	157	0	2	138	23	192	0	0	0	0	0	12	36	0	12	0	0	0	8	0	1	1
SDRK01 pr_cl_278	17	16	1	44	2	11	69	3	10	4	46	41	8	0	3	117	84	4	12	147	21	12	24	78	23	2	140	87	2	143	8	0	4	0	4	2	0	3	42	0	1	15	3	10	2
SDRK01 pr_cl_277	31259	24	85	110302	393	7	71	46	1044	102	6120	25740	10298	111	148	337789	8612	14014	7302	54809	508	8322	47846	8431	12987	400	122358	8533	187	72595	25	0	1146	470	68	1713	10	58	108	441	1371	5828	1621	1185	49
UBA2834 pr_cl_1810	0	0	0	0	0	0	0	0	0	0	0	2	0	0	0	0	0	0	0	0	0	0	0	0	6	0	1	0	0	2	0	0	0	0	0	0	0	4	4	0	0	2	0	0	0
Nanosyncoccaceae pr_cl_539	0	0	0	0	0	1	0	0	0	0	0	621	0	0	0	0	299	0	2	2	2745	2	0	34624	0	0	0	0	0	0	0	0	0	0	0	19	0	4924	10698	0	0	0	0	0	0
Nanosyncoccaceae pr_cl_540	2	0	3	2	5	0	0	0	0	0	0	16	0	0	0	0	122	23	0	0	112	2	0	1355	2	0	2	3	0	0	0	0	0	0	0	53	0	11976	1862	0	0	0	0	1	2
Nanosyncoccaceae pr_cl_548	6	0	17	17	2	26	0	4	2	0	0	148	0	0	8	59	117	30	0	15	69	44	2	277	6	16	8	58	0	19	0	0	0	1	18	5	0	74	10	2	1	2	0	14	8
Nanosyncoccaceae pr_cl_544	6	0	68	0	0	74	0	26	0	0	6	118	0	0	0	1	91	2	0	0	57	135	7	229	0	2	0	272	0	0	0	0	0	0	36	2	0	100	20	0	2	0	0	0	2
Nanosyncoccus pr_cl_105	0	0	0	7	1	0	4	0	0	0	0	3	6	0	0	3	0	0	7	3	0	0	0	5	2	2	0	0	0	0	0	0	2	1	0	0	0	0	0	0	0	0	0	0	0
Nanosyncoccus pr_cl_112	0	0	0	1	0	0	0	0	0	0	0	0	0	0	0	0	0	0	2	0	0	0	0	2	0	0	0	0	0	0	0	0	0	0	0	0	0	0	0	0	0	0	0	0	0
Nanosyncoccus pr_cl_122	0	0	0	2	0	0	0	0	0	0	0	0	0	0	0	0	0	0	1	3	0	0	0	0	0	0	0	0	0	0	0	0	2	0	0	0	0	0	0	0	0	0	0	0	0
Nanosyncoccus pr_cl_125	0	0	0	0	0	0	0	0	0	0	1	0	0	0	0	2	0	0	2	0	0	0	0	0	0	0	0	0	0	0	0	0	0	0	0	0	0	0	0	0	0	0	0	0	0
Nanosyncoccus pr_cl_144	0	0	0	10	0	0	1	0	0	0	2	2	0	0	0	5	0	0	7	0	1	0	0	12	0	0	0	0	0	0	0	0	0	0	1	0	0	0	0	0	0	0	0	0	0
Nanosyncoccus pr_cl_157	0	0	0	0	0	0	0	0	0	0	0	2	0	0	0	0	0	0	0	0	0	0	0	0	0	0	0	0	0	0	0	0	0	0	0	0	0	0	0	0	0	0	0	0	0
Nanosyncoccus pr_cl_133	0	0	0	3	0	0	0	0	0	0	0	0	0	0	0	0	0	0	2	0	0	3	0	3	0	4	0	0	0	0	0	0	2	0	1	0	0	0	0	0	0	1	0	0	0
Nanosyncoccus pr_cl_92	0	8	0	2	0	0	0	0	0	0	0	4	0	0	0	0	0	0	5	0	0	0	0	3	0	0	0	0	0	0	0	0	0	0	0	0	0	0	0	0	0	2	0	0	0
Nanosyncoccus pr_cl_189	0	0	0	6	0	0	4	0	0	0	1	0	0	0	0	0	0	0	0	0	0	0	0	1	0	0	0	0	0	0	0	0	0	0	0	0	0	0	0	0	0	0	0	0	0
Nanosyncoccus pr_cl_260	0	0	1	2	0	2	7	4	0	1	0	4	12	0	0	23	1	4	17	6	10	1	0	16	0	9	2	1	4	0	0	0	0	0	2	0	0	0	4	4	2	29	1	13	0
Nanosyncoccus pr_cl_68	0	0	0	2	0	0	0	0	0	0	0	0	0	0	0	1	0	0	0	0	45	0	0	19	0	0	0	0	0	0	0	0	0	0	0	0	0	12	41	0	0	2	0	2	0
Nanosyncoccus pr_cl_96	0	0	0	2	0	0	0	0	0	0	0	4	0	0	2	0	0	0	8	0	0	4	0	5	1	1	0	0	0	0	0	0	1	0	0	0	0	0	0	0	0	0	0	5	0
Nanosyncoccus pr_cl_159	0	0	0	5	2	0	0	0	0	0	1	0	0	0	0	1	0	0	1	0	0	0	0	4	1	0	0	0	0	0	0	0	0	0	0	0	0	2	0	0	0	0	0	0	0
Nanosyncoccus pr_cl_111	0	0	0	0	0	0	0	0	0	0	0	0	0	0	0	2	0	6	2	0	0	0	0	1	1	0	0	0	0	0	0	0	6	0	0	0	0	0	0	0	0	0	0	0	0
Nanosyncoccus pr_cl_83	0	0	0	2	0	0	0	0	0	0	0	0	0	0	0	0	0	0	2	0	0	0	0	1	0	0	0	0	0	0	0	0	2	0	0	0	0	0	0	0	0	1	0	0	0
Nanosyncoccus pr_cl_86	0	0	0	2	0	1	2	0	0	0	0	0	0	0	0	0	0	0	0	0	0	0	0	15	0	0	0	0	0	0	0	0	0	0	0	0	0	0	0	0	0	0	2	2	0
Nanosyncoccus pr_cl_55	0	0	0	2	0	0	4	0	0	0	0	2	1	0	5	1	0	0	0	2	0	0	1	0	0	0	3	0	4	0	0	0	2	0	0	0	0	0	0	0	0	1	0	0	0
Nanosyncoccus pr_cl_142	0	0	0	6	0	0	2	0	0	0	1	2	0	0	0	0	0	1	5	1	2	0	0	10	2	0	0	0	0	0	0	0	1	0	0	0	0	0	0	0	0	0	0	0	0
Nanosyncoccus pr_cl_163	0	0	0	8	0	1	7	0	0	0	0	0	7	0	0	0	0	2	4	0	0	0	0	1	0	0	0	0	0	0	0	0	0	0	0	0	0	0	0	0	0	0	0	0	0
Nanosyncoccus pr_cl_85	0	0	0	1	0	0	1	0	0	0	0	0	3	0	0	0	0	7	7	0	1	0	0	5	2	0	0	0	0	0	0	0	0	0	0	0	0	0	0	0	0	0	0	2	0
Nanosyncoccus pr_cl_110	0	0	0	4	0	0	2	0	0	0	2	0	2	0	0	0	0	1	22	0	0	0	0	7	1	0	0	0	1	0	0	0	0	0	0	0	0	0	0	0	0	0	0	0	0
Nanosyncoccus pr_cl_66	0	0	0	2	0	0	3	0	0	0	0	0	0	0	0	0	0	0	6	1	0	0	0	0	1	0	0	0	0	0	0	0	2	0	0	0	0	0	0	0	0	2	0	0	0
Nanosyncoccus pr_cl_137	0	0	0	3	0	0	0	0	0	2	0	0	0	0	0	0	0	0	1	0	1	1	0	3	4	0	0	0	0	0	0	0	0	0	0	0	0	0	0	0	0	0	0	0	0
Nanosyncoccus pr_cl_184	0	0	2	8	0	0	1	0	1	4	2	0	2	0	0	2	3	0	12	0	0	0	0	14	2	0	0	0	0	0	0	0	4	0	0	0	0	8	2	0	0	0	0	2	0
Nanosyncoccus pr_cl_200	0	0	0	5	1	4	2	0	0	2	0	0	0	0	0	4	0	0	0	0	1	0	0	13	0	1	0	0	0	0	0	0	4	1	1	0	0	0	0	0	1	0	0	0	0
Nanosyncoccus pr_cl_102	0	0	0	5	0	0	1	0	0	0	0	0	0	0	0	0	0	0	1	2	0	0	0	4	0	0	0	0	0	0	0	0	3	0	0	0	0	0	0	0	0	0	0	0	0
Nanosyncoccus pr_cl_107	0	0	0	2	2	0	0	0	0	0	0	0	0	0	2	1	0	0	1	0	4	0	0	10	0	0	1	0	0	0	0	0	0	0	0	0	0	0	0	0	0	0	0	0	0
Nanosyncoccus pr_cl_177	0	0	0	15	0	0	0	0	0	0	2	0	0	0	0	0	0	0	5	0	0	0	0	5	0	0	0	0	0	0	0	0	0	0	0	0	0	0	0	0	0	0	0	2	0
Nanosyncoccus pr_cl_194	0	0	0	6	0	0	2	0	0	0	0	0	0	0	0	0	0	0	0	0	0	0	0	8	0	0	0	0	0	0	0	0	0	0	0	0	0	0	0	0	0	0	0	0	0
Nanosyncoccus pr_cl_88	0	0	0	4	1	1	2	0	0	0	0	0	0	0	0	12	0	1	0	0	0	0	0	6	3	0	0	0	0	0	0	0	0	0	0	0	0	0	0	0	0	1	0	0	0
Nanosyncoccus pr_cl_196	0	0	0	2	0	0	0	0	0	0	0	0	4	0	0	38	6	0	2	0	0	0	0	3	1	0	9	0	0	0	0	0	0	0	0	0	0	0	0	0	0	13	0	1	0
Nanosyncoccus pr_cl_129	0	0	0	7	0	0	3	0	0	0	0	0	0	1	0	0	0	0	1	0	0	0	0	14	5	0	0	0	0	0	0	0	1	0	0	0	0	0	0	0	0	0	0	0	0
Nanosyncoccus pr_cl_114	0	0	0	0	0	0	0	0	0	0	0	0	0	0	0	0	0	2	4	2	0	0	1	4	1	0	0	0	0	0	0	0	0	0	0	1	0	0	0	0	0	0	0	0	0
Nanosyncoccus pr_cl_98	0	0	0	0	0	0	10	0	0	0	0	0	14	0	0	2	0	0	3	2	0	0	0	13	1	0	1	0	0	0	0	0	7	0	0	0	0	0	0	0	0	0	0	0	0
Nanosyncoccus pr_cl_70	0	0	0	6	0	0	0	0	0	2	0	4	0	0	0	3	4	0	13	2	4	1	0	15	2	0	0	3	4	0	0	0	1	0	0	0	0	0	4	0	0	0	0	0	0
Nanosyncoccus pr_cl_136	0	0	0	6	0	0	2	0	0	0	0	0	1	1	0	3	0	0	3	0	0	0	0	3	0	0	0	0	1	0	0	0	0	0	0	1	0	0	0	0	0	2	0	0	0
Nanosyncoccus pr_cl_134	0	0	0	1	0	0	3	0	0	0	0	7	1	0	0	2	0	2	4	3	0	0	3	32	2	0	0	0	0	0	0	0	6	0	0	0	0	0	0	0	0	6	0	0	0
Nanosyncoccus pr_cl_224	0	0	0	3	1	0	2	0	0	11	14	1	11	0	6	45	16	1	2	14	1	0	0	6	74	0	1	0	5	0	0	0	0	0	0	5	0	0	29	1	2	33	0	3	0
Nanosyncoccus pr_cl_121	0	0	0	18	3	0	4	0	0	0	3	0	0	0	0	110	0	3	2	0	0	0	0	9	1	0	0	0	4	0	0	0	0	0	0	0	0	0	1	0	0	37	0	0	0
Nanosyncoccus pr_cl_113	0	0	0	0	0	0	0	0	0	0	0	0	0	0	0	8	11	0	0	4	0	0	0	1	0	0	0	0	0	1	10	0	0	0	1	0	0	0	0	3	0	0	0	0	0
Nanosyncoccus pr_cl_162	0	0	0	2	0	0	6	0	0	0	0	0	2	0	0	0	0	0	8	0	0	0	0	3	0	0	0	0	0	0	0	0	1	0	0	0	0	0	0	1	0	2	0	0	0
Nanosyncoccus pr_cl_90	0	0	0	2	0	0	0	0	0	0	0	0	0	0	0	0	0	0	0	0	0	0	0	0	0	0	0	0	0	0	0	0	0	2	0	0	0	0	0	0	0	0	0	0	0
Nanosyncoccus pr_cl_190	0	0	0	0	0	0	0	0	0	0	0	0	4	0	0	2	0	0	0	0	0	0	0	3	0	0	1	0	0	0	0	0	0	0	1	0	0	0	0	0	0	0	0	2	0
Nanosyncoccus pr_cl_212	0	0	0	0	0	0	0	0	0	4	6	0	13	0	0	21	0	0	0	2	1	0	2	11	15	2	1	0	13	0	0	0	2	0	0	3	0	0	0	0	3	34	0	0	0
Nanosyncoccus pr_cl_89	0	0	0	9	0	0	2	0	0	0	0	0	0	0	0	5	0	0	5	0	0	0	0	0	0	0	0	0	0	0	0	0	0	0	0	0	0	0	0	0	0	0	0	0	0
Nanosyncoccus pr_cl_227	0	0	0	1	0	0	9	0	0	0	0	0	1	0	1	1	0	6	0	1	2	0	0	8	16	0	0	0	7	0	0	0	0	0	0	3	0	0	0	0	4	8	0	0	2
Nanosyncoccus pr_cl_180	0	0	0	0	0	0	4	0	0	0	0	0	2	0	0	0	0	0	5	2	0	0	0	3	0	0	0	0	0	0	0	0	2	0	0	0	0	0	0	0	0	0	0	0	0
Nanosyncoccus pr_cl_173	0	0	0	3	0	0	3	0	0	0	2	0	0	0	0	0	2	0	0	0	0	0	0	3	0	0	0	0	0	0	0	0	1	0	0	0	0	2	0	0	0	0	0	0	0
Nanosyncoccus pr_cl_164	0	0	0	0	0	0	1	0	0	0	0	0	0	0	0	0	0	1	1	0	0	0	0	2	1	0	0	0	0	0	0	0	1	0	0	0	0	0	0	0	0	0	0	0	0
Nanosyncoccus pr_cl_61	0	0	0	2	0	0	2	0	2	5	2	2	0	0	0	0	3	0	4	3	7	0	0	12	0	0	4	7	0	0	0	0	0	0	0	0	0	0	0	0	0	0	0	0	0
Nanosyncoccus pr_cl_176	0	0	0	17	2	0	0	0	0	0	0	0	2	0	0	11	2	0	8	7	0	0	0	70	0	0	11	0	0	0	0	0	4	0	0	0	0	0	0	0	0	0	0	0	0
Nanosyncoccus pr_cl_128	0	0	0	4	0	0	0	0	0	0	0	7	0	0	0	0	0	2	2	0	0	1	0	1	0	0	0	0	0	0	0	0	0	0	0	0	0	0	4	1	0	0	0	0	0
Nanosyncoccus pr_cl_80	0	3	0	2	0	0	3	0	1	0	0	1	0	0	1	0	0	0	1	0	0	0	0	2	0	0	0	0	0	0	0	0	0	0	0	0	0	0	2	0	0	0	0	0	0
Nanosyncoccus pr_cl_185	0	0	0	4	0	2	4	0	0	0	1	0	0	0	0	0	0	0	0	2	0	0	1	5	1	0	1	0	0	0	0	0	1	0	0	0	0	0	4	0	0	0	0	0	0
Nanosyncoccus pr_cl_84	0	1	0	1	0	0	0	1	0	0	0	0	0	0	0	0	0	0	5	0	2	0	0	7	0	0	0	0	0	1	0	0	2	0	0	0	0	0	0	0	0	0	0	0	0
Nanosyncoccus pr_cl_160	0	0	0	3	0	0	0	0	0	0	0	0	4	0	0	2	2	0	2	0	0	0	2	1	1	0	0	0	0	0	0	0	0	0	0	0	0	0	0	0	0	0	0	0	0
Nanosyncoccus pr_cl_139	0	0	0	1	0	0	0	0	0	0	0	0	0	0	0	0	0	0	4	0	0	0	0	5	1	0	0	0	0	0	0	0	1	0	0	0	0	0	0	0	0	0	0	0	0
Nanosyncoccus pr_cl_100	0	0	0	2	0	0	2	0	0	2	0	1	2	0	0	0	0	2	5	3	0	0	0	4	2	0	2	0	0	0	0	0	2	1	0	0	0	0	0	0	0	1	0	0	1
Nanosyncoccus pr_cl_155	0	0	0	2	0	0	2	0	0	0	0	0	4	0	0	2	0	0	8	3	9	0	2	0	0	0	0	0	0	0	0	0	0	0	0	0	0	0	0	0	0	0	0	0	0
Nanosyncoccus pr_cl_198	0	0	0	0	0	0	0	0	0	0	1	0	1	0	0	2	0	0	0	0	0	0	0	5	0	0	0	0	0	0	0	0	0	0	0	0	0	0	0	0	0	9	0	0	0
Nanosyncoccus pr_cl_182	0	0	0	4	0	0	2	0	0	0	0	0	0	0	0	0	0	0	1	0	0	0	0	3	2	0	2	0	0	0	0	0	0	0	0	0	0	0	0	0	0	0	0	0	0
Nanosyncoccus pr_cl_221	0	0	3	0	0	0	0	0	0	2	4	1	2	0	0	11	0	2	14	1	0	0	2	7	18	0	2	0	11	0	0	0	0	0	0	2	0	2	0	0	4	27	0	0	0
Nanosyncoccus pr_cl_115	0	0	0	0	0	0	0	0	0	0	0	9	0	2	0	6	0	0	0	0	3	2	0	1	0	4	0	12	0	0	0	0	0	0	0	4	0	0	30	0	0	5	0	0	0
Nanosyncoccus pr_cl_262	0	0	3	283	13	2	0	0	1	0	0	35	4	0	2	172	34	135	20	0	86	11	0	82	1	7	53	0	1	0	0	0	0	1	0	7	0	12	29	0	2	2	0	56	0
Nanosyncoccus pr_cl_165	0	0	0	9	0	0	1	0	0	0	0	0	0	0	0	0	0	0	0	0	0	0	0	23	0	0	0	0	0	0	0	0	4	0	0	0	0	0	0	0	0	0	0	0	0
Nanosyncoccus pr_cl_154	0	0	0	2	0	0	0	2	0	0	71	0	0	0	1	0	0	0	1	0	0	0	0	7	0	0	2	0	0	0	0	6	0	0	0	0	0	0	0	0	0	0	0	1	0
Nanosyncoccus pr_cl_146	0	0	0	4	0	0	0	0	0	0	0	0	0	0	0	0	0	0	0	0	0	0	0	0	0	0	0	0	0	0	0	0	0	0	0	0	0	0	0	0	0	0	0	0	0
Nanosyncoccus pr_cl_119	0	0	0	5	0	0	1	0	0	0	0	0	0	0	0	0	0	1	3	2	0	0	2	5	0	0	0	0	0	0	0	0	0	4	0	0	0	0	0	0	0	0	0	0	0
Nanosyncoccus pr_cl_193	0	0	0	4	1	0	0	0	0	0	0	0	0	0	0	0	0	0	0	0	1	0	0	0	1	0	0	0	0	0	0	0	0	0	0	0	0	0	0	0	0	0	0	0	0
Nanosyncoccus pr_cl_124	0	0	0	0	0	0	0	0	0	0	0	0	0	0	0	0	0	0	0	0	0	0	0	0	0	0	0	0	0	0	0	0	0	0	0	0	0	0	0	0	0	0	0	0	0
Nanosyncoccus pr_cl_229	0	0	2	0	0	0	1	0	0	0	2	0	0	0	0	53	0	1	0	8	1	0	2	6	18	2	1	0	8	0	0	0	0	0	0	0	0	0	0	7	2	23	0	3	0
Nanosyncoccus pr_cl_57	0	0	0	0	0	0	0	0	0	0	0	0	13	0	0	0	0	0	11	6	0	0	0	8	1	0	2	0	0	0	0	0	0	0	0	0	0	0	0	0	0	0	0	0	0
Nanosyncoccus pr_cl_264	0	0	1	6	3	1	2	1	0	0	0	23	4	0	0	2	0	5	22	0	8	10	0	16	0	6	9	1	0	0	0	0	0	0	2	0	0	0	9	0	22	0	0	16	1
Nanosyncoccus pr_cl_230	0	0	0	2	0	0	0	0	0	0	0	0	0	0	0	2	0	1	0	0	0	0	0	0	28	0	0	0	0	0	0	0	0	0	0	0	0	0	0	0	0	14	0	0	0
Nanosyncoccus pr_cl_150	0	0	0	6	0	0	2	0	0	0	0	0	0	0	0	1	0	2	0	2	0	0	0	4	0	0	0	0	0	0	0	0	0	0	0	0	0	0	0	0	0	0	0	0	0
Nanosyncoccus pr_cl_75	0	0	0	3	0	0	0	0	0	0	0	0	0	0	0	0	0	0	4	0	0	0	0	2	0	0	0	0	0	0	0	0	0	0	0	0	0	0	0	0	0	0	0	0	0
Nanosyncoccus pr_cl_170	0	0	3	4	0	0	0	0	0	0	0	0	2	0	0	0	0	2	2	0	0	0	0	2	0	0	0	0	0	0	0	1	0	0	4	0	0	0	0	0	0	0	28	1	0
Nanosyncoccus pr_cl_143	0	0	0	2	0	0	0	0	0	0	0	0	0	0	0	0	0	0	0	0	0	0	0	0	0	0	0	0	0	0	0	0	0	0	0	0	0	0	0	0	0	0	0	0	0
Nanosyncoccus pr_cl_158	0	0	0	2	0	0	0	0	0	0	0	1	0	0	0	0	0	2	0	0	0	0	0	0	0	0	0	0	0	0	0	0	4	0	0	0	0	0	0	0	0	0	0	0	0
Nanosyncoccus pr_cl_64	0	0	0	6	0	0	1	0	0	0	0	1	0	0	0	0	0	0	2	0	0	0	0	4	0	0	0	0	0	0	0	0	2	0	0	0	0	0	0	0	0	2	0	0	0
Nanosyncoccus pr_cl_67	0	0	0	1	0	0	0	0	0	0	0	1	0	0	0	14	0	1	10	0	0	0	0	7	0	0	0	0	0	0	0	0	2	0	0	0	0	0	0	0	0	0	0	1	0
Nanosyncoccus pr_cl_77	0	0	0	9	0	0	0	0	0	0	0	1	7	0	2	2	0	0	9	0	0	0	0	17	0	0	0	0	0	0	0	0	4	0	0	0	0	0	0	0	0	0	0	2	0
Nanosyncoccus pr_cl_153	0	0	0	2	0	0	0	0	0	0	0	0	0	0	0	0	0	0	0	0	0	0	0	1	0	0	0	0	0	0	0	0	0	0	0	0	0	0	0	0	0	0	0	0	0
Nanosyncoccus pr_cl_167	0	0	0	7	0	0	1	0	0	0	0	2	0	3	0	0	0	0	0	3	0	0	0	3	4	0	4	0	0	0	0	0	0	0	0	0	0	0	0	0	0	0	0	0	0
Nanosyncoccus pr_cl_69	0	2	0	0	0	0	0	0	0	0	0	0	0	0	0	193	0	6	7	0	4	0	0	6	0	0	0	0	4	0	0	0	0	0	0	1	0	0	0	0	0	0	0	0	0
Nanosyncoccus pr_cl_169	0	0	0	8	0	1	0	0	0	0	9	26	0	0	1	22	1	8	2	2	13	4	0	16	1	3	0	4	0	0	0	0	0	0	0	1	0	0	26	2	1	0	0	6	0
Nanosyncoccus pr_cl_127	0	0	0	0	0	0	0	0	0	0	0	2	0	0	0	0	0	0	1	2	0	0	0	2	0	0	0	0	0	0	0	0	0	0	0	0	0	0	0	0	0	0	0	0	0
Nanosyncoccus pr_cl_148	0	0	0	1	0	0	0	0	0	0	0	0	0	0	0	3	0	0	5	3	0	0	0	3	0	0	2	0	0	0	0	0	6	0	2	0	0	0	0	0	0	2	0	0	0
Nanosyncoccus pr_cl_179	0	0	0	6	2	0	2	0	0	0	0	0	0	0	0	0	0	0	4	0	0	0	0	5	1	0	0	0	0	0	0	0	0	0	0	0	0	0	0	0	1	2	0	0	0
Nanosyncoccus pr_cl_97	0	0	0	5	0	0	1	0	0	0	1	0	0	0	0	3	2	2	18	4	0	0	0	13	1	0	0	0	0	0	0	0	0	0	0	0	0	0	0	0	0	0	0	18	0
Nanosyncoccus pr_cl_199	0	0	2	16	0	0	0	0	0	0	3	40	8	0	0	116	16	11	5	2	13	14	3	13	0	0	10	0	4	0	0	0	0	4	2	0	0	8	36	0	0	7	0	4	1
Nanosyncoccus pr_cl_226	0	0	6	11	0	0	0	0	11	0	8	5	1	2	1	89	0	2	43	1	0	0	1	12	6	0	5	0	2	0	0	0	0	0	0	17	0	3	11	0	1	24	0	0	0
Nanosyncoccus pr_cl_78	0	0	0	3	0	0	5	0	0	0	0	0	1	0	4	1	0	0	3	0	0	0	0	6	2	0	0	0	0	0	0	0	0	1	0	0	0	0	2	0	2	0	0	2	0
Nanosyncoccus pr_cl_147	0	0	0	0	0	0	0	0	0	0	0	4	0	0	0	0	0	1	2	4	2	0	0	6	0	0	0	0	0	0	0	0	0	0	0	1	0	0	0	0	0	7	0	0	0
Nanosyncoccus pr_cl_178	0	0	0	4	0	0	0	0	0	0	0	0	4	0	0	0	0	0	7	1	0	0	0	2	0	0	0	0	0	0	0	0	5	0	0	0	0	8	0	0	0	2	0	0	0
Nanosyncoccus pr_cl_123	0	0	0	0	0	0	2	0	0	0	0	0	0	0	0	1	0	0	0	0	0	2	0	4	0	0	0	0	0	0	0	0	0	0	0	0	0	0	0	0	0	0	0	0	0
Nanosyncoccus pr_cl_103	0	1	0	2	0	0	2	0	5	0	1	0	0	0	0	1	4	0	1	1	0	0	0	16	4	0	0	0	0	0	1	4	0	0	0	1	0	26	2	1	0	1	0	0	0
Nanosyncoccus pr_cl_132	0	0	0	2	0	0	0	0	0	0	0	0	0	0	0	0	0	2	1	0	0	0	0	6	0	0	0	0	0	0	0	0	2	0	0	0	0	0	0	0	0	0	0	0	0
Nanosyncoccus pr_cl_225	0	0	0	3	0	0	0	0	0	0	0	1	0	0	0	84	0	0	5	0	1	0	0	11	27	0	0	0	3	0	0	0	2	0	0	2	0	0	0	0	2	21	0	0	0
Nanosyncoccus pr_cl_263	0	0	1	6	0	3	3	5	0	0	10	0	7	0	0	77	0	0	46	1	5	4	2	18	0	5	20	0	0	0	0	0	0	0	0	0	0	0	4	0	8	1	0	24	0
Nanosyncoccus pr_cl_191	0	0	0	0	0	0	0	0	0	0	0	0	0	0	0	0	0	0	1	0	0	0	0	2	0	0	0	0	0	0	0	0	0	0	0	0	0	0	0	0	0	0	0	0	0
Nanosyncoccus pr_cl_101	0	0	0	5	0	0	2	0	0	0	0	0	0	0	1	12	0	0	18	8	1	0	0	5	2	0	5	0	0	0	0	0	0	0	0	0	0	0	1	0	0	0	0	0	0
Nanosyncoccus pr_cl_56	0	0	0	2	0	0	1	0	0	0	0	5	0	0	2	0	0	0	1	0	1	0	0	5	0	0	0	0	4	0	0	0	0	0	0	0	0	0	0	0	0	0	0	0	0
Nanosyncoccus pr_cl_211	0	4	0	5	4	0	0	0	0	0	5	0	0	0	0	6	0	4	0	0	0	0	2	3	9	0	0	0	1	0	0	0	2	0	0	2	0	0	0	0	2	4	0	4	0
Nanosyncoccus pr_cl_94	0	0	0	12	0	0	0	1	0	1	4	7	2	0	2	0	0	3	15	4	0	0	0	10	4	0	5	0	2	0	2	0	3	0	0	0	1	3	0	0	0	0	0	1	0
Nanosyncoccus pr_cl_58	0	0	0	18	0	0	3	0	0	0	0	0	0	0	0	3	0	0	3	1	2	2	0	13	0	0	2	0	0	0	0	0	0	2	0	0	0	2	2	0	0	2	0	0	0
Nanosyncoccus pr_cl_174	0	0	0	2	0	0	1	0	0	0	1	2	0	0	0	0	0	0	1	2	0	0	2	7	0	0	0	0	0	0	0	0	1	0	0	0	0	0	0	0	0	0	0	0	0
Nanosyncoccus pr_cl_138	0	0	0	0	0	0	0	0	0	0	0	0	0	0	0	0	0	0	2	0	0	0	0	0	1	0	0	0	0	0	0	0	0	0	0	0	0	0	0	0	0	0	0	0	0
Nanosyncoccus pr_cl_171	0	0	0	0	0	0	0	0	0	0	0	0	2	0	0	1	0	0	7	1	0	0	0	5	0	0	0	0	0	0	0	0	2	0	0	0	0	0	0	0	0	0	0	0	0
Nanosyncoccus pr_cl_186	0	0	0	3	0	0	0	0	0	0	0	2	0	0	0	0	0	0	1	0	0	0	0	1	0	0	0	0	0	0	0	0	4	0	0	0	0	0	0	0	0	0	0	0	0
Nanosyncoccus pr_cl_135	0	0	0	3	0	0	0	0	0	2	0	2	0	0	0	10	0	2	6	0	0	0	0	2	6	0	2	0	0	0	0	0	1	0	0	0	0	0	0	0	0	0	0	0	0
Nanosyncoccus pr_cl_95	0	0	2	39	0	0	11	0	0	0	2	2	1	0	2	0	41	0	30	191	6	6	0	12	2	0	303	0	0	0	0	0	3	0	0	0	0	0	1	0	0	0	0	0	0
Nanosyncoccus pr_cl_109	0	0	0	6	0	0	0	0	0	0	0	0	0	0	0	0	0	0	0	0	0	0	0	0	0	0	0	0	0	0	0	0	1	0	0	0	0	0	0	0	0	0	0	0	0
Nanosyncoccus pr_cl_99	0	0	0	3	0	0	4	0	0	0	0	0	2	42	134	29	0	0	11	213	4	0	0	29	4	0	2	0	6	0	0	0	4	0	0	0	0	0	0	0	3	0	2	0	0
Nanosyncoccus pr_cl_131	0	0	0	4	0	0	1	0	0	0	0	0	0	0	0	10	0	0	3	1	0	0	0	9	3	0	9	0	0	0	0	0	1	2	0	0	0	0	0	0	0	0	0	0	0
Nanosyncoccus pr_cl_106	0	0	0	0	1	0	7	0	0	0	0	0	2	0	0	253	0	0	0	0	23	0	0	16	0	0	8	0	0	0	0	0	4	0	0	0	0	0	0	0	0	0	0	0	0
Nanosyncoccus pr_cl_175	0	0	0	13	0	0	12	0	0	0	0	2	0	0	2	0	0	0	3	0	0	0	0	3	0	0	0	0	0	0	0	0	0	1	0	0	0	0	0	0	0	0	0	0	0
Nanosyncoccus pr_cl_118	0	0	0	7	0	0	0	0	0	0	0	4	0	0	0	0	0	0	17	0	0	0	0	3	0	0	0	0	1	0	0	0	1	0	0	0	0	0	0	0	2	0	0	0	0
Nanosyncoccus pr_cl_53	0	0	4	365	0	7	0	0	1	0	17	65	2	0	2	120	72	155	6	27	40	14	5	93	2	3	20	0	7	0	0	0	2	0	11	2	0	134	219	4	0	34	0	11	2
Nanosyncoccus pr_cl_81	0	0	0	4	0	0	0	0	0	2	4	0	0	0	0	43	0	0	4	1	0	0	0	0	4	0	0	0	0	0	0	0	4	1	1	1	0	0	7	0	1	2	0	1	0
Nanosyncoccus pr_cl_192	0	0	0	0	4	0	0	0	0	0	0	3	0	0	0	1	0	10	0	0	0	0	0	0	0	0	3	0	0	0	0	0	0	0	0	0	0	4	4	0	0	0	0	0	0
Nanosyncoccus pr_cl_130	0	0	0	0	0	0	0	0	2	0	0	2	3	0	0	0	0	0	7	0	4	1	0	7	0	3	0	0	0	0	0	0	2	0	0	0	0	4	2	3	1	0	0	1	0
Nanosyncoccus pr_cl_152	0	0	0	3	3	0	0	0	0	0	0	7	0	0	6	0	3	0	3	2	0	0	0	34	0	0	2	271	0	0	0	0	2	2	0	0	0	0	0	0	0	2	0	0	0
Nanosyncoccus pr_cl_207	0	0	0	3	0	0	9	0	0	0	0	0	2	0	0	13	0	2	3	0	0	0	0	0	4	0	0	0	1	0	0	0	1	0	0	0	0	0	0	0	2	23	0	0	0
Nanosyncoccus pr_cl_209	0	0	0	11	22	0	0	0	2	0	8	26	13	0	2	43	0	4	5	0	3	0	3	12	18	0	6	1	12	0	0	0	0	0	0	6	0	0	0	1	0	69	0	0	0
Nanosyncoccus pr_cl_71	0	0	0	7	0	0	1	0	0	0	1	0	0	0	0	0	0	0	5	2	0	0	0	9	0	0	0	0	0	0	0	0	2	0	0	0	0	0	0	0	0	0	0	0	0
Nanosyncoccus pr_cl_149	0	0	0	4	0	0	1	0	0	0	0	0	0	0	11	0	0	0	37	0	0	0	0	14	0	0	0	0	0	0	0	0	0	0	0	0	0	0	0	1	0	0	0	0	0
Nanosyncoccus pr_cl_62	0	0	0	7	9	0	2	0	30	5	34	8	41	0	4	49	8	0	40	22	0	2	7	20	107	3	11	8	17	0	0	0	9	0	0	4	0	0	3	0	0	48	0	0	0
Nanosyncoccus pr_cl_166	0	0	0	5	0	0	0	0	0	0	3	0	0	4	0	3	0	2	10	1	0	0	2	4	2	0	0	0	0	0	0	0	3	0	0	0	0	0	7	0	1	0	0	0	0
Nanosyncoccus pr_cl_161	0	0	0	4	0	0	0	0	0	0	0	0	0	3	0	0	0	0	3	0	0	0	0	3	5	0	0	0	0	0	0	0	4	2	0	0	2	0	0	1	0	6	0	0	0
Nanosyncoccus pr_cl_104	0	0	0	3	0	0	9	0	2	0	1	0	1	0	0	3	0	0	6	1	0	0	0	13	0	0	0	0	0	0	0	0	1	0	0	0	0	0	0	0	0	0	2	0	0
Nanosyncoccus pr_cl_210	0	0	0	2	0	0	0	0	0	0	0	4	4	0	0	6	0	0	4	0	0	1	0	7	2	0	11	0	1	0	0	0	0	0	0	1	0	0	0	0	0	1	0	9	0
Nanosyncoccus pr_cl_151	0	0	0	0	0	0	0	0	0	0	0	0	0	0	0	2	0	0	0	0	0	0	0	7	0	0	0	0	0	0	0	1	0	1	0	0	0	0	0	0	0	0	0	0	0
Nanosyncoccus pr_cl_74	0	0	0	0	0	0	0	0	0	0	0	0	0	0	0	0	0	0	0	0	1	0	0	9	3	0	0	0	0	0	0	0	2	0	0	0	0	0	0	0	0	0	0	0	0
Nanosyncoccus pr_cl_203	0	0	0	6	0	0	0	0	0	0	0	0	8	2	0	16	0	7	2	3	1	0	0	11	43	0	0	0	2	0	0	0	0	0	0	2	0	0	0	0	6	93	0	2	0
Nanosyncoccus pr_cl_91	0	0	0	0	0	0	0	0	0	0	0	0	0	0	0	0	0	0	0	0	0	0	0	2	0	0	0	0	0	0	0	0	0	0	0	0	0	0	0	0	0	0	0	0	0
Nanosyncoccus pr_cl_65	0	0	0	3	2	0	0	0	0	0	0	0	0	0	0	1	0	0	2	2	0	0	0	9	3	0	0	0	0	0	0	0	0	0	0	0	0	0	0	0	0	0	0	0	0
Nanosyncoccus pr_cl_108	0	0	0	2	0	0	0	0	0	0	0	0	4	0	0	0	0	1	2	0	0	8	0	26	0	0	0	0	0	0	0	0	4	0	0	0	0	0	0	0	0	2	0	0	0
Nanosyncoccus pr_cl_73	0	0	0	8	0	0	0	0	0	0	1	0	0	0	0	0	0	0	2	0	0	0	0	3	1	0	0	0	0	0	0	0	0	0	0	1	0	0	0	0	0	0	0	0	0
Nanosyncoccus pr_cl_76	0	0	0	0	0	0	0	0	0	0	0	0	1	0	0	4	0	0	3	0	5	0	0	12	0	0	1	0	0	0	0	0	0	0	0	0	0	2	2	0	0	0	0	0	0
Nanosyncoccus pr_cl_187	0	0	0	6	0	0	5	0	0	0	1	0	2	0	0	0	0	0	5	2	0	0	0	11	0	0	0	0	0	0	0	0	2	0	0	0	0	0	0	0	0	1	0	0	0
Nanosyncoccus pr_cl_141	0	0	0	0	0	0	0	0	0	0	0	0	0	0	0	0	0	0	0	0	0	0	2	3	0	0	0	0	0	0	0	0	2	0	0	0	0	0	0	0	0	0	0	0	0
Nanosyncoccus pr_cl_87	0	0	0	28	6	0	0	0	0	0	0	10	0	0	0	9	20	28	3	2	30	0	0	7	0	0	7	0	0	0	0	0	0	0	0	1	0	3	8	0	0	0	0	0	0
Nanosyncoccus pr_cl_206	0	0	0	4	0	3	8	0	0	2	0	2	2	0	0	11	1	0	11	4	1	0	2	16	5	0	0	0	2	0	0	0	0	0	0	9	0	0	0	1	1	42	0	1	0
Nanosyncoccus pr_cl_145	1	0	0	10	0	0	0	0	0	0	0	13	8	0	0	9	8	8	3	4	2	15	0	3	3	10	8	0	0	0	0	46	0	0	0	0	1	28	26	0	65	1	0	2	0
Nanosyncoccus pr_cl_205	1	0	0	0	0	0	0	0	0	0	0	1	3	0	0	12	0	0	4	1	0	0	0	4	30	0	0	0	3	0	0	0	0	0	0	0	0	0	0	0	4	12	0	0	0
Nanosyncoccus pr_cl_93	1	0	0	1	0	0	0	0	0	0	0	0	0	0	0	0	0	0	2	1	0	0	2	1	0	0	0	0	0	0	0	0	0	0	0	0	0	0	0	0	0	0	0	0	0
Nanosyncoccus pr_cl_231	1	0	0	16	4	0	6	3	0	0	6	11	18	6	4	20	13	3	3	10	4	0	3	10	34	2	7	3	3	0	0	0	0	0	0	2	39	4	2	1	4	25	0	5	0
Nanosyncoccus pr_cl_60	1	0	0	12	0	0	0	0	0	0	0	5	1	0	0	5	6	1	10	3	0	0	0	1	0	0	0	0	2	2	0	0	0	0	0	0	0	0	8	0	0	3	0	0	0
Nanosyncoccus pr_cl_168	1	0	0	7	0	0	0	0	0	0	0	6	0	0	0	0	3	11	0	0	0	4	2	6	0	0	0	0	0	0	0	0	2	0	0	0	0	16	5	0	0	0	0	0	0
Nanosyncoccus pr_cl_183	1	0	0	0	0	0	0	0	0	0	0	0	3	0	0	6	0	0	8	0	2	0	0	0	0	0	2	0	0	0	0	0	4	0	0	0	0	0	0	0	0	0	0	2	0
Nanosyncoccus pr_cl_218	1	0	0	12	2	2	0	0	0	0	2	5	9	0	1	87	4	0	81	2	0	0	0	20	16	0	3	0	3	0	0	0	0	0	0	4	0	0	0	1	3	24	0	4	0
Nanosyncoccus pr_cl_156	1	0	0	2	0	0	0	0	2	0	0	0	0	0	0	1	0	0	4	0	0	0	0	21	2	0	0	0	0	0	0	0	4	0	0	0	0	0	0	0	0	0	0	2	0
Nanosyncoccus pr_cl_72	1	0	0	3	2	0	1	0	0	0	1	8	1	0	0	0	0	0	9	0	0	0	0	3	1	0	2	0	2	0	0	0	3	0	0	0	0	0	0	0	0	0	0	0	0
Nanosyncoccus pr_cl_63	1	0	0	1	0	0	1	0	0	0	0	1	3	0	0	0	1	2	1	0	1	0	0	1	3	0	2	0	0	0	2	0	2	0	0	0	0	0	0	0	0	0	0	0	0
Nanosyncoccus pr_cl_223	2	1	0	26	2	0	21	0	0	0	16	0	18	0	1	17	9	8	2	2	6	4	13	16	85	2	10	0	6	1	0	0	2	3	1	7	0	4	15	0	13	91	1	2	0
Nanosyncoccus pr_cl_239	2	0	0	3	0	6	0	3	0	0	1	13	2	0	0	24	2	2	46	5	8	1	0	9	0	4	7	0	0	0	0	0	0	0	0	1	0	0	0	0	3	0	0	16	0
Nanosyncoccus pr_cl_267	2	0	0	24	131	14	2867	46	8	0	15	1697	2290	11	106	310	4	2	1585	121	3	21	2438	21	2615	1	18	2	243	2	187	0	543	532	21	163	0	0	0	6	27	5712	675	27	32
Nanosyncoccus pr_cl_117	2	0	0	7	5	0	6	0	0	3	0	0	0	0	2	7	2	0	6	0	3	0	0	9	4	2	1	0	4	0	0	0	0	0	0	0	0	6	5	0	0	6	0	0	0
Nanosyncoccus pr_cl_172	2	0	0	1	0	0	1	0	9	1	0	10	0	2	0	10	0	0	13	2	0	0	3	6	4	0	2	0	2	0	0	0	0	1	0	0	0	0	0	0	0	0	0	0	0
Nanosyncoccus pr_cl_222	2	0	2	8	6	0	3	0	0	3	15	38	9	2	4	164	22	7	16	10	64	83	6	1	34	2	7	2	1	0	3	0	0	0	0	12	0	14	9	0	5	21	0	0	0
Nanosyncoccus pr_cl_228	2	0	0	13	15	1	46	3	4	11	4	38	19	1	2	174	2	1	63	13	2	0	4	32	45	2	20	0	10	0	0	0	0	0	4	4	0	4	0	3	3	23	0	16	0
Nanosyncoccus pr_cl_213	2	0	3	9	0	0	0	0	0	2	2	8	16	0	2	21	1	2	13	7	0	0	0	12	85	0	2	7	4	0	0	0	8	0	0	2	0	12	6	0	5	52	0	28	0
Nanosyncoccus pr_cl_59	2	0	0	4	1	0	4	0	0	0	2	11	3	0	0	2	0	1	15	3	0	2	0	12	2	0	0	4	5	2	0	0	1	0	0	0	0	0	8	0	0	0	2	0	0
Nanosyncoccus pr_cl_219	2	0	0	6	1	0	0	0	0	5	4	5	1	4	5	12	5	0	5	5	0	3	0	8	46	0	29	0	1	0	0	0	0	0	0	2	0	0	0	3	1	16	4	0	0
Nanosyncoccus pr_cl_214	2	0	0	10	1	0	0	0	0	4	7	12	11	0	1	75	5	2	14	8	2	4	5	33	34	4	4	0	10	2	0	0	3	0	1	17	0	2	0	0	6	110	0	7	0
Nanosyncoccus pr_cl_188	2	0	0	10	0	0	0	2	0	0	0	1	2	0	0	2	0	0	1	0	8	0	0	4	2	0	0	0	0	0	0	0	0	0	2	0	0	4	4	0	0	0	0	0	0
Nanosyncoccus pr_cl_242	2	0	3	8	0	0	4	9	3	0	0	2	3	0	0	20	1	0	15	3	8	4	0	21	0	2	4	1	0	0	0	0	0	0	6	0	0	2	0	1	6	11	0	22	1
Nanosyncoccus pr_cl_140	2	0	8	5	2	2	0	0	0	0	0	0	0	0	0	0	0	0	0	2	1	0	0	0	5	0	0	17	0	0	0	0	0	0	1	0	0	0	0	0	0	2	5	5	0
Nanosyncoccus pr_cl_246	2	0	0	3	0	1	0	4	0	0	1	5	0	0	0	25	1	1	8	1	2	0	0	24	0	10	3	2	0	2	0	0	0	0	2	2	0	0	0	1	1	0	2	20	0
Nanosyncoccus pr_cl_215	3	0	0	5	0	0	0	0	0	0	3	2	16	1	1	60	8	20	16	3	0	14	3	9	35	2	13	0	17	0	0	0	0	0	0	13	0	7	5	3	16	43	0	7	2
Nanosyncoccus pr_cl_251	4	0	0	3	0	0	0	4	0	0	0	2	2	1	0	59	0	2	42	18	2	3	2	21	3	2	3	0	0	0	0	0	0	0	5	0	0	0	0	3	17	7	0	37	1
Nanosyncoccus pr_cl_116	4	0	0	2	0	0	7	0	0	0	0	0	1	0	0	6	0	2	17	0	0	0	0	27	0	0	2	0	0	0	0	0	6	0	0	0	0	0	0	0	0	0	0	1	0
Nanosyncoccus pr_cl_232	4	0	0	1	6	0	9	4	0	0	3	0	21	1	1	59	0	9	12	0	7	2	9	23	29	0	0	0	4	0	0	0	0	0	0	12	0	0	2	1	3	80	0	3	0
Nanosyncoccus pr_cl_235	4	0	30	300	2	4	79	3	24	10	71	92	81	2	4	2155	30	8	1878	35	3	0	3	304	0	4	39	0	5	0	4	0	4	0	2	40	0	0	6	3	25	3	0	41	2
Nanosyncoccus pr_cl_126	4	0	6	4	0	2	0	0	0	0	0	0	0	0	0	0	0	0	3	0	0	0	0	3	0	0	7	0	8	0	0	0	0	0	0	0	0	3	0	0	0	0	0	6	2
Nanosyncoccus pr_cl_245	4	0	0	4	0	0	7	1	1	4	13	27	3	0	1	53	3	4	45	0	4	0	0	51	0	10	24	0	2	3	0	0	0	0	4	2	0	0	4	0	4	0	0	26	2
Nanosyncoccus pr_cl_204	5	0	0	6	0	0	0	0	0	0	0	0	1	0	0	9	1	1	0	4	0	1	2	34	10	0	0	0	0	0	0	0	0	0	0	3	0	0	0	0	4	33	0	0	0
Nanosyncoccus pr_cl_244	5	1	18	5	0	1	0	1	0	2	1	3	5	0	0	43	0	0	23	5	6	15	1	68	0	4	46	0	6	1	0	0	0	0	2	2	0	4	2	7	3	10	0	82	3
Nanosyncoccus pr_cl_195	5	0	0	1	2	0	2	0	0	0	0	0	0	0	0	0	0	0	0	0	0	2	0	4	0	0	2	0	0	0	0	0	2	0	2	0	0	9	2	0	0	0	0	4	0
Nanosyncoccus pr_cl_258	5	0	0	9	0	0	1	0	0	1	1	24	5	0	0	29	6	2	18	0	8	9	0	28	4	9	30	0	9	0	0	0	0	0	0	0	0	2	2	3	16	8	4	42	5
Nanosyncoccus pr_cl_82	5	0	0	9	0	0	2	0	0	0	0	2	1	0	0	0	0	0	1	0	0	0	0	1	0	0	0	0	0	0	0	0	0	0	0	0	0	0	0	0	0	0	0	0	0
Nanosyncoccus pr_cl_238	5	0	0	7	2	0	7	0	0	0	2	24	2	0	0	63	6	25	21	7	3	3	3	35	0	4	13	2	1	0	1	0	3	0	2	4	0	0	3	0	0	36	0	9	0
Nanosyncoccus pr_cl_249	5	0	0	14	0	0	0	4	5	10	1	9	2	0	0	62	1	2	47	3	6	3	0	37	0	16	12	0	1	10	0	0	0	2	7	0	0	4	4	9	45	12	0	25	5
Nanosyncoccus pr_cl_256	5	0	90	8	15	0	0	3	2	0	4	5	5	0	0	26	0	2	42	11	9	3	8	14	2	9	18	13	0	0	0	3	0	0	0	2	0	0	3	0	7	4	0	32	0
Nanosyncoccus pr_cl_241	5	0	2	18	2	1	1	17	7	0	24	139	7	0	0	58	4	0	34	13	10	8	1	95	1	16	33	2	0	3	0	0	0	1	5	0	0	10	20	7	17	8	0	38	4
Nanosyncoccus pr_cl_120	5	0	0	7	2	0	7	0	0	0	3	0	3	0	0	0	1	0	15	2	2	0	0	8	0	0	0	0	0	0	0	0	0	0	0	0	0	0	2	0	0	0	0	0	0
Nanosyncoccus pr_cl_247	5	0	0	20	0	1	0	2	0	0	19	1	0	0	0	30	3	0	9	11	5	8	0	30	2	14	6	1	4	0	0	0	0	1	0	0	0	4	4	0	1	6	1	13	0
Nanosyncoccus pr_cl_265	6	0	0	1	0	1	0	2	4	4	0	6	1	0	0	32	3	0	61	0	20	2	0	21	1	2	17	1	2	0	0	0	0	0	3	0	0	2	2	3	6	14	0	30	0
Nanosyncoccus pr_cl_197	7	0	0	8	0	0	0	0	0	0	0	0	0	0	0	15	0	0	11	0	0	0	0	2	0	0	0	0	0	0	0	0	2	0	0	0	0	0	0	0	0	0	0	0	0
Nanosyncoccus pr_cl_250	7	0	7	34	1	4	41	6	1	4	8	13	48	0	2	202	1	3	190	12	13	10	45	87	38	16	32	11	4	0	4	0	17	0	13	8	0	1	10	5	33	175	6	68	3
Nanosyncoccus pr_cl_259	7	0	0	6	0	0	51	5	0	2	0	21	6	0	0	27	8	0	18	2	13	2	8	23	4	20	21	0	9	12	34	0	5	0	3	0	0	2	2	3	3	14	0	26	2
Nanosyncoccus pr_cl_270	10	331	9	19330	182	1	0	8	0	3	282	36	9	0	4	915	127	2546	2	198	1590	7	19	683	41	21	2800	0	0	1	0	0	0	0	0	38	0	465	686	1	0	2	0	0	0
Nanosyncoccus pr_cl_181	10	0	0	11	5	0	0	0	0	2	2	0	1	2	0	0	0	0	9	3	0	0	0	34	2	1	5	0	0	0	0	0	0	0	0	0	0	0	0	0	0	0	0	0	0
Nanosyncoccus pr_cl_236	11	0	0	288	29	2	135	2	52	8	33	56	108	67	18	2335	43	2	1726	118	10	68	40	309	184	15	70	1	12	174	4	0	9	2	6	47	0	0	1	0	12	278	4	51	4
Nanosyncoccus pr_cl_255	12	0	5	4	0	4	2	4	2	2	1	1	2	2	0	39	0	6	13	3	8	7	4	50	0	12	19	5	0	2	0	0	0	2	3	2	0	8	3	0	6	5	0	82	0
Nanosyncoccus pr_cl_257	14	0	9	6	0	1	2	0	0	0	0	48	35	0	0	34	0	3	18	1	11	9	0	44	0	16	10	1	1	0	0	1	0	0	0	0	0	1	2	1	0	8	2	33	0
Nanosyncoccus pr_cl_79	15	0	0	7	0	1	0	0	0	0	2	0	0	0	0	1	4	0	1	0	0	0	0	3	3	0	0	0	1	0	0	0	0	2	0	0	0	0	0	0	0	2	0	0	0
Nanosyncoccus pr_cl_220	17	0	0	4	1	0	0	0	3	11	8	0	4	0	0	40	4	3	1	5	0	0	6	15	63	0	1	0	0	4	0	0	0	0	0	1	0	0	15	0	0	8	3	0	0
Nanosyncoccus pr_cl_261	18	0	0	20	0	0	1	6	2	2	1	15	4	0	0	135	17	4	8	7	3	26	3	44	0	3	31	4	7	0	0	0	0	6	4	2	0	4	18	0	12	11	0	29	0
Nanosyncoccus pr_cl_253	20	0	6	9	7	0	54	2	0	0	4	11	13	1	2	156	1	12	98	11	11	1	9	53	7	6	41	1	0	0	0	0	2	0	6	3	0	9	9	0	6	172	0	70	0
Nanosyncoccus pr_cl_266	21	9	0	26	812	0	23	3	0	0	2	4588	119	7	5	68	627586	447	46	277	5029	42	26	4039	28	3046	20862	485098	25	16583	0	0	2	205	1	29	0	46	747	2	1	116	29	49	2
Nanosyncoccus pr_cl_252	26	0	1	4	0	2	0	1	6	4	0	2	2	0	0	40	0	8	30	2	3	0	0	33	0	7	6	4	0	0	0	0	3	0	2	0	0	0	2	6	11	2	0	23	0
Nanosyncoccus pr_cl_273	29	0	0	38	7	0	0	2	0	0	1	7	641	2	155	57	98	107	7	19	61258	4	0	3704	181	13	49	0	0	258	0	0	0	1	0	7	0	71	124	0	1	0	0	5	7
Nanosyncoccus pr_cl_254	31	0	15	75	2	10	1	9	9	609	28	103	1085	4	3	245	36	84	197	64	2573	40	4	201	4	34	281	26	9	13	0	0	0	0	6	224	1	47	54	14	117	56	1	6115	1
Nanosyncoccus pr_cl_216	34	0	66	3	1	0	5	1	9	10	6	26	10	2	1	284	16	5	14	20	10	59	5	38	57	0	37	8	14	0	0	2	7	1	6	13	0	0	43	2	16	46	0	12	0
Nanosyncoccus pr_cl_268	35	0	0	23	167	28	4592	153	10	2	15	191	3478	7	121	1936	17	19	2718	163	9	28	4401	33	3600	9	168	3	337	1	258	0	894	216	16	283	2	18	66	13	14	8960	1177	38	15
Nanosyncoccus pr_cl_248	48	1	13	152	9	8	27	73	109	92	11	185	51	33	19	1081	13	23	951	67	60	53	4	368	7	71	212	16	29	7	12	0	7	2	23	22	0	20	18	24	175	89	0	218	29
Nanosyncoccus pr_cl_54	50	2	2	30	7	1	0	0	2	0	2	34	3	4	6	678	1057	886	0	377	54	1373	6	384	59	41	70	4	0	1289	0	0	0	2	120	31	0	2117	2286	5	0	45	0	8	0
Nanosyncoccus pr_cl_243	57	0	0	57	1	12	0	24	1	1	71	39	10	0	18	63	64	4	41	36	44	31	5	75	52	9	63	71	20	26	1	0	0	0	5	0	0	8	222	13	26	16	7	83	0
Nanosyncoccus pr_cl_271	102	0	42	438	916	6	0	2	0	1	50	67	187	4	12	999	610	18402	49	138	292	10	14	1470	1	58	118	0	1	3	0	0	0	4	0	183	6	1016	4686	4	0	0	0	2	0
Nanosyncoccus pr_cl_208	105	0	2	60	116	6	29	10	20	7	49	1115	1348	32	48	24537	6	23	192	234	11	11	60	390	2055	4	206	5	49	18	1	0	407	1	0	128	0	0	0	5	79	1341	14	11	0
Nanosyncoccus pr_cl_201	107	3	16	469	75	8	356	57	13	14	1530	31972	243	20	3982	1234	66686	127	10152	84472	291	13474	424	951	2099	150	30562	1037	40	140	2	0	5	16	6	10284	2	11991	268391	101	30	559	39	11558	1355
Nanosyncoccus pr_cl_272	334	20	62	63711	2942	4	98	4	225	21	198	5991	894	32	402	28023	5241	38071	1369	583	17544	76	469	6722	266	548	6086	385	9	995	0	0	7	502	7	1030	9	2387	7088	214	84	40	2	331	40
Nanosyncoccus pr_cl_52	391	0	74	3537	1195	103	3	16	0	0	22	3106	11	4	63	76	812	16234	11	129	1350	2943	82	1234	23	58	2232	34	17	3	0	0	2	4	418	109	6	10999	8728	66	6	11	0	10	3
Nanosyncoccus pr_cl_237	435	0	0	740	2	7	6	22	148	85	136	197	404	3	19	7500	72	15	6508	150	17	5	30	1043	37	9	123	0	28	1	7	0	22	2	7	112	0	3	4	6	26	62	20	166	9
Nanosyncoccus pr_cl_217	536	0	8	438	103	27	105	83	108	246	589	467	745	36	105	3366	511	320	763	541	78	212	160	1232	2615	36	553	548	459	206	7	0	130	34	15	541	2	70	171	42	627	3705	37	258	26
Nanosyncoccus pr_cl_233	751	27	10	166	183	732	3879	3551	131	190	58858	2595	7224	10	63	86788	8831	1387	6800	4220	68	227	1750	562	5506	39	86360	51	4495	7877	20	0	47	24	30	49	4	14	76	21	262	797	87	4814	27
Nanosyncoccus pr_cl_202	778	0	13	147	71	0	227	8	10	24	50	362	5468	10	171	1995	264	128	375	484	27	0	160	2587	400	95	928	281	136	12	9	0	29	33	0	1430	2	9	16	5	345	24488	13	198	38
Nanosyncoccus pr_cl_269	1496	271	474	2238	1331	63	1429	139	81	232	1850	951	1848	174	3215	5992	7263	1507	1891	861	5822	1521	575	11809	4764	2058	3641	748	191	3405	275	0	113	73	2489	1693	87	44577	258459	702	234	1218	1245	995	246
Nanosyncoccus pr_cl_240	2447	0	250	149	1	167	8	667	49	44	8	131327	15	2	2	330	356	14	287	19	1140	14	3	17056	11	4646	295	758	15	294	0	0	2	0	861	14	13	0	9	646	16	65	9	279	4
Nanosyncoccus pr_cl_234	25237	5	97	16112	26	9495	655	72080	9945	16799	4686	2813	707	475	1171	1120	5042	3998	45810	1913	186	11703	3075	11307	4044	163	3190	47	26007	644	715	1	682	591	350	2242	63	3115	256	2165	19281	125513	216	18668	4216
SDRW01 pr_cl_294	20	17	48	270	42	432	159	119	319	324	291	10	28	175	24	71	57	8	39	37	2	250	13	59	95	85	554	0	86	1	4	2	2	0	45	81	42	275	11	59	533	25	22	327	113
SDRW01 pr_cl_537	40	3	8	4	0	0	9	0	6	0	6	2	5	8	3	31	27	47	9	0	15	123	1	68	0	2	39	20	1	35	0	0	0	2	1	2	0	49	172	1	0	12	0	28	0
SDRW01 pr_cl_292	249	33	204	663	44	1628	138	342	907	214	1038	1	121	1460	16	86	162	15	107	19	24	693	26	90	22	140	733	0	230	9	9	3	100	22	345	86	2	1002	50	205	2292	153	65	1309	27
SDRW01 pr_cl_293	802	340	7759	14195	734	144300	604	20936	24686	8338	35178	187	1564	5718	388	383	1159	185	579	492	51	32554	1890	645	379	13546	15558	28	6188	239	97	38	254	48	3493	27804	149	16843	1243	3991	112286	2192	695	14354	363
SDRW01 pr_cl_535	298502	211	20798	76699	2214	32660	71234	91490	96585	14664	77405	513576	36267	10147	3106	58941	253575	39429	52459	67918	5481	170752	3788	316338	3732	6070	564280	13651	10470	42852	11952	77	424	557	38894	31488	613	68721	9787	44833	114431	11904	21532	232987	39420
Nanoperiomorbus pr_cl_18	211	6	0	445	286	0	3	1	0	0	103	2312	501	11	1267	6932	1272	13	355	12145	0	8	911	127	1283	37	415	12	5	94	0	0	5	23	0	119	3	10	3	1	8	550	14	15	0
Nanoperiomorbus pr_cl_43	216	0	0	278	115	0	0	0	0	0	47	357	686	5	1548	2740	1607	35	205	528	4	40	785	183	455	8	270	11	11	32	0	0	8	29	2	74	5	31	16	1	18	501	20	4	0
Nanoperiomorbus pr_cl_20	220	0	0	458	101	0	4	0	0	0	85	511	1001	4	1449	4224	1521	33	421	914	0	4	792	158	663	2	721	10	11	129	1	0	6	28	3	138	2	16	8	3	10	605	16	6	0
Nanoperiomorbus pr_cl_12	223	0	0	404	133	2	5	1	0	0	53	613	575	21	1332	4115	888	21	215	1392	0	8	631	180	1009	6	261	4	16	125	0	0	12	25	18	87	0	11	10	3	11	659	60	8	0
Nanoperiomorbus pr_cl_21	284	0	0	496	134	0	4	0	2	0	49	426	877	4	1103	2495	1679	7	258	673	1	8	1154	191	856	19	328	10	7	120	0	0	26	41	2	131	0	15	7	5	15	508	23	16	0
Nanoperiomorbus pr_cl_15	335	0	0	567	86	0	5	4	0	0	75	351	469	7	2551	4663	2305	50	275	1417	1	2	941	139	816	11	987	5	12	138	0	0	14	15	5	116	0	15	25	0	22	525	7	6	2
Nanoperiomorbus pr_cl_19	340	0	0	734	283	0	4	1	3	30	31	702	925	3	3102	2908	1843	40	500	1566	4	10	1612	289	1563	24	743	1	17	189	0	0	33	28	2	140	2	18	13	10	36	756	38	14	1
Nanoperiomorbus pr_cl_14	386	0	3	1045	225	0	4	0	0	1	150	552	936	11	2306	4938	2462	43	363	1288	2	7	1163	302	1316	31	1126	19	20	226	2	0	19	30	10	207	7	31	25	1	76	1087	17	7	0
Nanoperiomorbus pr_cl_17	398	0	0	518	596	6	1	0	0	2	62	5505	1047	24	2855	4862	2830	19	688	28492	7	28	903	327	2817	30	396	14	20	176	0	0	35	53	6	153	2	21	6	18	16	583	12	33	0
Nanoperiomorbus pr_cl_13	423	0	1	374	84	0	1	0	0	0	69	360	831	18	1297	4023	1715	18	225	604	2	1	1046	154	582	12	345	7	8	119	0	0	16	9	5	77	1	50	23	3	3	401	6	0	0
Nanoperiomorbus pr_cl_36	454	0	0	1771	205	0	1	0	0	2	89	739	1443	27	3331	5448	2820	64	411	2303	4	10	1032	301	1861	57	1425	14	39	286	0	0	107	74	6	233	1	8	42	4	79	2332	20	24	0
Nanoperiomorbus pr_cl_22	460	0	0	1032	250	0	1	0	0	0	38	748	1288	25	2926	6635	1981	54	515	1782	4	0	1821	236	1234	33	854	15	21	236	0	0	22	28	1	204	0	20	5	5	12	1064	15	7	0
Nanoperiomorbus pr_cl_39	466	0	0	1079	197	4	18	0	1	0	112	725	1284	20	2725	6779	2235	55	448	1888	0	7	2686	294	941	17	960	5	34	332	4	0	23	49	4	226	2	39	24	6	16	958	30	5	1
Nanoperiomorbus pr_cl_23	471	0	0	1190	300	2	13	4	0	0	81	1057	1461	26	1763	6942	2848	15	473	1999	4	4	1682	193	1024	12	763	4	34	257	3	0	89	36	2	196	0	33	23	8	32	1347	33	5	0
Nanoperiomorbus pr_cl_33	542	0	0	1583	501	0	118	1	0	30	67	929	1690	15	2736	7195	3602	67	529	2987	4	20	2479	666	1437	55	1082	38	21	356	0	0	24	57	23	227	2	41	16	14	27	944	89	16	0
Nanoperiomorbus pr_cl_40	575	0	0	741	196	0	33	1	0	2	72	560	1533	12	2235	7013	1698	100	715	1575	0	3	1086	414	899	11	1206	9	17	186	0	0	12	24	5	290	0	23	23	6	129	541	13	11	10
Nanoperiomorbus pr_cl_11	682	0	0	1245	195	3	10	30	4	2	97	986	1483	8	2939	6588	2620	147	730	1933	210	135	1991	621	1565	50	1048	87	22	705	6	0	21	58	168	235	4	67	539	18	104	1352	34	47	13
Nanoperiomorbus pr_cl_37	729	0	0	997	224	0	4	0	0	0	81	890	1616	10	2517	8667	3188	26	667	1651	1	3	1604	317	1339	31	962	6	31	301	0	0	34	58	6	217	0	45	15	5	20	683	12	5	0
Nanoperiomorbus pr_cl_35	831	0	0	1412	243	2	14	1	2	0	61	1608	2113	9	3705	9984	4081	49	404	3145	8	14	2635	499	2050	36	1468	10	65	416	7	0	55	77	8	294	0	53	48	7	87	1628	29	7	0
Nanoperiomorbus pr_cl_42	878	2	0	1883	290	0	18	2	0	2	127	1428	2612	54	5353	13216	5350	118	1067	2033	3	20	3275	634	2075	36	1710	7	24	626	0	0	44	81	10	252	5	64	46	9	31	1428	37	10	1
Nanoperiomorbus pr_cl_16	958	0	0	736	212	0	21	1	0	0	56	861	1621	46	2995	10387	3375	40	992	2296	4	3	1877	459	1355	24	1356	11	64	362	0	0	19	68	12	149	2	20	32	5	65	1585	49	16	10
Nanoperiomorbus pr_cl_24	960	0	2	1501	356	4	5	0	1	2	128	1971	2825	33	4093	12262	4856	133	870	3793	24	24	3251	611	2293	77	3188	50	26	509	1	0	96	101	5	453	3	88	50	36	53	2732	72	38	2
Nanoperiomorbus pr_cl_34	1023	0	0	1053	241	1	12	2	0	0	226	1589	1479	44	4342	9076	4797	52	808	2241	93	9	4202	454	1565	41	1956	26	43	413	0	2	27	60	20	341	4	37	28	7	64	1176	69	9	4
Nanoperiomorbus pr_cl_10	1172	0	80	1188	311	8	39	3	7	2	236	1350	2410	33	3364	9708	4194	181	807	1997	356	416	3012	1055	1802	68	1444	52	47	358	2	0	56	73	234	191	1	165	908	21	175	1005	80	49	11
Nanoperiomorbus pr_cl_38	1334	2	0	1613	388	3	1	2	2	23	186	1137	1422	23	3018	9731	4214	76	395	2034	4	13	3071	485	2047	48	1510	20	46	357	0	0	64	53	2	369	3	23	51	29	55	2936	57	21	0
Nanoperiomorbus pr_cl_41	1507	0	4	3808	794	0	8	5	0	0	186	3305	4665	46	8527	25849	11094	98	1210	6825	8	26	5801	900	3838	121	3776	23	81	854	2	0	103	5238	19	935	0	63	84	29	48	3190	77	29	7
Nanoperiomorbus pr_cl_25	2202	2	6	3173	1099	0	19	3	2	64	554	2587	6003	272	12530	35655	14620	84	4822	8627	72	12331	23402	1523	4881	238	4537	45	84	896	1	0	53	219	2576	746	5	156	40	48	149	2849	73	31	2
Nanoperiomorbus pr_cl_29	2777	0	2	3000	721	2	18	0	1	0	331	2938	5695	64	11478	28486	10502	166	2917	8150	6	22	5882	1065	7335	97	2729	31	79	1087	1	0	127	237	12	876	3	76	112	23	281	3307	212	71	2
Nanoperiomorbus pr_cl_26	3365	69	16	5060	1509	131	261	495	197	1610	1201	4090	7813	238	17243	37201	15618	223	3244	11655	606	585	7913	2155	8631	1298	7903	69	588	2481	1488	16	194	207	670	1131	10	374	349	552	196	5531	281	314	86
Nanoperiomorbus pr_cl_28	3391	2	0	3634	1259	4	19	8	0	5	463	3283	9084	77	10860	34643	13311	264	3493	7495	7	57	11253	1701	9177	113	3733	33	152	1367	3	0	180	195	20	882	8	83	62	31	27116	5269	170	33	688
Nanoperiomorbus pr_cl_27	4552	5	4	9554	2366	0	88	13	8	3	971	23446	15255	202	25500	69953	23370	369	4586	16329	22	202	14126	2926	12058	513	8873	108	344	2676	10	0	26849	410	36	4228	19	247	235	87	395	31253	17963	137	10
Nanoperiomorbus pr_cl_32	5766	0	4	7816	1400	0	158	7	2	7	379	6237	30582	8824	22845	59033	19941	226	6283	9323	11	59	15307	2426	11258	153	11115	40	153	2801	4	0	213	204	24	767	7	132	95	20	146	4287	122	41	0
Nanoperiomorbus pr_cl_30	14686	4	4	21556	5483	11	177	30	20	25	25424	20523	35903	339	72340	204201	62131	1797	12411	43786	50	206	44337	8968	35785	764	19900	171	745	5745	6	0	507	908	121	4317	33	557	503	171	1142	21651	639	343	40
Nanoperiomorbus pr_cl_31	29423	6	24	48556	10773	622	115275	5456	10	77	3270	45373	134583	1042	191743	539048	108398	59906	68051	70579	67	431	79175	76517	67763	1185	46009	417	1224	13138	33	0	1209	1444	127	11382	57	833	681	5640	1014	41887	1053	7780	39
Saccharimonas pr_cl_536	10	2	41	336	535	1	146	7	20439	206	93	52	33	407	14	116	32	0	7	14	88	6	6	116	39	29	128	28	16	10	9	42	3	4	187	17	2	182	23	52	128	15	20	211	73
Saccharimonas pr_cl_320	13	953	99	606	1075	27	1327	153	2144	302	83	13	143	4067	30	149	177	2	1439	558	13	467	107	1284	101	39	177	10	239	54	70	269	44	103	149	567	63	207	10	19	646	368	2582	311	545
Saccharimonas pr_cl_302	17	1335	101	462	946	22	887	129	1817	265	73	4	99	2951	25	578	215	4	990	434	5	576	80	1567	84	29	94	4	219	11	69	20	88	143	218	335	47	179	14	29	566	428	1737	285	362
Saccharimonas pr_cl_317	18	3172	245	787	1078	84	1981	424	4631	1304	510	41	152	5026	124	310	178	26	1245	934	158	643	154	2444	809	36	334	1	312	6	94	447	85	224	393	692	109	2609	147	80	994	353	4114	1039	638
Saccharimonas pr_cl_301	19	975	119	527	620	50	869	191	2220	324	111	45	97	3336	46	245	65	3	1015	498	14	402	54	1475	36	22	121	0	252	6	75	9	72	135	253	432	51	166	0	25	678	352	3300	354	518
Saccharimonas pr_cl_305	22	733	93	535	509	58	975	145	1696	489	93	8	85	2254	56	142	97	7	823	454	6	245	72	641	65	24	133	1	469	1	56	129	51	41	138	544	30	142	10	13	855	151	2488	484	326
Saccharimonas pr_cl_316	24	1223	63	1100	2082	47	2139	277	4158	924	87	3	217	6826	206	278	236	13	1814	1118	13	1236	144	2129	159	43	245	7	543	9	246	184	119	362	397	766	83	300	11	15	1430	612	4388	550	1137
Saccharimonas pr_cl_306	26	1006	263	723	1051	33	1436	208	2482	1315	183	12	108	5111	114	767	92	4	1354	741	14	607	110	1638	103	63	171	3	295	4	86	42	72	118	318	495	84	241	12	26	999	542	9502	580	587
Saccharimonas pr_cl_304	28	621	60	561	600	23	1192	180	1803	618	163	6	49	2667	101	290	125	4	859	501	90	355	81	932	92	38	171	3	187	6	107	15	46	74	228	337	62	194	2	19	867	315	4004	252	518
Saccharimonas pr_cl_299	31	7171	1684	665	567	72479	1316	9399	2917	373	48	12	88	3384	36	224	82	12	2253	720	11	583	88	1665	38	68	93	10	209	1	97	0	1057	145	375	447	98	222	37	22	760	432	2735	386	639
Saccharimonas pr_cl_300	32	3171	246	1465	2543	155	2469	263	5573	1441	272	49	231	8228	65	1004	112	28	2270	1032	366	1034	151	4060	164	58	347	66	731	13	795	51	274	318	645	996	135	485	12	46	1610	1095	6573	1615	1770
Saccharimonas pr_cl_298	36	2481	242	1280	2420	100	3226	331	127498	5766	87349	11	260	11139	101	628	157	5	2915	1473	65	1499	215	3879	145	99	311	5	487	13	14014	57	365	252	815	856	162	443	24	44	1584	964	7028	859	1309
Saccharimonas pr_cl_311	42	1285	98	661	1381	35	1877	272	2153	478	103	2	96	6120	110	250	50	2	1717	1015	13	440	100	1348	44	53	169	2	335	22	452	1	88	116	228	553	48	217	7	39	810	497	4278	438	497
Saccharimonas pr_cl_303	49	1788	82	668	1013	64	1148	83	1872	408	199	45	299	4341	125	254	336	23	852	851	122	717	104	1774	61	62	263	42	274	6	60	70	100	117	201	493	94	159	11	15	746	498	2800	741	586
Saccharimonas pr_cl_313	57	1937	82	1040	1772	94	3493	315	4056	593	139	21	199	11058	87	300	76	4	3733	1276	8	1315	152	2223	46	91	144	4	857	4	60	8	67	262	376	146496	216	479	26	43	828	887	4185	658	907
Saccharimonas pr_cl_318	61	1517	2407	1108	1727	60	2186	292	3851	646	201	188	183	9896	217	475	143	5	2375	1190	17	879	212	7234	170	87	281	10	545	56	167	177	120	14460	456	758	101	376	20	39	1302	747	6480	1289	1099
Saccharimonas pr_cl_284	62	0	22	417	5	37	146	13	71	81	147	293	70	6	33	503	480	21	133	350	421	248	47	3899	97	43	657	599	22	493	29	4	10	12	32	53	4	54	143	19	6	119	1	435	16
Saccharimonas pr_cl_308	79	834	1179	1014	5334	55	2590	623	2320	1676	209	75	178	4415	261	457	203	11	1199	824	169	610	125	1098	2266	144	404	2	392	16	81	760	51	97	302	645	53	939	40	61	1334	417	4197	558	761
Saccharimonas pr_cl_444	80	0	9	340	64	9	50	26	26	41	165	327	53	13	280	309	519	95	190	90	657	99	25	296	66	195	258	171	5	340	92	0	16	5	17	37	0	7	87	25	14	329	39	160	4
Saccharimonas pr_cl_443	93	0	17	445	51	7	86	27	3	9	175	196	152	3	221	365	211	77	142	293	478	53	56	326	95	79	276	28	11	346	109	0	11	12	36	55	0	30	175	28	7	143	19	79	20
Saccharimonas pr_cl_315	100	1767	110	967	2207	47	2899	331	3321	1467	163	43	222	8227	204	190	42	14	2908	1256	52	739	161	2146	103	97	399	34	551	7	99	345	71	223	307	1050	82	361	8	38	1014	712	3487	563	754
Saccharimonas pr_cl_432	103	0	3	384	25	7	409	22	5	49	94	143	132	0	244	329	527	15	142	424	252	6	106	330	132	33	101	100	39	209	27	2	12	4	39	23	2	11	78	5	6	96	32	90	8
Saccharimonas pr_cl_307	104	1961	187	1031	1671	37	2503	288	3481	960	258	9	319	8785	59	130060	79	2	2157	983	35	831	193	1906	188	1937	242	3	527	7	127	61	117	284	676	1302	132	211	5	45	1947	782	275972	648	810
Saccharimonas pr_cl_310	106	1571	92	1451	1686	48	3727	277	3101	791	180	7	204	13222	88	306	80	14	3355	1355	31	980	160	2770	154	75	330	5	476	12	116	12	60	223	320	912	123	461	16	13	1127	746	6525	651	1141
Saccharimonas pr_cl_319	120	1946	107	843	1871	64	1910	200	5218	1016	284	60	183	7899	157	301	193	29	2414	1185	26	1006	190	3800	50	62	288	3	419	14	79	49	9464	205	899	839	154	4831	694	73	806	1598	3550	537	692
Saccharimonas pr_cl_431	162	0	6	529	210	25	68	8	3	15	350	411	271	2	310	2727	725	44	363	281	427	17	156	244	573	121	590	190	113	479	145	0	12	11	39	14	0	28	57	54	55	126	71	119	45
Saccharimonas pr_cl_309	178	2984	236	12702	2979	286	21061	2418	17144	7370	460	79	1915	20923	397	442	486	9	4314	10767	467	4704	797	5948	1291	112	875	36	6189	7	2208	202	146	423	492	2510	130	1388	32	84	14879	1053	8186	4042	14794
Saccharimonas pr_cl_445	198	0	4	350	40	13	203	21	31	99	202	1177	284	17	280	505	935	72	417	559	584	93	146	455	98	108	955	714	427	627	81	0	13	12	67	124	0	13	121	10	41	153	77	211	65
Saccharimonas pr_cl_286	213	52	45	675	204	96	550	68	346	25	180	718	430	37	112	1883	2575	388	171	330	1172	1478	175	531092	414	280	1434	1908	229	832	6	54	59	60	1088	524	46	435	2861	54	290	315	71	341	130
Saccharimonas pr_cl_285	216	35	212	362	102	52	360	67	93	392	152	307	203	121	763	1618	654	431	137	414	324	81	160	4484	279	161	976	183	307	541	1197	18	28	30	247	93	8	82	163	199	187	390	42	212	32
Saccharimonas pr_cl_296	253	1639	151	1211	1324	58	2319	226	5137	714	334	61	153	7567	53	588	205	16	1951	1601	20	873	192	3095	72	60	200	33	557	7	162	24	398	275	676	937	104	557	30	25	1286	925	5934	760	968
Saccharimonas pr_cl_442	262	2	52	1196	387	13	495	45	23	10	969	951	429	12	628	2459	2074	211	710	599	1850	144	243	5148	585	250	1274	448	233	889	1262	0	34	40	222	210	4	177	1008	118	85	391	84	213	255
Saccharimonas pr_cl_297	277	2607	288	1088	1398	153	2585	788	6818	4506	1129	24	182	8223	188	10463	149	17	2251	1254	29	1153	326	3562	558	127	708	9	520	15	130	453	216	313	1610	2517	177	648	20	181	2079	908	6709	741	1099
Saccharimonas pr_cl_433	401	0	31	450	202	20	149	35	24	17	468	397	532	23	1753	1324	1144	237	315	669	1691	134	300	428	504	727	1380	195	14	770	139	1	44	30	422	60	1	7	127	66	108	370	72	1640	22
Saccharimonas pr_cl_435	539	8	26	1029	251	18	182	39	25	10	525	354	189	17	858	1128	1032	207	444	394	976	91	210	574	267	285	513	223	174	577	142	0	23	41	95	59	8	57	196	26	17	346	56	97	90
Saccharimonas pr_cl_312	546	11217	551	8841	269198	375	27098	1904	21904	156429	2848	188	4179	54379	556	2123	463	30	26098	10230	84	61930	9776	20000	1458	2571	50419	64	32909	141	436	245	324	726	1833	6098	664	2100	80	11320	5394	157921	22218	2580	4581
Saccharimonas pr_cl_441	685	0	33	1353	452	25	213	128	19	20	469	2102	46806	18	538	4776	1442	246	1646	1175	613	255	323	989	1107	510	1401	417	31	1144	195	0	116	132	291	44	0	27	216	128	19	857	111	81	83
Saccharimonas pr_cl_440	711	1	23	1025	554	13	375	92	30	70	974	804	499	28	815	2526	2111	523	1303	1114	2101	227	288	1486	829	361	1974	650	72	1774	436	0	47	60	291	104	0	56	530	101	182	1273	200	663	97
Saccharimonas pr_cl_436	908	0	30	728	220	20	246	28	33	18	625	1068	230	4	366	1106	1244	241	546	432	929	207	489	732	477	249	1493	319	44	825	273	0	41	34	150	96	6	170	602	40	155	490	120	301	101
Saccharimonas pr_cl_430	1018	178	149103	2822	1549	595	32132	161	6427	152	1109	2427	760	4781	3902	2770	3309	523	1495	1413	1648	587	1500	5102	2351	829	3554	648	151	5859	1620	13	66	50	591	4842	104	518	667	394	374	1705	299	1278	320
Saccharimonas pr_cl_434	1589	25	1339	5996	769	112	1335	237	285	443	3852	1898	1344	68	3813	73971	9593	984	4213	3134	19084	1059	1021	3526	3479	1395	4888	2787	1010	4168	1638	2	164	149	1156	261	26	274	976	253	333	2340	702	1143	421
Saccharimonas pr_cl_439	1781	9	131	3852	712	99	1678	153	113	183	2254	4735	3140	332	1737	7137	6899	1289	2102	1585	4229	1016	890	4447	1672	640	8360	2625	1358	2148	412	4	109	115	559	227	2	104	526	176	149	1751	339	1513	237
Saccharimonas pr_cl_288	1937	12	21	139830	801	402	2594	190	826	130	77844	4192	3112	2772	37885	43986	11357	1849	1664	818	91670	1156	3626	5053	63759	29481	308713	213703	487	12568	101	49	269	372	220	498	1	52	493	165	107	14560	6566	679	143
Saccharimonas pr_cl_314	2015	2759	8778	1178	4018	65	2428	364	4264	963	133	3	328	8708	67	389	376	0	3712	1750	19	1253	310	3121	146	81	440	1	521	5	96	0	91	157	251	819	126	545	20	18	808	853	4564	487	737
Saccharimonas pr_cl_437	2031	14	154	10578	2421	77	673	292	15428	37748	11392	1127	928	161	4811	6489	15858	920	5304	1972	9640	14545	1178	25442	2438	1660	6462	51964	155	7797	2924	0	129	213	326	227	15	100	662	208	449	2803	332	635	173
Saccharimonas pr_cl_290	2161	221	300	12984	5921	426	2265	309	1746	575	1604	8182	2685	605	4174	32308	9798	1924	1690	4294	4576	1166	3112	4647	3668	3340	32861	5894	726	8978	485	74	667	360	866	846	6	19	486	773	106	7965	507	6411	87
Saccharimonas pr_cl_295	3820	1617	123	171383	3571	139	7851	1008	8992	4861	1943	412	2095	15049	349	6208	565	20	3427	3314	74	1109	557	4381	2004	132	9870	2	2925	25	3021	24	81	211	410	1691	97	490	718	178	10417	874	5235	76140	10576
Saccharimonas pr_cl_283	4916	6	31742	6050	212	26652	771	4370	727	315	1298	280936	2374	401	840	5280	14249	1029	1974	2465	1773478	111579	677	471842	1010	5073	8284	240996	2811	42794	1155	12	64	189	32644	1600	158	126997	259432	1567	364	2204	174	24157	469
Saccharimonas pr_cl_438	56369	350	6065	172752	145205	3537	40203	10729	16880	6498	485016	66589	56546	3193	108647	372593	174013	44068	131927	125601	198867	26418	190907	134628	166709	40817	169213	45001	11840	205906	97468	23	6830	29179	27281	16345	44603	5847	35379	22817	6968	369418	232549	301992	10703
Saccharimonas pr_cl_287	61973	988	158	100612	1913	60495	46137	38213	48086	425	3661	187551	90451	1847	64355	1582199	336706	175140	24901	36907	7485	53307	154439	58829	80935	6791	115877	12123	4223	687643	156	40	24986	28002	10737	54672	55	4864	6728	427	151	399146	13341	7118	73
Saccharimonas pr_cl_289	91732	343	378	194270	1619	739	80902	1222	1117	25222	10809	89488	28868	5445	14245	190955	184634	10502	25148	154072	41263	4448	28921	75125	20187	16876	783289	75313	123688	138732	14009	1876	9363	2272	10134	13936	36	416	19963	4573	3661	103886	1371	142540	1627
VGLK01 pr_cl_275	135	10	18	42	20269	16	103	26	49	986	1210	25	4668	134	398	73857	67	16	3399	291	1	33	687	111	4025	10	1959	2	633	39	3	17	9	2	8	8	4	60	8	0	21	163	20	342	12
VGLK01 pr_cl_274	137	29	162	32237	1224	38	155	33	79	712	16048	142	183	41	260	2495	116	29	639	171	22	18	155	305	1902	0	3784	51	783	20	3	12	3	0	16	36	0	1663	184	9	106	521	230	1295	9
VGLK01 pr_cl_276	23221	385	185	805	17599	9668	2369	1457	1351	31216	40648	92	1588	667	2958	32103	365	45	47146	22299	79	228	1884	18880	23074	21	8941	43	5295	374	8	33	23	17	65	603	13	828	93	13	135	7105	1104	10028	35
Nanosynbacter pr_cl_402	0	0	4	21	0	4	12	0	2	0	1	6	2	0	0	2	7	3	1	8	22	0	0	5	1	1	17	2	1	0	0	0	0	2	0	0	0	12	2	3	6	5	0	3	0
Nanosynbacter pr_cl_381	0	0	7	0	0	1	0	0	1	0	0	0	0	0	0	2	1	0	0	2	51	4	0	2	2	4	0	0	0	18	0	0	0	0	1	0	0	0	0	0	0	3	0	0	0
Nanosynbacter pr_cl_417	0	0	0	0	0	0	0	0	0	0	0	0	0	0	0	4	4	0	0	0	24	0	0	12	0	0	0	0	0	0	0	0	0	0	0	0	0	0	1	0	0	0	0	0	0
Nanosynbacter pr_cl_412	0	0	0	0	0	5	0	11	21	8	0	46	2	0	0	0	2	0	2	0	0	0	4	4	0	0	17	0	0	0	0	0	0	0	0	0	0	0	0	3	0	0	0	136	0
Nanosynbacter pr_cl_405	0	0	0	0	0	0	0	0	0	0	0	6	0	0	0	2	2	0	0	0	2	0	0	7	0	0	0	6	0	0	0	0	0	0	0	0	0	0	1	0	0	8	2	0	0
Nanosynbacter pr_cl_386	0	0	4	26	0	2	0	0	0	0	0	4	2	0	0	24	27	2	2	13	49	1	0	25	0	2	11	0	0	0	0	0	0	1	3	0	0	10	1	0	0	10	6	0	0
Nanosynbacter pr_cl_371	0	0	0	0	0	0	0	0	0	0	0	2	0	0	0	1	2	0	0	0	0	0	0	1	0	2	0	1	0	2	0	0	0	0	0	0	0	0	0	0	0	4	0	0	0
Nanosynbacter pr_cl_425	0	0	0	0	0	1	0	0	0	1	2	5	4	0	0	33	47	0	0	8	77	2	0	19	0	4	6	0	5	2	0	0	0	10	0	7	0	24	130	0	0	68	0	6	0
Nanosynbacter pr_cl_400	0	0	1	210	0	0	0	0	0	0	0	23	0	0	0	5	22	2	8	15	9	0	0	12	0	2	4	0	0	2	0	0	0	0	0	3	0	3	0	0	0	7	0	0	0
Nanosynbacter pr_cl_349	0	0	0	2	0	0	0	0	0	0	0	0	0	0	0	0	0	0	0	3	0	0	0	1	0	2	0	0	0	0	0	0	0	0	0	0	0	0	2	0	0	5	0	0	0
Nanosynbacter pr_cl_427	0	0	2	0	0	0	0	0	0	0	0	71	0	0	0	10	0	2	0	0	31	0	0	30	0	0	68	3	0	2	0	0	0	0	0	0	0	0	0	0	0	17	0	0	2
Nanosynbacter pr_cl_356	0	0	0	0	0	1	0	0	2	0	0	9	0	0	0	2	1	0	0	0	2	0	0	5	0	4	0	0	0	0	0	0	0	0	1	0	0	0	3	0	0	3	0	0	0
Nanosynbacter pr_cl_368	0	0	0	4	0	0	4	0	0	0	0	26	0	0	0	0	0	0	0	0	3	0	0	1	1	0	4	0	0	0	0	0	0	2	0	0	0	0	0	0	0	5	0	0	0
Nanosynbacter pr_cl_424	0	0	1	2	2	1	2	0	0	1	6	0	0	0	0	36	33	0	6	0	9	1	0	5	0	4	1	21	2	18	0	0	0	0	9	0	0	4	2	2	0	5	0	2	0
Nanosynbacter pr_cl_361	0	0	0	2	0	0	0	0	0	2	0	0	3	0	0	7	22	1	2	5	0	0	0	0	0	0	2	0	0	2	0	0	0	0	1	35	0	0	0	0	0	5	0	1	0
Nanosynbacter pr_cl_345	0	0	0	0	0	1	0	0	0	0	0	7	0	0	0	8	3	2	0	0	8	0	0	4	0	0	4	4	0	2	0	0	0	0	0	0	0	4	1	4	0	7	0	2	0
Nanosynbacter pr_cl_395	0	0	0	0	0	2	0	0	0	0	0	0	2	0	0	0	1	2	0	13	33	0	0	1	0	0	0	0	0	2	0	0	0	4	0	0	0	0	0	2	0	4	2	0	0
Nanosynbacter pr_cl_360	0	0	4	0	0	0	4	0	0	0	0	0	0	0	0	1	4	2	0	0	2	0	0	0	0	0	0	0	0	0	0	0	0	1	0	0	0	0	0	0	0	11	0	0	0
Nanosynbacter pr_cl_426	0	0	0	0	2	0	0	0	2	0	0	0	0	0	0	2	0	0	2	2	2	0	0	1	0	0	0	0	0	0	0	0	0	0	4	0	0	0	0	0	0	11	0	0	0
Nanosynbacter pr_cl_359	0	0	0	3	0	3	0	1	1	3	0	8	65	2	2	58	14	0	0	14	36	0	0	17	0	4	5	9	0	9	0	0	0	0	0	0	0	1	2	0	0	28	0	0	0
Nanosynbacter pr_cl_415	0	0	0	11	0	0	0	0	0	0	0	1	0	0	0	0	0	0	0	2	0	2	0	0	0	0	5	0	4	0	0	0	0	0	0	0	0	0	0	0	4	0	0	0	2
Nanosynbacter pr_cl_420	0	0	1	0	2	0	0	0	0	0	0	3	0	0	0	12	2	1	0	0	4	0	0	1	2	0	0	4	0	0	0	0	0	0	0	0	0	0	0	0	0	1	0	6	0
Nanosynbacter pr_cl_401	0	0	2	2	0	0	0	0	0	0	0	2	2	0	0	14	24	3	0	7	9	0	2	17	0	1	6	14	0	2	0	0	0	0	0	0	0	0	0	1	0	19	0	2	0
Nanosynbacter pr_cl_335	0	0	2	0	0	0	6	0	0	0	0	76	0	0	0	2	14	0	7	26	2	0	0	29	0	5	36	0	0	1	0	0	0	0	1	0	0	0	2	0	3	29	0	0	0
Nanosynbacter pr_cl_343	0	0	0	0	0	0	0	0	0	0	0	0	0	0	0	5	2	0	1	0	2	0	0	3	2	0	0	0	0	0	0	0	0	0	0	0	0	0	0	0	0	3	0	0	0
Nanosynbacter pr_cl_338	0	0	0	0	0	0	0	0	0	0	0	0	0	0	0	2	0	0	0	0	2	0	0	3	0	2	2	0	0	0	0	0	0	0	0	0	0	0	0	0	0	4	0	2	0
Nanosynbacter pr_cl_354	0	0	0	2	0	4	0	2	3	0	1	18	0	0	0	5	18	3	0	4	26	0	0	93	2	11	0	8	0	4	0	0	0	3	2	0	0	2	0	0	0	7	0	0	0
Nanosynbacter pr_cl_413	0	0	0	12	0	1	0	0	0	0	0	2	0	0	0	0	6	0	0	0	8	3	0	11	0	2	14	0	0	0	0	0	0	0	0	0	0	2	0	0	0	0	0	0	0
Nanosynbacter pr_cl_392	0	0	0	0	0	2	0	0	0	0	2	8	1	0	0	264	11	1	0	2	8	1	0	18	0	2	37	1	0	11	0	0	0	2	2	7	0	0	2	0	2	6	0	2	2
Nanosynbacter pr_cl_384	0	0	2	106	0	9	0	0	0	0	0	19	40	0	0	1	24	0	20	48	94	7	2	19	17	8	102	17	59	32	0	0	0	6	0	2	0	2	9	2	0	30	0	0	0
Nanosynbacter pr_cl_407	0	0	0	0	0	0	0	0	0	0	0	0	0	0	0	2	4	0	0	0	2	0	0	0	0	0	0	0	0	0	0	0	0	0	0	0	0	0	0	0	0	1	0	0	0
Nanosynbacter pr_cl_352	0	0	0	14	0	6	0	1	0	0	0	2	0	0	0	3	4	0	0	0	6	1	0	10	4	0	0	0	2	0	0	0	0	2	2	1	0	0	0	0	1	18	0	0	0
Nanosynbacter pr_cl_370	0	0	2	0	0	0	0	0	0	0	0	7	1	0	0	0	2	1	0	0	7	0	0	6	0	0	2	0	0	0	0	0	1	0	0	0	0	23	3	0	0	4	0	1	0
Nanosynbacter pr_cl_383	0	0	0	4	0	0	0	2	6	0	2	18	0	3	2	20	29	2	6	4	6	0	17	9	0	0	2	3	0	2	0	0	0	0	0	0	0	0	0	0	0	11	0	4	0
Nanosynbacter pr_cl_385	0	0	0	4	0	0	0	0	0	0	2	0	0	0	0	0	5	0	0	0	4	0	0	18	0	2	2	8	4	3	0	0	0	1	2	0	0	0	8	1	0	4	0	0	0
Nanosynbacter pr_cl_397	0	0	0	1	0	2	0	0	0	0	0	0	0	0	3	0	3	2	0	20	4	0	0	24	1	0	0	0	6	76	0	0	0	0	0	0	0	0	0	0	0	7	0	1	0
Nanosynbacter pr_cl_414	0	0	0	0	0	2	0	0	0	0	10	2	0	0	0	5	0	2	0	6	11	0	0	1	0	1	0	0	0	0	0	0	0	0	0	0	0	0	1	1	0	2	0	0	0
Nanosynbacter pr_cl_357	0	0	0	0	0	2	0	0	0	0	0	2	0	0	0	3	2	3	0	0	1	0	0	20	2	3	24	0	4	0	0	0	0	0	1	0	0	0	0	3	0	2	0	2	2
Nanosynbacter pr_cl_396	0	0	0	0	0	0	0	0	0	0	0	2	0	0	0	17	3	0	0	4	12	4	0	13	0	0	1	3	0	0	0	0	0	0	0	0	0	2	4	2	0	3	0	0	0
Nanosynbacter pr_cl_351	0	2	12	175	8	4	0	0	9	0	8	105	240	2	12	6	59	14	5	39	67	1	2	84	0	0	54	140	277	3	118	0	0	0	0	0	0	46	105	1	0	14	0	1	3
Nanosynbacter pr_cl_419	0	0	0	0	0	0	0	0	0	0	0	7	0	0	0	0	2	0	0	0	0	0	0	6	0	0	2	0	0	0	0	0	0	0	0	0	0	0	0	0	0	0	0	0	0
Nanosynbacter pr_cl_362	0	0	0	2	0	3	2	1	0	0	0	1	0	1	0	6	10	6	2	6	28	0	0	30	5	6	3	0	0	0	0	0	0	3	0	0	0	2	8	1	1	32	0	1	0
Nanosynbacter pr_cl_344	0	0	0	2	0	12	3	0	3	0	3	7	0	0	0	163	10	17	1	10	5	2	1	23	8	0	12	10	0	1	0	0	0	0	2	0	0	0	0	2	0	6	0	0	2
Nanosynbacter pr_cl_388	0	0	0	0	0	0	0	0	0	0	0	11	2	0	0	12	13	2	2	10	20	1	0	40	0	5	1	2	5	4	0	0	0	0	2	0	0	2	0	0	0	4	0	0	0
Nanosynbacter pr_cl_342	0	0	0	2	0	1	0	0	0	0	0	2	0	0	0	2	1	0	0	1	0	0	0	0	0	0	2	2	0	0	0	0	0	0	1	0	0	2	0	0	0	2	0	2	0
Nanosynbacter pr_cl_358	0	0	0	8	0	0	0	0	0	0	4	2	0	0	0	0	0	0	0	0	4	4	0	9	0	0	3	0	4	0	0	0	0	0	0	0	0	0	4	1	0	1	0	0	0
Nanosynbacter pr_cl_421	0	0	0	2	0	0	0	0	0	0	0	1	0	0	0	7	1	0	0	0	2	0	0	5	0	0	0	0	0	0	0	0	0	0	0	0	0	0	0	0	0	0	0	0	4
Nanosynbacter pr_cl_410	0	0	8	36	1	0	0	0	0	0	0	21	0	0	0	52	59	0	187	10	37	1	0	6	0	0	0	1	0	0	0	0	0	0	0	0	0	0	0	0	0	24	0	3	0
Nanosynbacter pr_cl_398	1	0	4	13	4	1	0	0	0	0	0	3	0	1	2	173	38	0	0	2	71	2	0	64	0	2	10	2	0	7	0	0	0	1	4	0	0	30	50	4	0	8	0	2	0
Nanosynbacter pr_cl_369	1	0	0	0	0	0	0	0	2	0	0	3	0	0	0	5	16	1	0	4	6	2	0	6	3	0	1	0	0	7	0	0	0	0	5	2	0	2	2	0	0	6	0	2	0
Nanosynbacter pr_cl_429	2	0	0	0	0	3	0	0	0	0	0	0	0	0	0	0	0	0	13	0	2	0	2	0	0	0	0	0	0	4	0	0	0	0	0	0	0	2	0	0	0	1	0	0	0
Nanosynbacter pr_cl_404	2	0	3	108	2	0	0	2	2	0	0	3	153	0	11	59	31	15	10	0	14	2	0	31	1	5	0	82	55	0	34	0	0	6	0	0	0	0	15	2	1	36	0	2	0
Nanosynbacter pr_cl_347	2	0	4	0	0	2	0	1	0	0	0	2	0	0	0	0	0	0	0	0	0	0	2	15	0	0	35	2	0	0	0	0	0	0	4	0	2	2	0	0	0	1	0	2	0
Nanosynbacter pr_cl_337	2	0	4	126	0	4	0	0	0	0	2	611	5	2	4	38	479	10	12	26	15	45	2	22	0	4	12	9	0	6	2	0	0	0	15	0	3	8	8	1	0	25	0	0	0
Nanosynbacter pr_cl_422	2	0	0	0	0	0	0	0	0	0	0	0	0	0	0	0	2	0	0	0	0	0	0	2	0	0	0	0	0	0	0	0	0	0	6	0	0	0	4	0	0	1	0	0	0
Nanosynbacter pr_cl_365	2	0	0	17	0	1	0	0	0	0	0	6	2	2	0	6	9	2	2	4	54	4	2	21	3	3	2	10	0	0	0	0	0	0	0	0	0	0	0	0	0	7	0	0	0
Nanosynbacter pr_cl_374	2	0	0	4	0	0	0	0	1	0	0	3	0	2	0	10	0	2	0	0	4	1	0	29	0	2	1	0	0	2	0	0	0	0	12	0	0	0	0	0	0	11	0	0	0
Nanosynbacter pr_cl_408	2	0	0	4	0	3	0	0	0	0	2	18	0	0	0	17	27	4	154	12	19	2	15	23	0	0	4	10	0	8	0	0	0	5	0	7	2	0	2	7	0	10	0	0	19
Nanosynbacter pr_cl_403	3	0	9	89	4	1	3	4	0	0	2	11	36	0	2	115	112	24	5	28	14	4	0	48	2	3	2	174	46	0	44	0	3	7	0	0	0	6	0	11	2	25	30	0	0
Nanosynbacter pr_cl_372	3	0	1	33	7	9	19	1	0	0	0	6	7	0	11	44	33	2	18	4	35	4	26	48	12	8	102	6	0	5	0	0	4	7	0	0	0	0	8	1	1	29	0	3	2
Nanosynbacter pr_cl_353	3	0	5	306	5	2	1	2	0	0	0	8	160	0	23	140	42	3	6	29	113	0	0	147	5	8	2	87	105	34	27	0	3	2	4	3	0	2	6	0	22	41	0	0	0
Nanosynbacter pr_cl_341	3	0	1	0	0	8	0	0	1	5	0	3	0	2	0	0	3	0	0	3	13	4	4	5	0	0	7	5	0	0	0	0	0	0	3	0	0	3	0	0	67	62	0	2	0
Nanosynbacter pr_cl_406	4	0	2	0	0	0	0	0	0	0	0	5	2	0	0	0	18	0	0	0	2	1	0	17	0	1	8	1	0	2	0	0	0	0	1	0	0	0	0	0	4	6	0	0	0
Nanosynbacter pr_cl_350	4	0	0	5	12	7	0	24	1	0	0	1297	4	2	7	26	3	0	108	26	6	57	24	27	12	2	3	15	7	0	0	0	0	2	2	48	3	2	10	3	0	22	0	1	3
Nanosynbacter pr_cl_394	5	0	4	2	0	1	0	0	11	1	10	20	0	0	0	94	5	2	0	0	25	1	9	49	0	0	15	2	1	3	0	0	0	0	1	0	0	44	80	0	0	13	0	0	0
Nanosynbacter pr_cl_367	5	0	0	12	0	2	0	0	0	7	33	6	2	0	29	2	7	0	92	12	4	14	0	11	4	4	6	12	2	0	0	0	0	2	2	0	0	0	3	0	0	5	0	2	0
Nanosynbacter pr_cl_363	6	0	2	6	0	35	1	2	4	0	0	83	8	2	1	10	20	12	10	0	62	99	2	21	0	19	3	8	1	3	0	0	0	1	8	0	0	26	17	0	20	17	0	0	2
Nanosynbacter pr_cl_387	7	0	0	4	0	0	2	0	0	0	2	3	0	2	0	0	4	0	0	0	8	0	2	2	0	0	4	0	0	0	0	0	0	0	1	0	0	0	2	0	3	1	0	0	3
Nanosynbacter pr_cl_364	8	0	6	3	0	3	0	1	0	1	0	14	4	0	0	345	32	3	2	35	23	7	3	46	6	8	6	45	44	11	0	0	0	4	0	1	1	0	12	0	0	29	0	1	1
Nanosynbacter pr_cl_280	8	0	3	3	0	1	20	0	4	0	2	53	6	4	9	50	60	2	28	14	79	9	10	55	10	10	33	19	20	4	1	0	0	1	0	9	0	3	5	0	12	19	2	17	13
Nanosynbacter pr_cl_418	9	0	0	6	0	0	0	0	0	0	2	2	0	0	0	14	6	0	0	6	1	0	0	0	0	4	0	5	0	0	0	0	0	0	0	0	0	0	0	0	0	0	0	0	0
Nanosynbacter pr_cl_279	10	0	0	47	7	10	10	10	11	10	0	52	18	12	10	22	48	26	25	11	45	22	4	88	10	12	57	9	14	26	7	0	0	1	2	6	0	18	25	0	0	10	0	144	12
Nanosynbacter pr_cl_366	10	0	0	4	0	0	0	0	0	0	2	27	2	0	0	5	6	4	0	7	18	1	2	7	2	0	1	25	2	0	0	0	0	2	0	0	0	8	0	0	0	5	7	0	0
Nanosynbacter pr_cl_336	11	0	53	88	0	177	0	24	13	0	6	256	17	0	5	763	112	10	4	25	69	31	2	374	3	18	36	65	5	17	0	0	0	1	38	0	0	101	74	8	7	34	0	0	2
Nanosynbacter pr_cl_375	11	0	0	4	6	2	0	0	8	1	2	1	0	5	0	2	22	1	6	0	0	35	0	3	4	0	2	68	0	0	0	0	1	0	0	0	0	0	0	7	0	13	0	1	1
Nanosynbacter pr_cl_409	12	0	0	17	0	9	0	0	0	0	0	4	0	0	7	0	10	2	13	0	2	0	0	4	17	0	152	0	1	50	0	0	0	0	0	1	0	4	0	0	1	2	2	2	4
Nanosynbacter pr_cl_377	12	0	3	12	0	4	0	2	2	0	0	8	0	0	0	16	17	9	3	3	15	4	2	44	8	0	16	3	2	4	0	0	0	5	6	4	0	0	2	0	0	20	0	3	0
Nanosynbacter pr_cl_378	13	0	2	70	26	0	91	6	95	38	74	25	52	15	45	21	25	6	44	37	11	4	72	63	320	15	10	11	24	12	0	4	4	6	15	10	16	1	1	1	2	137	2	54	1
Nanosynbacter pr_cl_334	13	0	1	21	0	0	0	0	0	0	0	12	0	0	2	42	4	0	0	6	34	3	0	13	1	15	10	6	2	2	0	0	0	0	4	0	0	2	3	0	1	64	0	16	0
Nanosynbacter pr_cl_322	14	0	3	6	55	2	0	0	4	0	1	5	0	0	4	31	74	13	7	13	141	282	4	279	7	7	39	4	0	0	0	0	0	5	21	7	0	1311	1054	2	0	0	0	8	2
Nanosynbacter pr_cl_346	15	0	0	8	3	0	0	0	0	0	2	24	0	0	0	2	13	0	0	2	55	0	1	43	0	1	0	7	0	3	0	0	0	0	0	0	2	0	3	0	0	0	0	1	0
Nanosynbacter pr_cl_340	15	0	48	59	1	0	0	0	0	0	0	1	0	1	0	8	7	0	0	3	4	3	0	2	0	0	2	3	24	0	0	0	0	1	1	0	0	0	0	0	0	1	0	2	0
Nanosynbacter pr_cl_348	16	0	0	0	0	1	0	0	0	0	1	0	2	0	31	8	41	6	0	0	60	0	0	9	2	0	0	17	0	0	0	2	0	0	0	0	1	0	0	0	0	0	0	0	0
Nanosynbacter pr_cl_411	18	0	0	15	0	2	4	0	17	0	8	17	0	0	1	6	77	4	17	3	4	2	0	33	11	9	46	8	7	8	0	0	0	0	0	0	0	0	2	2	0	24	0	1	0
Nanosynbacter pr_cl_380	18	0	0	29	19	3	2	0	16	0	12	56	12	1	15	15	91	1	3	4	22	10	2	52	0	15	61	84	145	23	0	0	6	5	1	33	0	35	198	0	11	7	0	1	4
Nanosynbacter pr_cl_521	20	0	141	84	0	4	2	0	23	6	24	61	18	10	5	69	185	17	26	23	182	55	2	680	16	35	37	36	12	17	0	0	3	2	1028	6	0	56	16	16	84	4	0	7	4
Nanosynbacter pr_cl_516	22	8	145	38	2	2	15	0	33	1	82	36	0	10	3	97	196	3	15	43	168	68	5	1466	6	10	8	30	2	9	0	0	5	5	253	4	2	71	31	11	70	3	5	81	0
Nanosynbacter pr_cl_423	24	0	0	0	0	3	0	0	0	0	0	2	0	0	0	0	4	0	0	49	0	0	0	11	2	0	0	16	0	0	0	0	0	0	0	0	0	0	1	0	0	1	0	0	1
Nanosynbacter pr_cl_379	26	0	2	46	0	4	17	17	87	2	35	533	5	1	13	187	148	2	25	50	45	27	20	211	1	4	165	4	0	34	0	0	2	4	32	0	0	1	11	5	15	6	0	7	2
Nanosynbacter pr_cl_416	27	0	0	0	0	0	0	0	2	0	1	3	0	0	0	0	25	0	0	23	1	48	2	9	4	20	0	1	0	0	0	0	0	7	1	0	0	0	0	0	1	11	0	0	3
Nanosynbacter pr_cl_522	28	13	64	75	3	13	18	4	19	16	25	112	24	1	23	27	470	4	32	75	200	118	3	333	1	56	207	25	15	33	0	0	0	0	164	3	0	42	16	14	35	144	9	54	8
Nanosynbacter pr_cl_281	28	0	18	852	0	4	34	8	24	6	128	132	2	4	10	132	30	14	7	646	40	65287	214	121	9	74	165	18	14	0	0	1	6	0	12	0	0	1178	2	2	60	2	0	65	32
Nanosynbacter pr_cl_382	32	0	7	34	1	7	0	0	0	57	380	65	2	2	1	49	48	10	50	260	52	88	4	73	14	7	76	16	1	21	0	0	0	4	6	101	0	2	1	2	1	57	5	97	6
Nanosynbacter pr_cl_520	33	13	32	65	0	4	69	2	29	9	1	53	14	23	4	67	313	4	97	17	154	32	0	94	16	20	40	151	32	31	0	0	0	2	187	19	0	29	13	5	31	29	0	9	8
Nanosynbacter pr_cl_373	34	0	12	20	16	22	9	34	41	8	129	540	20	5	0	88	66	10	20	8	10	21	16	69	8	0	136	15	24	21	2	0	0	5	7	6	1	242	689	3	3	264	0	41	0
Nanosynbacter pr_cl_393	38	0	8	29	2	11	2	8	103	0	53	799	5	0	3	1	62	2	34	39	7	19	3	219	0	11	362	6	1	20	0	0	0	2	0	6	0	0	4	7	1	5	1	7	1
Nanosynbacter pr_cl_390	42	0	1	36	3	0	0	0	89	4	44	583	28	4	68	9	189	3	37	18	40	19	46	59	7	0	138	47	59	16	16	0	0	0	30	0	0	7	19	0	0	13	0	7	0
Nanosynbacter pr_cl_326	42	0	51	500	32	122	62	36	76	10	158	301	135	18	33	312272	1465	175	122	577	3978	375	38	1864	186	250	730	993	97	178	1	0	3	6	95	25	0	252	383	71	42	134	5	60	29
Nanosynbacter pr_cl_399	44	0	0	89	4	32	0	4	12	9	209	14	1	0	2	1094	27	8	7	8	77	33	61	61	56	17	139	8	65	103	0	0	1	4	2	1	0	14	12	6	4	22	4	20	40
Nanosynbacter pr_cl_355	47	0	5	104	2	9	0	2	0	15	23	235	93	4	17	98	194	5	34	29	115	20	11	128	4	10	208	401	81	33	17	0	0	5	18	29	0	20	12	11	2	28	3	23	0
Nanosynbacter pr_cl_519	48	0	60	1441	0	18	42	6	36	9	51	218	28	14	13	324	966	18	235	212	49	65	28	375	46	57	341	92	16	51	0	0	2	2	314	16	2	60	51	6	69	66	9	70	35
Nanosynbacter pr_cl_333	52	0	0	50	60	3	3	0	3	0	118	7	15	0	23	439	104	1	22	42	107	89	142	23	474	45	247	40	220	2	1	0	0	4	7	3	0	2	22	1	0	14	0	0	56
Nanosynbacter pr_cl_530	53	0	259	93	5	32673	14	4076	500	8	346	344	31	27	4	101	919	21	144	61	296	417	12	1399	51	43	181	77	8	135	16	0	37	5	1099	36	0	3191	748	154	441	103	16	92	17
Nanosynbacter pr_cl_517	55	2	195	166	2	23	133	58	49	209	61	238	14	133	23	312	293	6	25	60	130	124	1	652	31	62	494	47	66	29	484	4	5	0	332	21	0	77	30	28	129	13	120	188	440
Nanosynbacter pr_cl_376	59	0	3	53	39	25	45	14	8	1	140	17	36	2	10	690	74	16	18	113	48	82	174	50	166	13	419	32	129	9	1	0	0	4	1	11	1	10	24	0	12	29	4	12	28
Nanosynbacter pr_cl_339	60	0	0	34	0	19	14	32	8	0	16	239	15	1	0	24	22	0	13	10	0	20	2	7	1	2	135	10	0	0	0	0	1	0	0	2	0	23	57	0	24	4	16	2	1
Nanosynbacter pr_cl_389	61	0	0	6	119	17	0	0	0	0	52	12	73	1	2	1288	1	2	7	75	91	91	106	25	230	36	379	5	440	11	2	0	0	0	1	0	0	3	30	0	32	0	0	0	81
Nanosynbacter pr_cl_514	62	0	34	133	0	13	30	2	47	0	7	268	37	27	16	56	367	18	45	56	53	130	2	174	3	16	158	158	57	31	2	0	8	0	180	13	0	73	73	21	89	24	1	76	2
Nanosynbacter pr_cl_512	68	1	192	1656	59	39	29	74	5	0	147	421	1706	2	73	470	1446	63	135	279	2564	13	51	1134	104	57	334	2474	1684	57	1317	0	8	42	13	12	0	212	325	93	74	34	5	17	9
Nanosynbacter pr_cl_391	70	0	23	157	0	18	24	12	15	64	34	240	91	12	28	440	440	29	48	80	746	74	69	332	24	23	303	93	8	116	47	0	3	6	35	57	61	65	104	9	14	104	33	1150	7
Nanosynbacter pr_cl_532	88	23	271	315	38	40	83	14	31	0	27	727	101	229	65	281	1421	11	69	27	120	216	13	2958	49	118	65	150	18	10	4	0	15	5	446	9	0	247	84	31	376	29	4	105	22
Nanosynbacter pr_cl_531	100	12	280	292	2	40	63	11	53	1	136	376	125	65	152	273	921	104	114	82	329	258	91	1442	237	89	125	474	208	44	40	0	8	23	394	10	0	172	99	84	341	165	46	59	16
Nanosynbacter pr_cl_533	111	5	278	694	34	109	71	37	21	52	181	406	48	38	72	324	2059	45	243	93	104459	188	46	518239	20	183	307	294	191	254	4	0	10	7	360	216	1	1647	232	37	210	115	12	216	51
Nanosynbacter pr_cl_526	121	0	20	99	2	9	14	14	12	12	5	81	72	16	129	1	243	2	4	23	210	132	1	114	0	140	32	21	10	38	0	0	5	0	95	9	0	35	20	7	108	20	2	103	2
Nanosynbacter pr_cl_527	129	0	139	3944	12	85	858	79	170	758	212	3342	230	6311	6064	15570	6321	635	13209	1666	1350	787	3682	1457	3528	280	5830	152	2297	374	172	990	1294	137	382	107	1232	234	112	50	1145	279	497	1520	215
Nanosynbacter pr_cl_518	130	7	131	169	5	31	49	18	184	262	79	299	25	16	233	546	536	25	342	40	530	171	35	1899	63	51	272	119	35	125	24	0	6	11	416	35	0	134	65	24	120	146	17	415	96
Nanosynbacter pr_cl_515	134	10	58	113	5	45	105	35	30	5	87	120	18	45	25	237	500	5	109	106	329	184	23	653	64	62	185	119	54	172	6	0	2	0	380	11	0	70	64	38	103	92	5	118	15
Nanosynbacter pr_cl_513	168	0	177	161	9	39	47	17	0	5	108	229	151	42	10	1037	744	30	68	101	1499	48	40	982	154	105	448	384	22	51	0	0	2	10	58	9	0	117	214	28	11	176	16	31	11
Nanosynbacter pr_cl_511	174	6	166	130	5	21	24	9	33	7	22	145	27	7	24	226	574	5	112	37	999	29	16	486	25	76	269	164	5	19	3	0	2	0	32	19	0	235	186	15	15	4	5	19	7
Nanosynbacter pr_cl_528	174	4	230	311	8	43	34	13	59	11	185	611	320	81	29	582	1267	60	39	152	548	355	29	2465	78	138	158	165	118	55	12	0	18	6	375	134	0	130	41	78	715	194	38	334	23
Nanosynbacter pr_cl_327	175	0	137	458	58	89	23	15	51	4	78	499	189	8	323	1655	1634	18432	166	396	2584	91	61	1622	14	122	875	512	179	235	33	0	5	72	29	26	0	51	121	87	20	195	18	55	28
Nanosynbacter pr_cl_282	195	12	27	163	266	20	1103	101	468	253	87	102	140	1223	514	264	490	16	358	524	14	30	202	1312	373	44	471	1503	563	24	20	66	7	77	763	577	57	19	11	732	109	51	1194	168	253
Nanosynbacter pr_cl_469	197	0	64	443	10	33	172	60	71	9	58	2288	198	17	41	263	1290	7	115	46	193	710	93	893	40	121	1087	326	128	163	2	0	3	13	41	48	0	99	62	139	64	479	24	154	123
Nanosynbacter pr_cl_472	204	0	28	226	11	5	103	6	26	6	71	625	85	9	47	140	459	0	514	106	2234	76	107	1014	43	114	481	201	92	42	0	0	0	9	15	87	0	84	134	31	20	83	0	93	64
Nanosynbacter pr_cl_328	204	3	112	367	5	127	62	21	87	2	52	789	81	1	73	2602	1649	272	97	595	2271	130	49	1906	101	148	1369	630	52	407	2	0	4	10	74	126	6	74	131	78	38	378	6	48	48
Nanosynbacter pr_cl_323	213	0	14	52	1	0	73	1	24	9	53	329	30	9	23	188	319	25	51	139	146	80	64	192	29	10	198	24	8	97	0	0	6	4	1	5	0	245	186	5	0	13	5	68	15
Nanosynbacter pr_cl_467	229	1	66	868	114	95	137	86	168	8	22	2688	248	54	177	1409	2632	33	395	271	288	710	81	801	159	262	1463	510	216	197	5	0	10	13	92	123	2	127	170	280	74	571	8	357	347
Nanosynbacter pr_cl_451	231	0	82	1940	29	12	286	31	82	66	167	2699	402	46	329	616	5595	27	512	67	484	231	131	5645	126	265	3810	1759	739	1084	9	0	9	15	141	10	0	130	125	157	28	116	24	245	199
Nanosynbacter pr_cl_529	231	23	23023	424	15	39	127	17	154	33	11598	748	154	96	158	1275	1413	128	506	271	580	669	102	2983	141	133	687	197	27	309	6	0	60	7	1552	114	2	708	144	1029	932	78	21	406	164
Nanosynbacter pr_cl_534	233	17	115	79	48	26	48	7	25	6	100	963	80	18	24	184	878	37	42	92	1004	551	19	1141	230	423	190	297	68	58	0	0	5	4	584	37	0	407	2582	50	94	42	31	70	13
Nanosynbacter pr_cl_462	243	0	56	794	36	15	94	44	54	48	257	2055	211	13	78	1020	1271	13	321	428	199	670	30	371	246	182	683	330	631	193	7	0	0	13	42	57	0	14	40	223	79	117	3	299	109
Nanosynbacter pr_cl_460	249	0	97	1265	35	26	186	57	180	40	267	1712	201	32	61	869	2533	34	580	211	321	189	66	529	135	259	1207	563	500	246	8	0	11	11	63	85	0	52	170	224	510	254	4	370	100
Nanosynbacter pr_cl_523	250	2	115	533	5	2	32	13	93	21	80	96	55	14	30	359	357	15	127	54	127	140	28	596	37	52	283	114	29	44	6	0	2	2	374	11	0	64	21	4	63	114	40	106	11
Nanosynbacter pr_cl_454	252	2	43	1204	3	24	55	69	142	15	95	7636	142	41	70	44	807	2	78	80	1142	390	35	16486	28	206	504	161	464	131	0	0	4	13	43	53	0	51	79	125	93	203	6	333	194
Nanosynbacter pr_cl_457	265	0	102	711	27	32	595	64	136	70	124	2810	114	33	62	395	1424	16	298	156	168	531	41	1884	54	303	450	110	315	157	1	0	2	11	73	34	0	67	74	336	60	55	7	151	135
Nanosynbacter pr_cl_332	284	15	125	729	435	14396	32	2523	48	30	459	1135	376	27	134	3509	1977	145	741	575	8094	231	41	2483	322	253	1513	695	186	1466	9	0	23	20	93	61	2	298	598	142	110	419	18	408	42
Nanosynbacter pr_cl_525	298	2	155	93	31	21	19	12	16	0	31	191	34	30	19	73	360	7	42	34	263	160	19	798	17	45	267	26	32	49	10	4	2	2	424	32	0	169	78	30	202	24	4	209	9
Nanosynbacter pr_cl_448	308	10	835	26000	272	297	273	765	2577	700	401	22322	4916	2000	622	574	5001	16	410	229	411	3305	104	46644	172	662	4672	152	3925	205	10	2	78	19	207	314	0	405	862	201	1478	187	169	115659	693
Nanosynbacter pr_cl_325	345	14	110	1541	9	79	45	21	47	18	1105	705	723	5	64	825	7401	181	1388	834	5853	158	60	1571	160	367	1717	24984	123	241	7	0	3	45	66	38	0	120	288	78	47	676	1	323	127
Nanosynbacter pr_cl_470	360	0	699	1304	78	36	238	99	91	165	129	2378	284	74	130	872	2599	5	424	207	329	527	89	1190	210	355	1251	501	380	349	33	0	1	11	146	46	2	133	114	209	147	240	22	514	206
Nanosynbacter pr_cl_458	378	2	979	2349	47	91	632	265	217	470	348	3183	362	418	200	1055	4110	81	542	273	340	443	120	1705	437	483	2000	818	978	213	29	0	8	17	333	89	0	176	138	360	448	704	46	941	384
Nanosynbacter pr_cl_463	389	0	37	589	10	16	116	39	101	13	140	2210	298	16	87	1242	2243	123	345	289	267	404	93	821	181	296	971	621	451	262	1	0	0	5	29	63	0	25	76	198	138	140	10	354	92
Nanosynbacter pr_cl_524	420	0	231	1260	14	34	7446	20	16260	959	257	1070	126	40	112	334	1751	110	286	144	407	228	19	1001	102	102	643	557	534	312	20	0	7	8	524	63	1	303	97	59	227	51	628	380	44
Nanosynbacter pr_cl_331	438	0	121	1189	5	315	76	48	54	13	362	874	245	14	100	2139	2348	167	1189	784	7259	154	27	2159	174	470	1800	809	167	583	0	0	8	18	208	157	2	11056	50331	139	86	230	53	441	49
Nanosynbacter pr_cl_466	485	0	76	863	13	20	191	65	51	30	64	2207	127	34	45	717	2121	125	613	152	303	373	53	491	172	165	1176	711	205	130	11	0	0	17	51	39	0	55	82	174	82	124	0	320	181
Nanosynbacter pr_cl_455	495	0	3045	3526	65	11588	409	1605	83618	489	583	12263	653	67	160	188	4271	201	661	351	263	151905	402	1801	254	2762	1329	465	557	291	7	0	4	20	64	58	0	36	77	5234	95	194	27	345	350
Nanosynbacter pr_cl_477	588	2	42	2511	73	81	467	232	58	27	232	1276	576	66	340	341	11875	98	1100	936	535	337	67	798	276	152	2281	1016	572	376	8	0	8	14	18	137	0	57	310	81	147	365	3	142	83
Nanosynbacter pr_cl_476	589	8	41	1872	67	455	2478	3573	46	273	145	2210	294	48	149	475	4219	179	684	2113	416	378	97	420	199	130	3201	626	323	993	4	4	7	18	46	76	0	54	360	74	128	84	9	835	142
Nanosynbacter pr_cl_465	607	1	46	868	6	91	307	101	132	30	126	1726	152	127	81	1053	2060	59	283	125	180	1065	52	586	134	260	815	498	216	152	3	0	5	10	42	17	6	74	113	286	47	147	16	267	103
Nanosynbacter pr_cl_452	613	0	93	2804	23	44	221	168	231	22	288	3257	377	67	307	1627	7027	60	883	177	274	816	183	1526	425	237	3516	1806	1026	748	2	1	0	47	315	63	2	92	62	195	12	269	12	255	98
Nanosynbacter pr_cl_475	615	1	70	2276	101	166	761	494	86	75	324	2053	451	75	405	977	6618	152	766	1401	595	737	160	817	612	238	1842	546	131	695	6	0	13	15	14	149	2	75	509	81	214	286	2	216	111
Nanosynbacter pr_cl_450	665	1	178	761	14	67	165	51	101	50	438	2274	215	52	179	668	5209	59	289	175	1041	382	147	3420	132	557	1106	2143	504	340	22	0	6	28	93	97	0	2444	385	172	79	184	23	542	84
Nanosynbacter pr_cl_493	678	0	32	543	61	3	183	10	139	58	181	2286	263	11	109	1334	2092	19	605	206	609	120	240	622	211	149	2631	602	128	340	3	0	10	11	27	171	0	33	256	18	175	158	16	317	121
Nanosynbacter pr_cl_464	701	3	188	1437	43	56	631	93	125	36	260	8532	398	86	232	1968	4506	112	1118	449	722	1547	158	2292	364	455	6357	648	752	463	23	0	11	23	113	141	0	132	197	474	164	728	21	789	278
Nanosynbacter pr_cl_291	712	122	4779	8691	170401	28322	21915	3916	5173	138588	646869	4731	12425	17450	14108	1855	4551	473	16081	116140	618	2516	30415	2027	21550	1422	1444	256	1083	514	119	4	1903	1192	5332	32908	100	606	4870	1131	254227	1745	24	185237	1069
Nanosynbacter pr_cl_456	713	4	235	9461	120	68	813	400	191	214	421	5693	197	167	264	446	4518	92	614	2939	1182	356128	898	1379	139	734	2264	327	522	274	12	0	18	23	1284	277	0	72	182	459	989	152	10	1614	533
Nanosynbacter pr_cl_474	748	1	88	2168	147	133	510	169	68	40	183	1822	487	72	344	909	6987	136	1073	1179	437	488	151	623	346	149	2473	886	270	569	16	0	4	20	22	175	0	59	514	106	303	123	7	597	195
Nanosynbacter pr_cl_329	750	21	1953	2214	100	2754	823	468	2168	139	1627	3113	490	57	294	15943	5120	1280	3623	2041	14148	828	278	5920	338	660	2399	2843	298	3872	180	2	93	73	15944	259	9	608	1551	774	674	4255	178	1395	298
Nanosynbacter pr_cl_461	768	7	247	1015	74	100	363	78	365	103	177	4367	331	55	121	2323	3079	34	257	199	587	374	175	949	89	297	1594	850	1604	418	31	4	46	32	94	160	1	78	193	269	256	322	33	588	244
Nanosynbacter pr_cl_468	867	41	531	6539	34	256	309	892	211	3843	2435	2292	361	123	507	770	3264	82	792	628	1978	285	347	22776	293	497	2260	571	607	280	151	6	37	9	1852	86	0	152	265	383	625	909	84	2177	1113
Nanosynbacter pr_cl_473	873	2	86	2235	77	12	304	19	103	125	629	2226	561	16	321	1306	5685	115	1486	718	3116	281	331	1099	547	333	1742	1498	537	847	5	0	10	48	31	337	0	147	353	35	250	419	0	686	229
Nanosynbacter pr_cl_449	925	73	251	4070	81	96	491	95	417	101	677	6865	900	265	556	3084	54639	62	1186	833	332749	1897	159	4539509	731	6792	4636	1782546	1593	1492	49	28	22	30	200	153	4	284516	2210	509	340	1007	531	3646	457
Nanosynbacter pr_cl_324	929	0	148	75245	33	90	102	62	101	92	1555	1955	220	16	143	2391	4863	275	1236	1229	3530	232	97	2052	212	1189	2460	972	390	664	4	0	561	25	86	199	6	162	322	171	78	567	35	1172	41
Nanosynbacter pr_cl_330	1112	1	220	1516	56	369	138	118	284	34	594	841	296	20	182	6597	4625	450	718	937	5141	237	452	2986	597	295	3863	1017	122	1383	0	0	42	39	275	88	3	207	610	154	65	1300	8	208	58
Nanosynbacter pr_cl_428	1116	0	3	398	4	6	141	2	89	30	454	1089	91	15	115	744	1238	208	72	607	185	316	304	674	277	84	1687	193	111	255	17	5	1	47	30	56	1	0	22	17	12	843	9	97	18
Nanosynbacter pr_cl_508	1128	0	158	3224	46	22	570	23	184	184	753	2082	589	20	367	3659	6432	96	3049	1338	1216	104	481	878	700	511	3598	911	275	1121	24	0	12	75	12	499	0	46	361	62	266	933	226	944	382
Nanosynbacter pr_cl_503	1153	0	193	1565	84	68	312	39	573	95	587	3164	364	31	262	1681	4561	127	1164	547	1431	202	288	936	515	245	1814	1445	410	322	12	1	6	51	482	155	0	150	593	77	204	313	3	434	217
Nanosynbacter pr_cl_482	1198	8	168	1139	29	13	258	16	47	110	333	1884	571	13	194	2807	2783	185	926	463	775	141	283	1241	452	341	2174	1316	221	590	4	0	3	26	12	380	0	40	215	35	240	432	145	772	185
Nanosynbacter pr_cl_494	1201	7	170	1425	24	4	369	1	69	131	507	1960	642	9	465	1662	4492	101	710	537	992	151	245	996	358	186	2777	1658	557	634	7	0	6	17	51	189	0	109	593	47	253	621	37	867	149
Nanosynbacter pr_cl_501	1234	1	244	2330	41	18	357	8	81	119	643	2814	628	16	341	3058	4521	81	1358	675	971	189	195	880	835	319	3364	1573	723	1282	6	0	8	44	60	299	2	106	514	63	429	584	6	833	456
Nanosynbacter pr_cl_321	1344	81	245	1475	5858	215	156	128	138	170	289	4153	572	200	193	2362	5779	146490	2457	1492	16984	48355	941	73381	828	537	3740	1222	91	1300	34	0	18	414	1216	1039	24	145911	315347	64	109	1366	306	483	129
Nanosynbacter pr_cl_459	1351	18	192	1805	321	1144	373	319	704	123	1341	5936	860	325	279	4710	4110	79	822	621	1094	1071	769	5404	890	442	4824	1257	2613	448	42	0	3	35	166	171	7	383	350	302	355	291	7	465	594
Nanosynbacter pr_cl_483	1360	1	244	4356	20	21	333	41	44	100	397	2844	650	20	192	2027	9656	126	2339	2625	964	107	243	878	398	342	4361	1174	155	601	23	0	2	26	22	299	2	33	352	93	224	1118	7	1018	84
Nanosynbacter pr_cl_491	1360	0	161	1855	35	17	373	20	48	152	523	2740	774	67	186	3357	4533	111	1112	413	615	226	278	1010	767	326	3792	2446	442	1201	27	0	18	44	63	248	2	85	300	61	341	684	61	1160	344
Nanosynbacter pr_cl_497	1386	8	228	2366	55	95	853	355	219	371	681	2802	733	65	433	5921	5240	240	2551	1015	991	225	401	1104	989	489	5305	1448	795	1392	41	0	26	51	144	486	2	175	1307	91	681	598	7	958	576
Nanosynbacter pr_cl_496	1439	0	100	2726	45	12	619	29	85	116	582	2790	838	13	420	2855	5458	177	1446	870	937	206	284	971	851	572	3159	1598	575	953	18	0	11	33	17	382	0	143	926	248	321	1126	10	1329	263
Nanosynbacter pr_cl_484	1969	2	237	1530	70	18	591	43	67	111	467	3791	970	26	288	2945	4128	106	1889	798	1224	84	210	1241	664	341	3511	1780	345	1057	34	0	7	53	23	536	0	72	532	134	603	874	4	1379	319
Nanosynbacter pr_cl_500	2113	17	263	2637	74	13	1044	12	137	120	807	4287	815	34	399	2735	6710	123	2588	980	1626	686	832	1514	684	515	4092	2442	1076	1679	8	0	6	64	14	529	2	100	877	127	504	1449	82	1271	521
Nanosynbacter pr_cl_509	2158	8	128	7489	239	24	540	23	236	134	1243	4857	2383	29	2543	16377	22790	221	2589	797	2788	951	940	1914	2544	393	7507	8487	2064	4063	15	0	5	172	26	327	0	87	282	7193	302	1849	108	1642	368
Nanosynbacter pr_cl_471	2184	0	205	4269	24	29	349	72	101	70	402	5415	3318	42	2200	11342	117896	134	1064	716	553	1186	591	1171	1412	921	2264	6198	943	1328	91	0	0	71	47	136	0	35	117	273	212	340	2	562	186
Nanosynbacter pr_cl_489	2189	9	202	15294	173	46	528	48	104	171	2671	12564	6178	274	965	37546	27988	309	5330	1553	1004	1166	1663	7457	6949	422	19288	16925	3748	274349	15	0	8	471	59	630	1	49	323	352	422	3982	298	1414	494
Nanosynbacter pr_cl_447	2660	60	904	23227	221	31085	642	57677	5506	177	1011	29982	3014	3770	1503	1797	13589	107	1117	640	738	8396	175	16787	280	1628	131347	994	14955	503	46	2	35	20	388	160	0	250	1499	604	683	460	24	19009	287
Nanosynbacter pr_cl_502	2730	0	61	1594	28	5	282	10	78	101	439	2165	571	9	196	1636	4023	104	1089	620	523	45	291	599	511	224	3921	1406	521	1307	5	0	7	58	20	316	0	71	436	132	270	1817	0	758	209
Nanosynbacter pr_cl_480	2998	1	219	6937	393	22	28673	46	11573	566	1791	6429	2244	172	934	2805	10677	181	5499	2372	1375	324	584	2583	1277	1435	7202	3233	1220	3644	54	0	16	92	32	1229	0	185	910	121	1252	1817	29	2136	817
Nanosynbacter pr_cl_495	3078	39	315	3474	403	33	1474	46	208	183	1384	3019	962	56	510	4544	6096	160	2246	1069	1072	305	500	2278	2026	649	4216	2681	563	1106	101	1	2	71	345	505	0	155	1042	113	529	1150	185	1862	585
Nanosynbacter pr_cl_487	3513	5	197	7044	126	1	312	27	63	112	1120	21398	2068	26	1860	10339	22226	295	3586	898	2053	1088	2099	8849	2031	364	32173	6625	2071	7289	22	0	2	160	15	315	0	75	323	394	215	3447	54	832	274
Nanosynbacter pr_cl_488	3691	0	145	3549	196	14	418	27	44	93	1157	4942	1145	31	742	8152	12330	309	1881	1482	2169	349	725	1728	1302	692	5492	4681	1691	2084	84	0	18	287	23	285	0	118	375	410	244	2269	14	1115	154
Nanosynbacter pr_cl_507	4077	42	519	57976	207	31	1028	38	254	300	2784	15343	3147	103	1433	10896	124966	1316	27184	17768	2890	431	1226	5190	2253	1852	21584	29997	90614	6743	132	5	7	203	30	1087	4	200	812	288	648	2174	38	3000	920
Nanosynbacter pr_cl_453	4596	32	4309	16155	471	1657	2327	1340	1582	1414	1316	956475	3129	1783	1425	4787	15398	527	4258	1727	3455	19227	763	10651	1538	2686	10404	4007	5897	26539	217	14	48	118	1917	764	9	2184	7856	1364	21804	4360	157	11576	27309
Nanosynbacter pr_cl_479	4938	3	330	6651	66	17	1126	28	196	334	1888	7472	2306	142	852	7727	15550	131	138647	7174	1434	202	17178	2420	2287	2028	30109	5604	1626	2528	38	0	6	1453	27	13033	4	206	651	153	999	1713	74	3055	1020
Nanosynbacter pr_cl_506	5303	8	603	17681	799	13112	5255	119649	372	552	3816	9469	7067	106	2253	343125	20982	755	7609	2543	5618	970	2283	7529	10861	1821	93495	6243	2579	8573	28	0	42	216	62	1260	0	659	1311	259	28861	3008	284	5699	9880
Nanosynbacter pr_cl_505	5554	1	337	3630	85	14	1013	12	158	329	1893	6907	1510	46	632	5465	12245	150	4631	1552	2938	315	1223	1598	804	1079	8735	3810	1268	1730	20	0	5	144	7	942	2	102	565	59	847	1430	10	1855	721
Nanosynbacter pr_cl_498	6681	1	622	7001	172	54	2443	92	410	568	2891	12430	3051	94	1610	11957	17629	541	5977	2656	3488	637	1244	3880	2592	1670	13864	6236	2245	5251	65	0	30	218	116	1477	2	408	2390	267	1308	2840	54	3248	1137
Nanosynbacter pr_cl_504	6706	24	250	5083	148	44	1239	92	461	427	1683	13912	1830	81	1018	10608	13413	271	7197	8572	3399	300	1345	2742	2296	1533	13563	5655	1801	69336	33	0	2492	191	340	1180	1	208	682	265	1884	2600	55	3091	1446
Nanosynbacter pr_cl_510	7005	41	5580	3825	759	10983	437	1498	266	79	2322	4074	1509	75	313	11039	57983	400	1213	1502	218359	1945	1982	167983	4294	3541	6823	4086	3637	2083	31	0	11	83	199	381	58	85852	236015	166	713	670	66	817	307
Nanosynbacter pr_cl_499	7205	3	777	10787	1105	131	3826	102	648	826	3514	14739	3756	147	2056	15445	24724	739	10732	5958	3415	758	1819	5472	6089	2228	18681	6195	3389	5712	118	0	29	218	109	2162	0	408	2922	340	1601	3727	89	5387	1815
Nanosynbacter pr_cl_492	7835	0	429	9516	139	36	2122	88	504	396	2370	14549	2500	95	1260	13025	24909	468	6560	2510	5109	1145	1240	4897	2366	1909	15393	10517	2999	5080	334	0	25	177	235	1037	1	445	1453	282	1369	3514	110	5382	1007
Nanosynbacter pr_cl_490	10607	21	314	20788	174	50	729	100	180	263	3611	22472	6901	115	2866	35274	47318	561	8306	2763	1733	2061	2454	11581	7181	1152	38669	19942	7193	17431	40	16	16	475	377	669	8	496	1500	687	734	6722	48	2812	610
Nanosynbacter pr_cl_485	10937	23	544	23994	281	75	2028	96	285	343	56076	21371	8606	27768	4217	35855	65987	921	19665	10370	4433	4132	4716	19308	89431	4336	32977	42151	9277	26909	96	1	34	3026	39362	1943	2	242	1322	965	1289	6972	5302	6489	1411
Nanosynbacter pr_cl_478	14345	9	698	57890	4561	44	4148	64	557	235617	2976	16065	42142	185	6691	389728	21550	6071	19240	5426	1996	615	3104	5349	3214	2474	15624	6183	3481	4337	32	0	20	412	77	3701	0	447	1445	245	2312	3882	29	6598	2100
Nanosynbacter pr_cl_481	15892	4	393	2971	80	24	652	78	111	279	822	20992	2215	58	475	4359	9438	151	3502	2179	1544	404	896	1861	1232	926	30346	7024	1014	1473	23	0	3	63	31	1082	0	279	978	71	735	1704	3	3630	648
Nanosynbacter pr_cl_446	36916	98	290	4005	39	109	248	205	749	256	253	119934	1054	560	4304	595	50448	22	700	1598	693	4293	588	1897	146	389	1610	2237	515537	6834	16	0	4	27	193	117	2	146	337	5891	217	18397	8	1308	172
Nanosynbacter pr_cl_486	58847	15	945	31980	680	122	2323	134	497	786	11876	240670	11540	435	5033	50899	112315	36492	17029	184857	10381	184182	16188	24382	13358	5187	94052	35757	10771	17127	75	0	24	1882	369	2440	5	229	1985	783	2286	68568	287	8573	1700
Acetobacter pr_cl_8	0	239	4	6	11	4	12	4	87	172	4	5	10	0	2	6	0	2	2	1	0	101	142	5	12	3	6	4	23	0	6	8	0	0	2	2	2	1049	163	0	0	0	0	11	3
SBBV01 pr_cl_1565	0	26	3	8	0	0	10	0	9	13	5	0	9	6	0	3	30	4	4	4	12	3	7	4	10	7	3	0	0	6	5	2	0	0	11	2	1	23	6	0	3	8	1	2	7
PUIC01 pr_cl_3757	1	244	25	13	15	18	100	8	28	45	12	2	92	15	17	26	22	16	12	19	21	12	53	26	46	6	15	12	30	8	5	2	1	0	15	2	9	175	34	4	46	7	5	10	18
WHUA01 pr_cl_3265	1	19	1	8	12	8	14	4	1	8	12	15	12	4	0	2	2	4	2	0	15	0	8	16	2	1	17	2	8	0	3	3	0	0	7	2	6	28	31	0	3	0	0	0	4
Sphingobium pr_cl_3755	0	138	33	11	8	4	75	12	29	10	4	7	26	10	8	14	13	2	14	8	14	6	19	25	14	3	14	12	22	0	0	8	0	0	2	7	13	38	7	4	16	0	4	20	18
Sphingomonas pr_cl_3756	2	200	24	20	5	4	75	0	12	7	12	5	43	2	8	14	14	4	9	4	2	8	11	28	4	10	10	8	24	4	4	0	0	0	4	6	8	26	13	0	15	3	4	11	5
SYSU-D60009 pr_cl_3539	0	20	2	9	8	3	17	5	2	2	4	2	17	0	4	9	7	0	2	2	4	3	11	6	10	4	14	1	14	2	4	2	0	0	4	0	0	0	0	0	4	6	0	4	2
Dongiaceae pr_cl_3263	2	22	2	9	1	8	16	4	2	10	0	4	9	13	0	14	2	0	0	4	0	2	6	6	10	2	4	2	8	0	2	0	2	0	2	3	0	9	2	2	6	4	0	0	4
CADEGL01 pr_cl_3540	4	24	6	18	4	2	14	2	6	13	4	27	8	6	0	24	5	13	4	4	24	19	7	27	8	3	0	2	2	9	2	4	4	0	5	2	5	22	15	0	24	2	0	13	2
CACZYB01 pr_cl_3297	8	0	0	0	0	0	0	2	1	0	0	55	33	18	9	364	33	256	172	29	3	133	4	10	16	0	521	0	0	0	0	0	0	2	0	8	0	2375	2770	11	5	0	0	0	0
Rs-D84 pr_cl_3296	3	0	0	1	2	2	3	0	0	0	34	267	125	6	0	0	285	684	2	248	0	8190	16	196	0	0	806	0	22	0	0	0	6	4	0	2	0	2179	3528	6	0	236	2	0	0
Rs-D84 pr_cl_3295	146	8	7	0	3	2	0	1	3	7	31	370	36	17	0	13	153	653	155	323	2	2276	26	87	2196	2	3045	1	14	0	0	0	13	2	0	8	4	3382	2647	0	8	35	0	1	6
Rs-D84 pr_cl_1194	317	0	2	1	40	4	0	4	50	141	5	42	34	41	10	202	60	469	266	501	46	214	5	33	20	16	1492	12	1	0	0	0	0	6	2	53	2	893	1477	4	0	59	0	1325	19
Hyphomicrobiaceae pr_cl_3758	0	28	9	1	5	1	7	0	2	1	4	2	6	5	0	2	2	2	0	2	0	0	1	7	10	2	1	3	9	2	1	0	0	2	2	1	1	6	1	0	5	1	0	3	4
Pseudorhodoplanes pr_cl_3541	0	75	18	2	1	6	42	6	4	11	6	3	10	2	2	6	4	0	2	4	2	6	2	7	6	3	2	10	6	4	0	2	0	2	4	8	6	40	6	2	3	0	0	8	25
Bradyrhizobium pr_cl_685	5	263	39	15	9	7	146	11	29	79	12	19	53	45	9	21	13	6	11	23	26	29	84	21	48	31	28	7	17	16	8	11	0	0	8	6	11	301	70	5	38	10	6	37	60
Bradyrhizobium pr_cl_686	63	2710	542	270	187	116	2345	117	63	141	171	248	1310	274	134	562	184	65	108	80	247	66	95	202	922	157	221	216	527	103	101	76	0	0	122	89	97	1325	76	92	662	117	98	254	548
Bradyrhizobium pr_cl_684	576	99339	1874	2207	3262	1825	11729	2413	65361	123952	1326	1180	6936	1151	1117	912	1111	211	324	909	318	59577	107481	416	5100	366	1775	434	3293	281	1349	193	151	114	2044	450	1385	637322	95771	653	1375	797	399	1796	4773
HTCC5015 pr_cl_4	0	0	1	0	0	0	1	0	3	0	0	0	0	0	0	0	0	0	0	0	0	0	0	0	2	0	0	0	0	0	0	0	0	0	0	0	0	0	2	0	0	0	0	0	0
Nitrosococcaceae pr_cl_2773	0	0	0	0	0	0	0	0	4	0	0	0	0	0	0	0	0	0	0	0	0	0	0	0	0	0	0	0	0	0	0	0	0	0	0	2	0	0	0	0	0	0	0	0	0
REEB76 pr_cl_892	0	2	0	2	0	1	2	0	0	0	0	0	5	1	1	0	0	0	2	6	2	0	8	4	4	1	2	3	4	0	0	0	0	0	0	0	6	2	2	0	7	0	0	0	0
REEB76 pr_cl_3545	1	0	0	2	0	2	2	0	0	2	0	0	0	0	0	0	2	0	0	0	0	3	0	4	0	0	0	0	0	0	0	0	0	0	1	0	0	0	1	0	0	2	0	0	0
Nevskiales pr_cl_893	2	0	4	2	0	0	3	0	0	3	0	2	9	0	0	0	0	1	0	0	0	0	0	8	4	2	0	0	0	0	0	0	0	0	1	0	0	9	2	2	2	0	0	0	0
Rhodanobacteraceae pr_cl_3501	0	12	0	0	4	5	17	0	3	2	0	0	4	0	1	0	0	0	2	2	0	3	5	6	6	1	0	2	0	0	4	2	0	0	0	0	3	6	4	0	6	0	2	0	0
66-474 pr_cl_3507	0	6	6	1	4	2	16	2	3	0	0	4	0	0	6	4	4	5	2	2	0	12	1	18	3	1	6	12	0	0	0	0	0	0	0	2	4	8	4	0	0	1	0	6	2
Lysobacter_B pr_cl_3866	2	8	9	2	2	4	4	4	5	0	0	6	3	4	0	4	4	1	0	0	0	13	1	81	2	0	2	71	0	0	1	0	0	0	4	1	0	8	15	4	0	0	4	2	6
Stenotrophomonas pr_cl_3495	0	21	24	0	0	8	7	0	7	6	0	2	6	4	0	0	0	0	1	4	0	0	3	4	0	4	1	0	2	0	1	0	0	0	0	0	3	2	3	0	0	6	0	0	8
Stenotrophomonas pr_cl_3491	0	6	0	0	0	0	0	0	0	4	2	2	2	0	0	0	1	0	0	0	0	0	0	6	2	0	0	0	6	0	2	0	0	0	0	0	0	2	0	0	1	0	0	0	0
Stenotrophomonas pr_cl_3485	0	115	953	261	6	20	35	76	9	10	31	124	45	6	21	2	56	6	3	2	2	41	2	48	14	84	0	23	34	1	57	4	0	0	49	11	4	214	145	43	1919	1	0	254	21
Stenotrophomonas pr_cl_3493	0	8	4	0	0	0	0	0	12	2	2	0	0	2	0	3	2	0	0	0	3	0	0	2	4	0	0	0	0	2	0	0	0	0	0	2	2	0	0	0	0	0	0	0	0
Stenotrophomonas pr_cl_3489	0	46	10	249	0	5	2	22	215	1194	34	6	31	30	4	4	3	0	4	5	0	195	10	19	18	5	282	31	22	4	6	0	0	0	1	0	0	31	4	9	254	1	0	1113	109
Stenotrophomonas pr_cl_3486	0	6	3	0	0	0	2	0	4	0	0	0	2	0	0	0	0	2	0	0	4	0	0	0	0	0	0	1	1	0	0	0	0	0	0	0	0	2	0	0	0	0	0	3	0
Stenotrophomonas pr_cl_3499	0	8	0	0	2	0	14	0	4	0	0	0	18	0	0	0	0	0	3	9	0	4	5	35	7	4	1	0	2	0	2	0	0	0	0	0	2	3	6	0	8	0	0	3	2
Stenotrophomonas pr_cl_3487	0	0	0	4	2	0	0	0	8	4	0	2	0	0	2	0	0	0	0	2	0	3	1	0	2	0	0	4	0	0	0	0	0	0	2	0	0	1	0	0	4	0	0	0	0
Stenotrophomonas pr_cl_3492	0	2	2	2	0	1	14	2	11	3	0	0	0	2	1	2	0	0	0	0	2	4	0	4	6	10	4	4	2	0	2	4	0	0	4	2	2	6	0	0	3	6	0	2	4
Stenotrophomonas pr_cl_3497	0	8	4	2	9	0	10	0	2	4	0	0	4	0	2	4	0	0	0	0	2	1	4	13	0	0	0	0	2	1	0	0	0	0	0	2	0	2	0	0	2	0	0	0	0
Stenotrophomonas pr_cl_3494	0	16	0	2	1	6	18	0	6	10	0	40	5	4	0	0	2	0	4	0	0	6	4	12	0	0	10	7	2	0	0	0	0	0	6	0	0	18	5	0	0	2	0	0	0
Stenotrophomonas pr_cl_3488	0	25	2	2	0	0	3	0	4	4	4	41	11	3	1	0	2	0	0	0	13	4	0	24	4	0	0	0	4	0	0	0	0	0	0	0	0	0	0	2	2	2	10	0	0
Stenotrophomonas pr_cl_3498	1	48	0	4	4	2	6	7	4	5	0	0	6	12	0	0	2	0	3	2	0	10	4	4	9	0	1	1	2	2	0	0	0	0	1	2	1	2	2	0	0	2	6	0	2
Stenotrophomonas pr_cl_3496	1	59	5	3	2	2	12	0	157	17	3	2	12	4	0	9	2	2	4	3	2	42	26	170	9	3	0	0	12	3	0	3	0	0	2	0	5	4	4	0	0	0	6	2	0
Stenotrophomonas pr_cl_3500	2	36	6	2	0	0	4	0	12	0	2	4	5	0	6	0	0	0	0	0	7	3	4	4	4	0	6	14	2	2	0	2	0	0	2	0	4	6	1	8	2	0	0	4	3
Stenotrophomonas pr_cl_3484	2	38	3	6	0	2	15	0	15	2	2	25	18	2	1	22	28	21	4	4	13	19	11	294	4	3	10	97	5	4	0	0	0	2	2	2	0	16	8	0	0	0	0	26	6
Stenotrophomonas pr_cl_3490	4	1339	163	80	60	57	780	89	71	128	63	99	548	103	77	125	50	137	34	63	58	222	72	2544	157	75	107	255	155	25	33	12	1	0	33	30	40	739	65	30	177	33	10	243	155
SCUD01 pr_cl_3543	0	4	0	2	4	0	8	0	0	0	0	2	1	0	0	2	0	0	2	0	0	0	0	0	0	0	0	0	0	0	0	4	0	0	0	4	17	6	0	0	1	0	0	0	2
SCUD01 pr_cl_3542	0	8	4	0	4	0	9	0	4	0	2	7	2	0	0	4	0	2	2	0	0	0	4	2	4	0	6	0	0	2	1	0	0	0	0	2	2	6	6	2	0	0	0	0	0
Povalibacter pr_cl_3556	0	4	0	7	0	0	0	2	0	0	0	0	0	0	0	0	4	0	4	0	0	0	3	2	0	0	2	0	1	0	0	0	4	0	0	4	0	10	8	0	2	0	0	0	2
Povalibacter pr_cl_3555	0	4	0	6	0	0	4	2	2	10	1	0	8	0	0	2	0	0	0	0	4	0	0	8	0	2	0	1	0	0	0	0	0	0	2	0	5	12	1	2	2	0	1	0	2
Steroidobacteraceae pr_cl_3557	0	6	0	1	4	0	6	0	0	0	0	0	4	4	0	0	0	0	0	0	2	0	4	4	3	0	0	0	2	0	0	0	2	0	0	4	7	3	2	0	9	0	0	2	0
Steroidobacteraceae pr_cl_3549	0	8	3	5	0	0	0	0	0	8	2	0	5	2	2	1	0	0	5	0	2	5	2	0	11	2	2	0	0	0	0	0	0	0	2	0	2	8	4	0	2	2	0	0	12
Steroidobacteraceae pr_cl_3547	0	18	0	2	0	2	2	2	4	4	0	0	6	0	0	0	2	0	0	2	4	2	0	0	4	2	2	6	8	0	0	0	0	0	0	0	0	2	2	4	0	0	2	0	0
Steroidobacteraceae pr_cl_3546	0	6	0	5	1	0	10	0	0	0	1	2	0	0	2	0	4	0	0	2	2	0	1	4	2	0	0	8	2	0	0	0	0	0	0	0	3	10	3	0	0	0	0	0	0
Steroidobacteraceae pr_cl_3550	2	13	0	2	6	0	0	5	6	2	0	2	1	4	4	0	0	0	2	0	2	0	0	2	6	0	2	3	0	0	2	0	0	0	2	4	14	17	0	0	0	0	0	2	2
Steroidobacteraceae pr_cl_3548	4	2	3	6	2	0	6	2	0	0	4	2	0	0	0	2	1	0	0	0	4	0	5	8	1	0	1	0	0	0	0	0	0	1	0	0	0	0	0	0	0	0	0	1	1
CADEEJ01 pr_cl_3551	0	10	6	4	3	0	2	2	4	8	0	0	4	0	2	1	0	0	0	0	0	4	9	2	6	2	0	2	0	0	0	4	0	2	0	2	5	8	8	0	3	0	2	2	0
CADEEJ01 pr_cl_3554	2	14	3	15	4	4	15	6	16	75	0	2	6	3	2	4	6	4	4	2	3	24	3	9	6	2	18	6	10	0	0	1	0	0	2	0	0	49	16	2	8	0	0	48	6
CADEEJ01 pr_cl_3552	2	12	2	2	0	0	2	0	3	6	0	0	1	1	0	1	0	4	0	0	4	1	3	2	3	3	0	0	4	0	2	0	0	0	0	0	2	6	4	0	0	4	0	0	2
CADEEJ01 pr_cl_3553	22	16	2	6	0	2	8	0	0	0	4	2	7	2	4	6	13	2	3	7	4	0	2	1	6	8	70	12	0	0	8	0	0	0	6	0	0	4	2	2	4	0	0	9	0
Serratia_J pr_cl_1280	0	182	1	10	23	0	11	4	1	8	5	1	10	1	0	42	10	8	7	4	13	2	4	21	11	8	8	8	3	10	2	6	0	0	4	26	0	8	2	5	46	4	0	9	13
Rahnella pr_cl_1282	0	35	6	10	4	0	5	3	4	1	0	2	0	4	0	1	2	0	0	0	8	2	5	0	7	0	18	4	2	2	0	0	0	0	2	1	2	4	4	0	0	0	0	6	8
Morganella pr_cl_1278	0	2	5	0	4	0	2	0	0	0	0	0	0	0	0	0	0	2	0	2	3	0	4	2	4	0	2	0	4	0	0	0	0	0	0	0	0	6	0	0	0	0	4	2	2
Proteus pr_cl_3087	0	125	0	0	0	2	0	2	0	2	0	0	0	0	0	0	0	0	0	0	6	0	0	6	2	0	0	0	0	0	0	0	0	0	1	0	0	24	0	0	0	0	0	0	2
Hafnia pr_cl_1281	0	5	0	0	0	0	0	2	4	0	0	0	0	0	0	2	0	0	0	0	0	0	0	4	2	0	0	0	0	0	0	0	0	0	0	2	0	0	2	0	1	0	0	2	2
Providencia pr_cl_3086	0	0	0	0	0	7	0	0	0	0	0	0	0	0	0	0	0	0	0	2	0	0	0	0	2	0	0	0	0	0	0	0	0	0	0	0	2	0	0	0	0	0	0	0	0
Providencia pr_cl_3085	0	0	2	0	0	0	0	2	2	0	0	0	0	0	0	2	0	0	0	0	0	0	0	0	0	0	0	0	0	0	0	0	0	0	0	0	2	0	0	0	0	2	0	0	6
Serratia pr_cl_1279	0	64	4	0	2	0	25	0	5	7	2	8	12	5	4	2	4	1	16	2	2	2	7	7	121	2	3	7	8	2	0	3	0	0	0	7	0	16	5	2	2	0	0	10	13
Escherichia pr_cl_1275	2	163	18	14	40	0	72	2	55	33	0	14	48	13	4	16	15	2	22	6	2	12	33	11	87	2	13	9	20	0	2	4	0	6	2	2	3	26	8	6	12	2	6	20	686
Citrobacter pr_cl_1276	0	132	4	0	2	0	13	4	24	15	0	4	18	2	0	4	2	0	129	6	2	0	4	7	85	0	5	8	4	0	3	0	0	2	2	4	2	0	2	6	4	0	0	81	18
Citrobacter pr_cl_1277	2	31	4	3	3	1	2	12	4	0	0	0	6	0	0	0	0	0	61	2	2	1	2	0	18	0	3	0	3	0	0	0	0	0	2	0	2	6	0	0	0	0	0	12	2
Klebsiella pr_cl_1274	4	175	9	32	13	5	62	28	191	40	10	5	35	13	15	7	12	4	232	0	7	9	12	325	2529	0	26	0	4	1	2	10	0	0	13	4	11	11	12	16	12	2	4	67	87
Enterobacter pr_cl_1272	20	7483	18	142	298	105	560	199	130	239	118	118	507	5	54	16	61	2	19	74	0	110	73	47	598	0	114	0	264	2	110	2	6	0	131	1	111	16	4	59	8	30	2	872	411
Enterobacter pr_cl_1273	21	1725	37	46	76	23	87	40	90	71	8	25	145	10	13	6	18	2	25	30	10	38	49	7	468	2	34	4	72	2	22	0	2	0	31	2	27	9	6	19	8	17	4	380	102
Azomonas pr_cl_3513	0	0	14	0	0	0	2	0	6	1	5	0	2	0	0	0	0	0	0	0	0	0	0	4	1	0	0	2	0	2	0	0	0	0	0	0	0	12	3	0	0	2	0	8	0
Azomonas pr_cl_3514	0	0	0	8	0	0	0	0	0	0	0	0	0	0	0	2	0	2	0	0	0	0	0	1	2	0	0	0	0	0	0	0	0	0	0	0	0	0	2	0	4	0	0	0	0
Thiopseudomonas pr_cl_3301	0	0	0	1	0	0	1	0	0	1	0	0	0	0	0	0	0	0	0	0	0	0	2	0	0	0	0	0	0	0	0	0	0	0	0	0	0	4	0	0	0	0	0	0	0
Thiopseudomonas pr_cl_538	0	6	0	0	0	0	6	0	2	2	0	0	0	0	0	0	0	0	0	0	0	0	0	4	0	2	0	2	0	0	0	0	0	0	0	0	0	0	0	0	0	0	0	0	0
Stutzerimonas pr_cl_3524	0	129	30	12	14	5	70	4	57	53	12	6	27	8	6	4	18	2	4	2	12	15	22	43	23	6	2	47	12	8	4	2	0	2	6	2	18	57	11	2	34	8	2	18	9
Pseudomonas pr_cl_3521	0	105	43	4	78	12	33	7	15	8	2	8	17	7	4	7	1	4	8	2	1	10	7	26	20	7	9	7	4	2	0	0	0	0	4	3	8	9	4	6	11	0	0	7	6
Pseudomonas pr_cl_3522	4	136	18	8	36	5	26	4	15	12	2	8	45	14	12	15	10	2	30	6	5	12	7	9	32	0	11	5	6	0	0	0	0	0	4	16	4	9	20	4	19	2	0	9	13
Pseudomonas_F pr_cl_3518	0	41	5	3	2	0	23	4	6	10	8	4	14	14	2	2	4	2	3	2	4	0	0	12	6	0	0	0	0	0	1	0	2	0	1	0	9	12	0	0	2	0	2	2	1
Pseudomonas_F pr_cl_3519	5	125	3	3	16	5	30	8	9	13	19	2	22	2	5	4	0	2	2	4	5	9	18	27	10	2	4	15	4	0	0	1	0	0	7	4	16	10	6	2	5	2	0	14	5
Pseudomonas_E pr_cl_3525	0	67	4	3	2	0	4	0	4	1	8	0	3	2	2	0	4	0	0	0	2	0	4	8	4	2	2	0	8	0	1	0	0	0	2	2	0	0	0	0	0	0	0	0	0
Pseudomonas_E pr_cl_3534	0	91	0	2	5	2	12	1	35	7	0	3	5	0	0	0	2	2	0	0	0	6	15	17	7	0	8	4	1	0	1	1	1	0	2	0	0	12	6	0	6	0	0	0	2
Pseudomonas_E pr_cl_3535	0	62	2	9	12	4	19	7	33	8	3	37	11	2	3	21	5	6	8	1	16	133	10	23	7	3	8	2	5	1	2	0	0	0	4	5	2	38	240	3	6	5	0	5	9
Pseudomonas_E pr_cl_3516	2	133	0	29	3	1	8	8	0	9	1	6	7	2	47	3	0	0	2	0	0	1	3	5	2	0	0	2	8	0	2	0	0	0	0	2	2	6	0	2	0	0	0	6	4
Pseudomonas_E pr_cl_3532	2	99	2	6	1	2	6	2	71	18	2	1	0	4	4	7	2	1	4	0	5	2	8	31	4	10	3	4	8	1	0	0	0	0	6	0	0	9	0	0	0	3	0	2	1
Pseudomonas_E pr_cl_3530	2	188	6	10	6	6	9	7	36	28	6	5	19	0	18	17	6	2	0	6	8	4	3	13	21	6	1	3	10	3	13	2	0	0	3	1	13	2	0	10	8	5	1	14	7
Pseudomonas_E pr_cl_3515	2	143	0	12	9	0	24	1	1	1	0	0	11	0	45	4	8	0	0	2	0	2	0	4	3	2	2	1	0	0	0	2	0	0	0	0	0	2	0	0	9	1	0	1	13
Pseudomonas_E pr_cl_3527	3	800	7	23	25	8	46	14	10	15	4	13	49	6	99	10	7	0	5	10	9	10	11	10	39	1	8	8	45	6	12	1	0	0	12	11	12	4	1	1	15	6	0	11	28
Pseudomonas_E pr_cl_3533	3	156	6	5	8	0	14	2	37	33	0	5	15	8	5	6	4	2	2	2	2	6	7	24	15	2	12	4	3	0	5	0	0	0	2	4	1	4	0	6	0	4	4	4	10
Pseudomonas_E pr_cl_3531	3	518	8	25	28	5	74	20	23	23	16	20	62	2	7	9	6	0	0	2	5	14	17	12	50	2	2	8	45	0	19	0	1	0	24	3	8	14	6	12	7	6	0	22	16
Pseudomonas_E pr_cl_3520	4	45	6	2	8	1	14	4	33	12	0	8	7	3	7	3	6	2	1	0	2	4	2	8	11	8	8	9	9	2	2	2	0	0	9	1	3	11	6	0	4	0	0	11	7
Pseudomonas_E pr_cl_3529	5	739	12	20	22	10	34	18	3	33	8	9	38	2	21	12	9	1	2	5	4	2	7	6	44	2	9	9	17	0	10	0	2	0	8	5	7	9	2	1	18	1	0	5	22
Pseudomonas_E pr_cl_3526	5	625	7	97	18	5	56	6	1	37	3	9	38	15	91	40	8	4	6	5	9	17	4	20	29	3	1	15	31	9	4	2	5	2	17	14	1	0	4	1	31	7	4	14	20
Pseudomonas_E pr_cl_3517	6	538	9	18	25	11	113	8	4	26	5	16	11	5	821	14	10	4	1	25	0	12	2	13	24	0	0	0	87	2	2	0	0	0	8	1	2	0	0	3	3	1	3	4	5
Pseudomonas_E pr_cl_3523	6	416	51	24	24	7	67	17	84	33	8	8	41	18	21	29	18	2	6	12	18	14	17	22	14	15	14	25	28	8	12	0	0	4	14	16	25	10	7	6	22	12	10	10	24
Pseudomonas_E pr_cl_3528	48	7505	43	236	273	105	598	138	79	213	81	90	529	11	386	255	55	39	25	71	41	45	86	127	338	49	115	50	270	31	77	52	3	8	98	95	78	18	28	31	237	22	6	99	214
Psychrobacter pr_cl_1543	0	18	2	2	0	0	4	0	22	0	0	2	0	6	0	0	15	0	0	0	0	0	0	4	0	0	0	0	0	4	0	0	0	0	0	0	6	6	0	0	4	0	0	5	0
Moraxella_A pr_cl_2761	2	0	14	49	0	2	0	1	3	10	2	0	2	0	0	8	5	0	0	0	2	10	0	8	0	2	4	4	0	0	0	0	0	0	0	0	0	10	2	5	38	1	0	6	0
Moraxella_A pr_cl_2760	18	728	88	62	33	12	122	15	190	163	18	35	60	22	17	44	32	14	12	8	40	49	30	187	29	5	79	88	23	28	15	4	10	2	13	13	16	62	57	17	46	4	2	124	63
Acinetobacter pr_cl_1177	0	2	0	0	0	0	0	0	2	2	2	0	2	0	0	0	0	0	0	0	4	0	0	2	0	0	0	0	0	0	0	0	0	0	0	0	0	10	0	0	0	0	0	1	0
Acinetobacter pr_cl_1174	0	101	19	7	2	5	10	0	14	5	2	4	10	13	2	11	4	0	3	9	2	3	3	10	14	0	4	8	4	2	0	0	2	0	0	0	4	27	2	2	5	0	0	3	8
Acinetobacter pr_cl_1176	0	4	0	0	2	0	0	0	8	0	0	0	0	0	0	0	4	0	0	0	0	1	0	4	4	0	0	0	0	0	0	0	0	0	0	0	0	0	0	0	0	0	0	0	0
Acinetobacter pr_cl_1181	0	18	6	4	0	2	4	0	20	4	0	0	3	4	2	4	8	6	0	0	2	8	12	40	35	0	0	2	14	0	0	1	0	0	0	0	0	8	8	0	4	0	0	0	0
Acinetobacter pr_cl_1184	0	26	2	2	0	0	2	1	24	6	0	2	2	0	0	2	0	0	0	4	0	7	0	28	28	0	0	4	6	0	0	0	0	0	0	0	0	6	2	0	2	0	0	1	0
Acinetobacter pr_cl_1180	0	18	0	2	0	0	0	0	5	0	0	0	2	0	0	0	0	0	0	0	0	2	1	1	13	0	4	0	2	0	0	0	0	0	0	0	0	0	4	0	0	0	0	5	0
Acinetobacter pr_cl_1185	0	12	2	64	0	0	0	0	4	8	0	0	10	0	211	0	0	0	4	0	0	2	0	2	0	0	2	0	0	0	0	0	0	2	0	0	1	4	1	0	1	0	0	2	25
Acinetobacter pr_cl_1182	0	1	1	0	0	0	2	0	9	0	0	0	2	0	2	4	6	0	0	2	0	4	0	9	8	0	0	0	2	2	0	0	0	0	0	0	2	2	0	0	9	2	0	17	4
Acinetobacter pr_cl_1183	0	49	10	3	0	0	2	0	378	51	4	1	16	9	4	2	5	0	0	2	8	52	17	307	165	1	22	3	9	0	0	8	0	0	7	2	0	4	2	0	14	0	0	2	14
Acinetobacter pr_cl_1173	2	17	6	0	1	0	2	0	12	4	1	0	0	2	2	4	0	1	0	0	0	11	0	13	9	0	4	6	2	0	0	0	0	0	0	0	0	3	0	0	0	0	2	5	4
Acinetobacter pr_cl_1178	2	0	0	4	0	0	2	11	0	0	15	2	3	0	0	0	0	0	0	0	0	2	6	0	5	0	0	0	5	0	1	0	0	0	1	0	0	11	18	8	71	0	0	13	2
Acinetobacter pr_cl_1175	2	0	3	2	4	0	0	2	3	2	0	2	1	0	4	2	2	0	0	0	0	10	4	14	13	0	0	0	0	0	0	0	0	0	0	0	0	4	0	0	2	0	0	3	0
Acinetobacter pr_cl_1172	4	16	0	8	0	14	0	1	26	12	0	0	0	1	10	0	2	0	2	2	0	4	12	50	16	0	2	0	0	0	4	2	0	0	2	0	0	0	8	0	2	2	0	61	4
Acinetobacter pr_cl_1179	12	393	8	27	2	6	33	2	185	47	6	10	28	11	9	13	7	5	5	9	2	33	47	118	1108	5	10	14	48	11	0	2	0	0	13	6	10	16	108	3	10	0	0	16	10
Acinetobacter pr_cl_1171	20	0	4	0	1	52	0	0	32	4	0	0	32	0	78	0	0	10	0	32	4	4	7	63	5	0	2	2	2	0	12	4	0	0	10	0	3	6	2	2	0	5	0	114	0
Moraxella pr_cl_2767	0	10	422	34	0	23	5	0	35	39	1	9	0	1	6	0	10	2	0	2	0	160	2	20	0	1	35	5	2	0	0	0	2	0	0	0	0	106	61	0	78	0	0	40	4
Moraxella pr_cl_2762	0	0	1	2	0	2	0	0	2	0	0	0	0	0	0	1	0	0	0	0	0	0	0	2	0	0	0	4	0	0	0	0	0	0	0	0	0	2	0	0	0	0	0	1	0
Moraxella pr_cl_2763	0	0	18	0	0	0	0	2	0	2	0	0	0	0	0	0	1	1	0	0	0	2	0	0	0	0	0	0	0	0	0	0	0	0	0	0	0	0	0	0	2	0	0	0	0
Moraxella pr_cl_2764	0	0	2	0	0	0	0	0	0	0	0	0	0	0	0	0	0	0	0	0	0	2	0	0	1	0	0	0	0	0	0	0	0	0	0	0	0	0	0	0	9	0	0	0	0
Moraxella pr_cl_2765	0	0	34	0	0	0	0	0	0	0	0	0	0	0	0	0	0	0	0	0	0	0	0	0	0	0	0	0	0	0	0	0	0	0	0	0	0	0	0	0	0	0	0	0	0
Moraxella pr_cl_2766	186	18	228634	1139	17	11162	94	1670	461	42	100	3518	175	15	59	101	3599	591	39	68	728	40176	880	7783	63	63	170	144	574	44	5	2	27	20	67	12	0	85521	35355	4423	25290	18	15	14775	169
Ignatzschineria pr_cl_3083	0	0	0	0	0	0	2	0	0	0	0	0	0	0	0	0	0	0	0	0	0	0	0	0	0	0	0	0	0	0	1	0	0	0	4	0	0	2	0	0	0	0	0	0	0
Cardiobacteriaceae pr_cl_2794	0	0	5	10	0	4	2	1	3	4	6	4	6	0	8	0	1	2	4	0	8	29	0	8	0	0	8	4	0	2	0	0	0	0	0	0	0	17	6	6	0	0	0	2	2
Cardiobacteriaceae pr_cl_3433	8	6	76	125350	8	49	42	119	3100	125145	8185	902	75	3939	1072	4	105	16	0	99	0	5299	0	104	21	4	113982	36	318	0	42	4	1	0	1	7	0	1212	18	89	12179	0	0	45624	67
Cardiobacteriaceae pr_cl_3432	23	32	225	1801	9	52	35	30	134	1314	275	7704	69	564	2922	76	137	82	9	105	4	211	10	198	572	7	22753	147	17	5	6	0	0	0	18	4	2	214	172	28	393	10	7	7877	6
Cardiobacteriaceae pr_cl_2795	59	57	1935	4218	18	50	46	216	987	512	71	989	139	30	137	0	128	11	4	22	9	1268	22	554	101	20	540	7	15	2	683	0	7	7	2	50	12	403	16	106	452	2	0	1679	88
Cardiobacterium pr_cl_2806	85	0	674	3962	5	816	238	519	873	1037	197	180	299	45	247	5	256	79	18	50	43	1632	58	399	235	53	1503	10	50	2	125	0	1	6	28	56	2	835	47	139	1749	11	0	1439	55
Cardiobacterium pr_cl_2807	89	0	2038	9725	5	1698	1504	1924	2822	2183	378	178	472	172	1212	13	400	175	8	121	2	1943	67	610	601	177	3122	17	134	4	135	0	3	0	40	52	1	1088	89	271	2431	5	0	2714	260
Cardiobacterium pr_cl_2801	92	0	401	2378	4	215	389	537	467	1149	533	139	1008	223	771	9	511	44	18	174	4	1026	190	233	603	358	2227	19	116	13	217	10	33	5	12	83	1	591	18	214	1338	1	0	744	413
Cardiobacterium pr_cl_2800	127	0	450	1541	13	319	262	83	197	378	179	386	612	96	36	33	1310	78	29	101	140	3366	139	1726	153	106	982	487	17	87	69	0	3	2	128	33	16	374	112	226	2248	16	175	3491	329
Cardiobacterium pr_cl_2797	314	6	1125	69830	130	1481	2124	378	661	69022	2178	5288	95206	34502	5505	32	2616	6555	11234	7821	175	5044	2370	3164	56297	6301	16213	214	136	25	1514	6	3305	54	254	240	8	1037	101	9884	6005	1235	30	3552	16139
Cardiobacterium pr_cl_2809	335	0	1314	6946	12	504	1196	1263	2133	2140	1588	2584	1252	333	1910	17	887	112	62	459	1	3165	258	772	1527	581	6587	304	195	12	457	2	35	10	21	134	3	2123	84	214	2649	40	0	2947	549
Cardiobacterium pr_cl_2808	371	6	2557	10342	1171	646	2072	1849	1205	3806	4054	406	3185	882	2945	49	1549	259	211	1359	40	1522	1490	973	5267	1054	8010	35	538	25	2948	18	70	26	74	355	212	658	63	1303	4355	65	8	6405	1666
Cardiobacterium pr_cl_2796	378	0	2288	7484	3950	2490	1157	618	1472	7669	1141	5492	15634	23171	19123	988	3702	667	153591	2956	525	12041	6459	9842	175191	1416	677478	4215	114	80	873	7	112	13	216	178	210	1863	201	1729	5466	107	1172	5229	1909
Cardiobacterium pr_cl_2803	393	0	219	4799	39	330	1553	1689	738	4507	14493	663	9826	2550	6770	11	3688	141	67	8487	11	918	5894	511	4607	2757	22762	59	453	74	1041	0	160	14	4	410	23	263	8	448	3781	6	7	1610	1362
Cardiobacterium pr_cl_2798	662	0	11296	11227	69	2895	28793	1013	4590	18519	1537	2242	4154	1952	754	84	10850	885	651	360	1063	16742	224	10427	4227	480	7434	1251	303	145	1357	7	69	6	1742	271	70	2324	184	1492	11768	158	69	14205	27281
Cardiobacterium pr_cl_2804	917	2	15290	54735	73	8389	7122	7908	96837	11487	2791	5238	4112	963	6762	132	2773	717	172	1104	38	293793	1299	3244	1973	5247	104454	841	546	64	1800	76	90	21	45	429	20	132532	1568	2227	11822	44	5	29977	1487
Cardiobacterium pr_cl_2802	25915	0	12245	364370	2288	36849	166759	277996	21094	447915	242096	30808	441125	82650	183539	1094	172676	10032	7152	62040	314	49486	50835	36930	550531	100083	642260	2704	57991	2929	277205	155	10783	2676	497	22409	1238	12412	2002	195173	249003	304	272	130767	229449
Cardiobacterium pr_cl_2805	50111	64	631688	1168964	918	609776	127867	194410	357652	408568	50372	50983	54569	14591	54649	3514	100459	53874	3831	20262	2735	603462	6429	258693	21345	19279	365045	2516	12125	1452	103460	268	785	1196	70591	7921	182	288346	25431	42369	1536693	4195	370	911051	40181
Cardiobacterium pr_cl_2799	54475	59	447605	128672	609	269079	424400	50194	114440	55723	107853	65754	59707	22618	6410	4144	1557001	21517	4032	4264	74508	1317472	4983	432341	22686	16852	180292	102199	15325	31228	37268	100	506	233	406549	35364	2491	170233	15684	79893	275239	5592	2827	400612	56681
Aeromonas pr_cl_3510	0	18	2	0	2	0	0	3	1	6	2	0	3	0	2	7	0	0	0	2	2	2	2	2	4	0	0	7	4	0	0	0	0	0	0	0	1	8	0	0	0	0	0	1	2
Aeromonas pr_cl_3508	0	29	12	4	8	0	6	6	11	9	0	0	4	0	2	1	1	0	2	0	6	10	6	8	55	0	12	2	2	4	0	4	0	0	6	1	1	3	7	2	8	0	0	4	6
Aeromonas pr_cl_3509	0	35	5	5	4	1	8	3	36	8	43	103	2	0	0	32	50	17	0	1	36	8	1	5	24	3	24	23	2	4	0	0	0	0	2	1	0	106	459	5	2	3	0	2	1
Shewanella pr_cl_2777	0	2	3	15	0	0	0	0	0	0	0	0	0	0	0	4	0	0	0	0	0	0	0	0	0	4	4	0	0	0	0	0	0	0	0	0	0	4	2	0	2	0	0	0	0
Shewanella pr_cl_2778	0	22	4	8	0	0	0	2	0	4	0	0	2	0	0	2	2	0	0	0	4	0	0	0	0	0	0	2	0	0	0	0	0	0	0	0	0	0	0	0	1	0	0	2	0
Pararheinheimera pr_cl_2779	0	7	0	4	0	0	0	0	4	0	0	2	0	0	0	1	1	2	0	3	2	2	3	2	1	4	0	6	2	0	2	0	0	0	0	0	0	2	6	0	6	2	0	0	0
Pararheinheimera pr_cl_2780	0	4	4	0	0	0	2	0	0	0	2	0	0	0	0	2	0	6	0	0	0	2	0	0	0	0	0	0	0	0	0	0	0	0	0	0	0	2	4	0	0	0	0	0	0
Basfia_A pr_cl_2915	0	0	2	0	0	0	0	2	1	1	4	0	0	0	0	2	0	0	0	0	1	6	2	4	0	0	10	5	0	0	0	0	0	0	0	0	0	2	2	2	2	0	4	4	2
Basfia_A pr_cl_2916	0	0	2	2	0	2	6	2	6	4	17	0	42	0	4	11	6	4	6	0	17	4	0	9	9	2	2	6	4	0	0	0	0	1	4	0	0	3	8	4	0	2	0	2	2
Basfia_A pr_cl_2914	1	0	9	11	0	4	6	1	11	5	0	70	0	1	0	1	6	0	3	6	2	2	0	7	2	0	8	14	19	6	0	0	0	0	0	2	0	14	10	2	34	0	0	2	4
Ursidibacter pr_cl_3071	2	0	12	2	0	4	8	2	9	15	0	0	0	0	0	0	0	0	2	0	1	9	2	2	0	0	10	9	0	0	0	0	4	0	2	2	0	17	13	2	10	0	0	6	2
Haemophilus_A pr_cl_3073	1	0	12	1	0	2	0	0	7	0	0	2	0	0	0	0	0	0	0	0	4	0	0	2	0	0	6	0	2	0	0	1	0	0	0	0	0	4	0	0	2	0	0	1	0
Haemophilus_A pr_cl_3075	1	0	74	6	0	3	32	4	43	19	4	9	0	2	0	0	20	2	38	2	38	18	6	44	0	0	59	3	0	1	3	8	0	0	1	0	0	32	2	2	81	0	0	7	5
Haemophilus_A pr_cl_3078	4	0	5	2	1	12	4	37	9	20	0	15	0	5	0	0	18	4	0	0	2	33	2	13	4	0	11	12	19	0	5	4	0	0	3	0	0	15	15	2	9	0	0	24	2
Haemophilus_A pr_cl_3074	12	0	10	9	0	102	3	20	3	3	5	43	1	3	0	0	4	0	1	0	41	0	0	44	0	1	33	2	2	2	3	4	0	0	6	0	0	14	14	2	0	1	2	15	2
Haemophilus_A pr_cl_3076	21	0	92	1	0	5	4	5	9	13	5	27	2	1	0	2	859	2	1	6	4	19	1	8	6	0	35	87	2	2	0	1	1	0	3	0	0	14	14	18	24	254	0	2	0
Haemophilus_A pr_cl_3081	36	0	0	31	0	0	4	2	5	59	6	51	10	5	1	1	16	0	14	15	18	8	1	19	3	1	59	2	1	0	0	0	0	0	0	0	0	9	6	2	42	0	0	3	2
Haemophilus_A pr_cl_3079	82	2	29	31	3	7	39	24	90	137	63	200	32	31	3	56	41	18	4	13	25	104	11	186	42	0	204	27	18	3	10	3	0	0	6	12	0	357	2429	22	374	21	0	291	59
Haemophilus_A pr_cl_3072	132	5	1837	79	9	24	116	35	284	212	84	109	24	34	0	31	132	20	21	27	460	47	2	497	21	2	383	32	98	14	83	5	5	4	401	6	6	356	121	45	114	10	18	210	24
Haemophilus_A pr_cl_3080	146	0	7	13	1	7	15	0	189	133	11	12	1	11	0	7	24	1	5	4	4	5	9	46	0	1	138	10	3	2	10	7	6	0	0	0	0	2988	22041	19	196	76	0	29	5
Haemophilus_A pr_cl_3077	962	6	182	239	2	286	114	108	92	444	163	469	72	47	5	121	695	43	83	83	386	132	41	2011	95	7	544	253	83	16	26	20	11	4	50	17	8	188	90	335	504	18	5	566	95
Haemophilus pr_cl_3067	0	0	3	3	0	2	0	0	17	2	0	25	0	0	0	0	6	6	0	0	7	0	0	0	0	0	1	0	0	0	2	3	0	0	0	0	0	6	0	3	4	1	0	3	0
Haemophilus pr_cl_3054	0	3	1789	29	0	649	1026	134	11	7	2	0	0	0	0	0	9	2	0	0	2	0	0	27	7	0	5	3	17	0	1	1	0	0	0	2	0	66	40	5	82	0	1	402	39
Haemophilus pr_cl_3064	1	2	38	18	0	1	16	4	25	22	4	38	1	5	0	2	38	0	2	18	90	27	2	44	13	2	27	38	9	4	0	9	2	0	3	0	0	36	12	45	52	4	0	25	3
Haemophilus pr_cl_3046	2	0	94	4	0	2	3	1	100	23	52	25	0	0	0	0	7	5	2	3	1	20	0	5	6	0	18	45	0	0	0	3	0	0	0	1	6	3	1	3	54	6	0	26	4
Haemophilus pr_cl_3070	2	0	13	0	0	4	0	0	0	2	0	0	0	0	0	0	0	2	0	0	0	0	1	1	0	0	0	0	0	0	3	1	2	0	0	0	0	3	1	0	9	0	0	4	17
Haemophilus pr_cl_3051	3	0	5	4	9	31	38	13	15	12	7	23	3	2	0	6	20	5	9	49	10	11	1	12	3	17	16	44	4	2	5	3	11	0	0	0	0	29	29	1	21	0	1	7	0
Haemophilus pr_cl_3063	4	0	33	21	0	10	16	18	52	40	17	73	0	2	2	4	59	2	5	2	51	31	1	14	2	0	73	48	12	3	1	19	0	0	0	3	1	6	5	7	17	10	1	49	8
Haemophilus pr_cl_3062	4	0	150	31	0	0	2	0	48	124	5	0	0	0	0	0	10	0	0	8	40	4	0	7	4	0	5	0	0	2	0	13	0	0	0	0	0	13	5	2	168	0	0	6	0
Haemophilus pr_cl_3066	5	0	3	4	0	5	52	2	24	45	0	3	2	0	0	0	52	0	0	0	0	37	2	22	0	0	0	5	0	0	5	3	0	1	0	0	0	109	65	3	9	0	0	0	4
Haemophilus pr_cl_3048	5	1	23	80	0	1	17	11	26	5	2	31	11	6	0	4	49	0	2	8	19	26	0	16	3	0	259	7	34	0	9	0	1	0	0	2	0	8	5	11	62	0	3	56	1
Haemophilus pr_cl_3068	7	0	53	2	3	5	16	2	75	5	7	62	28	5	0	278	44	21	27	40	15	49	8	24	7	0	59	24	21	12	0	5	0	0	6	0	0	26	34	4	10	1	2	78	0
Haemophilus pr_cl_3057	7	16	29	34	0	0	38	13	109	71	28	12	253	5	5108	6	22	8	88	13	38	19	20	33	2	0	66	17	0	27	8	28	0	0	3	4	2	46	343	58	69	26	4	46	754
Haemophilus pr_cl_3053	8	0	39	15	0	4	58	1	4	33	2	11	0	1	0	0	10	3	1	1	4	0	1	36	10	0	43	2	8	0	1	5	0	0	0	0	0	9	10	9	83	2	0	332	5
Haemophilus pr_cl_3050	8	0	152	19	1	5	25	8	22	14	34	66	10	6	4	29	30	0	3	1	98	42	8	20	2	10	61	94	9	0	7	8	3	1	0	3	3	64	57	18	20	53	169	59	10
Haemophilus pr_cl_3049	9	0	150	7	0	0	47	1	105	17	21	11	0	13	0	1	9	1	4	9	57	51	15	12	1	0	12	16	40	0	1	8	0	0	3	0	0	15	4	31	81	2	8	109	6
Haemophilus pr_cl_3042	10	1	23	70	0	49	16	13	22	134	61	42	57	17	11	28	27	6	48	57	28	25	3	71	29	6	101	26	29	5	42	4	3	0	0	2	0	65	37	106	61	5	0	49	11
Haemophilus pr_cl_3061	12	5	20	7	0	23	8	16	9	52	9	16	0	6	0	2	12	15	9	5	10	57	9	16	10	0	113	25	22	2	4	1	0	0	3	0	2	39	5	30	66	0	2	239	22
Haemophilus pr_cl_3052	15	0	22	91	0	0	14	2	5	2	99	2	11	0	2	7	16	3	0	0	53	2	0	17	0	0	5	6	1	0	0	0	2	4	16	0	2	16	17	0	163	2	0	43	1
Haemophilus pr_cl_3065	19	2	102	35	0	33	20	28	39	82	4	167	3	2	1	6	49	80	2	20	53	21	2	36	4	0	137	4	9	0	6	9	0	0	0	0	0	51	13	22	61	7	2	152	5
Haemophilus pr_cl_3047	22	1	644	73	0	142	10	149	1613	139	36	288	7	51	8	14	110	132	2	3	12	92	4	65	27	0	349	275	14	30	2	27	0	0	4	4	0	177	28	396	361	2	4	513	4
Haemophilus pr_cl_3069	40	0	12	1	0	7	79	8	26	61	22	259	6	5	0	35	20	0	21	8	21	18	0	55	3	5	36	172	8	3	6	2	0	0	4	4	0	11	9	24	38	3	0	44	3
Haemophilus pr_cl_3060	43	0	73	31	3	44	83	46	44	218	15	10	22	8	3	11	27	12	11	6	52	110	0	26	26	51	125	511	14	4	5	6	0	0	1	5	0	20	7	35	333	4	1	68	11
Haemophilus pr_cl_3055	49	13	414	82	0	104	246	62	26	136	37	279	10	47	5	24	96	20	43	38	118	704	26	233	11	0	258	68	52	11	30	112	3	0	7	1	1	178	88	78	402	24	5	305	141
Haemophilus pr_cl_3043	50	2	218	532	5	89	389	82	314	333	110	356	20	28	13	122	282	28	142	118	331	125	124	487	41	18	744	578	169	9	25	47	2	0	23	39	0	157	164	134	667	21	7	337	75
Haemophilus pr_cl_3045	66	0	246	556	4	5	0	7	19	52	29	16	137	201	11	0	90	76	6	4	20	99	19	78	309	146	55	76	16	0	5	12	0	0	2	73	0	31	10	8	1094	1	0	169	19
Haemophilus pr_cl_3058	68	79	396	361	156	132	411	395	949	868	476	349	157	95	261	68	170	30	35	176	391	440	17	362	162	21	375	332	125	31	97	73	13	10	53	51	10	919	888	684	2709	32	12	757	104
Haemophilus pr_cl_3044	145	7	891	206	4	78	240	158	364	413	83	832	29	38	2	36	243	39	62	40	899	446	386	407	159	9	277	204	158	17	23	6240	14	2	27	12	30	275	1070	136	706	34	20	335	76
Haemophilus pr_cl_3059	209	6	1150	483	8	118	415	139	442	440	118	561	31	68	26	27	416	73	59	115	479	173	51	534	49	13	368	2108	184	11	14	538	26	0	21	12	7	1150	467	145	1294	70	3	561	124
Haemophilus pr_cl_3056	304	7	307	190	6	407	743	165	123	317	91	132	102	49	1	40	216	103	456	308	359	242	29	342	19	10	687	252	231	6	25	26	2	9	12	10	0	265	422	382	1312	16	10	1044	132
Mesocricetibacter pr_cl_2911	0	0	4	27	0	4	3	6	20	42	9	8	2	3	0	14	2	1	10	0	8	2	5	61	0	0	14	10	9	2	1	4	1	0	0	0	0	14	11	7	15	3	0	10	9
Mesocricetibacter pr_cl_2913	28	2	26	2488	10	17	123	43	164	967	227	60	262	178	38	54	93	4	203	890	5	67	15	705	54	35	991	13	137	53	79	0	18	0	18	14	0	192	91	892	1484	28	0	1771	1213
Mesocricetibacter pr_cl_2912	2660	35	3354	181396	465	1629	3193	1827	19642	52163	8837	6108	7870	1970	582	193	7617	424	1835	33033	3588	7134	110	173555	104	94	21860	3571	2443	73	7235	27	134	9	1063	101	0	16073	3825	10214	336827	129	51	197181	25038
Haemophilus_D pr_cl_3031	0	0	9	0	0	0	0	0	5	0	0	0	0	0	0	1	2	0	1	0	0	0	0	2	0	0	1	0	2	0	0	0	0	0	0	0	0	0	0	0	3	1	0	2	0
Haemophilus_D pr_cl_3014	0	0	22	37	0	0	5	1	49	17	24	0	0	4	0	0	5	0	0	0	0	0	1	97	4	0	44	0	2	0	1	1	0	0	0	0	2	66	785	0	22	0	0	64	3
Haemophilus_D pr_cl_3035	0	0	15	2	2	2	5	1	17	18	6	0	0	1	1	0	0	0	1	0	0	2	0	3	4	0	0	0	1	0	2	2	0	0	0	0	2	14	4	0	5	0	1	4	2
Haemophilus_D pr_cl_3034	0	0	10	2	0	4	0	3	7	6	0	0	0	0	0	0	0	0	0	0	2	0	0	0	0	0	0	0	0	1	0	0	0	0	0	0	0	0	0	0	0	0	0	4	1
Haemophilus_D pr_cl_3022	0	5	18	1	0	1	0	4	19	3	0	0	0	0	0	0	0	0	0	0	0	0	0	1	5	0	0	0	0	0	4	2	0	0	0	0	0	2	0	0	2	0	1	1	0
Haemophilus_D pr_cl_3033	0	0	2	0	2	0	0	1	9	1	0	0	0	0	0	0	0	0	0	0	1	0	0	0	0	0	0	0	0	0	0	8	0	0	2	0	0	0	0	0	0	0	0	5	0
Haemophilus_D pr_cl_3016	0	0	8	0	0	2	2	6	1	3	6	0	1	0	1	18	0	0	0	0	2	0	0	0	5	0	2	0	0	13	0	0	0	0	0	1	0	1	2	0	0	7	23	1	0
Haemophilus_D pr_cl_3025	0	2	44	3	12	10	15	3	33	25	0	5	1	7	4	1	0	0	3	0	0	5	0	11	1	14	853	2	6	0	48	1	0	0	0	2	2	49	4	2	61	1	2	73	1
Haemophilus_D pr_cl_3018	0	0	63	9	1	8	18	15	104	13	3	1	0	1	0	0	1	0	4	1	3	3	0	2	14	0	0	0	2	0	2	8	0	0	2	2	1	8	0	3	6	0	4	7	1
Haemophilus_D pr_cl_3004	0	0	16	2	0	0	1	2	6	1	0	4	5	0	0	2	0	0	6	4	0	0	8	0	5	0	0	1	2	0	1	1	0	0	0	0	0	10	0	1	1	24	2	0	0
Haemophilus_D pr_cl_3027	0	4	45	2	0	1	3	13	32	8	2	4	0	4	0	0	1	0	0	2	9	0	0	1	3	0	4	0	3	0	0	1	0	0	2	9	3	7	1	3	5	0	1	3	0
Haemophilus_D pr_cl_2982	0	1	56	3	0	1	15	14	99	26	7	2	0	1	0	0	2	0	0	2	20	0	0	12	9	0	4	2	8	0	2	12	0	2	2	1	0	26	1	12	10	3	1	3	0
Haemophilus_D pr_cl_3024	0	12	6	0	0	2	12	3	17	9	4	1	0	2	0	4	3	1	2	2	2	0	0	0	1	0	2	0	6	0	0	24	0	0	2	1	0	12	1	1	9	5	1	11	0
Haemophilus_D pr_cl_3082	0	0	0	0	6	5	21	1	5	32	0	3	1	4	0	0	0	0	4	29	6	1	2	2	0	0	2	2	0	0	56	1	0	0	0	0	0	12	8	0	3	0	0	5	42
Haemophilus_D pr_cl_3041	0	0	6	0	0	1	2	2	15	20	0	8	6	4	0	2	0	0	0	0	1	0	0	0	3	0	1	2	0	0	3	0	1	0	2	0	0	4	0	0	7	0	0	5	0
Haemophilus_D pr_cl_2984	0	1	13	15	0	1	18	0	26	9	0	0	0	3	0	6	6	0	0	0	5	1	0	7	10	0	6	0	10	1	2	8	0	2	4	0	0	9	0	0	26	0	2	6	1
Haemophilus_D pr_cl_3029	0	0	21	2	0	0	1	5	95	23	0	0	0	1	0	1	13	0	4	4	11	7	0	9	5	0	28	2	1	0	1	3	1	0	0	0	0	11	2	2	5	5	1	155	3
Haemophilus_D pr_cl_3015	0	0	17	0	0	0	0	0	17	4	3	0	0	0	0	2	0	0	0	0	0	0	0	4	0	0	1	1	3	0	0	0	1	0	0	0	0	0	0	0	0	0	1	6	0
Haemophilus_D pr_cl_2981	0	1	32	1	0	2	4	4	30	11	7	0	42	1	0	1	1	0	3	0	2	0	0	4	1	0	2	1	1	0	1	1	0	0	1	1	0	18	0	2	12	2	0	20	2
Haemophilus_D pr_cl_3011	0	3	22	1	2	0	13	6	52	10	1	2	6	5	0	1	16	0	0	340	5	0	0	2	3	0	9	1	1	0	0	4	2	0	9	0	2	217	169	2	13	69	10	11	0
Haemophilus_D pr_cl_3008	0	0	32	5	0	2	2	5	28	7	4	10	1	4	0	0	10	5	5	6	0	1	0	4	9	0	0	0	1	0	1	0	0	0	0	0	0	5	0	5	1	2	0	7	0
Haemophilus_D pr_cl_2974	0	0	25	0	0	3	1	10	17	6	0	0	3	0	0	0	0	0	1	0	0	1	0	0	3	0	0	0	0	0	0	2	2	0	3	0	0	5	0	0	5	0	0	7	0
Haemophilus_D pr_cl_2975	0	2	23	4	0	7	0	8	121	9	4	2	0	0	0	0	1	0	4	0	2	0	1	0	0	0	72	0	0	0	0	0	1	0	0	0	0	4	0	6	6	0	0	27	1
Haemophilus_D pr_cl_2997	0	0	31	1	0	0	3	1	13	2	1	0	1	4	0	0	15	0	3	0	1	6	0	4	2	0	2	2	0	0	1	1	1	0	0	0	0	2	0	2	1	0	0	7	5
Haemophilus_D pr_cl_3036	0	18	17	3	0	2	2	5	12	1	122	14	0	18	0	1	81	10	0	1	3	8	28	9	1	0	8	6	3	0	0	2	12	0	10	0	0	2	0	1	21	16	127	7	0
Haemophilus_D pr_cl_2985	1	2	78	7	0	13	17	4	49	15	4	8	0	2	0	3	11	3	3	4	8	7	0	2	4	0	12	62	2	0	4	3	4	0	4	2	0	11	31	2	49	1	1	10	3
Haemophilus_D pr_cl_2990	1	1	10	2	0	0	18	0	16	2	0	0	0	2	0	0	0	0	0	11	8	0	4	2	0	0	2	0	0	0	0	0	0	0	0	0	0	16	8	0	5	0	0	7	0
Haemophilus_D pr_cl_3040	1	0	10	0	0	0	0	8	9	0	2	0	1	3	0	0	1	0	0	0	2	6	0	2	0	0	0	4	2	0	1	5	0	0	0	0	0	22	6	0	4	1	0	2	0
Haemophilus_D pr_cl_2988	1	0	58	4	0	1	6	0	68	13	1	0	0	1	0	1	2	2	1	1	14	0	0	11	5	0	2	1	3	0	1	9	0	0	1	0	0	17	3	6	14	3	1	4	0
Haemophilus_D pr_cl_3003	1	1	59	1	0	4	3	5	31	7	9	6	0	1	0	0	0	1	0	1	4	0	0	11	7	0	5	2	7	0	5	9	0	0	0	1	0	23	3	1	14	0	3	9	0
Haemophilus_D pr_cl_2983	2	4	22	2	0	3	0	0	25	3	2	0	0	0	0	0	1	2	0	0	1	0	0	0	2	0	2	0	1	0	0	0	0	0	2	0	0	16	1	0	2	0	0	5	1
Haemophilus_D pr_cl_3012	2	0	30	7	0	8	6	23	27	5	13	2	0	0	0	0	2	1	2	1	8	2	2	8	0	0	0	1	4	0	4	1	1	0	3	0	3	12	4	3	8	0	1	4	1
Haemophilus_D pr_cl_2996	2	0	32	3	1	0	3	5	74	10	0	1	0	1	0	4	1	0	1	2	1	2	0	0	0	0	25	0	0	0	5	0	1	0	0	0	0	11	7	4	13	2	0	3	2
Haemophilus_D pr_cl_2976	2	0	8	1	0	0	2	1	13	0	0	0	2	1	0	0	0	0	0	0	0	0	0	2	4	0	2	0	0	0	0	1	0	2	0	0	0	0	0	0	8	0	0	4	0
Haemophilus_D pr_cl_2979	2	3	669	43	96	11	120	35	271	63	15	4	21	34	2	1	2	3	15	8	11	27	11	38	26	5	475	1	25	1	734	5	8	0	6	5	0	77	1	9	40	9	5	99	20
Haemophilus_D pr_cl_2987	3	1	105	5	0	6	18	16	86	441	16	40	3	15	2	2	56	5	9	46	18	51	0	22	2	2	10	18	11	2	5	6	5	0	3	4	0	26	14	13	92	12	1	40	2
Haemophilus_D pr_cl_3021	3	11	25	3	0	2	2	3	33	13	4	0	0	1	0	5	10	0	8	0	9	0	0	0	2	0	0	1	3	0	0	4	0	0	1	0	2	6	1	3	8	0	5	7	1
Haemophilus_D pr_cl_2998	3	0	97	12	0	2	8	5	103	28	9	5	0	13	0	2	6	6	4	0	12	0	0	11	4	0	24	4	0	0	3	12	1	0	0	2	1	13	2	0	24	2	1	23	1
Haemophilus_D pr_cl_2977	3	0	83	6	0	3	13	11	89	20	7	2	3	2	4	3	1	0	2	3	2	0	0	0	6	0	1	1	4	0	1	0	0	0	1	0	0	47	6	5	51	0	6	14	0
Haemophilus_D pr_cl_2995	3	0	0	1	0	0	0	0	8	0	0	6	0	0	0	0	0	0	1	4	0	0	0	0	0	0	0	0	0	0	0	0	0	0	0	0	0	0	0	0	0	0	0	0	0
Haemophilus_D pr_cl_3023	4	10	24	0	0	4	7	5	41	24	10	5	0	1	0	2	1	0	3	2	3	0	0	7	0	0	0	0	2	0	2	20	2	0	6	3	2	34	0	2	6	0	9	10	4
Haemophilus_D pr_cl_3013	4	0	43	1	0	5	6	14	127	11	3	0	0	7	0	0	0	0	1	0	1	0	0	0	12	0	5	5	0	0	4	0	0	0	0	0	0	17	6	0	96	2	1	7	1
Haemophilus_D pr_cl_3001	4	3	39	6	0	6	9	15	62	20	12	1	0	0	0	0	4	0	2	2	3	0	0	10	4	0	34	3	2	0	1	5	0	0	2	7	0	43	8	37	61	0	0	27	4
Haemophilus_D pr_cl_3007	4	0	92	18	0	5	32	26	135	33	6	2	0	7	0	0	1	1	4	0	4	3	0	1	5	1	2	3	5	0	1	0	0	0	0	0	0	32	4	2	5	24	23	25	0
Haemophilus_D pr_cl_3026	5	4	155	27	0	20	9	5	48	10	9	68	1	3	5	12	17	0	3	0	28	2	0	13	4	0	11	20	11	0	3	6	2	4	1	6	10	80	6	5	12	2	6	25	3
Haemophilus_D pr_cl_3010	6	0	9333	7	1	10	61	36	334	63	6	4	1	9	0	2	11	0	76	9	22	24	0	20	1	0	12	5	4	2	6	0	6	0	2	3	0	75	5	1	52	0	3	98	5
Haemophilus_D pr_cl_2972	6	0	165	39	0	13	275	49	47	23	3	6	2	0	0	0	5	1	2	0	0	0	0	12	4	0	12	341	59	0	0	2	0	0	6	2	0	22	0	4	129	0	0	57	19
Haemophilus_D pr_cl_3020	6	1	34	26	4	0	5	20	16	48	13	3	15	18	4	0	8	0	0	3	13	1	0	2	18	0	21	0	23	0	1	33	0	0	0	0	0	11	0	3	28	0	3	42	4
Haemophilus_D pr_cl_2973	6	0	10	0	2	10	0	0	17	17	0	14	0	0	0	0	0	0	0	1	0	0	0	9	0	0	5	1	1	0	2	0	2	0	0	0	0	7	0	2	5	0	2	13	0
Haemophilus_D pr_cl_3038	6	1	185	18	0	5	2	2	65	85	3	4	4	2	0	0	15	2	0	1	2	3	1	4	11	0	7	11	2	0	5	0	0	2	5	1	0	34	4	8	15	0	0	38	9
Haemophilus_D pr_cl_3039	7	0	57	14	0	9	17	63	71	21	8	63	1	1	3	1	16	2	12	6	13	12	0	7	1	0	49	2	32	6	2	4	5	0	3	0	1	8	7	3	66	7	5	24	5
Haemophilus_D pr_cl_3000	10	6	62	2	4	8	4	2	20	5	2	1	6	6	0	12	3	6	0	1	4	11	38	5	30	0	4	0	12	0	4	7	2	0	1	0	0	23	4	12	15	2	0	4	1
Haemophilus_D pr_cl_2993	11	0	64	13	1	12	16	27	50	181	2	8	0	8	0	0	9	3	5	0	24	19	7	14	3	0	9	63	4	0	2	0	0	0	1	0	0	55	27	17	212	0	0	19	2
Haemophilus_D pr_cl_3032	11	0	109	8	1	4	31	10	41	24	15	8	2	6	2	2	5	2	1	5	22	9	0	11	7	0	9	2	7	2	0	9	3	0	7	10	1	66	6	7	16	0	14	31	3
Haemophilus_D pr_cl_3030	12	0	237	20	6	11	24	12	102	24	12	9	0	44	29	5	42	1	6	2	20	5	2	22	5	0	27	1	4	0	15	5	2	1	4	4	13	261	19	5	20	7	4	173	848
Haemophilus_D pr_cl_3017	12	2	48	6	0	9	61	37	78	26	9	6	6	4	0	2	55	11	4	13	26	16	3	21	14	0	102	7	22	0	1	1	1	0	1	1	0	18	6	0	8	3	0	38	5
Haemophilus_D pr_cl_3009	12	0	30	7	0	2	2	6	8	2	3	3	1	0	0	6	8	4	7	0	14	2	0	7	0	0	2	85	7	0	1	3	0	4	0	0	0	9	3	4	23	1	0	9	0
Haemophilus_D pr_cl_2980	25	2	128	11	0	8	15	11	210	86	14	201	0	3	0	0	4	5	9	5	8	1	0	9	16	0	24	2	11	0	3	16	1	0	2	2	1	26	7	8	16	9	0	19	0
Haemophilus_D pr_cl_2978	28	1	571	31	5	51	50	246	361	99	8	33	4	8	0	1	94	7	11	27	31	74	2	22	21	1	143	10	12	4	31	7	2	1	12	0	2	117	22	13	90	3	2	169	19
Haemophilus_D pr_cl_3037	29	0	60	45	0	5	0	5	32	7	49	12	0	6	1	2	9	1	0	0	4	12	1	8	4	0	28	2	7	0	1	10	0	0	2	0	0	37	6	0	4	0	0	24	2
Haemophilus_D pr_cl_3002	30	0	30	239	0	5	338	3	41	4	243	16	8	3	20	116	18	1	141	162	19	0	8	119	2	0	160	2	0	0	2	14	1	22	5	0	0	7	0	0	246	2	0	7	0
Haemophilus_D pr_cl_2971	37	0	126	34	0	0	65	5	107	51	3	149	0	2	0	4	92	2	16	8	9	186	0	37	1	0	95	47	12	2	4	0	0	0	0	0	1	67	727	13	8	0	1	207	1
Haemophilus_D pr_cl_2992	40	4	349	31	4	60	15	73	26	20	28	83	0	8	8	6	80	86	14	0	35	121	5	54	0	0	81	18	10	0	4	12	2	30	2	0	2	108	79	16	19	2	5	73	2
Haemophilus_D pr_cl_2989	43	15	436	69	4	130	136	66	613	196	33	177	13	23	0	57	70	18	25	52	53	46	8	34	84	2	323	25	39	24	13	139	6	4	3	3	3	122	67	15	377	16	16	139	46
Haemophilus_D pr_cl_3005	49	0	1098	169	2	49	246	45	294	457	154	38	6	27	6	29	151	11	582	21	65	26	12	65	61	0	166	33	42	19	14	5	19	0	29	14	2	110	189	14	49	13	6	58	11
Haemophilus_D pr_cl_2986	51	0	162	88	4	23	92	63	274	241	21	12	2	15	0	11	32	12	17	34	33	74	11	46	39	0	61	67	12	1	17	14	7	0	4	3	1	114	20	52	92	2	2	137	20
Haemophilus_D pr_cl_2970	58	3	398	193	13	49	175	80	621	268	60	221	37	16	8	49	184	14	58	41	262	65	8	107	80	16	311	107	114	27	21	63	3	0	20	98	147	217	146	68	152	24	11	185	27
Haemophilus_D pr_cl_2999	61	17	1194	48	3	48	52	78	980	261	61	45	7	30	7	28	37	7	38	9	108	40	11	192	68	4	95	144	53	2	38	61	17	3	21	14	11	194	49	41	342	6	8	206	26
Haemophilus_D pr_cl_3028	194	10	298	654	36	104	26	107	230	1315	203	389	108	96	35	143	240	260	20	259	187	441	46	270	383	46	249	157	107	10	24	109	8	9	16	44	0	282	696	36	348	151	8	563	44
Haemophilus_D pr_cl_3019	210	353	5485	413	102	533	1004	761	6284	2340	627	495	208	292	29	296	334	79	225	151	734	88	34	719	866	17	799	190	482	48	276	850	110	34	185	115	349	1543	208	504	1510	115	221	1084	133
Haemophilus_D pr_cl_2991	217	21	588	63	2	44	70	94	666	195	70	38	17	31	3	21	56	4	32	18	89	77	2	98	87	1	91	129	57	13	10	71	25	2	11	15	7	144	46	47	155	15	7	116	15
Haemophilus_D pr_cl_3006	398	65	29751	5181	317	2284	12477	9633	123848	22575	7282	2245	593	3036	207	426	1505	227	1383	1488	1787	1892	140	1311	4429	64	2437	1428	1197	348	1768	156	865	41	771	220	85	9416	1770	1053	13945	648	760	7241	1269
Haemophilus_D pr_cl_2994	1168	24	1383	115	11	65	211	137	1112	323	120	80	16	63	13	99	103	23	92	38	229	100	10	206	69	10	275	78	76	26	73	88	12	2	29	16	10	376	201	97	405	12	22	287	32
Rodentibacter pr_cl_2968	1076	12	85	58087	918	1272	11302	4107	776	217585	272004	14599	57326	42832	6284	11925	18799	146	50704	115089	308	946	5601	15280	15405	14349	215605	690	9200	28047	1440	1	3965	65	807	2506	27	548	813	231539	88137	8087	398	27512	18046
Rodentibacter pr_cl_2969	34395	108	502	52790	410	90709	97209	127116	47838	230042	59522	40890	23489	13012	16275	205835	129508	1407	80874	80944	3131	3958	528	26990	10853	9361	90393	19419	183299	36050	1491	2	2288	1819	1960	5890	1106	37844	11606	66585	100552	71355	12439	39056	14924
Aggregatibacter pr_cl_2919	1	0	14	51	0	8	1	3	15	4	0	10	0	0	0	0	13	11	7	0	73	12	0	37	20	2	14	5	4	0	0	0	1	0	10	0	0	133	50	2	48	1	2	12	26
Aggregatibacter pr_cl_2967	1	0	28	76	2	5	5	4	4	18	5	16	7	22	2	0	2	0	0	10	22	8	2	23	0	1	22	42	0	0	2	0	0	0	0	3	4	7	2	12	11	0	0	33	2
Aggregatibacter pr_cl_2965	10	2	36	16	30	8	34	30	37	47	4	430	14	10	11	2	45	2	15	9	88	46	1	69	5	4	51	45	18	0	0	0	0	2	12	2	0	122	39	24	174	12	4	78	12
Aggregatibacter pr_cl_2966	24	0	177	71	0	16	62	20	49	218	70	910	27	49	4	28	182	36	42	85	201	38	5	437	14	2	137	173	45	18	2	0	1	2	8	3	0	167	264	139	149	23	12	109	28
Aggregatibacter pr_cl_2957	28	0	163	64	0	30	44	33	36	87	18	574	3	7	2	2	153	51	12	16	520	159	8	332	25	1	92	346	40	0	4	0	1	6	2	5	0	119	149	23	168	27	2	152	11
Aggregatibacter pr_cl_2964	35	0	66	79	0	50	49	42	147	129	20	101	3	21	0	54	120	37	24	70	180	148	17	217	64	5	189	166	36	18	6	0	0	2	54	2	0	167	96	43	209	9	0	10312	95
Aggregatibacter pr_cl_2953	39	0	261	65	0	146	113	48	16	180	43	573	4	9	0	8	155	73	16	17	456	323	9	186	5	1	387	166	38	6	9	0	4	0	3	18	0	88	91	66	293	32	13	230	14
Aggregatibacter pr_cl_2943	43	2	524	96	2	12	80	16	90	171	16	734	21	12	0	4	125	54	11	9	86	78	5	41	28	7	100	47	24	1	4	35	1	0	0	0	0	99	70	35	84	2	3	65	11
Aggregatibacter pr_cl_2954	46	0	402	46	5	36	49	32	50	252	5	558	14	15	4	11	225	88	12	7	485	345	6	197	17	3	62	202	59	2	2	27	1	4	4	165	0	357	129	448	722	8	0	97	38
Aggregatibacter pr_cl_2960	46	2	236	72	0	52	114	52	101	169	68	150	11	3	1	23	205	66	35	14	331	116	10	295	36	1	143	214	101	2	1	4	4	5	0	14	0	199	186	92	205	33	0	158	38
Aggregatibacter pr_cl_2926	55	4	131	87	1	61	96	38	100	579	6	139	7	12	0	9	111	15	37	25	544	103	17	85	8	4	203	145	35	0	6	0	14	3	3	8	0	120	36	128	253	11	0	170	46
Aggregatibacter pr_cl_2930	57	2	42	10	0	29	51	34	44	47	5	293	0	5	0	3	55	9	9	8	75	51	1	93	11	2	100	79	57	2	5	0	2	0	6	0	0	109	34	30	140	13	3	116	19
Aggregatibacter pr_cl_2949	60	0	470	44	0	62	162	32	268	62	39	501	6	22	0	28	338	61	23	13	499	545	0	342	18	1	341	913	33	0	7	0	5	3	3	11	0	76	106	79	752	2	1	574	28
Aggregatibacter pr_cl_2941	62	0	251	11	1	18	61	10	73	230	20	221	13	6	0	5	126	41	37	24	123	185	8	155	22	5	251	148	52	6	0	18	0	2	0	6	0	154	114	64	505	11	13	183	9
Aggregatibacter pr_cl_2961	74	0	653	26	2	24	77	33	93	230	41	321	12	30	0	2	401	91	23	13	392	1090	8	393	22	2	247	291	79	8	10	0	12	2	1	41	0	194	128	99	1549	10	0	353	150
Aggregatibacter pr_cl_2931	75	0	110	106	0	99	273	90	75	243	78	291	13	16	0	21	98	19	78	32	320	109	20	259	49	5	448	240	122	2	37	0	3	6	6	6	0	398	110	113	791	36	8	477	56
Aggregatibacter pr_cl_2927	75	0	142	75	2	97	206	98	181	465	24	94	2	17	0	11	118	31	10	23	74	163	38	190	29	4	489	366	74	2	12	3	5	11	13	4	0	75	73	52	421	36	7	442	21
Aggregatibacter pr_cl_2935	77	0	111	103	18	42	251	64	130	556	56	224	71	45	5	19	106	41	76	69	295	253	18	134	49	1	501	114	114	8	6	2	3	0	8	5	0	102	39	113	466	32	3	263	44
Aggregatibacter pr_cl_2920	80	0	1178	79	2	330	94	91	221	208	48	5076	13	12	5	33	777	538	41	30	2882	927	26	1580	15	6	388	3243	77	2	7	0	4	4	14	13	1	1145	1146	292	776	17	1	587	71
Aggregatibacter pr_cl_2947	82	4	289	38	1	89	196	69	285	173	34	366	13	17	0	41	232	45	55	32	424	376	5	196	37	4	545	311	179	3	6	1	3	4	0	1	0	152	74	84	262	16	0	408	32
Aggregatibacter pr_cl_2944	83	0	187	123	0	40	166	65	284	295	25	279	9	14	0	9	251	14	31	32	134	433	9	140	16	0	309	125	67	7	11	0	0	0	1	2	0	140	158	41	174	49	6	447	8
Aggregatibacter pr_cl_2952	85	4	101	81	1	84	70	46	43	141	15	134	4	16	1	7	163	43	47	19	510	179	0	330	21	0	125	158	126	6	5	0	0	0	2	0	0	72	206	52	179	17	5	144	23
Aggregatibacter pr_cl_2955	86	0	129	53	1	46	132	96	131	185	34	475	28	15	0	15	149	41	30	34	257	150	31	166	31	3	324	250	89	1	9	2	2	4	0	8	0	164	142	96	372	22	5	244	41
Aggregatibacter pr_cl_2963	89	0	155	2010	640	78	303	18	14099	1363	45	111	110	494	90	1168	63	25	121	879	111	131	24	483	4511	68	3106	120	71	8	9	0	9	12	10	2	7	143	51	138	155	31	30	407	133
Aggregatibacter pr_cl_2924	91	0	192	156	0	71	104	86	34	315	18	411	6	18	0	5	128	45	16	28	371	178	2	172	23	0	220	443	46	4	11	0	0	2	4	2	0	92	135	60	176	23	5	185	17
Aggregatibacter pr_cl_2956	93	6	685	269	2	137	368	83	225	515	55	899	29	8	0	19	486	158	44	35	836	423	38	438	27	13	549	772	202	2	17	0	6	19	8	22	1	441	394	229	636	56	11	389	82
Aggregatibacter pr_cl_2940	95	0	164	194	0	118	286	137	123	462	58	196	17	18	4	21	142	47	83	39	175	179	20	199	45	0	407	391	217	7	27	2	1	3	3	12	1	216	218	64	537	9	3	356	52
Aggregatibacter pr_cl_2958	100	0	154	12	1	136	83	37	57	265	14	524	15	3	0	14	210	41	20	7	342	185	22	155	9	1	145	442	101	0	5	0	4	8	1	3	0	138	193	67	326	24	1	173	19
Aggregatibacter pr_cl_2951	104	0	650	101	1	95	191	71	343	282	50	1668	10	5	5	24	455	158	26	33	1039	830	11	531	7	7	359	925	56	4	0	0	3	2	1	6	0	305	254	140	98	35	8	757	29
Aggregatibacter pr_cl_2942	108	1	145	23	0	155	142	47	58	216	22	66	3	6	0	12	97	9	18	45	96	114	4	63	12	0	168	90	32	0	2	0	0	0	0	0	0	40	24	26	263	17	0	160	17
Aggregatibacter pr_cl_2925	108	0	100	35	0	62	315	93	153	742	25	381	19	11	0	14	349	63	75	27	559	215	26	234	42	0	415	477	92	1	11	1	1	1	8	5	0	134	137	64	452	7	10	408	62
Aggregatibacter pr_cl_2959	111	0	280	52	9	20	241	23	77	300	76	352	25	49	23	6	120	81	73	59	259	248	35	149	18	2	420	153	116	1	7	4	3	0	10	50	2	157	140	151	461	26	3	273	38
Aggregatibacter pr_cl_2939	113	2	57	31	0	45	150	45	170	656	44	107	12	7	0	21	169	21	36	23	130	105	23	106	29	0	320	103	75	1	3	0	2	4	0	9	0	56	30	45	519	19	2	167	62
Aggregatibacter pr_cl_2923	128	0	1977	270	20	102	473	200	118	735	123	376	36	49	8	31	1570	207	71	101	633	2169	30	583	54	2	896	346	366	9	19	0	10	2	16	36	4	232	148	311	100059	26	7	995	399
Aggregatibacter pr_cl_2948	131	0	437	125	0	30	301	64	279	381	57	598	13	5	0	25	366	57	36	26	418	493	15	273	20	6	717	426	154	5	8	0	3	2	3	3	0	79	42	138	447	22	0	713	52
Aggregatibacter pr_cl_2950	145	0	215	120	3	142	157	123	134	342	63	287	18	6	7	38	202	100	40	33	501	469	12	313	22	1	318	386	133	4	5	0	4	4	6	15	0	238	228	60	421	16	15	326	37
Aggregatibacter pr_cl_2937	184	3	113	363	11	110	1067	345	239	1751	156	101	34	457	3	58	401	72	179	170	216	182	87	417	4392	6	1813	1537	512	4	43	0	8	2	4	19	0	148	125	226	2251	38	21	1041	193
Aggregatibacter pr_cl_2928	187	1	228	253	0	96	601	102	166	350	111	329	57	34	0	64	281	70	95	46	322	230	16	221	65	17	436	550	156	6	11	0	2	4	2	16	1	252	154	119	592	52	3	392	81
Aggregatibacter pr_cl_2934	208	14	409	168	0	121	446	156	295	745	61	526	18	21	0	28	352	84	39	33	518	554	58	376	39	1	1013	363	281	3	26	0	1	1	1	16	2	183	264	151	814	24	9	726	124
Aggregatibacter pr_cl_2936	216	3	116	245	0	85	605	179	186	1129	41	219	20	17	2	13	395	33	57	74	135	201	29	188	62	3	515	152	213	2	50	0	0	1	0	14	0	67	148	99	852	23	11	342	93
Aggregatibacter pr_cl_2962	223	4	315	97	0	80	299	161	317	567	30	991	27	34	0	9	244	63	55	31	644	335	17	508	66	2	486	920	292	2	16	0	3	7	7	5	1	299	281	113	628	31	5	473	99
Aggregatibacter pr_cl_2946	302	0	1227	270	2	144	952	157	856	730	95	3584	35	73	0	35	920	212	92	107	5072	1316	39	1677	69	15	1278	1019	253	11	37	0	10	14	8	15	0	566	2195	346	973	22	17	2153	94
Aggregatibacter pr_cl_2929	543	19	913	408	1	575	648	342	423	1826	254	1249	45	67	6	143	994	219	190	143	823	665	59	726	120	32	1735	797	560	28	69	2	18	19	17	12	1	868	477	342	1389	177	19	1507	239
Aggregatibacter pr_cl_2932	778	4	846	53948	33	517	2372	1040	659	5415	457	792	180	245	8	177	1530	252	558	372	799	1141	179	1083	518	15	5276	1462	1493	15	156	0	33	37	20	53	2	618	338	661	5690	157	34	3202	487
Aggregatibacter pr_cl_2918	894	46	6508	10316	1221	1370	1844	4138	2769	4442	1376	6581	761	456	4049	6646	3982	889	779	811	13841	6126	455	11897	326	1148	3110	10757	748	1402	1021	18	55	52	6143	83	43	58820	9357	1104	5170	593	94	7928	2982
Aggregatibacter pr_cl_2922	1357	8	41657	5895	78	98981	2676	16179	2001	3065	245	9609	199	139	15	275	22799	3333	277	315	14684	45782	187	9326	184	47	3684	9267	877	76	1049	0	298	309	309	508	0	3741	2865	6689	108355	425	20	7940	2243
Aggregatibacter pr_cl_2917	1463	11	6178	6763	2	644	869	634	6558	3525	485	2362	3061	176	104	96	1202	329	204	407	3305	1108	41	4205	222	60	2514	2033	980	50	156	11	36	15	337	76	10	113668	7112	499	32992	110	22	4083	26471
Aggregatibacter pr_cl_2938	1477	6	426	121	2	186	270	96	322	661	109	353	26	47	0	34	462	53	74	49	414	393	49	312	64	4	659	609	262	9	24	0	5	11	22	13	0	182	135	174	592	88	8	796	68
Aggregatibacter pr_cl_2921	2266	22	41693	2924	30	4087	3422	1783	5187	5631	850	475914	486	348	70	855	46202	64101	601	943	232468	34100	261	88367	382	404	9507	1841545	1851	200	278	0	147	58	174	1281	38	98753	867005	7179	13312	459	131	16567	1197
Aggregatibacter pr_cl_2945	2693	4	9883	1432	14	922	4442	863	13205	4003	1013	11166	204	227	26	294	10072	1098	362	752	11371	15541	237	4776	308	46	14611	6994	1666	41	90	0	52	22	38	32	3	2513	1738	1793	5300	141	125	25499	495
Aggregatibacter pr_cl_2933	45004	1209	23218	37689	281	73824	121188	72731	26421	250078	61565	26080	5445	7143	386	12958	46645	7239	44514	19116	30596	36797	23988	39282	14659	528	198615	35363	81385	747	17224	7	747	4149	924	36251	67	17457	12480	21289	211722	4931	1465	109164	28280
Usitatibacter pr_cl_3269	0	46	4	6	6	4	30	4	1	10	0	0	39	4	6	4	0	4	2	2	0	0	3	6	0	4	2	8	6	0	3	0	1	0	0	4	3	31	1	2	10	2	2	8	10
SCGC-AG-212-J23 pr_cl_3503	2	40	6	6	6	4	10	1	3	3	4	5	15	2	2	16	6	2	2	11	14	0	8	7	10	2	4	0	12	5	0	0	2	0	7	4	2	29	0	2	6	4	6	0	6
JAABQT01 pr_cl_3502	2	40	4	5	2	0	24	4	3	7	3	4	6	3	0	4	2	0	2	6	1	1	5	9	3	2	4	11	19	0	6	6	0	1	1	0	7	37	4	0	7	1	2	6	10
Paenalcaligenes pr_cl_1287	0	0	0	0	0	0	0	0	0	0	0	0	0	0	0	0	0	10	0	0	0	2	0	1	5	0	0	0	0	0	0	0	0	0	0	0	0	0	8	0	0	0	0	0	0
Alcaligenes pr_cl_2750	0	8	2	0	0	2	0	6	1	6	0	2	5	0	16	14	0	0	2	0	0	0	0	18	2	0	0	4	0	0	0	0	0	0	0	0	2	6	0	2	8	2	2	0	4
Alcaligenes pr_cl_2751	0	11	0	0	0	3	4	2	2	0	4	0	4	0	0	4	4	0	0	0	0	0	4	2	0	0	6	0	4	0	0	0	0	0	0	0	0	6	0	0	0	0	0	2	0
Achromobacter pr_cl_3463	1	69	16	82	13	15	44	133	12	34	3	2	21	8	2	4	0	4	2	2	8	2	3	9	16	5	12	16	4	0	2	6	14	0	0	7	0	27	12	0	22	9	4	11	11
Achromobacter pr_cl_3462	8	475	18	9	25	8	105	38	260	405	4	7	74	20	20	9	16	1	4	14	2	234	391	14	47	6	34	11	54	1	10	4	0	0	8	18	12	2251	340	11	33	13	5	14	46
Acidovorax pr_cl_3469	0	669	48	27	20	22	149	11	8	33	29	34	119	32	14	47	14	9	13	8	20	66	7	44	69	12	37	51	69	4	13	8	0	0	26	27	32	104	8	6	52	10	12	26	43
Lampropedia pr_cl_3479	2	80	184	11	7	1	98	5	576	119	15	32	78	6	10	12	130	8	0	16	62	17	14	730	20	85	13	9528	15	0	0	6	0	0	49	6	1	67	23	2	24	4	4	522	12
Comamonas pr_cl_2782	0	16	2	2	10	0	6	0	1	2	0	6	2	2	0	2	2	2	5	0	0	3	8	4	4	0	2	14	10	0	0	0	0	0	0	2	5	5	0	4	0	0	0	0	0
Comamonas pr_cl_2781	1	49	2	4	3	2	14	2	6	8	0	14	24	2	6	4	5	0	0	0	4	17	3	32	10	4	8	57	20	0	0	0	0	0	4	0	0	19	10	4	6	0	0	2	5
Comamonas pr_cl_3468	2	117	24	4	4	3	56	4	72	14	4	17	11	17	2	9	5	0	6	2	9	18	6	41	21	6	20	11	29	3	2	0	0	0	4	4	6	19	2	1	14	6	0	12	10
Comamonas pr_cl_3467	4	170	28	13	4	6	145	12	245	43	12	8	43	22	8	29	7	6	9	6	2	9	13	54	30	3	26	27	29	6	5	0	0	0	5	7	4	39	8	4	25	6	2	14	11
Comamonas pr_cl_3466	4	219	24	16	10	10	140	5	46	28	13	44	76	12	5	10	17	3	7	6	25	10	13	53	37	2	10	18	34	3	4	4	0	0	10	11	6	73	10	8	45	0	2	18	30
Comamonas pr_cl_3465	6	219	105	17	17	14	142	16	27	53	20	45	93	9	39	22	21	4	4	19	10	13	47	50	57	22	17	504	28	10	13	6	0	0	4	16	7	116	10	2	18	4	2	18	20
Comamonas pr_cl_3464	27	2922	280	189	108	85	1975	135	65	145	166	174	1214	277	106	192	159	57	41	141	91	64	93	287	396	73	219	2998	376	59	71	36	1	0	106	64	93	1446	78	29	355	80	40	137	306
Pelomonas pr_cl_3504	128	13494	1415	786	448	592	9952	602	358	912	632	673	6062	1147	628	1216	949	201	300	561	453	399	630	632	2278	409	1236	836	1916	284	372	223	6	2	648	400	555	8600	506	218	1857	335	233	741	1599
Brachymonas pr_cl_3476	4	41	35	25	0	21	64	4	1	15	7	24	32	9	5	4	6	10	6	6	8	16	6	1024	18	5	13	2960	20	4	0	7	0	0	21	2	0	59	24	16	50	6	0	28	46
Brachymonas pr_cl_3478	5	0	3	4	0	1	20	0	1	7	1	34	6	0	0	0	0	2	0	0	77	41	0	7729	7	1	65	705	0	0	0	2	0	0	19	0	0	28	15	32	95	1	0	70	142
Brachymonas pr_cl_3477	9	12	81	91	4	49	426	16	58	28	28	222	30	12	4	9	103	10	4	3	128	185	6	277723	33	94	74	452639	18	17	1	3	0	0	169	2	0	297	205	13	146	3	0	274	241
Brachymonas pr_cl_3475	113	19	194	330	11	125	24943	949	179	49	23	551	102	47	20	5	173	35	23	100	218	2254	1	10049	606	28	636	1538	41	0	1	10	12	1	7960	77	7	525	364	36	87	0	24	8826	3442
Ottowia pr_cl_3480	0	13	4	18	6	38	5	10	0	41	7	224	14	0	12	2	10	1	0	1	26	128	0	1316	7	43	33	947	4	0	0	0	0	1	18	2	0	46	3	0	2	0	0	9	4
Ottowia pr_cl_3481	0	108	75	31	19	179	59	46	33	20	21	1366	53	17	12	7	109	7	2	10	3406	256	129	4544	11	432	193	4469	12	61	46	0	0	1	53	6	11	191	82	8	17	34	4	64	18
Ottowia pr_cl_3483	8	25	58	27	0	91	37	35	16	9	17	2014	23	23	41	13	126	11	11	22	96	836	2	4367	72	708	398	44608	9	10	0	2	1	0	53	7	2	429	133	3	5	6	0	40	10
Ottowia pr_cl_3482	1264	339	146125	31870	1103	447773	3783	139336	67844	2500	69443	12648980	28636	1802	21807	3229	28265	1169	3151	2597	188314	3102899	12461	4894522	4508	292086	274426	22556903	5434	12459	1000	29562	66	347	91780	1799	3186	605005	20832	966	1561	1551	1833	37402	2735
Limnobacter pr_cl_2752	0	0	3	0	0	0	0	2	1	2	0	2	0	0	0	0	0	0	0	0	0	0	3	10	0	0	0	4	1	0	0	0	0	0	0	0	0	0	2	0	0	0	0	0	0
Telluria pr_cl_3461	0	348	44	8	13	12	147	12	128	326	8	17	63	28	23	26	17	0	3	6	10	132	11	27	28	36	119	25	39	7	23	6	0	0	19	15	5	118	8	10	24	12	2	478	48
Pseudoduganella pr_cl_3460	4	88	6	6	20	13	73	7	12	12	2	10	28	16	4	9	2	6	4	10	7	2	8	15	10	9	8	10	16	0	9	0	4	0	8	4	2	22	2	0	16	2	4	0	12
Janthinobacterium pr_cl_3511	10	455	11	9	5	4	51	10	11	27	2	7	48	6	10	30	3	0	2	11	10	9	35	16	34	3	6	2	28	1	0	2	1	2	3	12	5	14	9	1	20	6	6	10	31
Burkholderia pr_cl_3505	6	815	149	37	32	46	375	49	47	122	23	32	216	50	152	70	96	20	16	37	39	44	302	36	181	49	143	41	177	46	21	10	4	0	32	48	103	139	42	20	101	48	21	303	111
Burkholderia pr_cl_3506	40	10766	290	259	145	151	6560	449	561	1979	232	180	3531	342	182	346	647	40	79	129	195	749	1568	148	696	113	859	184	895	127	172	66	3	0	373	245	260	3330	731	68	706	111	96	216	512
Ralstonia pr_cl_3459	1777	171181	8252	3994	8458	2555	19597	3744	739	9142	1998	4228	16011	2308	718	5726	545	1309	853	624	1818	4383	712	4588	2498	2124	871	1892	3439	1876	750	988	169	55	1116	2502	991	541	620	1955	5324	1039	574	1196	19378
Azonexus pr_cl_3442	2	125	7	2	0	2	28	6	9	23	0	7	15	12	6	8	8	8	7	6	11	8	19	20	20	2	6	16	4	2	0	2	0	0	2	0	6	36	5	0	18	0	6	27	12
Azonexus pr_cl_3443	2	93	16	5	0	2	18	0	3	63	0	10	10	4	4	12	8	10	0	24	12	9	2	8	14	0	8	10	1	3	4	2	0	0	2	8	6	20	6	36	7	6	8	10	8
Propionivibrio pr_cl_3470	9	4	67	37	0	77	137	39	2	11	7	222	23	0	5	4	335	3	0	5	311	177	3	372	25	15	91	262	2	13	0	0	0	0	56	15	2	182	93	36	52	2	1	177	29
Propionivibrio pr_cl_3473	70	0	275	98	0	89	519	44	143	42	40	767	56	4	10	3	1001	31	2	12	994	552	0	3308	82	13	137	1802	3	10	4	2	0	0	126	3	0	1170	538	72	442	4	0	790	816
Propionivibrio pr_cl_3474	237	0	304	226	0	201	451	218	74	25	33	1407	109	1	7	2	1648	31	10	11	1414	1980	5	1693	1031	27	557	891	11	72	4	0	0	0	220	3	0	1633	516	152	464	0	0	3055	571
Propionivibrio pr_cl_3471	4492	15	16861	8043	168	42346	5401	6579	406	70	4128	118049	5192	64	375	40	337851	3750	8	558	241642	31527	103	56039	802	5089	16734	147439	21	15755	16	0	9	2	1556	1015	41	6561	6428	21141	14491	50	11	63602	1551
Propionivibrio pr_cl_3472	13201	164	90644	40228	245	49487	128951	26250	64022	7475	8579	249285	18278	755	1192	191	291879	7073	636	1973	165784	249717	698	1372860	32275	3184	341239	520691	946	4393	1046	346	20	44	140843	986	49	371393	322614	87365	295380	316	333	455677	248669
Mesosutterella pr_cl_3885	10	5	0	28	2	3	0	0	0	0	28	85	9	0	2	73	46	109	1	27	55	129	16	37	89	75	11	4	2	4	0	0	0	0	111	4	0	92	598	4	0	10	0	5	2
Lautropia pr_cl_3445	2	99	91	178	20	96	114	164	193	719	40	56	129	112	52	37	35	20	17	46	49	747	45	190	24	185	185	168	48	3	8	27	4	0	40	11	11	158	163	19	94	4	3	279	45
Lautropia pr_cl_3448	10	0	57	771	5	66	114	691	124	2060	432	49	339	155	26	0	25	2	1	5	4	272	4	39	7	15	1408	251	77	0	59	16	0	0	1	4	6	57	0	37	945	0	3	1324	184
Lautropia pr_cl_3451	12	0	17	22	1	26	110	62	18	208	16	3	6	118	94	0	44	0	0	50	81	63	9	1061	47	34	1	29	8	3	106	64	2	0	1	8	0	24	3	2	46	0	0	36	16
Lautropia pr_cl_3458	15	18	55	569	2	42	81	354	268	2024	65	27	59	252	38	15	25	0	0	28	2	235	9	49	25	50	516	192	40	2	70	50	0	0	10	2	2	62	8	29	328	0	0	1203	132
Lautropia pr_cl_3452	17	0	23	160	3	50	355	397	176	232	12	31	84	71	40	0	34	0	2	21	6	156	3	31	30	3	2	20	87	0	47	336	0	0	2	7	0	8	2	4	7	0	0	175	30
Lautropia pr_cl_3456	18	26	66	3703	8	37	261	179	540	6744	624	163	446	418	191	7	17	21	17	32	11	1485	11	100	52	34	4443	541	261	0	104	178	4	2	2	10	2	203	17	48	2938	0	3	7611	1790
Lautropia pr_cl_3455	25	0	69	79	6	79	166	524	351	537	28	21	71	372	22	0	68	2	6	89	2	143	17	129	104	31	28	67	4	1	177	48	3	0	1	2	0	47	0	15	144	0	2	232	21
Lautropia pr_cl_3447	26	0	49	2328	5	56	30	410	534	14712	670	64	133	126	35	0	4	5	3	5	0	475	12	11	98	32	4233	521	105	0	97	68	0	0	0	0	0	127	17	152	1048	0	0	1787	355
Lautropia pr_cl_3446	29	10	248	515	24	247	427	691	964	813	38	43	202	1991	208	4	120	10	24	201	27	372	66	214	110	40	218	130	166	2	219	180	14	3	7	35	2	147	19	15	200	4	10	446	49
Lautropia pr_cl_3453	42	14	222	1590	4	106	115	642	2708	12760	312	118	220	382	60	4	57	20	2	47	27	3294	11	113	46	65	2818	302	179	0	135	306	0	1	13	6	0	179	28	136	2202	1	0	11918	1346
Lautropia pr_cl_3454	102	0	115	1104	56	975	782	8547	3968	3613	150	468	536	564	471	0	301	5	107	186	56	971	95	1002	244	72	308	630	497	3	195	1547	7	1	4	77	0	142	26	17	387	0	7	953	100
Lautropia pr_cl_3449	355	35	1684	3112	138	2241	3324	16531	3583	4097	375	391	635	6623	1627	103	893	49	103	652	163	2577	241	4230	494	155	1430	1734	556	31	1545	1121	56	13	94	101	50	486	157	99	1365	40	27	2181	446
Lautropia pr_cl_3457	6765	71	4850	875064	392	8320	3067	88945	831134	4590601	101475	41133	55535	105811	13445	199	244	1952	1108	9739	1337	710091	2518	4055	7917	11752	1146114	90994	51170	30	13097	2063	22	171	249	264	73	52242	4128	40142	933551	64	10	3946740	440042
Lautropia pr_cl_3450	115062	313	1067972	3024525	117260	782973	1575708	6535161	2369701	3226560	163425	249448	1674579	6113652	1541155	1523	466061	14686	772358	590878	346961	976292	367433	1114437	2094307	475768	499517	505877	697247	1600	858491	875767	9503	1780	145423	329012	11766	1383432	277178	50777	720238	888	3407	629381	216694
Simonsiella pr_cl_2904	0	2	14	43	107	14	127	8	133	203	51	10	51	108	17	0	112	24	8	10	0	6	74	16	182	1	24	24	5	0	0	15	17	0	0	19	234	32	24	5	446	3	53	57	16
CAJPTP01 pr_cl_2725	0	0	1	0	0	0	0	0	3	2	0	4	0	2	0	0	2	2	0	0	0	0	0	6	1	0	2	0	0	0	0	0	0	0	0	0	0	2	6	0	0	0	0	0	0
Kingella pr_cl_2903	3	0	53	54	67	15	34	9	55	93	37	19	21	120	13	4	5	9	2	6	9	10	106	37	142	18	35	155	52	0	0	5	7	19	20	49	24	588	17	7	178	2	6	41	4
Wielerella pr_cl_2906	5	0	12	2	14	4	0	2	16	11	30	1	34	23	3	1	2	0	0	0	0	9	0	27	11	2	0	6	10	2	4	0	9	2	0	0	7	17	0	0	61	2	2	8	0
CAKARD01 pr_cl_2907	2	0	2	0	0	0	11	0	0	3	2	8	2	5	6	1	2	3	0	1	9	0	1	2	2	0	9	0	2	2	0	0	0	0	0	0	10	8	2	2	21	0	0	6	0
CAKARD01 pr_cl_2905	4	0	41	12	0	1	46	2	5	8	34	4	0	0	3	30	3	73	4	0	27	29	0	46	2	0	28	14	7	0	0	0	0	0	8	2	4	9	0	0	109	1	0	5	0
JALJZY01 pr_cl_700	7	8	0	0	4	11	4	0	9	7	10	6	6	2	1	17	0	0	1	0	0	3	0	6	0	0	2	0	0	0	0	0	0	0	0	2	0	3	15	0	2	0	0	0	0
CAJPNX01 pr_cl_2898	1491	14	663310	8480	238	39180	4834	16179	265931	11825	5776	4231	6356	565	692	129	806	498	102	377	570	815	137	2524	469	98	7375	998	9149	107	2171	2331	7	175	52	133	97	3442	532	838	3605	98	48	18995	198
Kingella_B pr_cl_2828	0	0	9	247	164	29	785	78	187	658	306	5	232	79	71	17	2	4	13	61	0	65	24	9	106	14	149	0	11	0	11	0	17	0	3	96	223	43	8	7	950	24	37	65	55
Kingella_B pr_cl_2830	2	0	47	5447	649	102	815	902	212	1960	638	104	1213	986	500	19	278	12	26	263	1	109	171	32	555	169	1121	111	123	3	43	2	62	2	9	321	603	253	43	83	783	63	21	1766	146
Kingella_B pr_cl_2829	6	1	19	1060	259	118	2503	276	509	1761	683	26	287	526	163	58	20	31	39	158	0	813	162	19	186	38	476	2	35	0	140	0	38	0	29	624	126	110	10	48	53622	70	42	322	258
Kingella_B pr_cl_2824	7	8	288	469	21157	87	458	80	1048	1022	327	64	139	757	129	42	42	41	8	43	48	103	5295	105	275061	69	232	28	116	2	1	827	19	3	10	293	361321	65	8	51	289	17	31	381	42
Kingella_B pr_cl_2831	9	2	115	180118	3583	2729	4617	20739	2439	21544	5603	782	24342	13512	10395	70	71	33	243	5040	12	260	1248	99	6412	572	21876	57	3270	0	475	9	479	0	32	4710	1824	646	73	1446	6096	1474	189	51924	198
Kingella_B pr_cl_2825	13	0	27	3084	2939	48	1131	197	275	2358	754	108	2564	2515	878	27	47	15	199	268	6	83	849	15	1605	78	749	164	82	2	5	1	120	0	16	1392	2730	147	9	132	799	52	29	364	145
Kingella_B pr_cl_2826	44	17	606	60868	363068	970	19409	3862	5485	54882	14174	2847	215328	166289	24099	451	812	254	3658	6025	55	1381	281025	199	246330	40637	14310	651	1734	46	208	346	47867	6	168	69488	300982	1850	245	6394	14880	836	807	6996	2791
Kingella_B pr_cl_2827	885	675	7628	86382	30450	12099	456316	29068	224795	207300	80387	2191	32785	36114	12604	70241	2464	3192	2882	12059	362	21162	10348	2294	36627	3229	28552	657	5027	296	3705	42	2799	216	5592	29576	27256	4287	559	6476	292939	7720	191866	27638	23403
Kingella_B pr_cl_2832	10244	51	3494	48019	1698	4932	51951	20305	19290	293774	62319	2624	6670	33421	4157	365	435	848	88491	49792	215	1364	3441	39224	2499	176	203390	664	15620	87	2206	2737	35	503	194	91765	333	12204	1803	36388	426714	1360	139	121306	4779
Kingella_A pr_cl_2835	49	0	644	427	12	79	374	101	1618	811	140	144	49	59	16	10	126	43	4	72	12	284	11	114	109	8	802	41	34	1	3	212	2	2	15	20	0	274	11	98	269	10	15	445	22
Kingella_A pr_cl_2836	56	0	541	391	8	67	422	50	1095	606	160	102	38	53	26	9	56	16	0	70	6	236	10	130	102	10	459	12	43	2	0	130	2	3	12	17	0	232	12	94	162	6	13	406	19
Kingella_A pr_cl_2837	67	0	629	752	6	159	473	109	1244	1150	204	158	79	62	23	24	62	28	1	117	36	315	18	199	179	15	663	34	57	3	4	223	0	2	21	67	13	254	34	78	277	5	35	1027	19
Kingella_A pr_cl_2834	107	0	1162	773	16	226	441	135	3197	1612	329	178	68	79	250	23	166	76	9	135	25	377	47	262	188	14	1106	419	68	1	8	3653	2	2	35	35	12	271	66	115	878	7	14	841	55
Kingella_A pr_cl_2833	11331	281	97432	119616	1498	102765	117398	31099	436203	204782	78016	27445	9165	10429	49035	12630	18172	5043	409	17541	1342	55588	2116	23903	27360	1729	151511	4941	9985	312	1384	766148	265	188	2741	4523	450	35846	2102	17014	43517	1075	16788	171087	5723
Eikenella pr_cl_2811	8	6	62	180	303	40	162	32	119	81	48	12	31	6	8	6	23	9	11	2	15	36	12	28	9	34	80	63	14	7	1	5	81	0	14	28	4	51	3	7	28	2	8	65	2
Eikenella pr_cl_2810	8	0	171	74	0	92	313	42	272	216	59	28	9	1	3	4	22	17	10	15	47	46	4	156	4	0	113	15	19	2	4	1	0	1	10	16	4	32	5	5	98	7	7	24	6
Eikenella pr_cl_2820	77	0	768	240	1	1038	960	255	152	490	323	88	63	8	26	128	233	367	50	79	897	327	17	516	185	17	355	279	132	36	50	90	2	9	323	87	0	155	34	112	704	117	6	238	55
Eikenella pr_cl_2823	80	0	682	565	6	982	12114	1259	1104	1157	434	577	128	21	38	161	262	322	69	151	161	356	32	579	807	94	702	144	250	48	17	42	8	8	125	165	13	203	22	117	605	145	35	1397	11322
Eikenella pr_cl_2821	99	1	1211	920	2	1784	1768	588	399	1727	934	173	235	30	99	269	275	288	112	169	267	816	45	789	256	114	1088	186	295	96	31	130	4	19	241	324	19	357	41	198	856	187	30	471	82
Eikenella pr_cl_2813	121	0	1524	1004	762	1091	2378	581	228	1795	1126	421	214	26	104	321	397	238	94	185	372	758	73	1075	446	248	1122	268	221	143	18	235	220	7	296	300	56	456	21	193	827	153	87	487	56
Eikenella pr_cl_2822	155	31	1445	1105	37	960	2067	407	400	1016	965	786	236	35	121	336	844	576	96	166	677	1015	149	7285	325	141	1432	1119	241	143	151	138	14	19	487	192	114	525	377	138	1408	311	70	520	119
Eikenella pr_cl_2815	160	0	1937	2362	16	2484	3085	1799	589	5124	2006	798	399	134	258	424	371	382	245	308	411	1507	619	1312	583	153	2129	417	503	166	34	600	8	19	357	541	141	722	46	318	1867	300	78	817	140
Eikenella pr_cl_2818	192	14	1801	1694	29	5007	3436	1166	667	2990	1626	617	432	81	88	552	540	549	286	380	600	1782	148	1657	497	199	1870	436	842	132	83	174	10	34	460	867	30	545	47	487	1795	408	99	832	183
Eikenella pr_cl_2816	249	7	4153	2793	26	2667	4583	773	1206	1327	4207	765	840	70	80	659	3324	2927	99	214	3460	3117	92	3612	802	61	3752	707	519	69	334	146	21	17	1469	270	4	699	69	377	6977	1180	100	956	518
Eikenella pr_cl_2814	538	2	773	657	0	543	1004	221	399	876	694	258	114	47	41	165	186	110	44	97	82	427	35	496	150	59	842	155	148	55	22	190	2	2	151	167	16	170	9	100	433	72	30	385	14
Eikenella pr_cl_2817	686	2	20220	14347	52	2227	1952	628	582	1360	4300	171	1126	69	108	563	1778	1120	146	173	668	2920	86	5837	295	60	34442	70	342	53	192	75	248	67	769	240	10	4436	58	203	42114	625	15	499	492
Eikenella pr_cl_2812	5292	89	66656	70727	746	50783	82232	23496	13507	80290	75493	20151	44697	1934	6492	20590	11847	3248	6382	12463	11384	39211	50659	24938	40403	7179	62271	5580	15180	7397	603	99158	1042	255	9198	17909	47353	20742	627	8348	35646	9070	21067	20369	1561
Eikenella pr_cl_2819	11005	305	286424	23682	304	205533	93752	39470	28395	34943	32439	208178	6809	988	1774	14092	98798	136911	3498	5689	132472	109780	2529	292082	9850	4747	86541	786510	15091	7574	3975	6158	489	468	83023	10111	893	80619	76792	13486	68133	12841	3209	48901	5799
Neisseria pr_cl_2775	2	0	14	3	0	59	31	21	4	11	0	4	8	10	9	2	3	4	0	2	5	8	12	6	25	0	4	0	0	0	0	0	0	0	0	0	0	11	0	0	2	0	0	1	0
Neisseria pr_cl_2873	7	0	38	16	8	11	0	7	52	17	2	7	16	15	2	0	12	12	0	1	12	17	2	84	13	0	53	16	4	0	0	5	1	0	4	4	0	60	48	3	133	1	0	31	0
Neisseria pr_cl_2902	11	0	33	237	2	192	47	78	34	44	59	48	30	19	24	14	52	6	2	10	40	348	3	59	4	5	163	597	9	67	0	2	2	0	11	9	0	69	2	6	16	0	7	95	0
Neisseria pr_cl_2877	13	0	908	184	5	144	112	599	698	392	133	17	25	19	2	0	15	4	14	2	45	33	2	69	24	0	50	40	11	0	37	1	6	0	14	15	2	238	18	0	132	0	20	146	4
Neisseria pr_cl_2893	13	78	2960	229	48	206	40	542	937	393	143	67	48	72	15	204	60	92	9	20	253	257	5	1743	45	5	141	108	11	14	40	4	8	0	22	49	0	299	190	70	256	15	40	158	17
Neisseria pr_cl_2844	20	0	183	18	0	81	38	130	195	52	12	38	6	4	14	3	16	27	0	0	34	132	2	111	17	6	120	201	65	0	10	36	3	2	13	8	0	75	17	5	22	1	4	120	0
Neisseria pr_cl_2838	23	5	729	79	3	324	33	130	226	278	68	85	31	10	15	3	46	20	13	4	28	179	20	213	46	18	82	357	10	6	5	51	2	0	17	5	15	227	82	40	131	5	4	196	29
Neisseria pr_cl_2855	27	0	22	0	0	9	2	5	55	15	0	18	0	4	4	2	2	0	0	0	4	15	0	7	0	0	25	0	0	0	0	10	0	0	0	3	0	6	0	4	50	0	0	17	0
Neisseria pr_cl_2882	29	0	633	159	5	110	21	180	1302	733	80	244	19	51	7	16	34	91	14	9	104	106	0	562	24	18	35	1996	20	1	29	1	10	0	14	34	0	257	155	52	420	2	9	119	3
Neisseria pr_cl_2869	34	0	189	1	0	12	23	4	25	11	5	27	0	0	0	1	1	46	0	1	4	26	0	116	0	5	22	5	1	0	0	4	0	0	0	11	5	34	8	16	21	0	4	13	0
Neisseria pr_cl_2854	37	0	64	9	0	39	0	85	43	5	15	11	0	11	0	2	2	0	6	2	5	30	0	35	0	0	14	10	2	1	1	2	0	0	0	0	0	24	0	4	305	0	0	6	0
Neisseria pr_cl_2857	38	0	92	0	0	23	0	3	111	21	0	24	0	0	0	2	3	2	0	0	4	7	0	60	0	2	50	18	1	0	0	5	0	1	2	0	0	7	2	0	19	0	0	20	0
Neisseria pr_cl_2885	45	0	2925	121	2	123	44	376	714	258	78	42	32	45	5	12	32	15	0	4	73	56	3	1614	36	11	88	247	6	0	19	0	8	0	26	60	3	293	93	19	121	1	9	195	10
Neisseria pr_cl_2880	48	4	2875	453	30	256	162	763	1943	894	298	66	100	67	13	4	93	19	13	7	115	256	13	1468	45	4	146	70	35	4	27	7	11	2	73	43	0	318	21	24	327	3	57	238	47
Neisseria pr_cl_2867	48	0	571	194	5	61	37	70	162	93	19	20	18	39	3	23	23	9	3	5	29	118	26	46	9	2	105	17	21	3	10	52	0	0	6	340	5	119	2	15	111	0	0	95	2
Neisseria pr_cl_2897	49	0	540	12	0	438	19	145	77	219	46	293	2	1	0	25	26	160	3	8	12	157	2	156	0	12	189	363	2	2	6	0	0	2	10	20	1	103	30	22	23	1	28	94	8
Neisseria pr_cl_2868	53	0	112	1	0	25	16	22	20	3	5	35	4	0	0	3	1	1	0	2	9	38	0	28	0	0	45	13	3	0	2	22	0	0	0	9	3	45	5	9	24	0	0	13	0
Neisseria pr_cl_2881	55	5	1847	80	4	53	15	81	734	460	165	415	67	76	21	16	26	0	12	2	25	81	4	504	7	1	413	161	15	4	14	8	1	0	7	31	0	891	134	29	142	1	19	145	13
Neisseria pr_cl_2884	57	52	2232	229	22	181	238	254	1751	303	111	73	202	49	34	66	105	631	48	28	190	1064	18	670	69	37	146	172	49	34	58	4	6	1	231	44	1	818	1704	10	270	24	17	122	19
Neisseria pr_cl_2843	60	0	62	8	0	48	11	78	132	57	5	8	1	1	6	10	5	3	2	0	148	89	6	122	5	6	39	6	5	0	3	325	0	0	4	12	4	12	0	5	153	0	0	28	1
Neisseria pr_cl_2878	65	0	981	365	9	127	57	371	1196	676	145	65	62	75	10	27	64	27	0	22	46	303	14	349	51	6	127	107	47	0	11	3	9	0	14	18	0	350	30	23	487	2	3	169	14
Neisseria pr_cl_2853	75	0	60	11	0	28	4	18	59	9	0	13	1	2	1	0	0	11	0	0	5	61	4	23	0	0	47	8	2	0	0	3	0	0	4	1	2	44	14	8	7	0	0	42	2
Neisseria pr_cl_2840	75	0	136	25	2	108	23	97	104	31	24	11	4	5	13	7	6	0	3	0	24	28	7	62	10	2	64	9	2	0	3	6	0	0	0	2	1	27	3	41	79	0	2	27	0
Neisseria pr_cl_2890	77	0	1684	338	11	157	51	364	1654	692	84	63	64	104	9	4	60	39	9	4	74	70	13	205	41	5	160	164	37	1	33	6	3	0	19	63	1	365	28	14	422	0	5	234	25
Neisseria pr_cl_2892	78	6	1597	4465	76	389	129	615	1001	3231	325	167	352	188	89	18	119	155	33	59	205	2121	25	355	338	46	1097	3120	302	442	30	234	19	2	20	48	14	289	38	92	581	7	55	621	43
Neisseria pr_cl_2894	95	0	589	587	30	79	77	133	370	1020	69	160	131	127	44	10	153	64	8	19	57	219	15	201	128	28	252	172	79	7	12	25	9	2	10	53	0	326	31	38	276	0	7	219	30
Neisseria pr_cl_2859	97	0	1080	34	2	62	0	133	96	12	6	24	0	6	0	5	44	0	0	0	12	64	3	103	0	0	87	10	7	0	1	48	0	0	0	17	0	36	5	13	187	0	0	91	0
Neisseria pr_cl_2862	97	0	150	14	0	212	10	45	76	1	10	20	1	4	0	16	10	2	3	2	150	15	3	55	3	2	75	10	0	13	1	7	2	0	14	3	1	20	14	36	77	5	19	7	0
Neisseria pr_cl_2891	98	0	1574	249	63	245	141	745	2108	689	199	150	51	138	48	138	228	28	29	72	84	196	26	246	40	32	658	547	47	201	24	1	28	4	38	41	7	574	210	182	701	181	51	203	18
Neisseria pr_cl_2849	100	0	500	7	0	41	17	37	132	55	5	48	1	25	8	4	15	7	2	0	27	38	9	165	4	0	72	8	1	0	2	18	0	0	0	10	6	108	10	15	48	0	0	37	0
Neisseria pr_cl_2889	105	0	3343	384	6	339	58	1100	9548	1203	216	221	126	68	26	88	77	59	12	32	244	361	11	1449	26	81	289	263	63	21	25	20	12	0	67	54	2	1389	203	197	1827	15	117	469	67
Neisseria pr_cl_2839	134	0	390	100	3	74	18	35	3855	123	31	57	6	15	6	2	13	2	7	0	39	40	9	22	6	1	76	21	9	2	9	9	3	0	2	6	2	109	2	51	49	0	2	33	0
Neisseria pr_cl_2856	134	0	152	8	0	96	13	34	157	56	14	39	1	5	0	5	5	33	0	1	30	114	4	134	0	0	118	12	7	3	7	45	0	0	4	12	4	41	1	22	300	0	11	65	0
Neisseria pr_cl_2860	169	0	260	25	0	57	1	63	392	417	6	37	0	28	5	4	21	2	0	0	19	52	1	66	8	0	143	14	2	0	2	25	0	0	1	4	3	29	19	16	242	0	1	66	1
Neisseria pr_cl_2841	174	0	234	28	0	41	4	14	116	23	24	24	0	7	0	1	2	2	0	0	10	39	5	77	2	0	25	15	2	0	6	28	0	0	4	0	0	20	4	14	69	0	0	35	0
Neisseria pr_cl_2851	181	0	154	168	0	72	5	26	183	48	4	50	7	1	8	6	14	9	0	3	30	46	9	117	2	0	105	9	6	2	11	17	3	0	2	1	4	16	3	20	27	0	0	42	0
Neisseria pr_cl_2883	183	18	3402	361	126	460	354	642	1826	1082	634	164	369	174	141	219	1290	186	218	228	684	289	283	1639	311	227	443	1524	295	102	188	162	20	10	221	147	175	739	237	271	880	374	479	753	64
Neisseria pr_cl_2846	229	0	440	21	0	77	26	21	140	39	19	25	0	1	2	3	23	48	1	0	39	84	9	191	2	0	74	34	15	0	16	30	0	2	13	48	2	70	9	37	163	0	2	45	0
Neisseria pr_cl_2866	238	0	712	1	0	177	34	121	191	27	14	99	6	7	0	11	55	17	5	2	32	81	13	125	2	0	146	90	29	2	4	10	0	0	1	12	1	86	16	45	183	3	4	126	0
Neisseria pr_cl_2871	251	5	1797	223	116	519	311	745	1478	1147	186	3055	110	125	50	61	264	306	35	34	235	460	144	856	103	72	538	1642	91	11	44	71	7	2	25	94	26	550	73	109	5030	13	91	584	24
Neisseria pr_cl_2845	257	0	610	227	6	261	25	70	153	110	27	112	10	14	10	11	15	12	8	5	25	181	14	196	13	0	256	30	10	1	10	93	0	0	8	9	1	239	28	84	470	1	12	122	2
Neisseria pr_cl_2865	284	0	245	23	0	128	17	61	217	38	20	32	2	11	0	13	47	2	5	1	43	73	12	72	0	2	77	26	6	0	11	27	2	0	1	15	0	54	11	60	63	1	4	74	3
Neisseria pr_cl_2858	296	0	522	26	2	141	11	34	172	11	15	33	9	1	0	19	9	4	0	0	127	23	3	94	2	2	116	14	1	8	5	56	0	0	16	9	0	106	9	15	95	0	6	43	2
Neisseria pr_cl_2863	341	0	501	23	0	62	6	16	84	78	19	68	0	0	0	20	22	11	0	0	17	57	0	73	1	0	140	15	3	0	4	9	0	0	2	8	1	51	7	31	137	0	13	69	0
Neisseria pr_cl_2900	384	2	2416	159	14	4871	180	1082	787	456	748	4313	110	116	30	37	1191	60	4	38	126	527	9	328	6	21	825	744	66	6	13	5	1	33	52	14	29	79	6	44	358	2	4	493	5
Neisseria pr_cl_2879	418	2	3664	606	17	477	38	1417	3067	1116	541	47	86	108	25	65	1048	24	3513	198	1758	479	22	1025	20	2	237	111	58	62	33	6	154	0	66	224	1	472	39	28	1015	12	76	388	34
Neisseria pr_cl_2861	424	0	251	123	1	459	41	227	1635	941	202	274	14	83	5	17	40	33	1	6	62	750	306	660	13	4	1315	68	98	2	29	75	2	0	2	23	6	88	15	42	105290	0	12	457	5
Neisseria pr_cl_2874	425	7	44699	3543	55	1299	603	3319	14927	5242	1358	824	431	479	101	71	296	240	138	62	7348	6090	262	76188	346	53	1784	8729	213	70	219	32	96	5	177	335	15	3344	119	274	5650	7	168	4422	122
Neisseria pr_cl_2870	436	7	3986	750	55	597	227	714	3216	1694	283	877	257	256	81	58	321	305	27	53	188	706	62	949	188	37	683	893	151	16	43	179	12	2	53	103	79	1347	149	146	1310	7	48	798	38
Neisseria pr_cl_2842	476	0	279	148	1	96	13	219	146	126	116	227	10	7	23	7	14	9	4	4	30	124	1	35	2	9	99	113	11	0	6	46	0	0	4	15	5	84	12	3	184	0	5	104	3
Neisseria pr_cl_2864	531	0	545	233	6	204	117	64	742	49	16	270	1	4	1	8	81	25	0	1	11	181	18	55	6	3	330	45	15	0	6	76	0	1	4	35	4	199	38	137	298	0	6	166	5
Neisseria pr_cl_2875	603	0	30030	3015	76	1362	238	3853	12031	6039	1501	625	586	778	152	36	414	306	133	68	1058	835	52	13120	338	44	1002	1914	262	17	219	353	65	3	87	299	5	2653	97	197	5072	11	170	1803	122
Neisseria pr_cl_2886	645	7	14589	1716	76	1383	485	2634	10294	3540	615	1217	354	407	101	84	323	435	56	76	649	870	110	3299	189	82	1287	3509	196	15	155	175	49	22	98	414	10	3487	268	335	6429	22	178	1463	75
Neisseria pr_cl_2872	1161	12	9488	1102	39	1457	771	1839	8646	2855	732	1679	226	254	71	52	488	961	24	32	350	723	69	1194	148	30	700	1794	114	27	46	1006	9	2	66	139	12	1357	911	136	2508	5	73	1192	43
Neisseria pr_cl_2887	2202	1473	214586	6362	357	9217	1141	7675	29999	10074	15141	4289	1073	1129	706	8405	6362	1513	5756	3727	2468	15398	1132	39054	1376	552	5447	9351	699	1134	2699	285	535	1324	2107	15371	220	20585	2402	29309	6524	831	5586	4235	274
Neisseria pr_cl_2901	3838	5	3158	4191	1826	15531	790	3393	1257	1706	1630	4250	1131	955	4688	10404	1194	2244	98	591	62482	600052	1930	43161	954	3924	167734	942506	193	131405	83	31	39	10	202	488	431	735	2866	6697	3772	377	11600	965	95
Neisseria pr_cl_2888	5874	82	171382	25568	769	50647	7920	191644	480131	93685	17193	12179	4712	5987	1819	734	4885	6116	732	1501	16154	16451	1762	24928	9527	1237	18417	56384	2316	1070	4223	1953	1577	54	5754	2460	297	233134	38467	3983	56359	1765	3421	86297	1699
Neisseria pr_cl_2876	7853	65	573744	144479	3425	52435	243416	216401	356270	297172	113851	13984	10089	20073	8207	943	14272	19014	3867	3989	27681	151965	6816	26718	11990	1794	45970	16809	10377	325	26339	5243	3231	176	4778	8868	689	68262	2290	2106	147042	427	11906	49304	3431
Neisseria pr_cl_2847	8631	2	10553	1588	29	3636	452	1786	11360	2537	834	2804	191	327	50	187	817	440	42	42	877	2740	504	3346	216	79	3528	1324	375	19	280	1823	15	12	111	436	108	3007	399	1052	8172	26	154	2398	11
Neisseria pr_cl_2852	9656	11	15396	2795	79	5492	1371	3102	13165	5051	1558	3787	305	740	150	413	1386	1253	145	135	2422	5582	694	8999	286	129	6517	14730	545	65	293	2102	30	18	331	663	242	4691	804	1487	12534	49	218	3887	94
Neisseria pr_cl_2850	10613	116	15217	8711	146	7536	2446	4862	26605	9212	2964	3928	674	1354	339	923	1543	2975	256	282	6615	9639	1468	13006	891	391	13918	13590	1554	125	392	13720	74	31	991	3002	1161	3902	1325	2253	19978	74	601	6370	246
Neisseria pr_cl_2899	14337	45	26156	1810	247	1309552	654	233697	4587	4134	21026	434004	417	776	867	98	42316	350	15	179	2121	2121	70	27364	475	653	9523	26322	1364	234	17	718	47	661	9713	149	44	578	130	759	773	28	103	5045	24
Neisseria pr_cl_2895	73351	16	981061	3723312	85720	23863	3417	135659	465041	3085847	306194	17835	347659	481963	182186	712	165813	2150	5307	27394	3374	206231	7218	45202	661982	245496	233077	72627	190043	238	16622	702172	8664	99	1580	179164	1060	94484	3953	61972	1822166	172	2283	599498	50831
Neisseria pr_cl_2896	136541	221	961039	39811	1465	471008	27360	164118	41275	96965	45032	5282979	20888	21594	44113	99143	58776	375899	28267	18297	64370	340837	19772	257740	3186	41464	282586	4259355	11791	7256	6953	4918	288	16157	10102	21693	4078	218424	152906	97239	59466	1064	42616	255972	1423
Neisseria pr_cl_2848	195457	60	284524	2269	270	23192	47859	7484	54232	6464	3150	49979	556	1386	271	1038	29196	2344	297	197	3006	19212	1649	17740	643	193	31758	7562	2331	87	911	790	53	47	353	16170	552	64245	16801	70229	26114	63	455	23596	146
Succiniclasticum pr_cl_1129	0	0	1	3	0	0	5	0	6	6	32	4	0	0	0	0	1	2	0	0	134	0	1	5111	0	107	0	60	3	0	0	0	0	0	0	89	6	35701	94243	4	5	452	0	0	0
Anaeroglobus pr_cl_2770	20	0	1	466	77	8	21	1	3	4	497	160	851	11	47	1329	343	343	66	100	875	61	118	234	117	1085	241	52	85	395	0	1	18	39	231	15	7	81	442	40	30	756	13	26	11
Anaeroglobus pr_cl_2772	371	821	181	8574	38014	372	9314	929	10876	1187	194886	983	54244	4348	2387	7359	1274	2367	13228	12325	1571	844	7746	10789	36191	745	671	1502	9214	3228	1887	563	1153	13530	1800	16189	18178	158	437	1483	4966	81663	5332	2952	187
Anaeroglobus pr_cl_2771	10985	355	210	283997	19835	3641	787	1412	674	332	386296	61147	680076	5515	34689	1318765	271426	140805	20257	34634	696880	6723	90606	141511	71575	975527	146858	516	51658	387385	321	106	33034	37041	243029	1302	1288	427	35650	15658	556	708564	9437	382	628
Allisonella pr_cl_1186	332	573	32	5522	379	7	11035	6	123	14	436	80	1857	16	56	7097	548	2227	2616	3199	233	100	2860	756	3525	53	496	2	591	26	18	0	238	127	217	297	6	12	31	26	887	4051	57	347	127
Dialister pr_cl_3881	0	0	0	1	4	0	12	0	0	1	0	0	8	0	0	18	2	4	6	5	30	6	0	9	9	8	0	16	0	4	0	1	0	0	6	0	2	15	48	0	2	1	0	0	0
Dialister pr_cl_3877	15	0	3	476	27	8	33	6	8	21	65	116	329	6	41	464	138	479	98	161	657	123	110	504	147	178	119	184	27	147	2	2	6	15	98	68	0	338	1680	28	30	377	1	106	21
Dialister pr_cl_3878	18	0	10	487	65	17	415	0	4	58	127	59	220	16	31	344	1003	366	177	117	1305	68	98	531	299	1322	317	344	67	207	0	0	11	36	222	92	29	262	1194	59	22	1141	0	120	30
Dialister pr_cl_3879	82	17	225	1442	108	44	394	9	2	85	319	281	1223	77	41	19343	18012	1292	372	402	320146	230	216	48868	1031	36649	281	62668	213	9892	0	1	11	40	1696	160	20	17145	347883	139	240	2782	15	512	165
Dialister pr_cl_3880	12405	882	800	192455	16858	4060	110674	969	2268	36808	37730	26385	167983	16274	11310	263896	110452	171629	75914	94558	49340	24015	59590	116289	191555	33301	75685	8494	41030	59563	1009	475	4067	10442	34510	38885	3488	9206	133084	20561	46580	265672	1814	87416	70569
F0422 pr_cl_1860	0	0	21	0	0	0	4	0	8	4	2	1	1	2	0	2	0	0	2	3	10	0	1	10	0	0	0	0	4	0	0	8	0	0	0	0	3	0	0	0	14	1	0	0	0
F0422 pr_cl_1863	0	2	5	0	1	0	0	1	5	4	2	0	0	3	0	0	0	0	3	0	0	1	0	2	0	0	0	0	6	0	0	8	0	0	0	1	0	0	4	0	16	0	0	1	0
F0422 pr_cl_1866	0	0	62	3	19	0	0	1	30	0	5	1	2	3	0	3	4	0	0	3	15	3	0	20	74	0	2	6	5	0	0	14	3	0	2	3	1	0	7	2	15	0	2	10	5
F0422 pr_cl_1864	0	0	10	0	0	0	0	0	5	0	0	0	3	1	0	0	0	2	2	2	3	0	0	4	1	0	1	2	1	0	0	15	0	0	0	2	0	0	0	2	21	0	0	2	0
F0422 pr_cl_1861	0	2	17	3	2	0	8	0	6	0	5	2	7	0	0	2	0	0	0	3	3	0	1	4	5	0	0	0	3	0	12	9	0	4	0	0	6	2	3	3	3	11	0	13	0
F0422 pr_cl_1854	0	0	160	0	2	0	0	0	108	1	0	15	2	0	0	0	8	2	1	2	38	11	1	82	5	2	5	2	4	0	0	0	0	0	1	29	21	0	1	8	12	0	0	0	0
F0422 pr_cl_1869	0	0	37	0	2	6	6	0	15	1	0	2	0	0	0	0	4	4	0	10	1	0	0	16	0	2	0	1	2	0	0	18	0	4	0	2	0	0	4	1	7	0	0	0	0
F0422 pr_cl_1858	0	0	234	1	3	0	2	0	14	0	0	3	1	0	3	4	0	0	2	2	0	0	5	3	15	0	0	0	0	2	0	1	0	0	0	2	1	1	3	0	0	4	0	0	0
F0422 pr_cl_1857	0	6	1399	2	8	0	0	1	20	1	5	2	0	2	0	2	0	0	0	0	11	1	0	21	7	2	2	0	3	0	1	2	0	0	0	1	3	6	3	16	32	5	0	0	0
F0422 pr_cl_1871	0	0	43	302	40	0	136	0	13	164	2	17	5	259	209	5	5	2	0	374	3	2	31	27	855	4	561	0	8	0	30	10	16	0	4	24	1	2	0	3	33	9	10	218	3
F0422 pr_cl_1855	0	0	21	0	1	0	0	0	11	7	0	0	4	0	0	0	0	0	0	0	3	1	0	21	1	0	0	1	0	0	0	0	0	0	0	3	0	0	6	1	1	0	0	1	0
F0422 pr_cl_1867	0	0	3	2	1	3	0	6	6	4	27	9	4	3	0	8	2	0	8	14	1	0	5	8	0	0	6	0	2	0	0	4	2	0	3	1	0	2	2	0	8	18	0	3	0
F0422 pr_cl_1852	0	0	25	0	0	0	0	0	25	1	2	0	0	0	0	0	0	0	0	4	6	1	0	15	0	0	0	0	0	0	0	1	0	0	5	0	2	0	0	0	0	0	0	0	0
F0422 pr_cl_1872	0	0	21	0	0	0	0	0	11	2	0	0	0	4	0	0	2	2	0	0	2	0	0	10	0	0	0	1	2	0	0	0	0	0	0	0	0	0	0	3	9	0	0	0	0
F0422 pr_cl_1853	0	2	27	2	2	0	0	0	20	0	0	7	0	1	0	0	4	0	0	0	15	3	1	19	0	0	0	7	5	0	0	1	2	2	1	3	2	0	0	3	6	2	0	0	0
F0422 pr_cl_1859	2	61	412	63	33	7	8	14	253	18	28	64	19	98	23	112	55	29	38	25	64	61	15	133	34	0	43	58	157	46	10	576	2	0	19	100	54	12	77	21	545	14	5	98	0
F0422 pr_cl_1868	2	1	27	26	1	1	6	15	23	79	4	3	10	0	4	4	17	4	11	66	2	4	0	11	0	3	18	7	12	7	4	13	2	4	0	2	4	0	0	8	13	6	2	12	4
F0422 pr_cl_1856	2	0	382	2	30	9	0	14	107	6	10	21	14	10	1	10	6	3	7	9	29	14	14	33	12	4	6	57	49	1	1	12	1	0	21	27	24	19	56	21	176	10	0	23	0
F0422 pr_cl_1851	4	0	310	13	17	15	15	2	140	47	7	24	8	6	12	34	14	2	52	21	43	11	13	111	14	7	38	5	4	1	1	5	2	2	18	27	24	21	18	23	16	4	15	3	0
F0422 pr_cl_1865	10	16	392	32	53	27	74	10	73	10	61	1185	181	7	72	590	623	926	20	109	447	1111	7	864	67	50	1309	1768	10	307	65	43	2	2	12	24	18	90	472	52	78	212	2	149	25
F0422 pr_cl_1862	10	5	20	24	18	0	4	1	9	30	6	9	3	3	6	18	3	3	5	39	10	0	13	0	7	3	41	3	9	2	6	42	6	0	4	3	2	0	7	9	51	48	0	199	2
F0422 pr_cl_1870	19	0	27	2	5	1143	2	153	20	2	28	468	0	1	0	2	35	0	2	4	4	0	0	28	1	0	13	26	4	0	1	4	0	0	8	2	5	6	2	5	4	0	2	13	0
Veillonella pr_cl_1889	0	0	0	142	41	5	76	9	50	119	98	71	71	33	123	116	24	3	97	135	12	5	45	72	88	3	7	4	33	2	0	39	8	4	3	18	53	0	5	1	231	38	5	31	2
Veillonella pr_cl_1905	0	0	1	2	3	4	4	13	2	3	11	0	0	0	0	9	2	0	0	0	0	0	0	0	0	0	1	0	0	0	1	2	0	0	1	1	2	0	0	2	12	0	0	2	0
Veillonella pr_cl_1890	0	19	1	107	41	2	32	3	36	64	71	34	38	29	107	54	15	0	46	85	3	1	24	50	52	6	3	5	26	0	0	32	9	0	0	8	29	0	1	4	116	27	0	19	0
Veillonella pr_cl_1936	0	0	4	0	2	7	0	9	6	3	2	0	0	0	0	1	0	0	0	0	0	0	1	2	10	0	5	0	0	0	0	4	0	0	9	1	1	0	0	0	4	0	0	0	0
Veillonella pr_cl_1891	0	0	0	0	0	6	0	2	1	0	2	0	1	3	0	5	2	0	3	0	4	0	0	0	0	0	2	0	1	0	2	0	2	0	0	3	4	0	0	0	0	2	3	8	0
Veillonella pr_cl_1926	0	4	4	33	13	6	20	11	10	16	6	2	16	6	0	11	3	3	13	12	8	19	0	13	8	0	5	0	5	1	0	25	0	2	9	8	7	10	35	0	7	8	5	5	0
Veillonella pr_cl_1877	0	0	0	2	0	1	0	1	0	1	1	9	0	0	5	6	0	3	0	0	7	0	1	10	0	0	3	0	0	0	0	0	0	0	0	2	0	4	0	0	6	0	0	4	0
Veillonella pr_cl_1907	0	0	12	4	1	5	17	0	5	5	8	1	7	15	1	7	3	3	0	4	7	0	2	7	4	0	1	0	5	0	1	3	0	0	4	0	0	3	4	0	9	6	20	1	4
Veillonella pr_cl_1875	0	0	5	0	37	7	4	1	43	11	5	4	13	15	2	10	1	0	11	14	26	0	0	13	125	0	2	0	2	1	0	2	0	0	7	4	20	157	33	2	17	0	0	0	2
Veillonella pr_cl_1935	0	0	9	7	8	4	2	15	4	3	10	0	2	3	2	14	5	4	7	4	8	2	1	6	2	0	5	3	26	1	0	5	0	0	2	2	5	1	0	4	7	1	17	8	0
Veillonella pr_cl_1885	0	5	7	15	18	9	17	5	67	58	43	21	37	35	40	51	12	0	25	62	11	3	13	22	18	2	11	9	19	2	7	6	4	0	19	11	5	2	13	16	72	18	2	47	1
Veillonella pr_cl_1894	0	1	6	4	10	18	12	12	52	40	27	7	6	11	2	17	2	1	12	21	28	3	3	16	5	1	4	3	35	11	21	34	0	0	5	4	5	12	0	0	37	17	3	20	5
Veillonella pr_cl_1884	0	10	0	27	126	4	18	24	25	24	32	17	21	18	13	21	6	2	22	41	9	1	19	10	14	0	0	0	1	0	0	6	2	8	0	6	5	0	0	7	54	32	5	13	0
Veillonella pr_cl_1931	0	0	0	3	29	5	58	18	37	59	22	8	13	31	25	37	20	0	14	22	3	0	19	3	15	2	2	0	5	2	4	7	1	1	4	6	17	12	10	11	17	34	14	15	1
Veillonella pr_cl_1897	0	1	17	1	9	5	0	2	123	48	17	8	0	2	0	9	0	5	10	2	12	5	2	14	0	0	2	1	0	0	0	0	0	0	1	8	2	9	4	6	15	2	2	12	0
Veillonella pr_cl_1945	1	8	19	2	27	4	7	9	81	16	18	9	16	26	4	1	3	0	29	18	17	0	4	14	0	2	0	3	21	0	9	25	1	0	11	16	26	3	3	14	18	11	4	15	2
Veillonella pr_cl_1902	2	0	25	15	17	5	12	11	24	30	20	3	7	7	11	23	2	1	13	12	13	0	3	17	5	3	5	0	4	0	2	3	2	0	2	0	7	8	2	10	6	16	1	8	8
Veillonella pr_cl_1888	2	0	2	164	79	0	60	4	73	137	152	101	115	65	165	147	44	1	103	170	1	3	84	110	92	5	2	6	40	2	0	43	11	2	1	16	37	5	6	6	336	81	1	41	2
Veillonella pr_cl_1914	2	0	5	2	8	5	3	5	15	6	7	0	1	2	0	13	0	0	4	0	2	0	0	3	2	0	2	1	1	0	1	6	0	0	2	5	0	2	2	2	8	2	1	0	0
Veillonella pr_cl_1900	2	2	41	28	5	3	9	6	28	2	12	5	1	4	0	13	8	0	8	17	43	4	0	37	10	2	6	0	6	3	0	0	0	0	7	0	0	12	7	2	58	2	4	44	2
Veillonella pr_cl_1917	2	0	4	5	3	0	3	4	51	10	20	7	2	2	1	2	0	0	4	5	6	9	0	7	8	0	2	2	7	1	10	3	0	0	9	34	0	4	5	1	5	4	4	21	2
Veillonella pr_cl_1912	2	8	25	4	18	3	10	19	77	36	18	25	19	7	5	17	6	10	36	11	6	26	3	4	5	7	1	5	14	2	12	15	4	0	0	29	4	3	10	2	5	10	25	15	0
Veillonella pr_cl_1925	2	6	10	12	5	2	0	11	4	2	10	0	8	5	7	8	0	0	0	9	2	0	1	3	6	0	0	0	7	0	1	7	0	0	3	1	21	0	0	2	0	0	22	6	0
Veillonella pr_cl_1923	2	0	6	5	11	11	0	24	33	11	6	0	3	7	0	22	3	0	10	2	15	0	0	4	7	0	0	0	2	0	0	2	0	1	0	11	13	0	0	5	4	7	13	10	0
Veillonella pr_cl_1887	2	0	0	52	45	2	26	6	65	101	100	51	79	39	105	74	18	1	66	152	4	5	69	55	62	1	3	1	44	2	0	25	2	10	3	21	45	4	1	17	221	61	7	113	0
Veillonella pr_cl_1898	2	0	10	4	12	0	3	3	26	15	0	0	1	9	2	3	4	0	13	2	8	0	2	0	0	0	1	0	8	0	1	6	0	0	6	1	4	2	0	2	2	10	0	0	0
Veillonella pr_cl_1924	2	0	2	1	11	2	2	11	6	16	7	0	2	11	3	7	1	0	5	1	8	0	3	2	6	2	4	0	0	0	0	9	0	0	9	1	6	14	0	3	2	4	21	12	0
Veillonella pr_cl_1883	2	0	1	77	41	1	9	3	46	43	93	35	48	14	88	33	18	0	66	114	2	4	35	43	50	2	6	3	13	0	0	15	4	2	2	4	18	0	2	2	46	48	11	33	0
Veillonella pr_cl_1904	2	0	10	0	2	4	5	1	10	6	18	2	0	0	0	5	0	2	4	0	0	0	0	8	0	0	0	0	0	1	0	2	0	0	2	5	0	0	0	0	6	0	2	7	0
Veillonella pr_cl_1921	2	0	5	11	18	2	7	6	26	18	467	5	6	80	6	16	3	0	31	23	5	0	6	8	3	0	2	3	7	13	51	5	0	0	9	13	17	0	0	3	35	35	458	12	2
Veillonella pr_cl_1892	2	2	6	218	114	5	116	8	166	307	372	175	233	95	449	306	131	1	354	694	31	2	164	208	227	7	8	9	88	4	2	36	9	6	4	35	49	15	15	24	588	267	6	136	2
Veillonella pr_cl_1930	3	0	12	4	10	9	6	27	21	29	21	10	2	10	0	21	2	3	10	14	2	0	11	3	7	2	9	0	4	0	2	39	0	1	0	9	26	4	3	6	0	2	32	1	0
Veillonella pr_cl_1946	3	2	35	20	72	21	17	19	87	22	22	4	13	32	12	11	11	6	15	16	43	3	2	14	2	3	10	6	30	2	11	16	0	2	15	3	3	61	10	17	36	5	4	38	5
Veillonella pr_cl_1934	3	7	0	21	54	3	12	8	56	44	8	49	42	62	39	85	24	0	24	82	31	6	29	31	39	1	30	3	20	5	8	30	2	0	2	24	17	9	1	30	101	115	2	249	0
Veillonella pr_cl_1916	3	4	20	10	78	16	17	21	79	31	19	4	19	19	22	23	4	5	8	7	25	2	4	9	3	0	10	8	19	7	9	9	3	2	11	10	5	13	3	3	17	17	7	31	7
Veillonella pr_cl_1918	3	11	4	7	34	10	2	59	89	35	31	7	5	17	6	25	4	0	13	16	16	0	7	8	9	1	11	2	10	1	8	45	3	1	5	16	10	31	6	1	29	7	32	11	6
Veillonella pr_cl_1919	4	0	4	1	7	8	5	17	79	32	13	6	3	14	3	8	2	0	8	8	1	0	0	5	4	2	1	0	7	0	2	14	0	0	6	5	17	8	2	2	2	10	20	3	0
Veillonella pr_cl_1879	4	14	143	170	342	23	199	12	531	553	204	146	163	84	327	193	66	9	182	361	125	23	175	165	174	7	26	16	107	22	19	37	46	9	29	91	124	114	60	122	474	666	10	156	21
Veillonella pr_cl_1908	4	3	51	22	95	11	19	37	86	54	55	16	4	5	0	18	13	7	16	14	48	9	4	23	12	3	6	4	25	2	12	22	7	1	24	9	35	19	5	12	36	24	18	40	8
Veillonella pr_cl_1941	4	0	6	3	48	1	12	4	1753	48	11	51	17	31	4	8	8	4	51	17	57	12	23	4	8	7	6	20	29	8	50	16	0	0	10	2	20	8	10	8	121	12	2	23	4
Veillonella pr_cl_1940	4	13	3	16	91	2	72	9	192	67	48	12	10	36	7	9	19	2	25	61	24	23	15	20	15	2	25	8	26	11	16	68	5	1	40	11	21	10	13	19	20	12	10	62	9
Veillonella pr_cl_1911	5	2	33	11	48	7	13	1	115	34	20	0	14	15	4	7	9	0	24	32	35	0	3	13	9	1	11	0	28	1	2	22	2	0	1	2	4	28	9	1	47	4	1	52	6
Veillonella pr_cl_1933	5	0	4	9	24	2	9	25	41	13	25	21	14	14	5	16	1	0	35	28	5	20	4	10	4	3	4	0	5	5	3	20	2	0	4	10	30	0	6	0	12	4	29	3	3
Veillonella pr_cl_1899	5	0	44	13	16	23	199	21	170	27	44	7	12	18	16	14	6	0	152	16	27	8	8	29	5	0	2	3	43	6	2	8	0	12	19	12	6	12	5	16	24	62	6	29	2
Veillonella pr_cl_1913	6	0	0	0	34	7	4	26	44	18	9	0	2	5	2	10	4	0	7	4	21	2	2	11	0	1	5	0	4	2	6	31	0	2	10	15	10	14	0	3	6	8	20	12	1
Veillonella pr_cl_1874	6	5	51	16	1948	6	41	10	126	122	18	12	180	68	30	9	11	6	25	54	104	6	43	52	2902	2	5	3	38	2	14	162	6	0	9	190	527	61	18	14	55	80	13	58	65
Veillonella pr_cl_1878	7	5	13	227	214	5	116	18	257	210	261	193	190	90	315	407	99	12	256	631	80	4	211	209	224	25	23	10	92	2	9	56	26	5	34	53	39	28	7	27	645	247	13	153	8
Veillonella pr_cl_1910	7	3	15	16	31	5	42	19	247	72	49	18	11	35	4	15	12	4	25	48	28	1	0	8	16	0	9	15	16	19	9	91	2	0	26	28	28	11	4	13	44	16	1	57	0
Veillonella pr_cl_1944	7	2	30	3	44	5	4	12	78	33	7	11	6	2	3	5	0	0	48	8	0	7	2	12	7	1	10	4	23	2	5	6	0	0	0	30	2	2	0	14	13	0	9	11	3
Veillonella pr_cl_1943	8	32	38	15	367	11	52	16	931	282	89	30	49	71	2	31	23	10	85	101	18	11	11	26	24	4	27	26	61	57	36	71	4	4	52	127	5	19	5	47	41	46	11	47	15
Veillonella pr_cl_1823	8	1	38	74	54	0	17	6	38	25	33	565	41	92	437	23	6	9	81	184	24	4	28	48	189	2	28	3	10	2	0	10	3	7	7	3	2474	11	9	3	29	22	5	17	10
Veillonella pr_cl_1876	8	49	157	395	295	164	207	77	246	232	256	565	203	88	77	145	105	62	117	297	963	10	92	196	80	26	397	32	124	4	44	120	23	8	41	97	29	50	442	117	487	194	6	351	21
Veillonella pr_cl_1922	8	7	21	482	42	4	28	12	329	37	12	77	3	26	1	58	1	12	15	64	22	3	9	181	2	0	5	0	7	1	0	11	2	0	23	6	5	33	23	8	42	8	5	22	83
Veillonella pr_cl_1947	8	18	28	23	107	6	62	14	157	65	34	35	27	41	13	21	23	4	67	81	48	7	8	38	61	10	19	8	53	15	26	60	1	1	16	55	47	22	6	14	55	23	47	63	11
Veillonella pr_cl_1901	8	2	56	12	12	4	14	2	51	12	23	4	4	10	1	1	10	6	17	17	24	0	2	14	5	0	3	4	12	8	6	12	0	0	7	6	7	4	1	7	9	4	0	32	2
Veillonella pr_cl_1886	9	5	10	338	252	2	176	29	327	491	637	225	291	358	526	341	100	2	446	636	32	11	288	286	335	19	19	6	165	9	9	145	17	29	23	91	248	18	8	44	1036	186	63	169	5
Veillonella pr_cl_1915	10	8	2	30	15	3	23	6	18	21	47	34	23	18	18	43	16	7	35	47	34	1	10	19	27	0	28	17	18	2	0	19	2	0	9	6	5	0	1	13	36	36	2	24	0
Veillonella pr_cl_1906	10	4	19	8	39	10	11	6	53	17	10	0	2	3	2	6	20	106	5	10	21	6	6	18	9	0	46	39	14	0	5	6	0	2	10	5	10	6	0	6	56	5	7	42	13
Veillonella pr_cl_1929	10	21	35	28	156	44	39	209	439	197	177	19	31	54	26	102	6	7	66	61	65	18	27	40	58	20	15	14	68	22	25	83	6	12	30	57	139	35	13	25	50	40	258	71	20
Veillonella pr_cl_1932	10	2	25	42	265	61	68	321	301	243	185	17	24	114	45	140	12	9	103	112	50	2	63	51	127	23	41	2	113	6	26	99	6	2	20	75	104	12	5	40	65	44	189	89	7
Veillonella pr_cl_1909	12	13	34	8	26	19	31	30	85	27	95	10	13	25	8	28	11	4	16	68	11	3	13	18	14	2	21	0	46	13	16	29	2	2	17	15	30	9	2	7	89	7	24	11	1
Veillonella pr_cl_1928	14	2	23	7	70	47	22	193	121	95	84	6	9	54	16	77	14	0	64	29	30	0	32	17	47	10	7	0	30	4	10	61	4	2	8	35	44	50	0	19	45	20	138	45	2
Veillonella pr_cl_1893	30	21	548	87	282	92	87	100	582	162	168	44	46	79	40	106	62	24	124	163	350	16	48	237	71	19	46	23	148	32	19	93	12	8	113	114	49	315	48	49	296	93	54	356	80
Veillonella pr_cl_1938	35	12	7546	1277	469	983	166	195	691	235	402	160	90	120	17	54	930	70	153	199	7662	68	22	3482	79	55	224	84	131	72	49	115	6	7	756	49	36	4982	1144	63	4933	105	16	5906	963
Veillonella pr_cl_1873	44	124	229	129	244105	62	156	104	2836	9641	196	155	17379	9023	4896	112	235	9	2707	5939	231	74	4909	246	916918	114	90	25	6219	19	179	152	25	28	301	3934	67072	201	40	83	394	2403	220	1921	5886
Veillonella pr_cl_1937	46	54	32120	5025	765	3893	399	585	1578	603	1599	683	356	531	31	141	4056	306	403	800	28970	108	105	12095	255	192	643	317	589	182	103	302	16	8	2928	197	51	33008	6342	220	20387	347	38	24121	4390
Veillonella pr_cl_1882	64	159	152	2122	3884	131	1654	165	2505	3674	2844	1950	2665	2098	3113	2616	864	59	2509	4992	643	102	2268	1718	2308	202	305	258	1114	180	209	1349	212	105	238	573	894	358	256	559	5078	2676	455	1329	49
Veillonella pr_cl_1881	66	135	94	1092	3198	31	892	63	1787	2086	1597	1059	1463	580	1244	1108	656	115	1200	2410	314	79	806	823	896	77	252	138	780	220	79	168	4671	36	257	2007	369	379	724	18351	3676	16242	29	1280	92
Veillonella pr_cl_1895	68	14	103	37	175	125	112	296	175	82	441	30	21	113	1	283	49	21	19	29	109	2	11	165	5	2	56	3	90	0	19	87	6	4	183	57	9	29	10	42	162	56	35	179	12
Veillonella pr_cl_1927	72	77	106	120	538	233	290	1230	1662	830	838	130	101	389	117	460	74	31	332	516	235	18	202	212	447	94	118	36	221	37	78	437	22	23	125	346	483	113	124	109	291	291	1338	317	40
Veillonella pr_cl_1920	81	81	375	163	1795	195	359	688	1694	678	606	336	229	447	111	360	164	94	418	553	340	55	143	289	337	90	140	123	293	448	168	2776	41	31	210	326	381	167	50	156	481	207	523	721	90
Veillonella pr_cl_1942	90	71	1201	390	1783	165	719	110	3385	1092	565	158	378	826	147	233	241	92	602	792	1117	101	304	694	454	78	327	63	685	151	204	353	27	15	506	375	281	944	233	206	1034	330	113	1116	232
Veillonella pr_cl_1896	229	120	408	170	910	501	318	1388	723	358	1687	151	21	164	16	959	239	88	87	102	544	19	34	618	22	18	234	27	284	27	123	434	17	14	496	193	48	75	54	182	872	139	143	612	47
Veillonella pr_cl_1903	327	263	2355	500	1566	605	850	1651	3109	1292	1586	2755	555	758	216	1686	422	759	570	830	1230	185	482	1214	719	82	498	90	616	163	362	993	126	24	827	412	203	609	155	1583	1235	628	369	1225	146
Veillonella pr_cl_1880	444	864	693	23645	14795	274	7658	460	34596	23106	43227	22368	29483	6307	26326	17350	7011	203	45832	96682	2855	1590	18221	17197	14232	969	718	1304	11392	704	985	7995	793	1030	1114	4468	563	1055	517	860	38710	29828	6169	10890	302
Veillonella pr_cl_1939	52077	129776	92571	130915	916464	25331	396822	81896	1864597	578896	346398	236244	169071	483212	51220	108556	92355	46165	391052	431813	157282	40259	61509	114840	158783	34506	186277	83639	420128	172635	137398	612051	13932	5889	156943	316976	461913	49427	20649	95820	198464	148932	330749	411057	40243
Selenomonadaceae pr_cl_3117	600	9	13	4096	1685	888	1180	167	200	98	12439	95763	7306	187	855	60360	42770	20826	703	1518	275557	22677	2906	15433	8839	38441	2383	40988	499	23029	16	2	401	440	12410	279	629	16310	237166	2687	251	13216	322	529	128
AWVT01 pr_cl_3099	120	2	2	1654	388393	3	791	13	173	67	5145	31603	1583	1915	1083	29613	994	200	272	631	548	189	2935	555	6323	636	594	31	418	283	27	46	457	53	25	666	108935	54	412	104	278	563	167	87	10
AWVT01 pr_cl_3098	203	30	13	3186	279625	9	2227	36	453	2399	2657	2412	172556	603579	27795	11705	1368	421	6235	5137	2024	308	17340	989	93225	2154	2700	1456	1042	2304	151	37	63270	557	311	1036788	10789636	198	1835	1039	1281	12820	1646	1167	231
AWVT01 pr_cl_3158	1435	10	8	93566	4632557	277	540531	967	15571	898158	24330	303564	833263	1840485	4762934	90554	22926	1820	3091475	2058058	1792	4368	597545	45878	22673982	4407	10588	1377	22247	3662	511	33	76715	3057	401	94272	13239	860	8892	14490	365830	954875	93396	160610	26417
CAJPQU01 pr_cl_3097	1124	309	82	4194	1129	79	174	8	83	36	1132	2369	1395	14	195	3268	1096	22545	1029	781	1773	12781	1099	2219	8863	180	8004	135	121	81	4	11	82	26	1041	479	167	15079	69138	45	1325	460	8	401	83
CAJPQU01 pr_cl_3096	1231	248	94	4763	1287	137	650	82	263	662	2427	2553	3499	40	888	5810	4119	13005	841	1098	3783	235531	2879	7498	15103	454	7174	187	281	681	115	134	185	413	11631	510	125	22218	69023	106	1042	3170	70	494	23
CAJPQU01 pr_cl_3094	3620	129	25	61383	4105	377	25784	230	673	1210	27486	2720	10655	125	5918	73438	17444	17465	5266	4774	14051	1739	39012	4702	10452	3159	6973	104	1301	481	181	15422	4300	1054	17952	3322	258	640	4995	1005	4644	5956	1144	13465	511
CAJPQU01 pr_cl_3093	6300	263	31	78082	5341	733	21653	187	275	727	33718	5116	16869	328	5058	85523	71412	35113	9937	7401	88234	1248	24639	18196	17927	5256	20822	184	1217	1003	43	7439	5860	950	64690	1503	256	935	7624	2535	2700	21280	1184	6224	1301
CAJPQU01 pr_cl_3095	51735	272	114	392737	24218	4021	215680	686	19833	122865	184630	234427	196865	24222	284899	568909	93491	49058	92603	290051	66813	4581	446383	148943	354926	34444	175396	975	109618	105811	76440	16578	37282	32815	18925	35377	37178	3047	15056	32831	60197	421507	17370	169593	3717
Selenomonas pr_cl_3112	8	0	0	82	4	2	8	22	7	6	19	18	47	0	35	221	42	11	74	45	21	3	58	21	69	8	104	2	4	26	0	0	2	1	3	0	3	0	3	2	30	5	0	18	0
Selenomonas pr_cl_3114	96	2	12	1912	418	6	805	9	358	43	549	2617	1554	17	563	7178	72991	645	333	1300	52654	502	1250	8858	3262	55687	700	179	186	529	18	7	162	86	54	85	83	4781	106114	117	328	1277	22	219	8
Selenomonas pr_cl_3111	189	2	0	5067	1491	22	2114	20	665	86	785	1774	5682	31	499	10827	1953	929	910	1393	1251	377	3657	901	10565	445	959	131	335	954	18	3	276	193	103	285	589	174	2173	174	750	2054	43	301	7
Selenomonas pr_cl_3109	302	9	0	21129	2197	4	11431	22	1552	171	1446	1794	6890	42	689	21639	2447	838	1513	2371	1602	476	6633	1370	15823	663	2117	183	1015	1547	20	9	723	404	85	867	670	45	861	172	1102	11810	59	668	14
Selenomonas pr_cl_3103	465	10	14	9891	2676	80	2039	62	1673	59	12107	25875	4310	78	509	296118	52783	4451	718	3580	68728	8436	12667	3909	6146	5063	1936	255	408	56478	20	1	1239	245	521	179	222	493	6244	4545	8599	2685	49	286	118
Selenomonas pr_cl_3110	691	5	0	11817	2420	16	7122	86	2441	381	1900	4394	7955	112	1806	25299	5510	1465	2649	4399	2731	1114	9199	2849	28314	1327	3112	647	1436	2352	148	44	707	361	169	561	829	236	2744	259	1422	4316	240	1125	15
Selenomonas pr_cl_3101	1012	17	34	20820	6296	67	12937	224	3933	746	4521	13290	18497	598	3426	66733	11946	3851	4746	9453	6848	2575	16777	7160	45108	4371	6065	597	2505	4630	188	74	1877	739	508	3932	28932	874	10149	412	2429	8853	481	2252	80
Selenomonas pr_cl_3102	1332	22	149	30027	12531	154	6747	121	4710	571	31493	198948	18622	151	5082	634698	233771	86357	3544	8607	562715	12592	32486	182283	27085	319223	10451	4675	1601	42845	89	27	3612	918	8118	857	877	63220	838446	15160	24844	9944	189	1918	214
Selenomonas pr_cl_3159	1337	0	2	626	90	18	207	5	52	70	211	240	111	8	37	690	233	78	176	161	327	57	202	138	510	101	512	96	22	104	0	0	18	11	44	22	94	164	225	17	171	119	2	176	13
Selenomonas pr_cl_3107	1452	5	16	21718	4488	47	14280	108	3249	456	2710	8354	13041	167	3148	46245	6669	2049	3462	5640	4743	1318	15434	5260	58401	1566	4680	1007	2645	3563	208	14	1510	781	321	986	1510	359	3019	512	5687	8311	346	2487	29
Selenomonas pr_cl_3113	1934	28	14	17733	3414	48	21174	25	5164	908	1520	5323	2752	66	1083	14175	2480	2757	2414	2362	3606	555	4866	1301	15361	751	6744	160	357	835	62	24	885	150	441	307	460	372	1879	418	18533	1876	52	1348	21
Selenomonas pr_cl_3105	8525	8	34	152386	51128	466	97622	2322	80491	11979	227399	42396	263331	4618	56474	375898	57751	12122	31912	70473	15968	15805	253130	83356	334007	15497	32780	6061	233260	135547	18715	45547	20309	17859	2945	10035	48457	812	9108	3005	16013	588203	72518	17934	215
Selenomonas pr_cl_3104	10489	22	28	143889	16693	172	212516	621	9980	4425	16017	20165	40183	581	5984	334672	23835	9933	14269	37352	13390	9316	61555	13173	163279	6088	19420	1935	7487	10683	335	1034	4253	4040	7419	10253	13786	1340	11529	1291	28544	30997	1004	14363	607
Selenomonas pr_cl_3100	11167	155	30	319324	55106	754	26247	3748	2286	1053	78057	1379768	333311	1557	24209	1318181	586880	205361	45741	592018	47535	168232	122197	43060	157403	92487	157667	10533	20623	92208	112	49	33345	11752	11036	8348	2924	7691	591841	6413	5808	82936	778	35013	1104
Selenomonas pr_cl_3108	12803	56	334	286574	62268	672	164111	3232	58558	5883	46085	80831	244159	3410	39020	606520	90255	24381	54892	77528	46226	20101	216647	63636	521567	21505	57481	6602	26637	53515	3491	376	21598	13011	2405	18176	49501	2731	34044	6733	33339	117478	5530	22916	1042
Selenomonas pr_cl_3106	16064	43	46	309192	39555	2663	89482	17153	53643	24126	43134	135031	144450	3893	31464	409965	138139	31610	119919	88760	35097	131339	127888	82511	322815	24162	177447	22632	24390	77150	1109	191	12317	10011	10887	14423	14172	2157	23679	4031	18481	125446	3065	97819	900
Centipeda pr_cl_3160	16	12	2	455	63	1	111	1	89	143	168	36	73	63	254	194	170	44	86	96	14	73	127	53	376	22	111	2	171	38	1	0	22	4	5	41	89	8	44	2	78	295	2	25	2
Centipeda pr_cl_3126	16	2	0	397	159	8	166	18	220	156	129	65	266	49	449	772	203	32	183	443	71	38	372	113	1938	26	228	8	217	26	10	1	18	22	18	29	134	5	28	19	115	240	80	59	0
Centipeda pr_cl_3128	48	0	2	523	208	4	585	34	220	175	255	108	455	43	446	1442	300	19	259	490	82	47	527	200	1974	49	364	24	169	131	13	0	28	26	42	51	153	16	71	23	148	345	137	110	2
Centipeda pr_cl_3127	57	0	0	812	268	12	724	34	366	166	231	393	832	36	393	1719	640	185	407	722	304	104	375	218	1613	285	657	107	254	77	10	0	34	34	15	64	136	71	326	56	901	310	55	239	8
Centipeda pr_cl_3118	72	0	8	1049	173	64	305	54	253	376	4949	519	329	548	475	1985	789	123	486	462	210	235	579	256	2291	204	1332	258	186	201	91	4	104	43	112	64	516	92	431	60	224	259	56	174	53
Centipeda pr_cl_3125	102	0	2	989	361	27	618	43	425	286	257	366	767	127	994	1743	1038	187	550	837	215	213	993	262	4543	193	980	309	315	223	46	1	46	76	64	141	339	158	636	93	328	520	96	269	25
Centipeda pr_cl_3120	167	1	3	2841	258	42	132	36	207	83	3109	363	454	13	1975	2927	1461	93	359	417	822	200	832	307	693	181	48546	161	138	500	55	6	72	46	125	39	121	107	288	49	339	2263	129	140	33
Centipeda pr_cl_3151	255	2	80	2898	422	83	526	103	943	198	570	20555	1647	28	463	8326	6779	38677	1032	1169	18806	668	1618	9522	1778	599	3305	614	371	708	11	17	151	99	172	200	332	10481	16149	726	776	835	28	497	61
Centipeda pr_cl_3147	473	1	21	4990	932	165	1242	380	11857	369	1068	1829	2198	73	520	7751	4235	382	1033	1857	1335	1433	2028	505	3520	807	3528	3185	717	4479	6	100	210	127	597	358	428	150	1436	2562	920	1162	100	720	55
Centipeda pr_cl_3137	827	0	17	70296	2813	376	4089	1760	876	29102	4513	44397	8695	2030	25552	140227	14347	307	203201	131852	1167	973	43634	21256	163454	2738	52455	618	50499	3799	42	20	3971	2332	255	3312	474	114	709	378	46365	2565	217	5908	6048
Centipeda pr_cl_3132	1049	11	20	11466	992	309	1034	479	82585	8435	1356	2786	9256	656	1697	20371	4841	1064	3832	3261	1053	1048	4406	2827	2602	452	12451	2566	945	653	16	62	222	181	378	390	319	419	641	282	947	959	48	1558	82
Centipeda pr_cl_3152	1256	13	166	9895	2171	182	2347	358	3360	1421	2694	17925	6272	237	2461	22637	9128	66432	7214	5644	9050	2920	7358	6404	12938	1152	14930	891	2909	2639	40	9	491	766	445	569	1071	12088	20560	514	1778	6702	88	1976	350
Centipeda pr_cl_3133	1310	56	10	15074	1758	457	522943	1390	1230	5640	1571	8599	3994	632	4181	35636	10185	418	14639	11416	1307	1826	9650	1970	21704	612	25950	2813	4679	3021	202	31	799	533	379	540	945	218	1348	436	3238	2118	150	2605	2306
Centipeda pr_cl_3123	1605	11	26	17622	5093	873	9374	2043	4469	5391	5865	7504	7937	1760	14288	34757	11334	897	10544	15261	2856	2521	13947	3701	46549	1508	16727	3473	5171	5597	511	144	1133	849	628	1423	12642	535	2668	688	2846	6449	1496	3091	541
Centipeda pr_cl_3131	1658	36	1573	18931	4128	145434	4605	25061	5093	5324	14749	17158	10357	3732	5494	27612	109714	993	14898	8685	171110	46541	6590	272202	10593	6790	33467	6426	8157	4019	638	38	730	1110	39469	1709	2109	585	2663	735	10327	11677	1779	59469	25279
Centipeda pr_cl_3148	1762	13	123	18069	3985	1225	4799	2424	65475	2284	9105	9186	11861	1335	3002	24154	21160	1494	5554	9838	7195	8031	6696	2615	13035	4352	19117	14450	4193	21613	365	619	932	507	2395	1977	3523	550	5828	15386	4483	5208	909	2869	555
Centipeda pr_cl_3150	2301	30	75	38251	8977	249	69239	494	6671	1768	5511	6241	28899	313	2516	92565	11515	11189	6303	9457	6668	3384	11760	5741	19376	1795	17611	1170	6032	1945	73	33	1647	1151	493	3867	1624	692	3388	1536	106638	7936	177	13707	823
Centipeda pr_cl_3129	2920	10	31	38576	3912	325	1429	1186	25166	869	6994	4914	26052	230	3257	79655	31404	1262	12159	14257	5241	3754	8153	4658	6197	1860	34874	2621	3905	1697	67	15	550	828	614	509	1006	629	1463	1142	7799	3394	150	10051	163
Centipeda pr_cl_3153	3167	2	1078	53475	698	26322	43368	16527	1756	55634	7842	37984	8030	585	2368	12299	79021	1319	54057	14574	19085	32540	3563	26921	10638	1634	164346	24702	19429	31690	4965	27	237	616	1245	2410	1118	443	1822	1462	69543	5917	2061	22429	23677
Centipeda pr_cl_3134	4438	19	51	41784	2758	1730	12195	6565	3817	13648	6189	20302	9489	886	17240	125493	103130	1188	59080	32578	805709	7640	27435	111268	37515	129837	101881	95682	4957	392908	377	75	3743	2023	1550	985	3570	788	5783	1294	6223	7338	1020	15811	1738
Centipeda pr_cl_3142	5060	38	524	90530	9590	2516	6421	4005	61735	3090	16803	24190	58012	795	7467	154703	83340	5880	30546	34167	23942	12966	11672	17711	13292	5328	98292	9820	12291	8841	176	202	1969	2070	3252	2044	2936	4089	9639	3743	28149	8861	416	26504	1014
Centipeda pr_cl_3143	5138	51	267	74559	6848	2555	6105	3204	52175	4753	13394	16574	46082	674	6893	117826	72927	4319	25640	26852	16081	17138	10916	11474	12957	5264	91252	14878	8390	10221	349	287	1298	1751	2669	1822	1752	2089	6471	2882	19084	8480	648	20574	1365
Centipeda pr_cl_3121	6052	289	35	113653	171925	4743	343735	25491	15679	440239	50099	24964	180540	106148	792890	228666	107643	2179	292597	493050	1266	4869	295286	100741	2341700	6184	25935	4886	336229	6601	35298	28	16252	9428	868	34571	128535	224	827	18103	10108	259775	40507	62503	2371
Centipeda pr_cl_3122	6369	56	55	95371	67044	1555	130522	5463	8517	64902	66889	17118	106566	15453	237823	149173	34428	2653	53712	177820	5481	6249	172537	34891	853382	6994	28157	5818	43096	8778	4340	174	7645	9371	2209	17480	90607	538	3391	3670	23829	157825	48846	13565	1195
Centipeda pr_cl_3146	6704	66	2108	57332	5698	17828	5926	4476	28749	3545	264081	190231	18263	1387	6212	70540	370551	18622	10085	15503	385148	134027	13422	26717	17711	107329	142857	1640424	5053	720337	359	8688	1934	925	45531	1886	1715	5419	81735	9090	16318	64150	3715	14549	3880
Centipeda pr_cl_3124	6854	49	493	89869	31811	2329	40756	5571	15461	39029	30624	26297	53454	16183	105242	209511	50135	4010	50183	84925	13303	10279	84057	21553	377864	5875	58025	11501	25895	12801	3096	992	7184	4003	3052	6929	72690	1811	10806	3293	18322	40076	9321	19660	3416
Centipeda pr_cl_3116	8693	1	15	29311	5145	910	16867	2452	673	16241	5758	19265	18300	2346	3680	37832	87517	397	292321	23735	1051	12962	3254	4480	31532	2250	565332	11288	4118	27592	1327	21	287	195	338	465	105	207	1231	296	3650	1053	577	3142	8051
Centipeda pr_cl_3138	9486	4	5596	65751	9174	166505	13714	31358	12837	9215	21382	78788	25304	1627	13435	147569	76460	28455	28923	28252	326065	577519	32107	341835	39099	10243	66786	211906	6733	39396	674	5739	2494	1610	69839	1933	4748	81060	112807	9903	113135	14695	3682	30828	4804
Centipeda pr_cl_3149	11648	48	104	228754	11718	1843	25621	1757	26206	3330	18838	14620	15354	622	4566	230207	28667	5846	11509	26279	12411	20985	38844	5060	48013	3252	69779	9651	5074	13069	847	506	4678	1576	3167	1286	3171	5858	66756	5206	9197	12197	1561	18112	935
Centipeda pr_cl_3144	12381	71	219	107905	7972	2408	409716	6889	67223	29028	19055	24761	59123	1332	12863	145803	91855	11229	78112	57259	19056	96997	15155	21206	34820	7009	330991	24630	14141	10297	3026	251	2039	3671	5733	10419	4091	3238	10698	3334	33831	21034	1953	60481	15227
Centipeda pr_cl_3140	13548	84	274	191523	6801	4020	45611	10307	43971	13529	19295	267712	58538	7033	16562	180199	262867	11123	94433	46750	42479	135359	19138	50282	52092	82443	393899	322701	79539	62943	590	592	3074	1750	19747	15424	6187	5946	219523	24460	58205	139590	2932	135132	8700
Centipeda pr_cl_3136	18315	0	107	115158	4417	8105	71278	51705	8362	79337	4638	46893	23402	3921	56361	416811	207364	470	249847	66244	6224	7350	57516	6193	192156	13598	437103	5587	18708	122767	164	28	3643	4483	6188	1899	15856	165	1169	4117	13841	14942	4496	110620	3769
Centipeda pr_cl_3115	18506	41	143	347063	5964	33863	300413	69640	7276	373987	40816	256883	49414	4865	23825	90171	535374	7649	277935	98953	10998	211308	31168	53094	118864	10230	951186	145271	118355	196015	37237	72	1910	3854	6551	12985	6823	2362	11076	5929	225236	20405	15303	98720	151223
Centipeda pr_cl_3141	28581	43	163	229426	5230	4292	29637	12664	108799	40192	14512	85569	31386	2667	9249	125184	278144	6563	63350	21510	45748	43307	18360	19835	18498	10661	472692	361027	17159	33820	2255	10945	1603	1242	35293	1322	2600	2577	7631	4339	11187	12722	4046	18958	1012
Centipeda pr_cl_3119	39007	89	1283	17923	6810	1934	60640	3123	219316	16898	2844378	10782	13955	3016	9038	32700	28365	17498	13117	11149	10490	31440	12844	4055	29206	34733	78073	4247	9912	12616	26830	153	1228	2014	26277	13727	1942060	1957	3878	4329	66209	68413	151753	4145	1917
Centipeda pr_cl_3145	71580	57	137	394605	220993	1569	41530	4835	25339	10943	46329	23065	60836	1671	31474	721949	95913	7401	53869	105567	12827	10949	709842	17555	554942	5072	117116	12357	16519	16829	218	418	59765	74423	1698	4119	6041	2097	14266	6967	19275	88246	1634	21012	1074
Centipeda pr_cl_3135	78842	43	190	556081	28453	23226	106486	154023	25991	62721	88656	93819	68494	6522	210676	1380733	296643	5910	296478	469792	34067	13673	374987	88683	311742	15000	768109	14242	34305	104054	3051	328	68410	27237	7970	2920	18515	1450	8199	10040	50885	38673	5177	86897	4426
Centipeda pr_cl_3139	127995	12	228	713712	98563	2220	46579	4496	42844	10125	73369	63412	269453	2460	78883	2607979	143507	2652	229927	239125	14367	12189	486775	112582	192158	18231	262668	9878	33380	20396	2331	201	20134	15363	2408	2724	15663	2088	19405	12802	42939	72964	1499	44473	1509
Centipeda pr_cl_3130	429768	57274	1460	1468167	1783741	186716	506234	556460	307665	1495455	2840728	120797	751863	1110723	1246367	2834929	2401162	88104	1910355	882730	38076	252459	884541	950036	1759868	362813	2831352	68459	2470485	478520	1801791	788	58918	137736	825848	612690	2154090	5915	9493	1032179	1293209	1119758	2222527	1050314	218403
Exiguobacterium pr_cl_1545	0	8	0	4	6	1	4	0	6	6	0	4	0	0	1	0	2	0	0	0	2	5	2	8	2	0	0	0	0	0	0	0	0	0	0	4	0	2	0	0	0	0	1	2	0
Exiguobacterium pr_cl_1544	0	3	2	10	0	0	6	0	2	2	0	0	0	6	0	2	0	0	0	0	0	11	0	8	0	0	0	0	0	0	0	0	0	2	0	0	0	0	0	0	0	0	0	0	0
Exiguobacterium_A pr_cl_1573	0	5	3	0	1	0	3	0	12	4	0	0	12	81	6	0	2	0	0	0	3	7	0	10	4	0	0	2	12	0	0	0	0	0	0	0	0	1	2	0	0	0	0	0	0
Pseudogracilibacillus pr_cl_1577	0	0	0	0	0	0	0	0	0	0	0	0	0	0	0	0	1	2	0	2	0	2	0	0	2	0	0	0	0	0	0	0	0	0	0	0	0	0	2	0	0	0	0	0	0
Pseudogracilibacillus pr_cl_1548	0	0	0	1	2	2	0	0	0	0	0	0	2	0	0	0	1	0	0	0	1	0	0	0	2	2	2	0	0	2	0	0	0	0	2	0	0	1	2	0	1	2	0	0	0
Pseudogracilibacillus pr_cl_2080	0	0	3	0	0	0	0	0	0	0	0	0	0	2	0	0	4	0	0	0	0	2	0	0	6	0	0	4	0	0	0	0	0	0	0	0	0	0	1	2	0	4	0	0	0
Cerasibacillus pr_cl_1547	0	0	2	0	0	1	0	0	0	0	0	0	2	0	0	0	2	0	0	0	2	0	1	0	0	0	0	1	0	4	0	0	0	0	0	0	0	2	4	0	0	0	0	0	0
Fictibacillus pr_cl_1225	0	0	0	4	0	0	0	0	0	0	0	0	0	0	0	0	2	0	0	1	0	4	0	0	0	0	0	0	0	0	0	0	0	0	0	0	0	0	2	0	0	0	0	4	0
Bacillus_A pr_cl_2746	0	0	0	2	0	0	0	0	2	0	0	0	0	0	0	0	0	0	0	0	0	1	0	0	0	0	0	0	0	0	0	2	0	0	0	0	4	2	0	0	0	0	0	0	0
Kurthia pr_cl_1564	0	0	0	0	0	0	0	0	1	1	0	0	0	0	0	2	2	7	0	0	6	4	8	2	8	0	2	6	0	2	0	0	0	0	0	0	2	0	0	2	4	0	0	0	0
Savagea pr_cl_1553	0	0	4	0	0	0	0	0	3	9	0	0	0	0	0	2	2	0	0	2	3	4	0	6	2	1	0	0	0	0	0	0	0	0	0	0	0	2	0	0	2	0	0	1	0
Savagea pr_cl_1550	0	0	0	0	0	0	0	0	4	0	0	0	0	0	0	0	0	2	0	0	0	0	0	0	0	0	0	0	0	0	0	0	0	0	0	0	0	0	2	0	0	0	0	0	0
Savagea pr_cl_1554	0	0	6	0	0	0	0	2	0	0	0	0	0	0	0	0	0	0	0	2	0	0	0	0	0	0	0	0	0	0	0	0	0	0	0	0	0	2	0	0	0	4	0	0	0
Savagea pr_cl_1549	0	0	0	0	0	0	0	0	0	0	4	0	0	2	0	3	4	0	0	0	0	0	2	2	0	2	4	0	0	0	0	0	0	0	0	0	0	1	2	0	0	0	0	0	0
Savagea pr_cl_1552	0	0	0	0	16	0	30	1	2	10	0	0	6	2	47	0	0	0	0	3	0	0	68	0	115	0	0	0	2	0	0	2	0	0	0	33	70	2	0	0	0	0	4	2	0
Savagea pr_cl_1551	0	0	0	0	0	0	0	0	0	0	0	2	0	0	0	2	0	0	0	2	0	0	0	0	0	0	0	0	0	0	0	0	0	0	0	0	0	0	3	0	0	0	0	0	0
Metalysinibacillus pr_cl_1563	1	0	2	18	2	4	10	10	6	38	0	0	4	0	0	0	0	4	2	1	14	11	1	10	0	5	22	0	0	0	0	2	0	0	4	10	0	6	6	0	40	0	0	46	8
Sporosarcina pr_cl_1566	1	4	2	0	0	0	0	0	0	0	0	2	0	0	0	0	0	0	0	0	0	0	0	2	2	0	0	2	1	1	0	0	0	0	0	0	0	4	0	0	0	0	0	0	0
Enterosoma pr_cl_1242	0	0	0	58	16	0	20	0	66	139	36	5	29	15	30	26	16	0	14	49	1	0	22	5	99	1	24	0	89	0	0	0	2	0	0	9	0	0	3	21	9	26	11	31	0
Enterosoma pr_cl_3275	0	14	2	967	22	2	0	0	0	0	646	36	16	0	0	59	1219	2264	2	3	169	0	10	159	12	14	616	0	0	0	0	2	1	2	77	2	0	3	0	168	3	2	0	0	0
Enterosoma pr_cl_3274	28	1	132	64820	1063	105	39	31	6	94	43967	328	71	1	22	3078	627	127949	147	132	1411	123	459	689	837	110	45568	35	86	113	14	0	7	745	216	233	211	39	278	65	115	233	9	67	16
Enteromonas pr_cl_3279	2	36	1239	1144	2	0	4	0	0	0	61944	10	14	0	0	462354	143	4	14	187	1631	5	4	830	7784	358	4	14	36	10	0	0	0	0	1	64	37	3501	4506	3535	12	0	0	0	4
UBA4951 pr_cl_1019	77	12	46	26100	5060	4437	0	616	4	2	1241	52107	81842	3	421	140019	4148	75845	16	89	28442	1030	457	12543	444	2388	22041	33	12	2445	0	0	34	383	4223	82	2	2356	41725	2213	18	1663	2	2	0
Acholeplasmataceae pr_cl_1143	0	0	0	0	0	0	0	0	1	0	0	0	0	0	0	2	2	2	2	6	0	49	10	2	0	0	20	0	0	0	0	0	0	0	0	0	0	32	53	0	0	0	0	0	2
Acholeplasmataceae pr_cl_1156	0	0	0	0	0	0	0	0	0	0	9	0	20	7	0	19	6	720	15	4	0	359	17	6	36	0	59	0	2	0	0	0	0	0	3	0	0	46	492	0	0	18	0	0	0
Acholeplasmataceae pr_cl_1146	0	0	4	0	0	0	0	0	0	0	2	0	6	0	0	0	1	0	2	3	0	37	15	8	0	0	12	6	6	0	0	0	0	0	0	0	0	33	49	0	0	0	0	0	0
Acholeplasmataceae pr_cl_1138	0	0	0	0	0	0	0	0	0	0	0	0	2	0	0	0	0	0	0	1	0	4	0	0	0	1	6	0	0	0	0	0	0	0	0	0	0	4	28	0	0	0	0	0	0
Acholeplasmataceae pr_cl_1145	0	0	2	0	0	0	0	0	0	0	2	0	5	1	0	37	0	16	12	21	4	148	60	5	0	2	81	0	0	0	0	0	0	1	0	2	2	37	162	2	2	0	0	6	0
Acholeplasmataceae pr_cl_1158	0	0	24	0	4	0	0	0	0	0	34	15	242	10	4	310	27	412	116	11	11	410	25	95	0	10	137	0	3	0	0	0	0	8	0	29	8	1107	472	0	0	2	0	0	3
Acholeplasmataceae pr_cl_1133	0	0	0	0	0	0	0	0	0	0	0	0	2	0	0	3	0	0	0	0	2	18	2	2	0	0	6	2	0	0	0	0	0	0	0	0	0	4	10	0	0	0	0	0	0
Acholeplasmataceae pr_cl_1155	0	0	8	0	12	0	0	0	0	0	4	5	3	2	2	3	6	81	0	24	0	48	3	6	24	1	10	4	2	0	0	0	0	2	0	0	0	18	49	0	0	0	0	3	0
Acholeplasmataceae pr_cl_1159	0	0	11	0	0	0	2	0	0	0	24	21	209	7	0	222	22	145	118	13	9	377	25	110	0	8	201	0	2	2	0	0	0	0	0	34	0	1011	418	0	0	0	0	0	0
Acholeplasmataceae pr_cl_1135	0	0	0	0	0	0	0	0	0	0	0	0	0	0	0	6	0	6	2	1	0	34	6	3	0	0	10	2	0	0	0	0	1	0	0	0	0	15	38	0	0	0	0	0	0
Acholeplasmataceae pr_cl_1139	0	0	0	0	0	0	0	0	0	0	0	0	0	0	0	9	0	0	0	1	0	7	5	0	0	0	7	0	0	0	0	0	0	0	0	0	0	22	23	0	0	0	0	0	0
Acholeplasmataceae pr_cl_1140	0	0	0	4	0	0	0	0	0	0	0	0	0	0	0	3	0	1	4	4	0	14	4	0	0	0	2	0	0	0	0	0	0	0	0	0	0	14	13	0	0	0	0	0	0
Acholeplasmataceae pr_cl_1154	0	0	10	0	6	2	0	0	1	0	4	1	1	0	4	7	14	44	0	14	0	31	2	4	27	3	6	0	2	1	0	0	0	0	0	0	0	18	42	0	0	2	0	4	0
Acholeplasmataceae pr_cl_1132	0	0	4	0	0	0	0	0	0	0	0	0	1	2	0	1	0	0	0	1	0	5	3	2	0	0	6	0	0	0	0	0	0	0	0	0	0	8	20	0	0	0	0	0	0
Acholeplasmataceae pr_cl_1152	0	0	1	0	0	0	0	0	1	0	0	1	11	0	0	88	1	97	63	2	0	56	19	28	0	0	26	2	0	0	0	0	0	1	0	5	0	23	70	3	0	3	0	0	0
Acholeplasmataceae pr_cl_1136	0	0	0	0	0	0	0	0	0	0	2	0	0	0	0	8	0	4	4	0	0	9	0	0	0	0	12	0	0	0	0	0	0	0	0	0	0	9	20	0	0	0	0	0	0
Acholeplasmataceae pr_cl_1151	0	0	0	0	0	0	0	0	0	0	0	11	4	0	0	85	1	116	46	5	1	61	4	37	3	0	47	1	0	0	0	0	0	0	0	8	0	33	79	3	0	3	0	0	2
Acholeplasmataceae pr_cl_1137	0	0	0	0	0	0	0	0	0	0	0	0	0	0	0	2	0	0	0	0	3	12	13	0	0	0	2	0	0	0	0	0	0	0	0	0	0	2	0	0	0	0	0	0	0
Acholeplasmataceae pr_cl_1153	1	0	6	7	0	0	0	0	2	7	10	10	13	0	3	914	13	3275	383	27	6	269	66	253	0	3	260	18	5	2	0	0	5	8	0	11	2	147	276	28	21	29	0	7	0
Acholeplasmataceae pr_cl_1134	1	0	0	0	0	0	0	0	0	0	0	0	2	0	0	0	0	3	3	4	0	14	2	0	0	0	13	0	0	0	0	0	0	0	0	0	0	2	14	0	0	0	0	0	0
Acholeplasmataceae pr_cl_1148	1	0	8	2	0	0	0	0	0	0	17	3	9	0	1	18	24	4	18	47	14	409	92	2	0	3	220	0	1	0	0	0	2	0	4	11	0	239	409	2	0	0	0	8	3
Acholeplasmataceae pr_cl_1142	1	0	7	0	0	1	0	0	2	0	2	2	7	0	2	43	10	65	18	19	5	243	59	13	2	4	134	0	1	3	0	0	3	4	0	8	0	105	233	0	0	2	0	0	0
Acholeplasmataceae pr_cl_1141	2	0	0	0	0	0	0	0	0	0	1	0	4	0	0	5	0	14	0	6	0	39	10	0	0	0	39	0	0	0	0	0	0	0	0	0	0	19	41	0	0	2	0	1	0
Acholeplasmataceae pr_cl_1149	4	0	2	0	0	0	0	0	0	0	0	0	5	0	1	9	4	26	9	7	3	121	42	5	0	0	98	0	0	0	0	0	0	0	0	6	2	87	209	0	0	2	0	3	0
Acholeplasmataceae pr_cl_1150	10	0	2	16	8	2	44	0	2	30	14	0	45	80	27	54	1	9	47	99	2	56	61	21	212	8	78	4	4	3	0	0	18	4	0	6	0	57	119	3	22	46	0	5	0
Acholeplasmataceae pr_cl_1147	11	0	19	3	0	0	0	0	0	4	17	5	20	1	8	45	45	62	35	112	24	1152	268	11	0	10	606	17	0	1	0	0	12	3	0	35	3	445	1117	0	14	5	0	7	4
Acholeplasmataceae pr_cl_1157	21	42	41	0	121	0	0	0	0	0	43	5	29	7	0	3733	61	14015	15	155	4	616	11	8	0	12	261	0	24	0	0	0	0	12	0	8	0	15571	5580	6	0	152	0	0	3
Acholeplasmataceae pr_cl_1144	31	0	46	1	0	3	0	0	0	0	77	15	89	9	13	223	105	111	102	257	51	6856	1522	62	2	19	1805	19	3	0	0	0	21	18	0	71	16	3022	7424	11	0	19	2	20	6
UBA660 pr_cl_1628	19	0	10	53	190	5	13	9	25	161	224	31	224	330	261	71	68	12	363	343	5	11	223	38	1653	24	68	21	31	13	2	0	6	4	1	22	15	69	86	23	50	303	4	51	1
RUG343 pr_cl_1608	0	0	5	12	4	1	4	2	1	4	6	0	0	0	2	0	6	25	3	8	6	4	2	9	8	1	4	2	0	0	2	0	0	0	0	3	0	2	0	0	4	0	0	10	0
RUG343 pr_cl_1605	0	0	0	20	44	1	29	0	68	8	27	5	499	33	0	23	13	0	25	295	0	3	83	5	103	1	22	0	4	0	0	2	3	0	1	2	6	18	4	7	524	308	0	5	0
RUG343 pr_cl_1606	0	0	4	22	7	0	2	5	0	5	9	3	12	3	1	14	3	5	10	10	4	32	2	3	11	0	19	2	1	0	0	1	1	0	1	0	0	2	2	3	27	6	1	9	0
RUG343 pr_cl_1610	2	1	2	31	8	0	25	3	3695	89	44	11	29	51	5	168	8	0	27	10	46	7	6	7	14	4	2	5	4	1	0	1	0	0	10	0	19	24	2	7	244	31	2	58	1
RUG343 pr_cl_1609	4	0	0	68	92	2	15	10	42	47	303	18	105	96	124	131	39	11	94	175	4	54	56	40	619	16	25	0	35	1	0	0	32	0	3	13	2	17	21	28	14	65	17	25	0
RUG343 pr_cl_1607	7	0	6	46	17	14	73	18	7	3	173	5	10	5	0	59	13	12	26	25	57	20	5	37	30	0	244	6	120	4	26	4	1	0	1	12	0	67	65	53	759	13	2	301	31
RUG343 pr_cl_1604	15	1	2	728	1	0	0	2	3	0	92	12	45	4	0	35	274	1321	26	144	13	53	6	135	120	4	56	4	1	4	0	2	2	5	0	43	0	30	14	7	188	1	0	108	2
CAJPPJ01 pr_cl_1208	0	0	0	0	0	8	0	2	0	0	0	4	0	0	0	2	3	2	5	0	0	0	0	7	0	0	0	0	0	0	0	0	0	0	0	0	0	9	2	0	2	0	0	0	0
CAJPPJ01 pr_cl_1209	1	0	5	11	4	2	16	0	0	4	7	17	1	3	0	1	16	2	28	3	9	4	3	25	5	0	17	9	5	0	0	0	1	0	0	2	0	4	19	2	6	3	0	7	1
CAJPPJ01 pr_cl_1207	6	0	25	36	0	16	10	4	5	6	18	15	0	13	5	26	64	14	15	19	14	27	1	17	7	0	14	14	25	13	0	5	4	6	13	8	0	22	45	11	44	4	0	42	6
CAJPPJ01 pr_cl_1211	6	0	111	116	5	40	65	16	16	29	57	33	21	7	8	89	102	12	42	21	36	25	13	60	46	1	76	59	26	17	3	3	0	6	13	9	1	68	463	43	125	41	4	120	13
CAJPPJ01 pr_cl_1210	12	0	18	81	4	41	95	4	2	44	48	15	33	7	9	160	40	5	72	37	22	22	2	23	40	8	81	25	45	13	3	0	8	10	5	5	0	16	28	14	73	16	7	48	13
CAJPPJ01 pr_cl_1205	50	0	32	53	9	49	129	10	21	20	37	2359	10	3	4	745	839	7	278	17	1721	18	1	242	42	19	167	71	21	14	1	0	2	0	26	14	0	1337	494	4	77	18	4	196	19
CAJPPJ01 pr_cl_1206	59	0	48	183	18	149	37	23	13	109	85	591	7	41	20	147	266	121	207	49	385	35	26	261	116	17	176	48	60	16	1	6	9	1	94	27	1	221	220	24	414	56	28	356	16
CAJPPJ01 pr_cl_1204	340	0	35	687	5	673	5	123	8	34	50	288	27	2	0	160	208	40	957	50	235	55	5	478	2	40	530	77	136	25	0	0	57	0	385	62	0	74	89	8	661	11	20	1420	66
Mycoplasmoides pr_cl_2081	0	0	0	0	0	0	0	0	0	0	2	0	0	0	0	0	0	0	0	0	0	0	0	0	0	0	0	0	130	0	0	0	0	0	0	0	0	0	0	0	0	0	0	0	0
Metamycoplasmataceae pr_cl_1164	0	0	7	0	1	0	0	1	5	2	0	15	130	0	1	2	54	0	0	1	13	1308	37	44	333	0	0	3	1	0	0	0	0	1	12	28	4	6	2	1	0	1	1	0	0
Metamycoplasma pr_cl_1165	1	1	0	2	4	0	1	0	1	0	0	2	0	0	0	0	4	8	0	0	4	5	0	4	15	0	10	0	0	1	0	0	3	0	2	0	0	0	2	0	2	0	1	1	0
Metamycoplasma pr_cl_1168	24	18	0	89	8	30	8	104	5	1	2	5	15	2	0	8	20	27	14	23	4	72	7	4	12	3	18	15	3	0	0	0	0	0	0	2	0	85	103	1	8	1	0	99	2
Metamycoplasma pr_cl_1166	51	3	11	400	52	18	5502	5	13	4	8	3	11	2	1	127	24	11	13	158	0	9	1	5	1897	0	148	2	4	46	1	111	0	23	8	60	0	6	2	6	25	1	75	4	8
Metamycoplasma pr_cl_1167	908	693	2	827	184	41	59	41	40	92	103	116	98	42	40	262	224	351	161	208	2	909	88	40	132	22	790	37	61	217	101	0	48	3	3	27	1	120	130	104	131	78	8	836	44
CAG-698 pr_cl_1160	1959	137	121	870	942	32	2	4	4	2	90	511	766	14	76	2466	2692	17612	182	468	214	14328	656	1205	476	66	5490	40	41	21	0	0	8	7	478	20	0	23609	55622	91	156	888	4	17	2
Eggerthia pr_cl_1646	107	44	33	846	262	96	300	17	34	31	779	1741	40019	127	338	40372	1272	2203	92	1212	3110	3558	6278	4419	910	336	3069	1808	235	58	0	0	16	1906	618	278	10	3980	6079	20	143	1234	5	228	30
Erysipelothrix pr_cl_1603	0	0	0	0	0	0	2	0	2	0	2	0	0	0	0	2	0	0	0	2	0	0	0	0	0	0	0	0	0	0	0	0	0	0	0	0	0	0	4	0	0	0	0	0	0
Erysipelothrix pr_cl_1214	0	0	0	0	0	0	0	0	0	0	2	0	0	0	0	0	0	0	0	0	0	0	2	0	0	0	3	4	0	0	0	0	0	0	0	0	0	4	2	0	0	0	0	0	0
UBA636 pr_cl_1847	0	0	0	0	0	0	0	0	0	0	0	0	0	0	0	0	0	0	0	0	0	0	0	0	0	0	0	0	0	0	0	0	0	0	1	0	0	0	0	0	0	0	0	0	0
Absicoccus pr_cl_1249	0	0	1	4	0	3	2	0	0	0	0	9	1	2	0	7	200	77	1	2	2485	23	1	160243	1	397	0	44	0	4	0	2	1	0	11	2	2	9	6	0	1	2	0	10	2
Bulleidia pr_cl_2096	0	0	0	17	55	2	6	0	114	93	39	243	98	71	40	47	12	7	18	125	84	82	52	230	485	9	15	9	10	4	2	1	2	1	6	8	3	2	2	3	48	48	0	17	0
Bulleidia pr_cl_2113	0	0	0	10	6	2	0	11	6	0	7	17	8	0	0	7	2	14	4	4	9	3	5	3	4	2	9	1	1	0	1	18	0	0	4	1	3	0	0	0	0	6	0	12	0
Bulleidia pr_cl_2137	0	0	0	2	0	0	0	0	0	1	2	6	2	0	0	7	0	29	1	1	2	0	1	1	4	2	5	0	0	1	0	0	0	0	0	0	0	0	0	0	0	5	0	4	0
Bulleidia pr_cl_2139	0	0	2	95	1	0	36	0	0	0	1	19	13	1	0	38	2	6	8	19	3	0	11	1	14	3	8	0	3	3	0	0	0	0	1	1	0	0	1	1	1	10	0	38	0
Bulleidia pr_cl_2132	0	0	36	13	6	0	4	1	39	0	1	37	4	2	3	24	4	2	11	2	9	4	10	222	33	11	79	1	5	1	0	1	2	0	1	8	0	0	0	0	14	5	0	69	2
Bulleidia pr_cl_2123	0	0	0	7	2	0	0	1	1	2	6	29	4	0	2	10	0	0	1	5	1	0	1	2	8	4	4	0	1	0	0	3	0	0	3	1	1	0	0	0	0	7	0	2	0
Bulleidia pr_cl_2124	0	0	0	6	0	1	6	0	2	1	1	39	5	9	0	6	3	5	10	61	9	8	1	6	6	8	4	0	0	1	0	0	5	1	0	0	2	18	0	0	0	18	0	17	1
Bulleidia pr_cl_2110	0	0	0	4	5	0	5	2	245	10	6	17	30	29	0	23	3	0	4	19	9	0	14	3	5	2	4	3	0	33	2	0	0	0	0	8	4	6	2	2	8	13	0	1	0
Bulleidia pr_cl_2093	0	0	4	14	3	0	0	1	2	2	30	56	16	3	8	25	7	3	16	10	8	2	4	11	22	2	17	0	3	4	0	0	0	0	0	0	1	0	7	0	1	7	3	0	0
Bulleidia pr_cl_2136	0	0	2	4	4	1	0	0	0	0	10	25	0	1	0	20	4	0	6	5	5	0	4	13	15	9	4	5	1	3	0	1	2	0	0	0	0	0	0	0	0	10	0	1	0
Bulleidia pr_cl_2104	0	0	2	0	0	1	0	0	1	0	0	12	1	0	0	6	0	3	9	3	10	0	3	13	5	0	6	1	0	0	0	1	0	0	0	0	0	1	5	0	1	2	0	3	4
Bulleidia pr_cl_2115	0	0	0	9	7	0	2	0	1	6	12	61	5	4	3	11	9	1	14	19	0	0	8	16	5	11	12	2	2	0	0	2	1	0	2	1	0	0	0	1	0	6	0	10	0
Bulleidia pr_cl_2127	0	0	0	17	8	2	0	0	8	5	30	20	8	4	2	9	0	1	28	9	4	0	5	5	39	5	3	6	12	1	1	2	7	0	0	2	0	2	2	7	1	8	0	12	1
Bulleidia pr_cl_2109	0	0	0	0	0	1	0	0	0	0	8	27	0	0	0	2	1	1	0	0	9	0	0	12	1	2	1	0	1	0	0	1	0	0	0	0	0	0	0	1	3	0	0	1	0
Bulleidia pr_cl_2085	0	0	0	0	0	0	0	0	0	0	0	2	0	0	0	0	0	0	2	0	0	0	0	0	0	0	0	0	0	0	0	0	0	0	0	0	0	0	0	0	0	0	0	0	0
Bulleidia pr_cl_2106	0	0	0	7	2	3	0	0	0	90	20	12	0	36	0	7	5	0	0	14	21	0	2	23	2	2	0	4	0	0	0	6	0	0	0	0	0	0	0	4	6	19	0	3	0
Bulleidia pr_cl_2128	0	0	4	0	2	0	0	0	0	0	3	22	3	0	0	4	0	0	8	2	0	1	0	4	3	11	13	0	1	0	0	0	2	0	4	0	2	0	0	2	23	13	0	7	0
Bulleidia pr_cl_2126	0	0	0	6	0	1	0	0	0	0	2	17	7	0	0	1	3	0	6	6	1	0	2	9	20	2	21	0	0	2	0	0	0	2	0	1	4	0	2	0	10	11	1	4	0
Bulleidia pr_cl_2133	0	0	0	0	0	0	0	0	0	0	0	0	0	1	0	0	0	0	0	9	0	0	0	3	1	0	0	0	0	0	0	0	0	0	0	0	0	0	0	0	2	2	0	0	0
Bulleidia pr_cl_2130	0	0	1	10	6	2	0	0	6	6	4	4	9	11	8	11	3	0	13	27	4	3	7	4	9	0	16	1	4	0	0	0	2	0	0	2	4	0	0	0	14	9	0	3	0
Bulleidia pr_cl_2099	0	0	8	13	4	14	2	1	0	1	16	92	1	0	0	17	7	0	3	7	254	0	0	321	3	21	10	30	1	1	0	5	0	0	3	1	0	2	2	1	2	17	0	11	1
Bulleidia pr_cl_2134	0	0	0	0	1	0	0	0	0	0	0	0	0	0	0	0	0	0	1	0	0	0	0	0	2	0	13	0	0	0	0	0	0	0	0	0	0	0	0	0	1	5	2	0	0
Bulleidia pr_cl_2098	0	0	2	13	2	0	1	0	5	5	0	17	6	1	0	1	5	13	0	2	6	8	0	15	2	9	1	10	0	1	0	1	0	0	1	2	0	5	11	5	5	2	2	12	0
Bulleidia pr_cl_2120	0	0	0	29	9	1	2	0	2	1	25	189	22	2	7	30	20	3	40	39	4	0	8	25	29	14	46	2	8	15	0	1	7	1	4	3	2	1	1	0	14	31	0	6	0
Bulleidia pr_cl_2111	0	0	2	2	0	1	0	2	2	4	7	31	0	1	0	11	1	1	12	4	34	0	2	19	3	3	3	1	2	0	0	0	0	2	1	0	0	0	0	0	1	1	2	2	0
Bulleidia pr_cl_2107	0	2	0	5	0	3	0	10	0	0	11	5	0	0	0	4	0	0	10	8	0	49	2	1	3	4	17	0	0	4	1	1	3	0	32	2	0	0	0	0	0	0	23	191	0
Bulleidia pr_cl_2100	0	0	0	10	6	1	0	1	2	0	2	42	2	2	2	1	1	6	13	13	26	2	1	41	9	2	7	4	3	0	0	0	0	0	1	0	0	0	4	0	0	9	1	5	0
Bulleidia pr_cl_2089	0	0	1	24	23	13	6	5	3	8	19	41	35	5	14	62	26	2	44	31	8	7	7	52	19	13	47	2	18	12	1	5	11	0	0	2	1	0	3	2	26	116	2	9	8
Bulleidia pr_cl_2101	0	0	1	2	0	0	4	0	2	0	2	9	0	0	2	3	3	0	0	1	0	0	7	0	5	6	0	0	0	0	0	1	0	0	0	2	0	0	0	0	0	6	0	4	0
Bulleidia pr_cl_2129	0	0	0	24	6	0	0	0	0	2	12	6	2	16	13	33	18	0	7	7	1	0	6	7	70	5	1	2	2	0	0	1	0	0	1	2	5	4	9	5	12	6	0	8	0
Bulleidia pr_cl_2087	0	0	0	29	6	0	5	3	6	0	19	58	10	1	3	16	3	3	14	19	2	1	13	22	47	13	22	2	16	11	0	2	0	0	5	3	9	0	0	2	5	12	4	27	1
Bulleidia pr_cl_2091	1	0	0	3	1	1	0	0	2	1	2	4	5	4	4	9	0	1	11	13	1	3	0	4	2	0	9	0	5	0	0	0	1	1	0	0	0	1	0	0	2	5	0	9	2
Bulleidia pr_cl_2092	1	0	0	2	2	3	1	1	2	0	0	5	1	1	5	1	7	9	16	0	14	2	0	16	11	2	0	0	2	0	1	1	2	0	2	0	0	0	8	2	3	0	0	5	0
Bulleidia pr_cl_2097	1	0	2	9	0	0	0	2	2	1	3	27	0	1	0	7	0	0	2	5	16	0	0	20	7	5	9	1	2	1	0	0	0	0	2	0	0	0	3	3	3	1	0	13	0
Bulleidia pr_cl_2135	1	2	0	14	42	9	8	2	8	0	18	59	52	110	6	16	8	5	37	36	29	0	1	31	15	16	23	4	8	3	0	0	3	3	21	0	7	0	0	0	28	22	0	5	3
Bulleidia pr_cl_2094	1	3	0	49	9	0	5	2	0	7	39	13	21	0	6	14	18	0	8	9	9	18	9	2	12	0	1	3	7	12	0	0	0	2	2	3	3	2	2	6	6	45	7	37	0
Bulleidia pr_cl_2103	2	0	0	5	32	0	2	0	1	0	3	9	2	2	0	6	3	4	0	3	8	5	0	9	0	1	33	1	1	0	0	0	0	0	0	5	0	0	1	2	0	6	3	53	0
Bulleidia pr_cl_2112	2	0	0	26	0	0	0	0	16	0	14	12	1	1	2	17	12	0	0	4	1	0	0	6	4	1	19	0	0	0	0	0	0	0	0	1	0	4	6	0	20	5	0	2	0
Bulleidia pr_cl_2086	2	0	0	13	5	0	1	1	3	0	30	97	16	1	3	43	18	2	34	31	8	1	6	23	39	17	16	2	8	1	0	0	0	5	0	5	0	0	2	0	10	28	1	12	0
Bulleidia pr_cl_2114	2	0	20	6	16	0	12	0	2	0	47	16	3	2	0	10	5	0	12	8	5	1	3	15	25	0	24	2	17	0	5	5	0	0	10	5	13	0	2	4	4	17	4	31	0
Bulleidia pr_cl_2090	2	0	0	9	0	4	3	0	2	0	9	14	18	0	10	18	6	2	10	10	4	10	0	2	42	7	9	18	7	1	0	0	0	0	0	1	1	0	1	2	10	7	0	14	2
Bulleidia pr_cl_2095	3	0	4	28	7	14	5	7	10	1	36	178	18	10	8	87	38	15	39	55	247	24	2	291	45	17	48	21	17	1	0	11	3	2	3	5	0	4	23	10	21	30	3	331	0
Bulleidia pr_cl_2119	3	0	10	16	8	1	17	4	14	32	40	31	16	10	16	9	2	2	84	10	12	6	53	52	55	10	14	66	25	2	0	0	1	0	5	0	2	0	4	19	7	12	0	9	0
Bulleidia pr_cl_2131	3	1	10	1	7	0	26	25	7882	206	5	36	35	44	3	6	10	0	18	6	72	0	0	50	5	3	1	0	4	1	0	2	0	0	1	8	22	28	0	17	287	56	0	1	0
Bulleidia pr_cl_2102	3	3	15	0	5	0	11	8	51	13	9	13	2	2	0	2	6	0	10	15	16	1	2	13	9	2	26	3	7	0	0	3	0	0	5	9	1	47	37	0	2	5	2	3	1
Bulleidia pr_cl_2121	4	0	6	182	35	7	320	25	24	3	157	607	71	32	31	183	685	8	210	101	37	857	38	1699	159	43	109	74	20	32	9	2	9	10	22	16	7	0	2	31	59	174	2	21	12
Bulleidia pr_cl_2088	5	0	8	35	44	29	43	24	9	5	103	49	70	18	13	36	30	8	50	51	81	7	14	81	28	3	48	15	14	2	5	2	3	0	5	52	3	7	25	18	65	88	4	30	4
Bulleidia pr_cl_2125	6	2	24	16	2	7	32	0	75	25	23	33	14	48	16	15	16	1	70	69	16	0	11	31	54	3	10	0	19	0	0	0	14	0	0	13	2	0	7	4	18	47	0	10	9
Bulleidia pr_cl_2084	7	0	3	806	112	30	15	29	181	3	826	5943	756	32	181	1008	937	27	5331	1036	185	16	210	667	1359	441	1219	30	97	128	0	0	320	26	7	69	10	5	38	92	406	1083	10	154	8
Bulleidia pr_cl_2105	7	0	10	56	18	25	4	4	54	34	123	138	41	38	39	59	42	6	62	102	142	44	44	161	118	13	42	18	35	16	2	5	3	2	8	10	4	2	8	6	34	88	1	45	5
Bulleidia pr_cl_2122	8	1	0	152	35	16	17	13	29	11	125	778	140	23	59	339	135	57	233	180	74	17	62	157	251	83	155	25	44	22	0	0	18	6	7	28	42	6	7	33	57	221	2	57	3
Bulleidia pr_cl_2116	10	0	2	1697	492	0	493	14	349	856	1307	105	405	285	1220	400	146	2	472	392	9	2	199	199	3097	38	375	3	1040	2	3	0	101	34	0	187	76	0	6	571	275	1388	93	239	0
Bulleidia pr_cl_2118	15	1	33	95	207	58	53	11	18	39	1065	157	463	401	87	473	143	54	722	96	94	20	98	135	1414	38	423	23	29	33	0	16	18	16	27	117	23	18	45	23	91	1869	5	170	2
Bulleidia pr_cl_2769	16	0	74	313	53	807	5	160	0	0	1519	307	62	0	1	4238	162	5077	50	51	2747	2	15	5280	246	1199	2730	2	63	14	0	0	4	12	1949	124	0	372	236	644	13	129	0	24	2
Bulleidia pr_cl_2138	29	4	0	69	11	12	0	3	1	0	21	380	32	17	4	65	26	50	68	60	57	124	19	44	34	9	90	7	12	6	0	1	2	8	10	4	0	70	476	6	60	22	0	31	0
Bulleidia pr_cl_2117	31	1	8	664	547	51	262	65	162	298	936	2924	733	435	380	1260	589	106	919	1465	513	115	362	891	1429	309	789	247	253	1393	31	37	90	69	88	112	123	130	186	125	742	1036	152	630	26
Bulleidia pr_cl_2108	34	35	14	572	131	42	136	36	64	39	237	549	360	300	76	678	184	24	433	283	363	65	106	664	380	104	392	142	99	81	7	81	24	12	40	40	77	13	57	73	166	226	10	421	14
Bulleidia pr_cl_1647	249	2203	14	14189	687	45	4872	27	334	18	171	208	3853	62	5	5790	851	110	465	510	78	20	58	1254	1931	45	2128	18	346	30	17	2	36	44	192	623	0	20	153	27	288	234	7	5014	1476
Bulleidia pr_cl_2768	297	20	21	90052	4881	527	3288	1547	50	163	5264	38328	30911	77	3218	99353	6008	12634	12904	33022	3449	823	11752	3982	39908	10678	6948	34	2618	7342	4	20	1471	4327	3721	1700	31	93	488	959	2779	11566	638	8759	234
Bulleidia pr_cl_2083	1735	72	188	33812	4597	2589	4862	6759	3701	2319	6544	24956	14710	775	4818	69702	8222	6519	11413	30436	11617	3479	14794	19200	42560	13512	59162	1462	21094	9387	253	25	757	1246	3043	2547	486	822	2068	2256	14227	29306	204	113524	1757
Mammaliicoccus pr_cl_1561	0	72	0	1	0	4	0	0	34	4	0	4	6	4	2	0	8	0	6	2	1	9	1	16	25	0	4	2	0	0	0	2	0	0	0	0	0	2	0	2	0	0	0	65	0
Macrococcus_B pr_cl_1555	0	0	0	0	0	0	0	0	0	0	0	0	0	0	0	0	0	0	0	0	0	0	0	0	0	0	0	0	0	0	0	0	0	0	0	0	0	4	2	0	0	0	0	0	0
Macrococcus_B pr_cl_1557	0	0	2	0	0	0	0	0	0	4	0	0	0	0	0	0	0	0	0	0	0	2	0	0	0	0	0	0	0	0	0	0	0	0	0	0	0	0	0	0	0	0	0	0	0
Macrococcus_B pr_cl_1556	2	0	0	0	0	0	1	0	0	1	0	0	0	0	0	0	3	0	0	0	0	2	2	0	2	0	0	0	0	0	0	2	2	4	0	0	0	0	0	0	2	0	0	0	2
Staphylococcus pr_cl_1559	0	5	0	21	0	0	8	4	7	2	2	0	0	2	1	0	0	0	6	2	3	8	0	4	0	0	0	0	6	0	2	0	0	0	0	0	0	2	2	2	3	0	2	6	6
Staphylococcus pr_cl_1558	0	46	5	69	0	4	72	0	21	14	12	2	1	26	1	4	13	0	0	0	0	0	2	88	2	8	0	3	16	2	0	0	0	0	5	4	2	8	0	0	5	0	0	2	3
Staphylococcus pr_cl_1562	1	24	2	2	0	1	2	0	12	2	1	3	0	0	0	0	5	0	0	0	1	5	0	12	6	0	2	2	0	0	0	0	0	0	0	0	1	2	26	0	0	4	0	8	1
Staphylococcus pr_cl_1560	3	2	12	61	3	0	0	0	7	4	0	2	0	0	0	0	4	0	0	2	0	4	0	4	0	0	0	0	0	0	0	0	0	0	0	0	0	0	7	0	0	0	0	0	0
Gemella pr_cl_1567	0	0	0	0	0	0	2	0	6	1	0	2	0	0	1	4	5	2	0	0	8	0	0	0	12	0	2	0	0	0	0	2	0	0	2	6	0	10	10	2	2	0	0	0	14
Gemella pr_cl_1968	0	4	2	44	2	10	176	6	4	3	15	8	10	1	2	9	14	4	21	21	6	4	6	746	24	12	8	2	4	13	0	75	5	11	4	3	12	0	0	6	9	204	0	5	1
Gemella pr_cl_1964	0	0	1	0	0	1	0	0	0	0	0	0	0	0	0	0	0	0	0	0	0	1	0	1	0	0	0	4	0	0	1	0	0	0	0	0	0	0	0	0	1	0	0	0	0
Gemella pr_cl_1981	0	1	7	3	3	0	28	2	9	1	170	51	0	2	2	2	17	0	3	6	3	9	29	7	81	6	2	0	0	0	2	14	0	0	5	5	2	11	6	0	2	6	1	4	0
Gemella pr_cl_1978	1	0	103	22	0	21	87	7	533	51	3	3	9	10	15	26	2	0	6	5	26	26	15	24	53	2	7	14	23	0	0	36	0	0	3	12	17	11	59	3	21	5	0	16	4
Gemella pr_cl_1991	1	17	252	1	7	29	19	10	77	22	6	1	2	7	12	21	11	0	0	0	6	13	8	23	37	8	9	4	4	0	0	46	2	0	21	4	11	29	12	3	18	5	1	5	3
Gemella pr_cl_1965	1	3	90	116	17	10	36	7	30	16	135	215	215	8	19	342	163	159	76	62	91	212	153	282	72	8	132	10	40	82	3	3	3	3	42	14	1	189	259	5	72	18	10	61	12
Gemella pr_cl_1979	2	13	102	8	30	10	15	2	28	15	2	0	15	6	5	38	2	1	1	2	9	5	4	38	21	0	10	7	5	0	7	108	4	0	0	25	0	6	8	5	22	4	0	11	6
Gemella pr_cl_1988	3	4	4	1	0	2	19	0	12	13	1	15	2	0	4	3	2	0	3	0	0	0	0	6	2	5	2	1	0	0	0	25	0	0	6	0	0	6	15	0	4	1	0	0	4
Gemella pr_cl_1966	3	1	17	61	11	7	15	1	17	9	4	20	8	0	0	12	44	19	11	14	22	50	4	48	5	6	38	162	0	0	5	6	2	0	9	0	0	12	78	7	33	11	1	20	0
Gemella pr_cl_1985	4	5	17	6	0	3	31	0	22	18	4	1	0	1	3	20	3	3	6	0	4	1	4	4	11	1	3	7	9	1	0	30	0	0	4	0	0	0	5	2	8	2	0	11	6
Gemella pr_cl_1986	4	3	8	4	10	1	27	0	8	5	2	2	4	2	9	4	10	0	0	0	2	2	4	13	5	0	12	0	0	0	0	61	0	0	3	2	1	7	2	4	10	6	0	3	7
Gemella pr_cl_1976	5	6	20	11	26	23	6	11	26	22	245	19	11	13	0	60	13	3	15	13	51	13	6	13	18	4	39	17	13	3	42	59	9	8	30	6	44	16	45	11	20	14	7	19	0
Gemella pr_cl_1993	8	5	100	17	6	23	135	11	143	101	2	13	19	7	39	31	21	3	3	5	11	21	16	53	78	0	71	28	6	2	0	75	0	1	14	14	2	14	38	1	31	11	1	18	2
Gemella pr_cl_1989	8	30	83	13	67	16	18	3	40	4	33	38	9	29	47	77	65	19	51	63	41	124	45	76	37	19	464	250	29	20	0	30	2	2	2	12	23	22	9	7	26	68	641	12	10
Gemella pr_cl_1962	8	14	28	6	1	69	12	16	19	26	35	19	3	0	7	42	14	4	2	4	105	18	3	103	14	3	46	30	23	3	0	46	2	2	75	5	5	22	26	2	30	25	8	11	2
Gemella pr_cl_1982	10	5	85	5	1	6	45	20	146	44	12	2	14	4	8	21	9	4	4	3	14	4	6	76	22	7	8	11	16	0	0	165	1	0	18	1	3	39	49	4	14	4	0	23	4
Gemella pr_cl_1990	11	13	11	23	3	12	46	0	47	20	0	9	0	15	25	15	0	0	5	0	2	6	9	34	50	3	6	17	8	0	0	168	1	0	6	3	1	20	24	6	23	12	2	14	7
Gemella pr_cl_1977	11	19	108	96	6	83	20	7	150	49	5	50	11	18	18	52	44	7	27	13	65	15	25	29	48	7	81	65	19	11	11	151	5	0	27	1	7	49	68	7	69	9	0	41	9
Gemella pr_cl_1972	11	0	19	352	26	8	67	14	5	11	49	48	37	7	10	72	23	32	15	32	35	27	30	72	21	5	35	51	12	12	1	0	0	3	16	1	1	18	70	18	43	18	29	15	5
Gemella pr_cl_1975	14	1	21	26	14	40	74	12	26	10	44	57	8	2	2	43	29	17	4	10	27	32	3	20	18	0	48	52	24	11	4	7	0	0	0	4	1	17	166	20	11	26	32	24	1
Gemella pr_cl_1984	18	22	75	22	11	19	65	7	4584	154	7	12	13	55	28	28	26	1	16	1	47	22	12	24	61	0	4	14	4	5	0	138	4	0	15	6	25	39	10	6	316	24	0	15	9
Gemella pr_cl_1967	21	0	15	49	12	7	10	4	6	8	48	14	13	7	3	33	58	15	41	25	80	7	5	55	19	2	31	29	30	4	0	0	1	2	21	14	0	19	13	15	41	45	4	29	11
Gemella pr_cl_1969	21	2	18	69	16	2	17	1	218	14	62	23	29	73	27	66	4	0	44	126	16	10	137	34	468	1	12	414	17	9	5	0	13	0	1	16	5	2	11	7	76	41	6	35	10
Gemella pr_cl_1983	23	38	33	14	0	7	44	8	65	32	2	14	15	4	12	48	32	2	17	5	26	5	6	42	52	5	42	68	16	5	2	203	4	0	19	10	3	13	16	6	33	26	0	13	13
Gemella pr_cl_1957	23	0	102	62	4	89	14	10	23	97	35	44	2	0	0	84	71	16	20	2	121	85	19	73	0	8	158	157	45	4	0	4	0	0	77	41	0	95	79	14	116	14	3	70	1
Gemella pr_cl_1987	27	116	106	37	21	136	94	35	44	55	115	82	16	62	57	81	59	12	35	27	19	61	176	49	247	8	35	28	217	29	6	16	16	0	6	10	7	53	63	29	179	463	51	101	7
Gemella pr_cl_1974	33	2	22	359	183	31	119	68	78	178	87	251	136	165	192	170	79	20	107	306	55	132	57	92	512	14	215	467	151	113	38	32	22	7	34	32	21	29	63	138	35	287	28	131	19
Gemella pr_cl_1956	35	10	57	152	54	138	790	39	47	48	51	169	14	35	54	217	276	79	111	62	475	232	31	313	214	11	244	470	55	55	2	0	3	3	149	24	3	162	533	31	227	70	4	217	13
Gemella pr_cl_1994	36	14	153	17	7	39	123	14	147	88	4	22	25	9	69	79	26	14	3	9	36	23	31	37	95	0	64	407	12	15	0	113	0	0	30	22	9	36	60	3	38	5	3	51	5
Gemella pr_cl_1980	38	40	198	45	8	56	120	152	241	78	23	38	60	26	41	170	51	15	20	30	98	57	14	101	137	6	46	61	70	8	1	140	14	0	15	18	18	46	171	6	38	52	6	50	4
Gemella pr_cl_1958	41	21	59	93	0	63	17	6	27	128	69	129	36	0	4	142	124	28	40	2	231	103	10	137	4	8	254	314	62	9	1	0	3	2	57	51	0	145	236	14	253	50	8	130	4
Gemella pr_cl_1973	41	57	173	121	127	8	32	23	721	28	17	40	54	29	21	139	78	14	50	44	39	37	26	57	112	49	46	39	58	11	1	5	3	0	13	6	14	30	22	26	113	37	8	47	3
Gemella pr_cl_1971	51	6	121	140	9	95	21	10	223	37	38	21	60	31	5	84	112	9	512	44	56	15	102	257	24	1	172	3756	21	20	2	2	1	4	17	8	1	53	65	14	110	116	9	71	9
Gemella pr_cl_1970	80	8	90	131	36	9	33	12	44	30	23	14	27	4	20	62	35	13	38	51	24	6	19	22	31	70	269	856	41	5	2	29	1	4	6	1	0	14	33	16	21	20	6	16	9
Gemella pr_cl_1961	182	38	338	1862	64	303	369	86	241	4109	1192	203	129	118	176	678	1186	64	723	346	273	462	344	1342	55	100	2213	364	657	21	2	39	77	68	875	2344	25	335	202	273	813	309	69	752	47
Gemella pr_cl_1960	210	26	221	657	4	324	190	82	338	1342	470	349	67	24	8	547	733	98	191	54	354	259	81	578	27	22	1403	1047	268	71	10	174	28	23	376	555	4	322	448	108	1051	125	63	316	30
Gemella pr_cl_1992	299	262	26668	451	11377	926	5978	645	19464	4255	206	144	886	988	2194	2816	398	105	521	353	264	264	2252	385	4653	195	157	408	2176	140	68	8521	84	47	1170	465	5267	1290	494	355	864	456	375	1118	148
Gemella pr_cl_1963	301	268	493	2943	647	955	1988	308	1376	912	5607	1092	778	1582	2126	1917	1656	132	1437	5681	870	1520	1283	1196	4149	227	1410	3340	1239	537	53	227	207	126	917	286	211	505	2022	444	1132	2316	362	677	59
Gemella pr_cl_1959	10743	1921	56949	11586	557	37175	6672	6240	6428	7894	9874	33820	1576	343	487	37052	38808	12326	4877	2561	83653	29696	1049	42010	743	2625	60470	264599	9593	9629	300	84	731	265	19385	3618	34	50810	97270	9336	67721	12710	1597	39189	2358
Vagococcus pr_cl_1202	0	0	0	0	0	0	0	1	7	2	1	0	1	0	0	7	1	0	0	0	0	3	2	2	0	0	0	1	0	0	0	0	0	0	0	0	0	4	0	0	3	0	0	0	5
Vagococcus pr_cl_1203	0	0	0	0	0	0	0	0	1	0	0	0	0	0	0	0	6	0	0	0	0	2	0	0	0	0	0	0	0	0	0	0	0	0	0	0	12	0	0	0	0	0	0	0	0
Vagococcus pr_cl_1201	0	0	0	4	0	0	4	0	3	0	0	0	0	0	0	0	0	0	2	0	0	0	0	0	0	0	0	0	0	0	0	1	0	0	0	0	0	0	1	0	1	0	0	1	0
Vagococcus_A pr_cl_1546	0	0	0	0	2	0	4	0	0	0	0	0	0	0	0	2	0	0	0	0	2	0	2	0	1	0	0	0	2	0	0	0	0	0	0	2	0	2	1	0	0	0	0	2	4
Enterococcus_A pr_cl_1848	0	0	0	0	0	2	0	0	18	0	0	0	0	0	0	0	3	0	0	2	0	4	0	1	1	2	0	8	0	0	0	0	0	0	0	0	0	1	0	0	2	1	0	0	0
Enterococcus pr_cl_1841	0	0	6	0	2	0	0	0	8	2	0	0	0	0	0	0	5	0	0	0	0	4	2	2	4	0	6	2	4	0	0	0	0	0	0	0	0	0	1	0	0	0	0	0	0
Tetragenococcus pr_cl_1163	0	0	0	3	0	0	2	0	3	0	0	0	0	0	0	0	0	0	0	0	0	5	1	0	4	0	0	0	0	0	0	0	0	1	0	0	0	3	2	0	0	0	0	0	0
Limosilactobacillus pr_cl_3175	0	0	0	4	2	0	0	0	3	0	55	0	0	2	0	0	0	2	2	0	0	6	43	10	66	0	0	104	0	0	0	0	0	0	0	0	0	0	0	0	0	0	0	0	0
Limosilactobacillus pr_cl_3176	0	0	0	0	22	0	2	0	0	0	0	0	0	0	0	0	0	0	0	0	0	0	1482	0	0	0	0	0	0	0	0	0	0	0	0	6	2317	0	0	0	0	0	11	0	0
Limosilactobacillus pr_cl_3174	0	2	116	0	251	0	16	0	5	4	133	2	1	11	4	94	8	0	902	176	10	2	89	54	17	4	0	10	15	2	1	7	0	0	317	0	116	0	4	4	8	23	10	0	6
Limosilactobacillus pr_cl_3171	0	4	0	0	69	0	0	2	0	0	0	0	2	10	0	78	23	0	8	0	0	3	2161	1	3	41	0	2	1	9	0	1	0	0	0	0	3	1	0	0	0	732	297	0	0
Limosilactobacillus pr_cl_3172	0	6	0	0	150	6	0	2	1	0	0	0	0	320	2	8	0	0	2	0	2	50	171075	6	0	10	0	11	0	1	0	0	0	0	0	0	4	0	8	0	3	65	33	0	0
Lacticaseibacillus pr_cl_1213	1	2	1	6	3	2	2	0	9	4	1	2	8	1	10	2	1	0	0	0	0	0	19	8	0	4	6	0	0	0	2	0	0	0	0	0	1	5	5	0	2	5	0	2	0
Lacticaseibacillus pr_cl_1212	2	0	1	4	62	0	0	0	4	8	0	0	5	0	12	0	0	0	3	0	0	2	40	13	0	2	0	2	0	0	4	0	0	0	0	4	1	4	8	1	0	1	10	2	0
Lactobacillus pr_cl_1844	0	0	3	0	1	0	0	0	0	3	144	0	0	11	0	9	0	0	13	0	0	0	3	1	0	5	0	0	10	0	38	32	0	0	6	0	0	5	0	0	0	2	0	0	0
Lactobacillus pr_cl_1843	0	0	0	0	27	0	0	0	0	0	0	0	0	0	0	32	2	0	13	0	0	2	9	2	45	12	0	0	0	0	0	0	0	0	77	0	0	0	2	0	0	0	6	0	0
Lactobacillus pr_cl_1845	0	0	0	0	11	0	0	0	1	0	1	0	0	0	0	4	12	0	2	0	0	0	4	0	34	0	0	0	2	3	0	0	0	0	0	3	0	2	2	0	0	0	0	0	0
Lactobacillus pr_cl_1602	0	46	13	148	14	6	76	6	32	45	32	126	52	55	57	56	28	49	14	61	88	68	13	88	165	8	119	81	120	4	12	5	0	0	9	25	10	38	928	3	45	94	14	56	5
Lactobacillus pr_cl_1846	2	21	0	8	119	0	8	0	2	20	12	2	8	8	0	37	6	2	12	4	8	5	714	15	75	49	6	4	2	10	8	0	0	2	21	15	3	12	14	0	2	73	15	2	2
Ligilactobacillus pr_cl_1601	5	20	5	43	489	2	0	3	19	8	2	1	4	29	4	11	24	0	8	2	6	12	1146	19	47	102	2	10	3	9	0	18	0	0	42	1	13	7	13	1	3	10	13	2	2
Aerococcaceae pr_cl_1838	0	0	0	2	0	0	0	0	5	0	0	0	0	0	0	0	0	2	0	2	0	0	0	0	0	0	0	4	1	0	0	0	0	0	0	0	0	6	1	0	2	0	0	2	0
Abiotrophia pr_cl_1842	0	0	29	2	0	0	8	2	7	2	6	4	0	0	1	4	11	0	2	0	10	2	0	14	0	0	6	171	0	0	0	0	0	0	0	0	0	8	8	0	16	0	0	4	0
Abiotrophia pr_cl_1837	0	0	0	0	0	0	0	0	0	0	0	0	0	0	0	0	0	0	0	0	0	0	0	0	0	0	0	0	0	0	0	0	0	0	0	0	0	0	0	0	0	0	0	0	0
Abiotrophia pr_cl_1828	5	19	515	29	10	72	20	429	982	281	39	69	16	29	2	1	60	0	6	17	11	51	0	117	22	18	24	36	3	1	10	7	5	0	63	8	0	118	37	6	96	7	8	148	13
Abiotrophia pr_cl_1824	7	34	687	26	10	88	39	341	813	153	44	60	13	11	3	4	33	3	5	6	43	52	0	285	11	13	20	41	6	1	7	3	0	0	38	1	2	200	28	13	51	5	8	29	10
Abiotrophia pr_cl_1833	11	55	2449	73	18	209	136	1014	3359	634	227	145	39	16	11	2	125	11	14	11	59	122	2	686	15	3	11	85	28	15	41	13	7	0	149	5	0	266	96	35	135	24	28	132	29
Abiotrophia pr_cl_1831	13	79	2643	55	26	216	137	949	4654	909	249	70	36	20	16	5	118	8	8	19	98	132	1	701	10	3	16	84	18	31	30	13	7	0	192	13	0	381	84	48	148	49	30	101	31
Abiotrophia pr_cl_1832	14	52	1466	80	32	118	214	620	3507	783	328	82	18	25	27	7	186	10	12	11	56	55	1	405	11	3	8	44	8	5	22	14	3	0	121	7	0	221	70	20	141	27	18	82	25
Abiotrophia pr_cl_1835	44	53	1423	155	30	360	440	2476	4748	1108	129	109	68	52	10	4	125	18	3	30	70	347	1	318	9	7	37	79	10	6	150	75	8	0	136	2	1	287	91	10	58	15	21	290	21
Abiotrophia pr_cl_1825	46	163	5010	168	38	840	418	3362	7900	1446	342	325	107	111	34	33	522	33	33	42	230	663	4	1896	23	19	182	529	46	31	142	50	25	0	448	33	1	1408	228	57	266	58	74	382	84
Abiotrophia pr_cl_1836	79	8512	6772	149	94	380	1345	2396	8807	1804	2058	309	119	88	90	35	387	24	273	55	168	289	6	1106	62	20	90	104	140	69	38	80	45	2	368	18	6	1322	456	91	578	119	38	361	78
Abiotrophia pr_cl_1826	423	1028	62269	1538	323	6588	4360	55852	50885	9943	2337	1913	956	858	118	95	72917	245	142	242	43366	39281	345	98256	198	90	515	13284	331	186	1460	418	224	4	8330	737	38	116339	13066	500	1370	323	392	2910	2357
Abiotrophia pr_cl_1827	571	1512	40952	2029	465	5007	6931	36724	69063	13722	3341	2992	974	1193	269	213	5622	189	234	435	3614	7015	95	15530	243	162	474	3118	401	256	1343	4158	173	5	4271	341	12	9712	2021	604	2292	463	342	3573	761
Abiotrophia pr_cl_1830	960	4495	53222	2992	1719	15225	14851	51911	190697	38325	12562	25428	2296	15756	784	377	3759	356	1170	1375	1607	7780	106	11590	711	260	1123	2936	749	493	1604	4742	879	5	4870	160	14	12184	4517	636	12360	882	498	10800	923
Abiotrophia pr_cl_1829	1071	4806	95502	3661	1156	7580	8215	33885	158893	32085	11357	6281	1277	2151	751	401	4870	473	614	1075	3622	5429	101	22814	479	280	869	2760	1109	727	1748	1080	483	16	7365	172	6	13013	4070	1574	8689	1427	1328	4840	1062
Abiotrophia pr_cl_1834	1548	188	3353	444	90	283	593	2025	8098	1515	420	568	127	82	37	18	258	13	52	120	85	472	10	752	38	19	57	101	50	23	87	34	20	0	245	5	0	496	155	33	227	52	46	309	51
Granulicatella pr_cl_2074	0	0	6	2	8	37	3	3	7	0	0	1	0	2	0	91	11	18	2	0	1	0	2	4	1	0	9	5	57	0	0	2	0	0	2	0	1	2	0	65	50	22	0	87	24
Granulicatella pr_cl_2053	0	0	17	13	23	3	0	1	2	4	0	0	1	5	0	23	18	0	29	2	12	57	245	2	53	7	95	0	48	2	2	4	0	0	2	0	2	1	2	0	46	8	24	0	0
Granulicatella pr_cl_2065	0	2	15	2	0	7	4	0	1	8	1	1	0	4	0	7	0	6	0	0	4	0	1	2	0	0	0	0	1	0	0	1	0	0	0	0	1	0	0	4	1	12	0	4	0
Granulicatella pr_cl_2049	0	0	0	0	0	0	0	1	5	1	22	0	45	1	0	50	0	0	0	0	2	2	10	1	3	0	0	0	0	0	0	2	0	0	0	2	0	0	1	0	1	0	0	5	0
Granulicatella pr_cl_2054	0	0	20	0	0	3	11	5	4	2	0	0	3	1	0	8	6	0	3	1	0	0	6	0	0	0	4	5	8	0	0	7	1	0	5	0	0	0	0	7	0	2	2	0	0
Granulicatella pr_cl_2023	0	2	30	1	0	9	7	5	23	9	6	7	0	3	0	41	5	12	9	1	1	11	1	6	1	3	8	2	15	0	0	0	0	0	2	4	0	11	12	18	8	18	1	7	0
Granulicatella pr_cl_2024	0	0	18	3	0	4	2	2	7	0	1	13	0	1	1	9	5	1	4	1	3	0	4	0	15	4	3	2	3	1	0	3	2	0	1	0	0	2	9	6	8	3	1	6	0
Granulicatella pr_cl_2059	0	0	0	0	0	0	0	0	3	0	0	0	0	0	0	0	0	0	0	0	1	0	0	0	0	0	0	0	0	0	0	0	0	0	0	0	0	2	0	0	0	0	0	0	0
Granulicatella pr_cl_2055	0	0	4	0	0	1	0	2	2	0	1	0	0	1	0	4	1	4	0	1	1	0	0	3	0	0	1	0	2	0	0	0	0	0	0	0	0	6	4	2	0	0	2	0	0
Granulicatella pr_cl_2058	0	4	3	0	0	1	0	1	5	4	0	4	0	3	0	5	2	0	4	0	1	1	2	4	5	0	4	1	0	0	0	12	2	0	3	1	0	6	0	2	3	0	1	1	0
Granulicatella pr_cl_2039	0	4	5	0	0	1	10	1	9	3	2	0	2	0	0	12	9	1	0	1	1	0	3	3	0	0	1	2	8	0	0	8	0	0	1	0	0	7	0	3	2	0	1	0	0
Granulicatella pr_cl_2032	0	0	4	0	0	0	0	1	14	8	1	2	0	1	0	8	3	0	0	0	0	2	0	4	0	0	3	2	0	0	0	2	0	0	4	4	0	17	10	2	0	0	3	0	0
Granulicatella pr_cl_2072	0	0	19	2	24	13	1	4	16	0	6	0	0	2	0	33	3	3	6	2	16	2	10	5	3	0	9	25	26	8	0	0	0	0	0	1	0	0	2	5	0	10	0	3	1
Granulicatella pr_cl_2071	0	0	8	2	0	2	12	1	14	3	3	26	0	3	0	25	5	13	5	0	22	3	0	8	14	0	1	45	17	0	0	0	0	2	2	0	0	0	0	4	2	5	1	6	0
Granulicatella pr_cl_2068	0	0	6	0	0	8	1	0	1	1	0	0	0	0	1	18	1	1	0	0	1	0	0	2	0	0	0	2	5	0	0	0	0	0	0	0	0	2	1	7	2	10	1	0	0
Granulicatella pr_cl_2009	0	4	69	1	0	0	0	0	6	1	0	0	0	0	0	0	1	2	0	0	3	0	2	8	0	0	4	2	4	0	0	5	0	0	0	6	2	0	4	1	2	0	0	2	0
Granulicatella pr_cl_2041	0	0	4	0	0	0	0	1	2	1	2	0	0	1	0	0	0	0	0	0	0	0	0	0	0	0	2	3	2	0	0	0	0	0	0	2	0	0	0	0	2	0	0	0	0
Granulicatella pr_cl_2006	0	0	8	0	0	0	0	2	0	0	0	0	0	1	0	0	0	0	0	0	3	0	0	1	0	0	0	0	0	0	0	1	0	0	0	0	0	6	0	0	6	0	0	0	1
Granulicatella pr_cl_2038	0	8	32	0	4	14	7	11	45	11	4	2	3	0	0	10	9	2	3	6	4	5	5	5	3	0	31	18	14	0	3	16	0	0	2	6	2	16	1	6	2	3	4	16	0
Granulicatella pr_cl_2045	0	0	41	0	12	7	19	1	11	0	11	7	4	0	0	31	5	8	2	0	24	4	2	15	16	4	5	3	12	0	2	3	0	0	3	3	2	12	1	12	2	10	2	4	0
Granulicatella pr_cl_2005	0	6	9	4	0	4	2	0	0	0	0	9	0	1	2	0	0	0	0	1	33	0	0	1	0	0	11	13	15	1	0	2	0	0	0	0	0	0	3	1	6	0	0	2	1
Granulicatella pr_cl_2011	0	4	25	4	0	0	0	0	2	4	0	2	0	0	0	0	0	1	1	0	0	0	0	4	2	0	1	0	3	0	0	8	0	0	0	0	0	0	4	0	5	0	0	0	0
Granulicatella pr_cl_2060	0	0	7	5	1	1	5	0	3	8	4	2	2	19	1	22	2	2	13	1	10	1	9	4	12	0	4	0	1	0	0	4	0	2	0	4	0	4	0	1	0	4	0	5	0
Granulicatella pr_cl_2046	0	1	7	2	3	13	8	0	2	2	3	1	0	2	1	13	2	3	5	2	1	2	0	6	1	0	3	11	5	1	0	2	0	0	4	0	0	9	1	19	5	2	0	2	0
Granulicatella pr_cl_2063	1	10	21	0	0	4	0	2	14	7	1	0	0	0	0	3	0	0	2	0	1	0	0	1	0	3	0	2	5	0	0	11	0	0	1	0	2	6	3	0	0	2	12	2	0
Granulicatella pr_cl_2051	1	12	27	1	5	16	7	3	8	2	2	5	6	5	0	54	8	3	1	0	7	0	0	6	0	0	5	11	27	0	0	0	2	0	2	9	1	1	1	27	3	3	0	5	1
Granulicatella pr_cl_2078	1	5	17	0	8	47	3	16	34	54	732	3	0	1	0	68	10	16	2	2	6	9	4	6	1	0	3	5	67	2	2	3	0	0	1	3	1	2	1	56	16	33	2	4	0
Granulicatella pr_cl_2061	1	1	10	0	0	7	3	0	13	7	0	4	2	3	0	10	1	2	2	2	6	1	0	2	0	1	7	2	5	0	0	13	1	0	4	2	1	13	1	0	8	4	1	7	1
Granulicatella pr_cl_2015	1	0	44	3	5	3	0	0	10	12	0	29	0	0	0	5	5	6	6	7	7	15	12	17	3	0	5	12	0	0	0	0	0	4	0	6	4	8	20	5	9	0	0	20	0
Granulicatella pr_cl_2052	1	0	14	0	2	4	3	3	29	5	2	2	0	4	0	4	1	0	2	1	0	3	0	3	4	2	4	4	10	0	2	5	4	0	0	0	0	3	0	6	1	0	2	4	0
Granulicatella pr_cl_2069	1	1	9	0	6	19	7	4	3	0	20	1	1	3	0	32	7	8	0	0	3	0	0	0	0	2	7	5	17	0	0	0	0	0	0	0	0	0	9	26	1	18	1	11	0
Granulicatella pr_cl_2029	2	11	49	5	7	19	2	6	38	10	26	6	5	2	1	55	5	2	7	3	1	11	2	8	2	1	20	8	7	2	0	11	0	0	3	2	7	24	2	3	21	1	5	12	0
Granulicatella pr_cl_2003	2	2	17	0	0	0	0	0	3	0	0	0	1	0	0	0	0	1	0	0	1	0	2	4	0	0	2	0	1	0	0	1	0	0	0	2	0	3	3	0	4	0	0	2	0
Granulicatella pr_cl_2073	2	4	13	4	8	5	1	6	6	2	28	10	6	4	0	29	14	0	41	5	1	6	4	7	14	3	19	5	13	1	0	2	0	0	4	0	0	2	14	6	10	7	5	18	0
Granulicatella pr_cl_2043	2	2	16	1	9	1	2	2	21	2	4	4	1	2	0	11	2	1	2	0	1	5	1	2	19	0	6	1	6	0	0	0	0	0	0	8	0	2	0	1	4	0	1	1	0
Granulicatella pr_cl_2067	2	1	42	0	6	11	15	12	33	2	2	2	0	1	0	20	4	5	0	0	3	4	2	24	0	0	14	9	7	0	0	7	0	1	11	1	0	10	7	12	10	5	3	24	1
Granulicatella pr_cl_2033	3	11	99	4	4	8	3	19	27	7	5	2	0	5	2	8	6	3	1	0	18	2	4	9	9	0	9	6	8	1	1	6	0	0	4	3	0	25	4	6	9	5	5	11	0
Granulicatella pr_cl_2077	3	0	4	0	2	17	0	2	3	4	12	4	4	1	0	22	0	1	5	7	1	9	3	9	5	3	1	15	18	0	0	7	0	0	0	0	0	11	10	25	9	6	1	3	0
Granulicatella pr_cl_2036	3	22	5	0	5	12	2	12	17	35	3	2	2	34	2	8	10	1	3	3	2	5	2	2	0	1	19	4	12	3	0	6	0	0	2	1	1	0	2	4	15	10	8	4	0
Granulicatella pr_cl_2048	3	9	5	0	0	2	0	3	6	2	0	0	2	0	0	10	0	4	8	21	0	0	2	0	0	0	0	28	12	0	0	4	0	0	7	4	0	0	0	3	1	3	24	3	0
Granulicatella pr_cl_2066	3	5	12	2	5	39	4	11	1	4	0	8	0	2	0	72	15	13	4	0	6	1	0	6	0	0	5	4	36	0	0	0	0	0	1	0	0	9	2	34	0	21	2	2	0
Granulicatella pr_cl_2027	3	4	11	1	0	14	4	5	41	30	3	5	2	1	0	9	4	2	6	2	8	20	0	13	4	0	9	5	15	0	0	11	0	1	0	2	1	27	0	7	3	11	2	11	0
Granulicatella pr_cl_2020	3	11	66	2	5	3	22	10	31	12	10	7	3	6	2	25	25	0	8	2	6	10	7	7	8	0	13	4	7	0	5	5	0	0	15	8	0	3	0	4	11	5	4	12	0
Granulicatella pr_cl_2007	3	7	9	2	1	0	4	0	2	2	10	4	14	0	1	28	0	2	109	0	1	0	5	8	5	0	18	76	5	0	0	3	0	0	2	3	0	8	10	0	2	2	5	0	0
Granulicatella pr_cl_2028	4	21	17	6	6	1	9	2	44	15	4	25	8	5	0	21	2	1	1	5	2	5	1	9	11	0	5	0	16	0	2	9	2	0	0	3	5	0	0	15	15	9	1	16	1
Granulicatella pr_cl_2031	4	0	23	8	5	9	1	8	25	22	1	2	2	1	0	22	7	4	1	6	0	3	2	10	0	0	5	1	3	0	0	8	0	0	10	0	1	6	5	5	7	2	11	3	0
Granulicatella pr_cl_2025	4	1	227	2	7	4	0	6	202	16	2	1	1	0	4	23	7	5	0	3	5	1	3	3	19	0	11	0	4	0	2	5	2	0	5	1	1	3	0	8	6	6	7	4	0
Granulicatella pr_cl_2010	5	29	67	7	7	0	0	5	5	3	101	2	34	2	4	5	216	2	3	5	4	4	27	15	50	0	37	13	8	0	2	9	11	0	7	0	3	2	5	3	28	0	1	8	1
Granulicatella pr_cl_2075	5	0	31	9	2	10	13	5	33	10	7	8	2	0	11	19	5	4	0	3	0	4	0	17	7	1	8	2	28	4	3	0	2	0	0	2	0	10	3	19	3	8	0	8	2
Granulicatella pr_cl_1999	5	8	15	7	0	3	0	0	5	0	0	0	0	3	0	1	5	0	2	0	1	2	1	12	2	0	0	1	2	0	0	9	0	0	0	0	0	1	1	0	9	0	0	0	0
Granulicatella pr_cl_2070	5	12	81	4	32	107	11	37	155	41	7	79	2	6	0	233	39	58	24	4	30	58	4	34	9	2	45	34	101	5	0	12	2	0	0	6	1	8	30	104	15	76	19	15	6
Granulicatella pr_cl_2034	6	7	156	1	3	28	7	33	34	17	10	17	4	3	0	35	17	7	0	1	28	1	0	11	4	2	7	3	9	1	2	5	0	0	13	4	4	46	10	7	17	14	1	13	2
Granulicatella pr_cl_2057	6	4	38	5	4	14	4	7	20	11	24	2	11	17	1	48	12	2	2	3	3	1	2	5	20	0	13	8	17	4	2	4	0	0	0	6	0	28	7	13	12	10	0	3	0
Granulicatella pr_cl_2035	6	7	114	2	10	26	15	20	77	37	17	8	0	9	7	37	20	1	19	2	10	0	24	35	50	4	21	53	32	4	1	18	2	0	7	6	3	36	11	15	20	21	12	22	1
Granulicatella pr_cl_2001	7	12	35	3	0	0	3	6	4	7	0	1	1	1	0	1	0	6	0	3	1	3	0	4	4	0	1	0	3	0	4	10	0	0	4	0	0	6	11	0	7	0	0	4	0
Granulicatella pr_cl_2012	7	8	347	156	37	46	34	13	81	21	236	53	0	12	19	32	32	13	7	12	26	5	2	65	94	49	92	97	17	14	1	32	0	2	6	0	2	74	825	6	245	15	27	38	0
Granulicatella pr_cl_2030	7	4	19	2	2	10	3	1	11	8	2	2	2	2	2	5	8	0	2	1	1	3	4	10	2	2	5	5	7	2	0	5	0	0	4	3	5	27	1	5	11	2	1	7	0
Granulicatella pr_cl_2079	7	9	35	13	6	23	37	17	78	35	4	17	2	8	7	53	5	4	9	4	3	19	22	10	13	2	33	28	26	8	6	9	0	0	9	2	7	7	8	10	15	29	4	21	20
Granulicatella pr_cl_2008	7	3	278	0	1	0	0	0	34	2	1	0	2	0	2	5	0	3	0	2	10	0	0	8	1	0	4	8	6	0	0	13	0	0	1	4	2	0	2	0	8	2	0	1	3
Granulicatella pr_cl_2021	8	15	54	3	3	59	18	133	38	8	7	12	25	156	2	93	23	41	4	40	15	466	12	90	15	4	11	14	28	46	0	118	6	0	17	6	2	72	121	29	16	21	11	21	4
Granulicatella pr_cl_2022	8	208	10	8	3	13	4	5	20	16	5	6	5	41	2	35	718	4	18	3	8	1	172	40	10	7	51	62	27	2	0	5	56	0	26	0	2	9	2	16	23	10	2	21	0
Granulicatella pr_cl_2040	10	26	43	0	8	26	18	12	34	21	7	3	2	7	0	26	4	1	2	2	5	9	5	11	4	0	4	1	20	0	0	30	0	0	6	3	7	22	6	15	14	3	8	6	1
Granulicatella pr_cl_2013	11	46	138	40	4	31	30	8	39	8	76	30	15	4	55	88	60	13	10	113	70	36	5	71	55	9	27	179	95	45	3	48	6	7	21	13	17	29	93	4	37	54	38	13	2
Granulicatella pr_cl_2037	11	18	152	18	18	36	23	32	1202	207	67	282	28	31	17	135	135	3	30	13	84	78	25	65	29	8	153	74	71	0	2	32	1	2	24	35	40	69	177	15	36	15	10	86	5
Granulicatella pr_cl_1995	12	14	84	11	0	10	6	0	49	3	2	8	2	6	0	7	3	1	9	1	2	9	0	30	6	0	5	3	19	2	0	59	3	0	5	0	5	16	18	3	43	3	0	10	1
Granulicatella pr_cl_2056	12	10	336	14	28	117	24	51	103	23	21	7	8	5	0	167	27	36	3	3	41	23	3	250	3	8	29	10	65	2	8	22	0	0	19	10	0	93	17	75	34	30	8	63	8
Granulicatella pr_cl_2018	14	39	38	2	8	13	30	12	175	59	15	16	3	8	5	24	24	10	13	15	13	28	5	36	65	6	71	36	27	0	2	11	0	22	2	31	0	4	7	14	17	17	13	61	8
Granulicatella pr_cl_2050	14	1	40	1	4	3	50	9	27	12	13	1	4	2	0	17	13	4	28	23	24	22	2	21	2	4	26	159	17	2	24	17	0	0	9	3	4	0	0	3	1	10	0	2	0
Granulicatella pr_cl_2062	15	39	75	5	45	3	43	17	95	43	19	4	3	6	1	41	7	3	7	12	5	3	10	8	7	2	18	14	11	0	3	20	3	0	15	10	3	14	0	9	16	6	6	24	1
Granulicatella pr_cl_2002	16	59	287	90	2	13	3	8	46	45	7	13	9	23	2	19	12	17	4	6	5	14	1	27	44	0	30	42	15	0	0	55	3	2	53	6	4	15	46	1	38	23	9	17	1
Granulicatella pr_cl_2044	16	26	2	2	7	25	172	15	7	5	277	46	19	27	9	11	64	1	70	16	16	7	2	7	32	3	32	27	68	1	1	0	6	0	4	22	0	0	4	3	22	13	0	118	2
Granulicatella pr_cl_2000	17	3	17	0	0	152	0	26	7	2	20	4	2	8	0	4	7	3	1	4	1	118	1	20	3	0	26	296	1	0	0	1	3	0	2	1	6	13	29	3	7	2	1	5	0
Granulicatella pr_cl_2047	18	5	8	43	5	6	55	10	15	8	29	76	8	25	83	174	8	6	43	37	16	15	9	13	37	2	23	18	44	0	3	16	12	0	4	5	1	4	1	81	51	11	7	47	5
Granulicatella pr_cl_2014	18	20	67	60	119	6	39	18	99	68	92	30	94	180	278	220	29	0	71	224	16	25	72	27	800	17	54	9	54	4	1	30	34	2	8	43	5	21	22	115	17	132	14	27	2
Granulicatella pr_cl_2064	18	42	265	13	49	157	62	39	333	154	46	41	20	52	3	282	50	36	22	113	40	38	30	68	36	12	89	127	187	4	6	38	2	2	34	32	6	100	20	189	41	78	10	83	5
Granulicatella pr_cl_2026	20	33	107	248	56	39	158	21	148	140	199	11	109	60	179	138	66	4	90	76	16	22	55	93	221	14	69	29	131	0	2	61	21	9	3	51	41	70	8	97	114	213	17	70	3
Granulicatella pr_cl_1998	25	10	79	13	2	5	8	1	30	6	3	2	1	13	2	15	11	1	1	0	20	4	4	26	14	0	7	15	14	0	0	53	3	0	2	2	2	12	20	4	32	9	0	10	2
Granulicatella pr_cl_2004	26	10	129	115	105	14	100	28	798	241	484	200	136	247	222	114	61	41	60	158	72	67	63	68	519	25	76	65	329	66	63	94	21	4	16	11	6	19	59	16	300	172	23	82	8
Granulicatella pr_cl_2076	40	3	12	77	9	16	104	7	17	47	149	53	7	5	4	49	48	6	10	11	35	180	6	19	27	18	35	2	81	4	0	5	5	3	10	19	0	2	7	35	34	77	6	80	28
Granulicatella pr_cl_1997	117	162	341	95	12	60	22	18	117	49	37	24	13	33	13	45	22	24	14	47	45	67	12	186	37	2	30	88	47	2	0	545	5	0	47	11	29	81	119	23	234	27	14	86	11
Granulicatella pr_cl_2042	198	317	1438	249	294	591	594	329	1952	1057	580	745	215	517	210	2163	1351	225	349	412	850	651	242	737	847	136	854	1144	957	55	64	709	18	23	285	227	158	739	273	665	741	395	242	907	81
Granulicatella pr_cl_2019	247	457	1301	98	166	235	390	275	1852	708	200	127	53	131	28	509	246	31	168	202	120	280	126	286	228	64	431	570	335	14	35	91	9	17	134	133	18	177	85	266	401	198	130	699	31
Granulicatella pr_cl_1996	275	53	183	800	76	101	224	206	168	316	100	134	88	15	73	154	198	486	197	726	70	932	128	156	398	34	615	82	42	45	38	48	23	15	29	87	7	940	2579	95	477	76	19	294	73
Granulicatella pr_cl_2016	3062	291	5018	2122	460	1915	1991	512	10787	7782	2371	24190	901	627	194	4645	15817	191	1737	786	46843	10002	455	4997	858	557	18596	182929	3177	541	187	83	70	153	578	2517	52	3122	8045	1647	6364	802	888	6633	653
Granulicatella pr_cl_2017	5872	53084	28985	2153	10871	9841	22784	10417	109115	30016	8539	4221	2674	16375	789	19785	7491	445	24152	10222	5217	6203	9696	12524	36583	2340	8403	9286	25672	891	2114	78205	458	413	11491	8357	4356	3980	1637	4004	9648	8594	11815	17156	874
Lactococcus pr_cl_2144	0	1	6	2	0	2	5	0	4	0	1	0	2	0	2	0	0	0	0	0	1	4	2	0	2	0	2	4	0	0	0	0	0	0	2	0	1	5	6	2	0	0	0	0	2
Lactococcus pr_cl_2145	6	22	1	2	21	1	29	5	9	10	0	0	21	7	4	13	0	0	6	3	4	2	4	1	30	0	1	0	0	2	0	0	5	0	0	0	0	6	7	11	2	2	4	4	10
Streptococcus pr_cl_2184	0	2	17	1	4	9	3	4	6	1	4	8	5	7	0	2	2	0	6	6	41	8	8	8	6	0	3	8	3	0	0	3	0	0	5	0	5	5	4	4	0	5	5	10	2
Streptococcus pr_cl_2294	0	0	0	15	0	0	7	0	0	0	0	0	0	2	2	7	5	2	1	0	2	0	0	5	2	2	0	15	1	0	0	4	0	0	0	1	0	1	4	0	4	0	0	2	0
Streptococcus pr_cl_2424	0	8	11	0	4	6	18	39	256	14	15	4	5	1	2	34	13	0	12	9	33	1	7	52	9	1	15	19	5	2	1	9	0	0	13	0	2	2	6	0	4	17	4	35	4
Streptococcus pr_cl_2350	0	0	6	0	35	2	25	6	6	1	0	0	0	0	3	77	4	4	4	3	4	6	4	11	267	17	0	5	10	4	0	8	0	0	1	30	1	2	1	1	20	4	0	0	0
Streptococcus pr_cl_2330	0	0	0	0	0	0	0	1	15	0	4	2	1	1	0	3	1	2	0	0	2	0	0	2	0	0	0	9	0	0	0	4	0	0	0	2	0	0	0	0	4	0	0	2	1
Streptococcus pr_cl_2159	0	0	0	0	0	0	0	0	0	1	0	0	0	0	0	1	0	0	0	0	0	0	0	0	2	0	0	0	0	0	0	0	0	0	0	0	0	0	0	0	0	0	0	0	0
Streptococcus pr_cl_2251	0	36	3	8	55	6	14	0	28	3	3	3	2	0	0	7	7	0	4	6	4	1	0	5	39	0	6	6	2	0	0	0	0	0	0	4	10	4	2	0	2	0	0	0	2
Streptococcus pr_cl_2179	0	0	1	0	2	0	0	0	0	0	6	1	3	3	0	3	1	0	1	1	0	8	0	0	4	2	1	0	0	0	0	12	0	0	0	0	0	2	0	0	1	0	1	0	0
Streptococcus pr_cl_2263	0	2	2	0	5	8	11	6	14	0	1	6	4	1	0	2	2	0	0	7	13	3	4	7	1	0	2	0	0	0	0	1	2	0	0	0	0	2	2	1	6	0	0	2	0
Streptococcus pr_cl_2239	0	0	1	0	3	3	16	4	22	10	4	1	0	3	0	4	5	0	131	10	0	0	3	3	6	2	9	1	4	0	8	3	0	0	4	0	0	2	4	0	7	1	1	2	0
Streptococcus pr_cl_2270	0	11	16	3	3	0	1	1	6	1	0	0	0	1	0	3	0	8	6	0	0	8	4	16	0	1	2	2	4	0	0	36	0	0	0	0	7	2	1	1	1	2	0	0	5
Streptococcus pr_cl_2174	0	0	0	40	11	9	6	4	4	54	7	16	0	0	0	12	19	0	0	0	0	0	8	20	29	1	43	2	2	0	0	6	11	0	19	0	0	3	0	0	1	10	6	0	0
Streptococcus pr_cl_2157	0	14	285	0	1	51	0	16	220	8	2	1	0	21	1	6	2	0	1	1	119	8	0	69	20	1	0	2	1	0	0	1	0	0	5	0	0	18	2	2	3	0	0	4	0
Streptococcus pr_cl_2280	0	1	0	0	0	1	0	2	13	6	1	2	12	1	0	10	19	8	3	1	13	1	6	8	4	0	6	4	10	0	0	5	2	0	0	0	3	0	3	0	0	1	1	10	2
Streptococcus pr_cl_2178	0	0	5	0	0	1	0	0	1	2	5	0	0	3	2	9	0	0	5	1	0	0	0	1	7	0	2	1	3	0	0	1	3	0	0	0	0	0	0	3	1	1	0	0	0
Streptococcus pr_cl_2261	0	0	9	0	0	6	0	0	15	1	4	0	0	3	3	17	2	0	0	5	6	1	0	1	0	3	27	0	0	0	0	8	0	1	0	2	1	0	1	2	1	1	2	2	0
Streptococcus pr_cl_2256	0	2	20	10	6	2	0	15	22	1	9	1	7	43	31	19	9	2	0	2	10	9	7	7	12	5	29	3	2	2	0	9	0	0	0	1	4	7	7	1	11	2	36	11	0
Streptococcus pr_cl_2160	0	2	0	0	2	0	0	0	2	2	10	0	0	0	0	0	0	0	0	0	2	0	1	0	3	0	0	0	3	0	0	1	0	0	0	0	1	0	0	0	0	0	0	0	2
Streptococcus pr_cl_2254	0	0	15	0	4	0	0	1	25	0	0	6	0	0	0	3	4	0	0	0	3	0	2	18	10	0	10	3	7	0	0	12	2	0	0	2	2	6	6	0	2	2	1	0	1
Streptococcus pr_cl_2274	0	0	4	3	1	10	0	5	5	0	7	2	0	0	0	0	10	3	17	13	1	66	10	9	2	0	2	2	2	1	0	2	0	0	0	5	1	8	132	1	7	1	1	2	0
Streptococcus pr_cl_2476	0	14	1	4	0	1	3	11	60	19	8	1	0	2	4	0	3	0	0	0	6	12	3	3	1	1	5	0	0	0	0	2	0	0	23	3	0	20	0	0	1	0	0	4	0
Streptococcus pr_cl_2514	0	5	8	0	10	4	24	2	19	3	6	10	17	7	108	72	40	7	3	10	32	18	32	19	20	2	22	51	59	25	1	0	5	0	3	10	29	74	74	3	8	19	55	10	4
Streptococcus pr_cl_2262	0	2	10	2	0	1	0	1	18	2	7	3	0	3	4	2	0	0	5	0	8	5	1	20	1	0	2	16	1	1	0	8	0	0	0	0	2	6	3	1	5	0	0	2	0
Streptococcus pr_cl_2248	0	6	4	1	3	14	3	2	12	0	1	7	2	2	2	5	3	2	0	2	6	10	3	8	0	6	0	0	0	0	0	41	1	0	0	2	2	11	91	0	1	2	0	0	0
Streptococcus pr_cl_2385	0	4	4	7	1	1	5	0	5	0	7	0	0	2	0	2	0	0	0	2	9	11	0	14	0	0	4	3	3	0	0	6	0	0	0	0	1	16	8	0	3	3	0	2	1
Streptococcus pr_cl_2379	0	2	34	12	9	6	12	0	7	5	4	7	21	18	2	8	6	1	7	28	24	4	21	37	21	2	15	16	13	9	0	13	1	0	3	1	19	0	2	1	6	16	19	3	0
Streptococcus pr_cl_2271	0	18	28	0	2	2	3	0	15	2	1	8	0	2	8	3	0	1	11	4	0	8	2	15	2	0	8	2	0	0	0	5	0	0	2	0	10	2	21	4	7	3	7	21	4
Streptococcus pr_cl_2243	0	2	24	8	4	8	2	16	27	1	2	3	4	10	3	12	12	0	8	4	4	3	1	12	2	1	27	22	4	0	1	6	2	2	9	0	0	4	17	2	10	3	10	20	4
Streptococcus pr_cl_2292	0	3	27	2	12	23	0	15	21	4	2	75	2	16	4	49	6	0	4	4	10	62	2	1	2	0	7	7	0	11	0	1	0	0	0	2	0	6	13	2	4	0	0	4	1
Streptococcus pr_cl_2311	0	0	60	8	7	0	15	3	15	2	4	35	2	115	2	1	11	2	0	3	8	12	1	11	0	0	37	8	4	1	0	11	0	0	0	1	6	8	3	0	7	0	4	2	0
Streptococcus pr_cl_2456	0	11	82	50	11	17	71	97	279	127	14	12	20	29	1	1	54	9	3	7	63	80	19	394	26	9	8	51	11	5	22	18	2	1	69	35	6	824	289	10	10	32	14	85	6
Streptococcus pr_cl_2245	0	1	27	4	17	4	0	11	21	3	4	7	5	17	2	22	25	24	18	11	0	132	5	123	12	0	21	14	5	5	0	0	0	2	7	5	0	46	774	0	26	5	0	14	0
Streptococcus pr_cl_2510	0	2	4	4	24	4	0	1	17	6	3	66	2	7	0	2	4	13	4	5	5	2	24	10	40	2	3	11	1	0	0	0	0	0	2	1	1063	13	17	1	0	1	0	4	0
Streptococcus pr_cl_2163	0	0	0	0	0	0	0	0	1	1	2	1	0	2	1	0	0	0	0	0	0	1	0	0	0	1	0	0	0	0	0	0	1	0	0	0	2	0	0	0	0	0	0	0	0
Streptococcus pr_cl_2333	0	14	3	3	0	4	6	4	46	9	4	17	1	0	4	4	15	2	0	15	0	0	0	5	16	4	25	0	1	4	0	3	0	1	2	38	0	6	2	1	14	3	0	0	0
Streptococcus pr_cl_2241	1	1	2	5	2	4	6	0	8	8	1	7	2	10	2	39	10	0	17	1	16	9	4	0	0	3	89	0	2	2	0	1	0	8	0	0	0	2	29	0	1	7	8	10	0
Streptococcus pr_cl_2513	1	8	19	12	43	5	24	1	37	37	20	11	10	18	0	67	11	7	2	9	147	9	17	17	33	14	18	70	20	2	2	0	0	2	5	3	8	92	102	2	16	7	18	4	0
Streptococcus pr_cl_2389	1	7	17	6	25	4	4	1	26	17	2	7	13	6	22	53	8	0	4	17	8	10	12	24	28	0	11	12	23	6	0	39	4	0	6	10	4	14	22	6	5	6	2	3	0
Streptococcus pr_cl_2371	1	11	30	19	1	19	16	1	67	21	12	11	15	15	7	30	38	4	15	5	32	68	6	21	19	3	66	63	14	10	4	45	3	0	2	7	13	25	170	12	7	4	0	2	3
Streptococcus pr_cl_2273	1	6	4	0	1	0	1	0	43	13	1	3	5	1	4	9	7	0	0	17	6	2	13	13	9	4	6	0	5	0	0	12	0	0	0	0	3	24	8	2	4	5	0	4	7
Streptococcus pr_cl_2312	1	5	11	10	0	0	1	1	23	0	3	2	2	43	6	5	10	0	2	2	19	12	0	19	1	0	2	6	18	0	0	9	0	0	4	0	0	76	4	4	0	0	3	1	0
Streptococcus pr_cl_2240	1	5	1	1	2	5	1	6	12	0	2	0	9	8	9	1	13	3	7	6	14	15	1	24	12	1	6	1	2	0	0	0	0	2	0	0	8	0	1	0	30	0	0	3	1
Streptococcus pr_cl_2308	1	5	1	4	4	3	6	1	5	1	2	2	1	2	0	0	0	0	4	2	52	4	11	8	2	0	9	8	15	3	0	4	1	0	0	2	1	6	3	0	15	1	2	3	0
Streptococcus pr_cl_2165	1	0	10	3	10	0	2	14	5	0	7	15	0	12	4	6	5	0	4	3	30	15	10	8	13	4	8	14	3	0	0	1	0	0	1	0	1	1	2	5	13	4	2	0	0
Streptococcus pr_cl_2169	1	0	2	0	1	0	0	1	4	1	6	0	1	1	0	62	2	0	0	2	4	5	0	0	6	0	5	3	4	0	0	16	4	0	0	0	4	0	3	0	0	7	5	4	0
Streptococcus pr_cl_2328	1	9	14	6	4	14	6	0	584	32	12	2	1	11	7	15	18	2	3	3	3	16	14	16	13	2	2	75	7	0	0	1	2	0	0	2	5	12	23	9	11	4	7	17	0
Streptococcus pr_cl_2181	1	16	7	0	3	2	3	0	11	29	4	3	4	21	3	2	2	0	2	5	6	0	21	0	6	0	0	6	5	1	0	0	0	2	1	0	0	6	5	0	0	2	0	2	3
Streptococcus pr_cl_2505	1	59	13	159	18751	26	404	225	516	65	31	22	3	165	347	8	21	10	13	1054	15	19	1784	200	7643	35	2	4	6	0	1	4	2	0	5	115	1204	31	43	8	0	17	39	10	0
Streptococcus pr_cl_2252	1	2	4	0	0	0	2	0	15	3	0	0	4	0	3	6	1	0	1	1	2	14	3	8	1	0	13	0	3	0	0	5	0	0	0	2	1	2	0	1	2	3	0	1	0
Streptococcus pr_cl_2382	1	15	4	5	0	0	0	0	18	0	0	4	1	0	2	36	0	0	15	3	2	5	0	16	5	0	2	11	5	0	0	1	0	0	0	1	1	4	0	1	4	0	0	1	0
Streptococcus pr_cl_2384	2	1	42	0	0	8	0	2	77	15	1	1	5	12	3	12	5	0	3	0	2	27	6	10	0	0	10	19	4	0	1	5	1	0	1	0	13	0	0	0	1	0	0	11	1
Streptococcus pr_cl_2140	2	4	8	4	24	8	28	9	32	20	8	19	9	18	1	2	12	5	7	0	13	14	9	30	14	12	9	12	11	4	0	0	0	0	0	13	44	36	65	0	5	8	2	2	1
Streptococcus pr_cl_2290	2	8	2	2	5	0	20	0	6	6	0	9	2	4	1	4	11	0	0	6	11	13	7	5	6	7	4	0	9	0	0	0	0	0	0	6	5	4	0	1	0	5	3	2	1
Streptococcus pr_cl_2250	2	4	5	1	0	0	1	2	11	0	2	0	0	0	0	3	0	0	0	1	7	2	0	3	2	0	23	2	6	0	0	11	0	0	0	0	0	0	16	2	0	7	9	0	0
Streptococcus pr_cl_2304	2	12	15	20	4	5	11	4	44	15	16	4	0	6	8	12	26	8	18	7	21	14	5	16	8	2	6	1	1	0	0	22	6	0	0	3	0	0	1	2	1	2	6	9	0
Streptococcus pr_cl_2173	2	57	2	0	2	0	23	1	18	135	12	1	1	13	1	17	5	0	4	2	4	8	4	4	20	3	38	24	2	0	7	9	0	1	3	0	15	0	0	0	31	6	13	4	0
Streptococcus pr_cl_2279	2	4	0	3	1	0	0	2	6	0	4	0	1	0	2	0	0	0	3	0	0	0	4	2	1	0	11	2	4	3	0	13	0	0	0	0	1	0	1	3	0	0	0	3	0
Streptococcus pr_cl_2409	2	40	0	4	1	1	9	4	349	5	0	17	8	0	2	0	0	3	0	0	4	1	1	3	7	0	5	13	11	0	1	11	0	0	0	7	0	0	10	0	0	9	0	2	0
Streptococcus pr_cl_2143	2	14	7	11	15	0	0	9	10	10	2	14	14	5	9	30	11	10	0	31	10	4	20	5	11	0	7	14	11	0	4	0	3	0	0	4	21	7	9	0	6	3	2	2	5
Streptococcus pr_cl_2291	2	14	41	33	1	12	18	7	281	9	6	1	6	2	3	29	19	0	0	18	2	8	4	9	4	0	5	12	12	9	0	13	4	0	8	2	0	3	2	2	2	4	8	21	6
Streptococcus pr_cl_2302	2	27	25	8	30	2	33	4	62	15	14	6	5	11	3	51	22	0	17	3	49	13	15	45	22	8	19	7	9	2	0	167	2	0	0	3	15	15	16	1	6	5	2	28	1
Streptococcus pr_cl_2297	2	12	10	12	0	0	0	2	11	4	5	0	4	4	2	8	23	113	1	9	18	20	9	8	4	0	9	1	20	0	0	2	1	0	0	3	0	40	22	0	22	0	1	0	2
Streptococcus pr_cl_2278	2	0	3	0	4	2	2	0	1	6	2	0	0	4	0	2	1	0	0	0	3	6	4	4	2	0	4	2	2	0	1	10	0	0	0	0	1	0	2	0	0	0	0	2	2
Streptococcus pr_cl_2504	2	104	19	4	373412	7	12447	8	23667	2186	578	75	98	1700	16797	22	16	10	520	5696	21	60	13513	99	179777	51	7	11	15	2	0	5	4	3	0	2070	690	43	60	15	2	121	1395	0	2
Streptococcus pr_cl_2172	2	0	17	0	0	1	0	3	0	0	3	5	0	2	0	5	2	0	0	0	0	0	0	2	3	0	2	0	0	0	0	6	0	0	0	0	1	2	0	0	0	0	0	4	0
Streptococcus pr_cl_2258	2	2	5	0	0	6	4	2	13	0	5	0	1	3	0	30	1	0	2	2	0	0	0	1	9	5	0	0	0	0	0	8	0	0	2	0	0	1	1	2	0	1	2	0	0
Streptococcus pr_cl_2141	3	8	20	2	20	0	0	0	31	2	5	80	11	6	0	18	11	3	2	3	15	0	2	7	6	1	2	92	2	0	0	0	4	0	4	5	2	27	14	3	4	4	10	0	0
Streptococcus pr_cl_2339	3	35	141	38	12	56	51	10	39	12	37	123	13	10	0	160	55	17	45	11	115	35	10	85	128	38	169	116	19	15	0	19	3	0	6	12	9	12	468	4	18	54	16	18	6
Streptococcus pr_cl_2168	3	0	6	0	1	2	0	5	17	1	6	1	11	3	4	5	6	2	6	1	12	5	8	5	17	1	9	1	2	6	0	6	0	2	1	4	6	0	7	7	2	6	5	0	0
Streptococcus pr_cl_2342	3	9	45	9	4	6	26	6	30	14	15	27	1	11	4	41	28	19	1	6	31	18	8	12	15	4	31	16	10	7	3	34	3	3	2	1	4	19	28	0	84	15	6	21	6
Streptococcus pr_cl_2167	3	0	14	9	7	8	14	1	71	8	17	6	5	3	1	15	16	4	4	6	19	4	7	45	5	47	5	83	5	0	9	18	0	2	45	0	3	159	164	3	10	7	7	4	3
Streptococcus pr_cl_2277	3	30	51	191	13	8	13	7	289	127	30	3	10	21	7	1	3	0	7	12	13	4	22	91	18	6	18	16	90	1	0	85	0	0	3	0	0	9	4	1	20	13	3	35	3
Streptococcus pr_cl_2367	3	10	30	19	0	7	0	27	34	9	7	0	0	0	2	0	6	0	2	2	6	3	0	11	5	0	2	13	5	0	0	31	0	0	1	2	1	3	4	5	14	4	0	10	1
Streptococcus pr_cl_2336	3	11	515	48	8	19	29	5	144	10	3	19	4	4	0	14	29	26	9	6	23	30	6	29	3	4	104	37	15	1	0	40	3	6	4	1	24	23	27	6	8	8	8	26	2
Streptococcus pr_cl_2276	3	4	30	7	1	4	10	6	63	17	3	15	4	0	0	7	11	0	6	5	21	78	6	37	28	8	18	11	26	5	0	12	0	0	3	4	7	3	535	19	26	5	15	20	1
Streptococcus pr_cl_2340	3	21	63	22	6	6	16	0	55	8	14	8	9	12	22	31	24	6	8	4	12	19	9	18	7	4	30	26	20	7	0	29	3	1	0	12	9	35	9	23	17	11	8	9	1
Streptococcus pr_cl_2332	3	7	19	5	0	1	7	4	12	6	4	9	0	4	2	4	1	2	4	0	6	99	2	9	0	0	12	5	3	0	0	19	0	0	0	0	1	0	5	2	0	1	0	7	1
Streptococcus pr_cl_2361	3	2	3	16	0	28	3	14	22	8	9	4	0	6	18	9	4	5	0	9	4	7	12	14	1	4	33	8	2	2	0	44	2	0	0	0	3	0	22	23	1	8	4	46	0
Streptococcus pr_cl_2366	3	0	35	4	3	0	0	2	9	36	13	23	1	2	0	19	11	0	2	3	22	63	1	12	16	0	0	24	7	1	0	15	0	0	0	0	4	1	4	0	3	5	0	13	0
Streptococcus pr_cl_2347	3	5	41	14	0	26	2	1	41	6	8	13	3	10	1	9	7	1	14	10	75	11	1	22	13	8	12	4	17	1	0	31	3	0	3	2	5	6	74	3	14	10	66	7	4
Streptococcus pr_cl_2242	3	0	23	6	3	8	0	12	9	0	3	1	2	7	0	25	54	0	6	2	2	10	0	2	8	0	7	0	1	0	0	1	0	0	0	0	7	13	13	0	2	3	2	11	0
Streptococcus pr_cl_2300	3	103	243	50	46	20	76	52	124	57	28	48	44	34	13	67	66	12	20	40	28	92	30	84	112	37	76	72	72	9	0	260	5	2	15	16	33	67	97	5	68	19	16	45	1
Streptococcus pr_cl_2260	3	13	44	77	7	16	46	55	340	11	29	25	21	15	11	63	33	18	45	9	11	59	20	48	28	6	27	6	3	10	0	58	0	4	4	8	10	8	16	7	16	13	9	17	0
Streptococcus pr_cl_2509	4	3	32	3	3023	1	9	4	81	28	15	33	121	2034	10	8	4	13	3	20	17	2	557	16	582	5	5	24	92	7	0	5	53	5	1	1080	21423	37	55	27	3	0	2	5	4
Streptococcus pr_cl_2244	4	166	56	7	210	14	2	3	15	2	36	2	8	6	9	7	20	2	31	10	7	2	7	32	28	34	28	91	9	89	3	6	1	0	15	19	50	2	3	46	38	217	231	485	3
Streptococcus pr_cl_2364	4	7	50	6	23	6	14	10	84	2	5	11	2	4	5	75	13	0	11	3	33	103	10	20	3	0	20	33	17	1	0	36	0	0	14	5	6	4	247	4	5	1	0	11	0
Streptococcus pr_cl_2142	4	0	4	0	2	0	1	0	16	2	4	6	2	3	0	4	1	4	0	4	6	1	4	9	7	5	2	4	0	1	0	0	0	0	0	0	1	18	4	6	0	5	0	7	0
Streptococcus pr_cl_2344	4	16	4	18	3	30	3	7	13	21	0	0	0	6	5	6	15	0	14	2	0	2	12	9	9	0	24	25	2	3	2	17	5	0	0	0	5	0	7	89	3	4	4	15	2
Streptococcus pr_cl_2349	4	21	15	10	3	0	13	1	8	0	3	11	6	0	4	20	2	0	3	35	20	4	0	9	13	4	10	0	29	6	2	8	0	0	0	0	13	2	0	0	1	10	5	7	0
Streptococcus pr_cl_2286	4	170	3	5	5	4	0	37	7873	303	18	2	8	0	2	5	18	6	4	31	4	10	5	20	0	2	11	0	14	3	0	12	0	0	1	0	0	121	42	0	0	0	3	7	0
Streptococcus pr_cl_2175	5	5	4	9	18	0	1	10	11	0	12	3	17	19	0	22	7	0	5	1	2	4	0	2	23	2	3	2	7	0	2	21	4	0	2	0	7	0	3	2	2	5	5	3	0
Streptococcus pr_cl_2268	5	1	4	2	7	17	7	12	29	2	6	2	6	29	4	5	9	4	2	5	46	6	19	7	3	0	13	37	12	2	0	26	0	0	2	5	3	13	15	2	0	14	0	5	0
Streptococcus pr_cl_2269	5	5	14	5	0	2	2	2	10	7	0	4	2	10	3	23	16	2	6	0	11	2	2	15	2	1	37	10	24	0	0	6	0	0	0	1	29	6	13	1	5	2	0	3	0
Streptococcus pr_cl_2358	5	28	39	11	15	12	8	17	122	26	16	12	16	20	856	29	26	8	9	20	106	60	8	66	14	18	40	27	18	5	1	142	2	0	7	93	18	14	25	14	13	11	22	62	20
Streptococcus pr_cl_2323	5	1	24	26	13	4	12	11	11	2	2	8	2	6	2	14	25	0	4	9	10	44	14	16	1	8	5	25	0	0	0	32	0	2	0	8	2	12	7	3	17	10	4	24	0
Streptococcus pr_cl_2284	5	7	11	44	3	2	0	4	38	7	51	0	13	3	4	68	38	5	13	21	0	6	13	8	35	12	62	2	6	5	0	6	0	1	0	0	1	2	4	0	11	12	41	14	2
Streptococcus pr_cl_2208	5	20	96	49	64	24	65	32	102	61	758	78	285	1033	33	229	66	19	525	206	66	379	31	89	1489	65	139	142	50	5	2	13	34	2	17	6	12	63	1199	13	19	71	4	46	1
Streptococcus pr_cl_2502	5	4	8	49	27	7	13	0	29	54	23	5	17	12	8	32	5	16	9	13	20	8	29	255	38	4	23	6	13	3	3	0	5	0	2	4	69	8	1	0	6	9	0	6	1
Streptococcus pr_cl_2503	5	0	11	6	69	1	9	5	31	15	26	87	56	23	69	3	9	127	8	8	7	4	102	28	537	32	2	262	42	2	0	0	0	2	3	4	21	23	14	9	23	117	1	6	1
Streptococcus pr_cl_2326	5	6	21	9	4	6	15	13	80	17	2	12	3	6	7	128	12	7	8	1	118	25	12	64	33	22	37	177	44	1	1	26	2	0	8	5	5	7	29	0	14	12	0	13	0
Streptococcus pr_cl_2282	5	3	31	10	3	2	26	3	46	7	2	1	9	15	42	12	42	3	21	4	5	8	10	2	5	0	20	2	6	0	0	4	0	2	0	0	1	14	16	1	1	2	2	17	2
Streptococcus pr_cl_2283	5	0	9	0	0	2	0	35	24	3	2	2	0	3	4	29	5	2	0	8	6	1	0	6	1	0	2	6	4	4	0	15	0	0	2	3	0	11	31	0	0	0	2	17	0
Streptococcus pr_cl_2512	6	12	27	5	11121	8	15	2	57	17	4495	15681	11164	3466	627	45	1125	32113	32	933	96	1105	24334	2610	147145	8164	8	136	4070	536	0	5	4	0	4	87	101	50	165	5	2	20773	4	3	33
Streptococcus pr_cl_2267	6	105	13	0	0	2	10	0	44	2	1	0	0	0	1	7	5	0	1	2	14	13	3	0	1	4	0	2	4	1	2	30	0	0	0	0	2	6	6	0	24	0	1	8	2
Streptococcus pr_cl_2152	6	17	2	9	1	0	4	0	12	2	3	2	0	10	1	6	0	2	0	2	8	1	9	9	68	4	25	2	4	0	0	0	0	0	6	1	2	7	24	0	0	1	0	11	0
Streptococcus pr_cl_2375	6	15	14	21	0	0	23	13	60	8	10	242	5	53	505	46	71	0	10	8	93	3	6	200	6	1	15	65	50	10	13	16	0	2	3	1	15	4	10	11	8	7	3	12	0
Streptococcus pr_cl_2182	6	1	6	21	14	3	10	20	27	23	5	47	7	5	9	15	34	0	1	8	12	2	12	42	15	7	49	35	9	2	0	2	0	0	4	0	8	6	2	0	2	1	30	7	3
Streptococcus pr_cl_2287	6	5	18	5	6	1	38	1	30	16	25	5	6	0	15	17	23	5	15	3	8	7	19	10	7	2	38	9	3	7	1	21	2	1	1	0	7	9	13	5	11	10	0	11	0
Streptococcus pr_cl_2293	6	0	6	6	5	0	9	10	13	7	9	2	3	3	4	16	4	0	16	7	7	3	2	10	54	0	4	0	3	0	0	4	0	2	0	0	0	10	0	3	0	7	6	11	0
Streptococcus pr_cl_2507	6	0	13	8	46	2	0	0	33	5	2	17	14	36	2	1	3	12	0	2	10	10	23	20	40	12	2	14	2	0	0	0	5	0	2	78	1078	44	15	7	0	1	0	6	2
Streptococcus pr_cl_2345	6	7	129	0	0	0	0	0	4	3	4	1	0	3	0	0	1	2	1	0	16	5	0	6	0	0	0	4	2	0	0	7	0	0	3	0	0	1	3	0	2	0	0	0	1
Streptococcus pr_cl_2368	6	4	46	179	9	2	149	4	44	62	40	35	17	21	1	91	27	23	60	8	16	10	45	26	27	2	18	5	485	214	2	23	22	1	0	5	2	41	69	1	121	13	8	237	134
Streptococcus pr_cl_2372	6	23	76	8	8	3	7	10	61	3	7	12	12	3	23	25	38	2	16	4	7	45	13	21	14	3	8	17	9	3	0	18	4	0	15	11	2	53	71	5	22	6	7	25	0
Streptococcus pr_cl_2341	6	33	27	16	15	5	8	7	23	19	2	24	0	4	2	49	16	2	11	6	44	17	31	30	52	0	28	39	26	18	0	9	2	0	4	4	16	0	22	4	38	15	3	29	4
Streptococcus pr_cl_2161	6	2	31	13	270	15	132	42	563	26	76	218	6	59	76	184	225	11	124	16	63	54	16	317	699	18	73	33	77	19	2	25	20	7	8	104	17	58	23	41	46	22	5	23	4
Streptococcus pr_cl_2288	6	1	16	8	1	3	3	0	42	5	0	0	0	2	0	43	5	5	2	0	3	8	5	6	0	1	6	8	1	0	0	3	0	0	3	5	3	9	5	2	9	5	5	5	0
Streptococcus pr_cl_2506	7	1	8	11	1985	9	14	5	27	15	12	26	276	228	5	60	15	47	5	28	14	7	84	21	293	33	34	89	23	1	2	5	2	0	6	978	24526	19	44	32	58	25	11	4	24
Streptococcus pr_cl_2374	7	16	95	5	25	21	19	6	42	2	5	3	2	5	3	11	15	9	1	2	17	40	10	14	4	2	11	81	11	0	0	16	0	0	2	17	6	4	121	3	6	0	8	10	4
Streptococcus pr_cl_2455	7	19	30	77	2	27	28	145	87	207	1	9	24	84	5	9	17	3	1	3	50	123	7	57	19	14	28	20	25	0	33	32	3	2	25	13	3	182	10	10	32	2	13	39	1
Streptococcus pr_cl_2334	7	29	24	31	2	12	4	3	17	0	6	28	29	5	0	30	21	5	1	5	26	40	5	31	6	13	36	13	5	6	0	16	0	0	0	0	2	7	15	7	76	4	4	39	7
Streptococcus pr_cl_2259	7	6	2	14	7	6	3	21	69	7	3	0	3	4	3	20	10	0	10	4	0	4	4	5	5	1	2	6	2	1	3	11	0	0	4	0	6	2	1	0	1	3	4	1	0
Streptococcus pr_cl_2381	7	4	19	27	10	7	5	23	19	19	12	7	3	12	2	67	29	2	8	4	27	47	3	14	3	1	30	84	33	6	0	22	1	0	18	2	3	6	101	4	9	4	5	15	0
Streptococcus pr_cl_2164	7	2	18	70	33	12	0	1	254	31	52	3	13	56	9	53	15	10	30	32	39	2	2	17	88	7	23	11	18	2	0	4	0	0	7	6	12	33	44	4	41	4	2	16	36
Streptococcus pr_cl_2467	7	21	74	35	38	26	75	120	64	76	12	17	31	22	96	16	37	5	2	24	7	117	2	88	30	8	8	8	27	1	7	33	1	0	28	7	4	168	20	9	20	0	8	34	1
Streptococcus pr_cl_2387	7	51	17	3	7	4	15	0	368	19	0	1	8	9	4	14	3	5	8	4	5	32	3	25	10	2	4	5	15	0	2	28	0	0	3	2	0	6	94	0	3	5	3	9	2
Streptococcus pr_cl_2331	8	2	72	162	1	6	15	16	116	13	8	22	2	60	5	26	41	0	12	2	25	35	28	53	46	1	14	55	16	4	1	37	2	1	2	26	3	15	0	2	89	8	2	60	52
Streptococcus pr_cl_2383	8	5	37	7	3	3	24	12	90	32	3	8	22	10	9	73	68	6	51	24	28	76	39	25	6	26	118	22	15	4	0	238	17	0	9	9	22	18	18	4	6	6	8	21	5
Streptococcus pr_cl_2313	8	23	4	75	3	15	12	53	125	17	4	7	3	4	19	19	19	0	7	15	14	12	15	11	9	4	43	24	16	1	0	37	0	0	0	6	8	6	6	2	29	15	2	11	10
Streptococcus pr_cl_1955	8	0	15	0	20	5	8	3	3	4	7	29	16	48	27	98	5	2	2	4	10	4	10	20	6	7	0	26	10	47	1	0	8	0	2	5	5	13	6	6	14	37	114	3	0
Streptococcus pr_cl_2310	8	26	52	44	21	17	2	7	91	9	14	117	13	18	10	84	34	10	18	19	37	199	25	69	55	14	47	27	34	23	1	52	8	1	3	15	11	9	158	3	38	13	27	24	1
Streptococcus pr_cl_2191	8	10	42	5	2	5	0	5	86	7	25	1	1	5	8	0	2	0	9	1	22	2	4	4	1	2	10	8	5	2	7	28	0	0	11	0	0	19	15	2	41	7	3	9	0
Streptococcus pr_cl_2346	8	5	106	26	2	4	10	8	85	14	4	6	14	0	4	138	9	2	4	5	5	10	10	24	16	26	39	19	19	5	0	28	2	2	3	4	4	12	85	8	25	8	8	36	0
Streptococcus pr_cl_2281	8	12	45	22	30	9	36	59	43	31	53	76	3	36	5	62	34	3	14	13	23	27	11	28	14	4	55	151	23	5	5	43	1	0	2	0	5	11	167	8	23	10	8	61	10
Streptococcus pr_cl_2373	9	35	57	28	22	20	102	21	225	20	26	30	42	13	9	71	122	17	37	16	52	68	55	283	75	15	85	78	41	10	0	38	1	0	9	5	15	45	198	0	36	32	11	27	23
Streptococcus pr_cl_2156	9	23	26	200	31	5	101	16	76	78	172	21	106	99	153	59	48	0	85	71	28	4	51	60	213	0	40	16	106	3	1	6	20	2	21	16	13	4	1	41	72	92	195	27	2
Streptococcus pr_cl_2218	9	0	14	0	3	3	2	24	11	3	5	6	0	0	2	0	8	1	4	3	7	0	0	5	5	13	80	5	3	0	1	0	0	0	0	1	2	0	1	1	35	0	0	6	0
Streptococcus pr_cl_2321	9	7	22	16	6	4	27	18	22	3	12	1	16	13	12	33	10	6	22	3	5	16	3	16	9	0	22	7	37	3	1	23	2	1	2	10	4	6	0	6	11	6	4	37	3
Streptococcus pr_cl_2222	9	8	193	2	5	26	9	88	52	24	15	18	24	43	0	27	18	3	22	6	23	43	14	37	17	5	15	50	21	1	4	61	0	0	13	3	11	36	21	9	28	5	8	26	1
Streptococcus pr_cl_2264	9	32	34	27	12	7	21	4	104	19	29	3	5	13	8	40	63	0	13	28	13	9	4	21	17	2	28	14	26	7	0	33	4	0	0	6	10	7	2	7	55	6	7	21	3
Streptococcus pr_cl_2388	9	36	271	15	15	47	2	8	181	15	9	19	19	11	8	39	66	13	13	16	102	35	6	98	4	5	49	76	7	15	4	8	2	0	12	8	1	24	77	7	4	7	28	63	1
Streptococcus pr_cl_2511	9	4	7	21	36	12	214	1	149	93	37	28	39	14	503	0	92	38	0	13	57	21	74	65	262	85	111	60	14	19	1	0	1	1	0	102	21	44	594	230	41	32	69	14	0
Streptococcus pr_cl_2343	9	17	18	1	1	2	90	1	22	184	211	6	14	2	3	13	5	2	2	13	12	96	15	18	4	7	123	15	12	0	0	114	1	0	0	1	24	6	89	9	2	6	1	7	0
Streptococcus pr_cl_2515	9	10	8	15	303	26	31	16	55	63	19	136	9	528	5	30	54	13	2	20	74	24	58	71	30	23	25	102	9	24	3	1	10	7	8	6	142	105	229	11	14	34	15	25	1
Streptococcus pr_cl_2295	9	4	9	0	5	15	10	13	4	4	5	3	22	0	0	1	9	0	12	0	0	8	4	8	2	0	11	2	6	0	0	6	1	0	2	6	0	4	1	5	4	5	0	16	0
Streptococcus pr_cl_2299	9	47	19	33	45	18	6	18	69	64	22	30	18	9	14	99	29	10	6	20	22	21	24	52	30	15	42	117	35	8	3	75	0	3	7	5	27	8	6	1	13	22	12	15	0
Streptococcus pr_cl_2217	10	2	14	3	3	6	15	17	13	2	10	43	4	17	24	58	7	13	5	13	13	29	2	18	0	11	9	46	0	0	0	4	0	4	0	2	0	34	70	0	1	0	2	29	5
Streptococcus pr_cl_2353	10	35	108	10	197	8	19	34	12605	492	20	17	10	24	35	26	20	7	10	67	14	469	246	19	84	5	23	28	70	5	1	95	4	4	14	99	41	38	42	14	68	24	8	14	1
Streptococcus pr_cl_2289	10	31	80	37	7	41	15	11	54	13	12	32	5	11	17	178	6	15	42	16	134	79	39	60	17	27	28	33	51	12	3	59	2	9	13	2	5	60	77	2	65	11	2	47	3
Streptococcus pr_cl_2275	10	20	31	9	115	2	53	2	143	12	4	2	45	13	0	77	21	8	27	8	14	11722	15	433	260	10	33	0	20	10	0	85	2	0	42	64	8	212	487	1	5	18	1	35	0
Streptococcus pr_cl_2192	10	4	72	5	0	4	9	14	29	15	19	6	7	2	2	3	1	0	29	2	82	0	2	26	4	0	8	4	2	0	4	8	0	0	6	14	2	24	10	2	1	8	8	13	1
Streptococcus pr_cl_2318	10	41	2	29	5	12	18	75	37	11	4	17	4	3	0	32	15	1	9	15	11	35	38	14	19	2	37	6	14	3	3	22	0	1	1	4	5	24	0	0	56	6	1	18	12
Streptococcus pr_cl_2478	10	54	93	204	66	51	159	136	108	164	53	56	88	195	35	39	134	15	36	52	583	179	55	1640	185	41	110	54	84	25	18	52	4	4	230	35	5	577	315	28	80	40	34	92	10
Streptococcus pr_cl_2359	11	28	29	9	26	4	44	31	223	19	4	68	14	3	0	22	27	1	9	11	22	40	9	20	8	26	72	15	35	3	0	40	2	0	0	3	7	6	372	9	13	19	9	27	9
Streptococcus pr_cl_2365	11	25	27	14	10	5	13	4	31	29	0	14	5	11	0	32	14	4	13	3	27	22	23	25	28	6	7	62	20	1	2	360	3	0	7	1	5	10	73	0	6	9	8	23	3
Streptococcus pr_cl_2357	11	30	21	28	34	41	24	24	233	12	23	14	13	7	2	51	58	2	12	2	11	90	10	20	30	1	80	95	12	0	2	70	0	4	14	7	2	13	131	20	20	29	5	62	2
Streptococcus pr_cl_2197	11	30	9	216	71	17	38	11	156	38	86	13	168	37	19	302	26	16	50	148	42	21	115	89	178	29	132	14	80	24	0	6	1	3	16	52	65	23	35	28	232	47	46	102	6
Streptococcus pr_cl_2224	11	7	200	14	2	41	8	189	139	11	20	35	27	9	34	36	20	15	13	7	21	41	7	61	16	5	51	33	32	5	5	5	3	3	4	2	3	21	26	8	23	5	8	43	7
Streptococcus pr_cl_2468	11	57	184	225	33	50	598	252	220	354	35	163	68	70	15	15	93	3	12	15	123	286	15	165	22	33	47	98	22	11	53	55	4	2	47	49	8	510	22	5	56	13	8	105	8
Streptococcus pr_cl_2187	11	17	7	3	1	7	4	2	26	1	7	2	0	1	0	4	12	0	0	0	17	2	1	2	3	0	7	0	3	0	13	15	0	0	7	0	2	19	2	0	1	23	1	6	0
Streptococcus pr_cl_2307	11	25	115	60	0	6	62	0	21	123	97	1	0	9	0	26	12	0	1	2	15	6	1	15	13	2	2	2	0	3	1	14	2	0	0	0	3	7	6	3	3	7	0	2	0
Streptococcus pr_cl_2324	11	12	169	22	8	10	164	29	251	35	33	16	30	57	9	28	52	4	68	15	71	60	15	34	61	19	15	74	11	8	2	14	9	0	6	18	13	11	19	3	25	12	4	13	0
Streptococcus pr_cl_2410	12	75	11	12	16	19	33	106	354	34	54	8	15	8	5	62	57	3	13	58	48	32	17	29	18	4	26	2	30	15	2	90	5	0	2	3	11	15	5	12	15	48	19	33	0
Streptococcus pr_cl_2216	12	0	25	42	0	34	18	33	7	3	16	40	1	2	3	63	11	9	42	11	15	11	7	11	6	0	24	6	15	0	0	6	0	0	4	5	1	41	52	4	4	31	0	22	6
Streptococcus pr_cl_2154	12	68	44	25	232	48	765	149	103	358	76	73	170	181	18	94	155	100	51	38	462	458	252	243	1519	32	257	133	97	8	5	3	10	0	7	192	18	102	937	12	12	160	10	61	1
Streptococcus pr_cl_2348	12	2	21	6	1	1	3	0	29	0	0	6	4	4	0	6	16	0	2	0	0	7	3	23	2	7	1	2	7	5	0	9	0	3	1	1	9	10	10	4	3	5	3	5	0
Streptococcus pr_cl_2180	12	1	20	22	10	15	18	12	49	86	33	65	26	15	0	24	45	0	15	13	60	18	21	12	42	13	73	55	26	4	0	35	2	0	8	4	25	35	108	8	7	29	14	9	2
Streptococcus pr_cl_2354	12	29	31	23	11	17	13	2	1273	56	5	17	13	13	22	45	27	9	73	18	6	58	43	82	6	9	57	42	87	7	0	223	0	21	8	24	10	8	28	3	17	41	20	38	3
Streptococcus pr_cl_2265	12	10	63	2	2	1	7	6	43	15	2	8	3	5	1	62	7	4	13	6	9	4	0	26	23	3	5	20	10	0	0	31	4	0	6	7	9	6	5	3	7	6	0	11	0
Streptococcus pr_cl_2220	12	0	32	10	12	5	29	18	24	6	32	19	28	25	1	31	10	0	9	12	9	13	8	16	48	5	10	7	12	6	0	17	0	13	12	8	7	7	197	1	0	4	6	16	0
Streptococcus pr_cl_2376	12	27	99	30	33	23	27	25	736	67	73	13	70	12	5	52	89	8	52	50	151	665	45	68	128	11	33	16	39	18	3	78	3	6	66	9	5	36	38	13	22	16	17	44	2
Streptococcus pr_cl_2370	12	35	146	51	14	30	73	19	285	132	108	45	23	24	14	41	33	3	9	21	44	58	60	73	63	23	51	55	35	7	0	36	2	1	7	21	24	11	339	14	22	35	59	20	0
Streptococcus pr_cl_2255	13	16	49	23	2	14	39	0	26	10	8	29	10	11	15	9	13	8	19	18	11	157	9	55	5	7	52	230	49	0	0	62	7	2	1	4	10	20	49	8	34	0	5	23	0
Streptococcus pr_cl_2380	13	97	77	32	94	72	109	44	120	29	21	49	41	44	39	266	72	23	82	27	284	63	54	66	25	20	212	171	54	3	5	20	2	6	20	43	36	8	8	18	105	28	16	77	8
Streptococcus pr_cl_2257	13	730	5	13	0	0	6	0	18	0	4	9	7	15	1	24	16	17	9	9	5	28	12	5	3	0	32	1	3	3	0	9	1	0	0	0	8	10	5	6	5	21	2	8	0
Streptococcus pr_cl_2215	13	1	44	19	9	13	9	56	37	4	21	45	43	24	7	2	26	3	2	18	5	25	12	7	18	1	5	37	40	2	1	9	2	1	6	3	11	13	47	9	1	7	4	15	0
Streptococcus pr_cl_2298	13	60	69	97	1503	19	43	47	339	1037	10104	109	2481	2209	550	841	306	35	36	2642	31	145	712	334	16421	55	1455	98	6310	16	0	167	5	67	29	36	67	30	140	10	81	3251	18	64	16
Streptococcus pr_cl_2378	13	7	35	96	8	13	16	15	33	23	11	1926	57	5	109	166	39	17	36	12	11	1462	12	125	15	17	41	104	24	9	27	47	0	0	8	26	18	726	6505	79	39	21	7	9	0
Streptococcus pr_cl_2309	13	11	22	6	4	1	6	6	176	39	19	3	7	23	0	3	17	7	3	6	9	151	19	42	25	2	33	13	25	2	0	26	9	2	0	14	7	9	26	6	2	12	6	14	3
Streptococcus pr_cl_2479	14	71	233	277	55	48	52	97	171	281	50	38	56	106	6	43	86	11	11	55	434	154	51	927	56	45	46	44	37	7	37	30	7	8	173	54	4	1031	478	17	70	18	56	87	14
Streptococcus pr_cl_2306	14	13	599	49	36	1	35	3	106	16	19	9	22	11	3	31	18	4	24	17	35	36	12	36	21	7	24	34	46	2	0	177	0	1	10	10	16	23	24	4	19	42	4	23	7
Streptococcus pr_cl_2238	14	8	15	8	21	7	6	8	29	3	13	18	4	1	15	25	11	83	17	3	6	41	30	13	1	0	5	0	6	1	0	4	2	3	3	0	19	6	53	3	31	12	6	13	0
Streptococcus pr_cl_2190	14	33	88	14	29	26	20	44	64	24	54	12	5	37	22	68	4	8	22	26	98	28	41	39	31	5	25	20	16	4	9	52	2	0	41	4	2	100	54	9	6	31	91	26	3
Streptococcus pr_cl_2314	14	38	78	38	35	19	114	13	1604	193	131	306	65	20	37	30	46	2	79	53	72	33	19	60	37	9	42	68	69	3	0	37	3	2	6	14	15	46	20	4	11	11	24	37	4
Streptococcus pr_cl_2237	14	103	61	118	214	11	121	65	40	117	141	48	82	92	35	369	40	22	67	85	95	78	89	268	248	22	111	123	149	15	9	17	6	11	6	26	21	44	20	43	111	81	27	88	20
Streptococcus pr_cl_2272	14	8	1	12	0	1	0	1	16	6	10	72	4	14	2	64	2	1	6	5	33	0	8	18	90	2	10	12	14	3	1	9	0	2	0	1	11	0	9	5	10	10	3	14	0
Streptococcus pr_cl_2337	15	31	130	28	34	6	25	44	88	31	65	31	18	72	18	117	40	12	29	66	27	27	36	54	46	12	42	102	44	3	1	73	1	1	4	6	9	35	29	7	31	22	18	22	0
Streptococcus pr_cl_2351	16	2	29	6	11	1	21	2	326	12	0	2	0	7	114	12	11	1	8	1	11	2	30	3	7	0	3	9	0	2	0	9	0	0	2	0	2	0	2	0	6	1	1	15	1
Streptococcus pr_cl_2301	17	9	35	32	4	18	11	32	69	33	5	5	8	5	41	56	34	14	8	21	13	57	5	32	24	5	38	39	24	8	0	45	7	5	6	10	11	14	17	8	20	11	9	25	5
Streptococcus pr_cl_2193	17	45	52	5	11	10	30	92	605	43	14	14	19	10	10	35	11	6	13	23	9	8	10	11	11	9	27	17	15	14	3	5	9	0	2	5	3	9	3	8	8	5	8	24	0
Streptococcus pr_cl_2417	17	152	149	21	22	51	82	264	2072	141	40	15	64	31	11	67	61	9	16	29	61	51	35	48	34	18	115	22	24	9	7	12	4	2	14	17	17	30	37	5	16	44	19	73	5
Streptococcus pr_cl_2253	17	2	15	1183	1	3	13	30	323	611	874	277	220	225	24	382	63	0	453	109	8	71	65	89	270	14	174	18	747	41	0	5	20	1	5	13	7	4	12	550	16	321	0	227	0
Streptococcus pr_cl_2386	18	9	125	49	21	24	43	8	98	32	5	7	8	3	3	486	25	51	44	11	119	14	20	97	14	9	63	15	72	38	2	19	1	7	4	4	6	30	56	6	37	26	43	30	1
Streptococcus pr_cl_2166	18	52	36	98	37	11	37	15	555	168	49	49	53	40	40	93	59	24	56	53	132	121	51	79	98	26	54	26	148	9	0	34	9	0	19	5	29	295	622	16	9	124	35	60	4
Streptococcus pr_cl_2454	18	42	157	358	215	163	264	194	460	509	73	909	84	359	87	149	221	71	20	48	690	273	99	1386	204	308	107	1218	148	41	18	66	8	4	123	57	16	758	689	57	262	137	34	173	39
Streptococcus pr_cl_2335	18	25	31	5	11	6	24	1	63	53	44	10	7	30	1	15	6	0	5	5	21	8	34	41	54	5	16	40	40	3	2	26	2	0	1	3	19	6	9	21	25	14	12	18	0
Streptococcus pr_cl_2469	18	48	371	162	41	41	219	263	239	245	43	364	44	74	40	42	106	7	11	20	428	264	54	1165	112	82	76	78	32	15	30	85	8	7	186	63	6	1260	474	24	37	47	214	174	19
Streptococcus pr_cl_2176	18	3	11	7	6	14	18	5	15	4	40	10	13	43	10	42	7	0	17	25	5	11	12	25	98	5	11	95	14	4	1	7	8	0	7	2	1	4	10	4	81	6	5	23	1
Streptococcus pr_cl_2316	19	103	91	108	70	33	88	13	235	46	113	83	13	33	14	75	107	28	111	80	65	149	43	111	23	74	150	225	66	11	1	75	2	6	16	16	20	130	1559	24	77	39	12	76	4
Streptococcus pr_cl_2401	19	185	649	37	32	205	55	65	763	41	56	28	30	4	42	180	840	16	69	36	783	171	41	366	851	15	166	141	37	54	21	42	1	5	39	17	24	995	301	21	81	76	99	158	1
Streptococcus pr_cl_2266	19	17	10	29	2	7	0	10	13	7	8	5	9	6	64	113	13	10	8	0	25	19	6	11	43	10	721	6	138	3	0	47	0	4	2	8	0	0	5	4	56	302	0	5	0
Streptococcus pr_cl_2464	19	70	200	372	54	119	147	361	517	709	35	59	178	102	23	24	102	20	19	71	246	953	28	267	72	52	438	116	88	17	141	71	7	0	85	125	30	493	40	20	194	52	38	194	63
Streptococcus pr_cl_2452	19	38	62	19	20	17	51	35	394	34	24	103	11	31	10	57	14	3	17	43	5	27	21	26	11	15	70	26	69	7	4	133	3	3	4	18	4	35	313	21	43	23	12	82	2
Streptococcus pr_cl_2377	21	36	7	6	10	9	3	21	42	10	5	7	20	11	5	53	17	5	9	9	3	35	7	30	16	4	34	10	10	9	1	33	2	1	6	3	3	16	4	11	1	16	38	38	0
Streptococcus pr_cl_2355	21	27	70	20	2	20	19	9	93	21	18	15	16	20	11	40	35	9	14	23	30	32	21	38	20	7	58	36	38	6	2	106	0	0	9	2	21	4	34	7	43	22	9	25	0
Streptococcus pr_cl_2203	21	29	174	55	72	29	35	44	224	104	234	44	100	465	6	203	89	16	96	64	48	43	56	104	541	9	73	131	56	11	4	32	10	4	32	1	19	71	1644	44	75	29	23	66	5
Streptococcus pr_cl_2390	22	25	215	109	10	23	10	47	391	38	49	21	27	105	28	46	77	70	16	73	21	114	15	1505	32	5	104	70	35	5	4	55	6	0	57	8	0	43	74	10	99	82	13	75	10
Streptococcus pr_cl_2221	22	0	84	7	8	38	0	186	99	17	35	49	79	17	2	184	15	1	20	16	11	10	23	53	34	0	29	34	24	4	4	11	0	4	11	1	13	18	15	19	7	87	5	23	0
Streptococcus pr_cl_2465	22	61	102	286	55	56	541	212	154	422	59	22	24	91	21	18	140	7	15	16	79	209	41	206	58	43	51	62	27	9	73	52	6	11	40	84	12	322	38	31	91	31	83	133	9
Streptococcus pr_cl_2177	22	82	87	50	79	30	72	47	695	94	42	15	23	35	18	126	80	14	34	38	53	30	27	65	42	23	54	270	26	14	2	46	1	0	3	11	22	32	3	17	24	48	124	54	15
Streptococcus pr_cl_2421	22	124	141	34	78	56	226	257	3171	202	85	43	31	65	41	95	65	10	33	52	84	102	61	81	82	19	65	37	124	18	27	115	13	3	21	27	33	68	53	31	44	99	32	155	10
Streptococcus pr_cl_2322	23	33	49	39	15	2	38	14	75	44	42	9	25	21	19	33	33	33	40	29	24	18	26	44	16	5	68	46	27	10	0	14	7	6	10	8	13	3	38	10	47	11	16	36	4
Streptococcus pr_cl_2466	23	72	99	170	29	64	175	224	183	357	101	38	52	69	21	56	117	11	23	42	144	238	53	182	48	64	122	95	89	24	46	51	4	3	37	93	1	473	95	16	48	35	32	155	19
Streptococcus pr_cl_2213	23	0	34	2	9	20	1	106	94	6	1	8	1	14	1	3	6	3	20	7	15	42	6	11	5	20	33	14	0	0	3	4	0	2	3	1	4	9	5	1	39	4	1	9	0
Streptococcus pr_cl_2352	24	34	89	284	21	373	371	41	185	96	64	268	13	34	46	537	19	3	344	33	190	14	8	437	57	8	979	55	15	4	0	82	0	0	18	17	1	37	157	9	30	57	34	34	29
Streptococcus pr_cl_2362	24	43	91	44	32	13	63	14	708	55	39	45	24	19	9	65	42	20	22	39	49	66	40	95	50	15	51	94	50	7	3	148	9	2	12	12	22	21	44	3	58	26	38	51	2
Streptococcus pr_cl_2201	25	3	65	36	26	21	28	61	129	66	349	57	91	434	56	152	34	28	112	67	41	11	23	42	666	12	74	127	34	1	7	18	8	0	29	0	14	22	36	10	12	9	3	23	2
Streptococcus pr_cl_2415	25	149	160	89	81	27	145	119	1661	126	30	157	68	48	31	93	59	17	48	60	218	79	120	113	144	11	149	186	50	26	10	237	8	23	11	57	24	96	15	18	28	82	28	110	5
Streptococcus pr_cl_2204	25	46	96	46	49	52	33	125	111	37	394	45	91	401	20	122	72	4	163	134	20	41	15	70	615	8	47	24	40	7	2	31	14	0	23	8	14	67	179	17	16	37	8	41	0
Streptococcus pr_cl_2360	26	16	70	11	4	3	21	15	28	26	10	6	7	5	6	2	7	4	6	13	6	25	22	36	7	2	18	25	2	4	1	20	0	0	0	3	3	6	4	3	24	1	0	6	0
Streptococcus pr_cl_2329	27	18	106	66	89	37	48	41	119	88	124	67	10	32	45	45	26	10	55	18	55	117	13	53	47	12	94	138	61	0	1	49	6	6	11	9	31	41	109	18	26	37	29	41	2
Streptococcus pr_cl_2234	27	24	82	20	46	35	18	226	85	23	141	24	58	195	35	54	20	7	79	26	20	43	14	44	142	4	34	90	49	5	0	91	3	0	6	13	141	52	21	6	12	22	5	44	0
Streptococcus pr_cl_2470	28	108	2051	300	234	258	391	1081	906	458	293	179	319	820	22	133	262	46	105	65	1142	279	119	2611	870	85	237	606	2522	32	53	52	11	4	537	135	16	2621	867	66	172	74	140	366	48
Streptococcus pr_cl_2183	29	0	21	6	4	9	0	4	33	2	19	19	3	4	2	14	3	3	11	4	19	6	0	12	11	1	22	13	9	2	0	3	0	1	3	0	3	4	2	1	44	2	2	21	0
Streptococcus pr_cl_2460	30	83	147	388	31	90	184	359	636	727	80	48	70	75	21	9	107	0	7	43	117	413	25	375	88	42	94	124	103	12	127	100	6	4	53	108	7	529	105	16	97	19	37	150	48
Streptococcus pr_cl_2319	30	244	81	43	44	8	16	8	313	40	30	54	27	24	48	87	83	8	21	28	27	121	33	59	102	11	90	168	35	7	2	80	0	6	16	9	43	14	55	15	23	39	147	60	4
Streptococcus pr_cl_2219	30	0	62	39	14	13	9	112	435	18	18	4	18	6	7	15	11	6	21	19	2	49	8	27	9	2	20	12	8	3	1	46	4	0	11	1	1	21	5	6	20	1	10	32	5
Streptococcus pr_cl_2249	30	16	35	3	0	0	0	0	1	0	4	2	0	1	0	1	0	0	2	6	0	27	0	2	9	0	1	1	0	0	0	1	0	0	0	1	0	0	3	0	2	4	0	0	0
Streptococcus pr_cl_2327	32	15	56	53	38	20	110	2	94	83	27	97	4	29	37	50	53	23	12	31	144	53	27	57	21	20	114	38	67	10	0	54	0	0	16	13	11	10	31	31	41	14	12	34	2
Streptococcus pr_cl_2317	32	162	62	75	16	42	54	14	338	29	40	45	29	23	513	255	171	180	23	37	43	133	221	122	113	35	178	94	243	40	2	59	18	0	14	4	21	61	560	8	170	195	140	59	6
Streptococcus pr_cl_2472	33	75	171	74	29	53	344	267	187	166	64	46	27	95	16	40	125	52	9	20	468	287	28	1142	132	103	71	253	85	4	39	66	5	3	86	64	5	4918	488	32	103	15	40	409	9
Streptococcus pr_cl_2399	33	98	641	29	27	185	81	267	1650	162	55	38	15	9	49	86	41	21	19	32	793	233	28	289	12	12	49	53	37	56	10	18	4	5	56	15	25	99	33	15	54	61	92	90	20
Streptococcus pr_cl_2325	33	70	20	24	83	23	20	13	52	5	17	171	28	35	78	203	55	3	34	15	45	46	16	41	46	3	61	13	26	4	2	26	5	8	11	8	9	9	12	0	20	132	3	58	14
Streptococcus pr_cl_2170	34	3	13	59	8	21	55	125	38	27	34	40	8	78	8	124	207	0	51	29	24	23	8	77	35	10	65	132	19	3	0	12	5	0	8	12	27	216	17	50	8	13	22	17	6
Streptococcus pr_cl_2416	35	239	192	36	117	75	171	143	3077	143	65	41	49	111	53	150	49	15	57	99	179	90	101	148	55	98	213	122	143	28	5	110	11	3	20	37	15	123	51	22	58	33	51	170	22
Streptococcus pr_cl_2186	35	29	490	21	11	114	98	53	73	43	124	41	18	22	23	43	68	13	36	15	147	53	8	80	263	30	93	105	75	6	21	232	3	4	47	36	12	90	154	43	23	24	29	110	1
Streptococcus pr_cl_2158	36	0	744	37	3	93	0	74	0	5	30	201	1	14	4	55	58	13	10	11	75	1	4	256	13	2	83	7	12	0	2	25	1	1	15	2	5	214	97	40	102	28	2	52	1
Streptococcus pr_cl_2305	37	139	115	42	26	24	90	54	485	41	109	42	32	55	24	145	67	22	50	55	116	111	30	103	84	18	136	239	57	19	3	109	6	0	11	15	28	32	398	28	49	62	40	66	7
Streptococcus pr_cl_2247	37	34	72	52	18	23	66	13	294	39	30	21	24	55	39	64	37	4	27	28	8	34	17	78	124	14	53	213	68	4	0	191	6	2	4	13	34	11	85	9	29	9	28	31	7
Streptococcus pr_cl_2228	38	0	79	1	4	24	8	26	46	19	3	62	20	20	3	29	10	3	9	4	10	17	4	59	0	0	41	12	2	0	0	5	1	2	5	0	1	13	25	8	19	8	4	21	0
Streptococcus pr_cl_2185	38	36	5483	192	39	419	87	85	95	51	866	74	49	198	21	77	81	196	38	49	3713	67	61	539	75	10	222	76	179	5	11	52	9	9	698	9	13	569	3052	100	177	52	24	97	7
Streptococcus pr_cl_2211	38	21	391	21	4	69	25	55	95	33	27	131	12	24	8	57	28	27	26	12	202	50	14	272	26	15	124	161	22	8	2	9	4	2	6	0	8	118	173	12	25	11	34	63	10
Streptococcus pr_cl_2202	38	268	84	19	18	31	15	24	44	12	104	84	41	108	27	84	208	4	84	38	151	34	19	220	127	9	82	128	135	6	2	16	7	0	12	1	17	32	72	9	9	39	62	233	5
Streptococcus pr_cl_2338	39	225	1061	137	39	71	51	48	415	75	90	2102	34	85	56	366	598	154	40	96	270	400	128	377	144	80	166	571	107	29	3	192	9	5	28	27	51	535	5908	97	96	197	43	115	8
Streptococcus pr_cl_2229	40	12	207	17	45	49	29	213	116	79	75	83	42	172	10	59	19	5	54	35	37	14	11	93	186	5	37	73	39	4	7	94	0	1	20	7	35	80	59	8	30	13	8	30	1
Streptococcus pr_cl_2231	41	3	114	12	16	16	25	128	391	42	74	51	15	181	31	39	26	1	149	3	10	3	9	60	371	155	40	35	58	8	3	33	4	0	40	0	20	26	37	468	16	16	14	11	0
Streptococcus pr_cl_2188	42	47	148	244	33	90	61	101	269	247	329	11	69	22	123	157	35	6	124	20	180	58	69	66	132	51	53	26	123	7	19	104	20	3	48	36	4656	115	76	82	862	70	24	90	358
Streptococcus pr_cl_2206	42	19	75	45	63	31	46	72	174	37	458	43	166	697	21	195	63	14	140	135	57	51	54	69	752	12	58	118	62	11	7	117	21	5	97	7	13	30	46	19	31	21	44	38	0
Streptococcus pr_cl_2457	43	41	245	215	15	70	251	380	353	401	136	71	53	111	44	101	275	12	42	42	153	672	50	200	72	89	150	116	68	1	30	88	5	12	48	105	11	1374	111	56	56	56	23	142	20
Streptococcus pr_cl_2462	44	95	314	650	46	141	328	702	572	757	40	37	120	231	21	49	283	6	19	43	212	490	78	298	96	103	141	67	43	11	98	152	8	0	80	69	20	1007	64	28	151	21	35	230	28
Streptococcus pr_cl_2207	45	61	87	147	207	36	110	72	153	101	1957	89	569	2917	132	525	111	41	1106	398	144	51	78	179	3983	16	198	123	97	7	3	68	47	0	26	3	35	35	84	48	30	174	16	66	9
Streptococcus pr_cl_2230	46	16	278	130	34	92	85	328	307	101	134	87	72	439	49	136	37	11	91	70	52	70	36	167	405	12	89	124	59	55	18	120	15	7	31	20	34	80	65	24	61	136	13	67	5
Streptococcus pr_cl_2223	48	37	359	32	49	78	34	161	452	42	156	108	21	114	22	94	86	19	149	51	217	51	22	211	159	9	161	68	91	11	4	110	5	6	37	14	14	143	79	28	102	30	19	67	29
Streptococcus pr_cl_2420	49	920	258	138	272	152	468	516	24662	1069	192	29	71	133	67	159	93	10	76	234	147	127	203	116	379	40	176	117	241	36	66	54089	98	6	31	85	56	120	670	52	95	108	79	305	27
Streptococcus pr_cl_2461	49	144	393	782	77	162	12021	781	956	993	144	816	224	199	29	53	488	5	31	68	261	867	99	630	116	118	139	68	275	16	149	172	15	0	154	211	47	1373	77	42	220	60	221	451	42
Streptococcus pr_cl_2320	49	157	267	72	144	99	109	55	484	123	250	113	59	2536	32	153	77	25	44	54	284	148	46	213	195	41	182	843	87	50	3	368	16	22	21	65	36	57	368	51	246	102	42	194	8
Streptococcus pr_cl_2155	50	628	73	170	53	86	143	25	459	270	117	2693	78	213	32	108	300	186	241	41	274	229	232	421	1331	897	39	939	189	24	9	205	12	7	22	48	16825	59	182	22	31	196	19	32	47
Streptococcus pr_cl_2413	50	230	336	63	162	77	337	193	2823	197	161	73	68	81	114	143	89	26	56	145	341	178	155	201	109	90	174	78	122	39	3	175	13	6	11	72	112	119	39	39	334	146	34	188	14
Streptococcus pr_cl_2423	51	132	230	73	86	100	109	93	172	86	64	452	142	31	30	118	154	104	61	62	242	135	85	69	53	14	160	376	44	76	7	178	2	16	34	70	58	44	15	27	153	48	21	238	2
Streptococcus pr_cl_2246	52	200	238	145	115	77	212	23	411	165	177	136	144	62	66	330	290	121	89	157	296	196	207	373	351	21	467	566	142	45	0	85	20	9	14	105	78	222	658	102	107	192	46	143	15
Streptococcus pr_cl_2422	52	313	466	75	103	81	359	246	2529	210	91	82	63	72	59	258	150	92	57	137	331	93	196	230	244	41	184	159	109	31	10	108	10	0	23	22	55	154	446	42	35	94	69	246	14
Streptococcus pr_cl_2235	53	21	60	14	4	27	2	32	91	12	18	47	0	15	5	3	11	7	15	11	35	31	5	15	11	4	43	17	4	0	0	7	2	0	7	0	0	27	14	2	1	2	4	28	2
Streptococcus pr_cl_2473	55	202	626	677	257	202	1088	676	822	1111	213	272	172	253	54	170	406	55	32	106	1302	909	108	2791	107	192	238	839	227	35	273	878	16	2	321	328	27	6443	1082	69	169	122	208	868	51
Streptococcus pr_cl_2508	56	102	14	82	1304015	10	71	12	3039	194	27	53	70987	2740764	5735	290	160	27	278	4358	216	180	160869	102	170543	347	50	47	457	53	49	621	30242	4	26	397347	8765909	50	317	19468	64	288	209	35	64
Streptococcus pr_cl_2369	57	195	622	83	62	138	151	80	1362	144	157	346	90	176	40	210	237	53	91	91	340	530	119	246	154	95	294	314	148	29	11	335	12	9	46	80	91	230	1234	53	167	90	48	188	36
Streptococcus pr_cl_2153	59	102	1021	67	34	110	40	87	306	90	181	685	154	235	91	156	98	48	36	104	99	203	130	88	210	86	162	197	122	43	2	44	7	9	13	6	55	63	193	10	18	99	445	75	6
Streptococcus pr_cl_2418	62	601	494	50	657	227	1037	545	9207	413	113	89	166	870	37	414	364	12	272	612	230	398	263	284	130	156	148	95	112	53	8	147	28	14	72	68	104	321	630	355	370	89	75	191	35
Streptococcus pr_cl_2212	62	79	544	78	25	260	61	1852	1391	116	100	183	26	65	18	63	109	18	79	31	118	91	28	215	87	18	96	580	112	5	8	194	7	0	41	17	36	156	54	24	115	19	156	155	5
Streptococcus pr_cl_2475	66	150	505	432	66	235	353	1617	133922	30330	103	53	138	162	28	37	180	9	47	70	133	634	57	436	62	82	151	50	66	17	211	131	7	2	82	184	23	1175	345	62	629	56	86	371	39
Streptococcus pr_cl_2398	73	272	1275	35	22	354	85	212	940	62	83	57	68	32	73	279	194	37	68	55	1321	295	62	799	54	46	231	541	88	22	15	35	6	4	113	9	29	203	214	81	132	57	101	168	3
Streptococcus pr_cl_2285	78	77	272	115	76	106	131	106	923	232	179	134	82	147	92	320	374	7	115	81	282	216	182	194	86	83	237	260	187	24	0	101	26	20	22	26	46	134	142	106	201	61	44	107	23
Streptococcus pr_cl_2485	78	228	1323	218	152	31	206	98	131	112	104	68	50	32	24	185	67	7	57	125	1618	110	20	232	162	23	48	40	70	27	18	11	13	0	329	90	96	1816	652	74	7530	216	5	73	22
Streptococcus pr_cl_2303	81	71	251	157	176	35	101	40	1307	117	69	102	32	131	51	104	64	22	47	61	227	200	84	357	115	26	160	192	115	13	0	329	10	7	29	21	78	101	120	34	112	38	16	108	9
Streptococcus pr_cl_2205	84	27	198	294	258	243	140	214	283	85	1538	80	671	2714	59	605	251	8	876	435	74	38	80	249	3748	21	162	134	80	9	13	120	76	3	118	14	51	51	125	67	17	74	23	67	8
Streptococcus pr_cl_2419	86	407	385	177	759	152	2891	674	10468	1135	222	113	219	585	247	333	181	49	281	534	238	305	552	252	383	409	496	284	618	46	16	235	33	3	26	377	216	147	412	134	185	318	161	393	44
Streptococcus pr_cl_2296	87	298	163	11727	1026	51	2626	97	3212	5857	8719	414	2955	2268	6965	3804	1710	15	3785	2728	173	126	1857	1518	10909	102	1653	743	7002	40	2	147	759	225	21	1069	388	40	52	4247	2175	8956	25	2000	8
Streptococcus pr_cl_2487	98	105	139	449	385	693	219	147	159	620	525	23267	171	459	83	2426	3511	1213	74	853	9464	2241	270	5444	229	3677	1048	12464	368	634	16	95	47	29	403	78	30	5491	32331	390	162	816	699	461	85
Streptococcus pr_cl_2404	101	592	142	172	324	79	438	208	1993	347	441	136	197	111	326	739	324	52	232	360	165	125	306	205	351	101	669	620	369	112	8	462	36	0	25	56	196	83	721	136	153	399	218	322	11
Streptococcus pr_cl_2200	105	152	193	128	111	79	77	180	2106	177	293	167	101	288	71	207	154	44	126	153	232	133	82	250	275	40	240	195	143	15	3	119	13	11	17	17	99	158	408	35	163	216	74	130	22
Streptococcus pr_cl_2474	107	24	116	400	98	110	202	145	183	460	186	232	142	105	932	935	1112	27	113	372	831	202	85	708	427	208	558	453	280	196	693	25	24	36	527	63	13	1185	186	161	79	281	51	171	45
Streptococcus pr_cl_2477	108	361	851	653	633	343	652	780	1345	1330	421	3903	259	356	67	320	777	207	139	278	1981	892	313	2685	489	608	458	1335	510	140	139	196	25	18	404	232	323	3715	3400	167	309	493	769	474	72
Streptococcus pr_cl_2434	110	94	581	163	105	150	214	284	555	213	325	223	113	402	98	370	753	94	154	86	403	484	193	373	75	79	774	1036	209	61	14	39	8	20	39	45	24	119	559	64	248	95	70	452	34
Streptococcus pr_cl_2445	111	156	243	176	246	153	285	226	1230	216	225	155	100	97	59	280	551	58	158	113	253	686	135	276	116	123	566	931	285	52	7	9	9	13	25	77	14	217	1371	100	441	108	123	328	64
Streptococcus pr_cl_2232	113	40	390	76	173	159	115	620	516	117	393	184	176	522	48	377	212	36	197	114	198	245	79	208	470	88	150	261	218	19	18	151	18	4	87	83	198	120	102	99	188	77	55	124	8
Streptococcus pr_cl_2315	113	81	193	76	74	14	121	61	787	339	565	18	8	62	17	264	35	0	30	351	61	18	25	43	256	63	34	98	36	6	5	8612	2	22	13	41	24	8	207	63	42	186	345	178	1
Streptococcus pr_cl_2432	113	139	171	218	139	229	176	114	884	151	196	302	118	107	90	578	448	81	174	131	1011	469	197	246	274	174	589	807	462	51	5	13	11	16	30	66	86	187	441	102	338	141	124	263	19
Streptococcus pr_cl_2392	115	278	239	264	125	319	158	139	1016	215	353	2581	198	74	155	642	1966	914	118	152	2348	940	150	937	445	252	2417	9669	232	179	11	27	47	21	72	64	118	472	7174	141	1409	465	112	1934	17
Streptococcus pr_cl_2196	138	64	16	510	159	69	90	51	104	555	228	8340	302	126	350	689	362	129	137	3759	425	242	572	645	249	281	290	1094	1502	49	2	2	12	10	125	47	48	381	2283	47	46	208	44	163	85
Streptococcus pr_cl_2400	141	367	3788	101	88	1386	99	275	2346	148	84	206	99	38	62	394	299	126	51	145	64832	587	128	2090	62	46	378	1043	119	180	12	39	6	4	251	60	37	507	480	74	157	160	293	473	5
Streptococcus pr_cl_2227	142	16	168	17	70	47	30	74	158	17	67	111	6	48	16	273	46	29	22	34	139	78	47	106	91	10	196	76	73	8	6	10	0	4	8	20	11	103	54	14	57	49	9	102	14
Streptococcus pr_cl_2471	145	351	1142	1429	465	397	1444	1292	1909	2469	563	850	384	782	140	328	769	160	76	208	3566	1548	371	5906	576	591	517	1587	484	90	319	302	40	18	1379	365	77	7219	2624	145	397	155	232	901	90
Streptococcus pr_cl_2481	156	153	1367	105	407	117	220	135	282	183	378	470	810	84	51	219	275	26	48	215	2188	236	85	1985	198	47	160	778	94	41	82	22	28	0	2768	41	40	820	381	46	209	206	41	559	20
Streptococcus pr_cl_2446	162	72	67	83	59	113	178	148	1755	287	646	135	73	108	127	279	347	17	133	76	46	351	79	446	134	55	263	228	167	24	92	149	10	1	16	72	32	110	1206	130	150	92	40	211	52
Streptococcus pr_cl_2233	180	9	299	58	30	242	67	1577	353	199	297	151	55	250	28	71	47	12	154	37	158	151	88	114	281	35	68	201	122	8	14	52	12	4	58	56	91	71	409	29	98	32	13	69	6
Streptococcus pr_cl_2225	191	8	76	11	33	21	8	24	60	17	30	153	9	19	13	49	12	5	36	8	65	46	12	15	39	1	174	112	11	4	3	13	0	1	7	1	10	16	47	12	14	11	10	45	3
Streptococcus pr_cl_2403	193	113	136	392	552	265	527	235	949	680	706	327	183	601	286	511	487	113	147	342	450	798	480	504	415	232	776	1088	867	60	16	12	30	2	40	67	120	179	1756	125	362	294	140	412	86
Streptococcus pr_cl_2412	194	1158	1046	271	430	312	827	1200	5901	478	326	861	157	328	281	1019	385	65	219	417	615	481	353	526	328	152	641	661	374	106	30	859	51	3	95	93	195	371	950	147	257	273	227	689	37
Streptococcus pr_cl_2425	197	239	242	237	102	577	205	285	551	203	219	146	274	85	453	1547	2056	36	277	222	237	576	345	343	247	158	1241	192	395	94	10	5	26	57	59	44	46	144	568	81	399	208	161	399	44
Streptococcus pr_cl_2397	205	501	9327	157	326	1308	480	769	6731	725	470	214	220	283	114	959	532	167	178	343	5377	1003	409	2164	162	164	918	486	495	286	79	248	19	25	236	112	110	688	1496	152	369	537	657	876	41
Streptococcus pr_cl_2162	205	530	220	237	1512	211	820	236	1263	820	1204	2129	402	2566	409	829	517	193	523	475	527	386	857	734	7571	420	1099	2139	528	136	179	596	65	38	175	207	1988	972	1221	188	237	454	976	388	58
Streptococcus pr_cl_2438	221	126	256	351	423	171	361	182	1909	463	280	243	184	169	124	587	878	56	261	235	130	682	408	351	202	219	869	856	526	30	8	62	32	17	44	88	52	310	233	269	435	171	230	467	56
Streptococcus pr_cl_2405	234	1538	282	487	545	330	666	447	5464	675	761	391	432	195	465	1993	550	129	357	743	502	420	832	534	698	313	1611	923	768	298	19	53419	62	29	69	146	830	151	459	317	1146	930	312	612	49
Streptococcus pr_cl_2482	237	160	772	627	554	100	1004	129	989	228	1227	720	534	217	472	395	560	41	282	467	1825	673	418	417	1413	398	749	377	206	378	152	14	22	55	499	218	1393	249	311	117	176	1234	536	219	433
Streptococcus pr_cl_2356	249	1018	1528	819	513	298	481	743	2522	1057	862	636	221	256	747	1255	866	115	294	369	592	1094	557	770	737	234	1114	499	743	156	11	1993	31	19	201	133	284	342	4558	127	470	485	2552	882	146
Streptococcus pr_cl_2499	250	503	65	795	1027	274	910	261	255	1987	1057	647	84	1530	178	704	514	103	46	284	508	98	742	603	663	157	964	403	2451	217	44	4	31	69	128	54	49	97	308	440	26	585	1574	291	105
Streptococcus pr_cl_2393	251	425	141	910	642	843	637	505	811	896	730	273	212	404	251	2271	957	60	898	417	386	311	613	526	542	240	2837	399	1836	107	67	61	30	5173	256	185	103	155	515	245	1860	663	584	566	118
Streptococcus pr_cl_2396	253	701	309	551	268	763	216	303	940	273	329	454	329	207	1513	2090	1272	64	417	618	510	560	544	493	376	267	1533	680	1069	355	12	12	36	80	124	66	135	217	955	109	992	720	832	860	142
Streptococcus pr_cl_2226	254	6	170	21	22	51	26	137	188	35	103	194	47	114	22	53	34	2	30	33	36	62	20	56	107	13	164	83	43	5	2	75	3	0	19	7	14	480	491	23	35	2	6	72	7
Streptococcus pr_cl_2402	257	2622	598	793	960	506	971	672	5010	1049	1385	743	579	413	1103	2027	1410	180	510	860	923	662	1634	942	1246	343	1963	1688	1817	292	19	120	111	31	115	224	554	326	1691	387	696	1323	660	1000	167
Streptococcus pr_cl_2209	260	1360	142	763	285	233	356	96	300	102	3795	798	1554	4880	214	2661	1513	188	18964	2414	251	377	139	815	6020	69	633	412	285	78	2	22	128	15	63	38	267	91	585	100	417	338	196	287	34
Streptococcus pr_cl_2500	277	460	913	897	1214	73989	888	9651	249	1860	1896	513	95	2892	167	963	3064	647	86	318	1236	7842	637	2344	408	255	1078	1269	1552	243	52	3	59	67	154	106	65	1237	1966	588	147	665	934	1261	607
Streptococcus pr_cl_2444	279	52	200	272	309	139	340	291	933	190	324	304	193	74	98	693	751	75	212	237	216	604	235	389	277	107	1120	525	335	50	9	10	27	7	46	165	49	157	857	124	248	193	147	310	26
Streptococcus pr_cl_2391	280	235	203	492	167	288	373	163	818	530	996	4545	314	119	303	1612	3704	1350	319	474	3916	1803	498	1417	651	348	3211	177872	486	254	16	21	98	18	123	67	231	869	24489	296	2466	922	126	2792	27
Streptococcus pr_cl_2449	282	232	141	3877	6926	408	42390	1111	6868	106872	90291	447	620	4419	1643	815	1126	91	727	1883	230	595	2914	1654	3201	938	1006	528	5690	196	40	20	23	14	50	291	194	221	1137	468	856	733	7494	565	542
Streptococcus pr_cl_2448	296	325	195	3038	7677	433	3205	765	3178	5237	4539	580	1280	122389	1418	680	1077	80	1032	1445	197	750	3260	3936	4759	1153	1379	647	4529	194	32	22	452	46	168	318	233	251	380	859	888	849	637	612	466
Streptococcus pr_cl_2426	302	666	306	901	237	359	553	192	901	777	1546	5041	437	149	671	1550	4287	1747	329	782	5626	2240	480	2522	813	652	5128	24495	716	413	28	13	77	17	172	83	381	10779	734568	341	3060	1545	191	4580	54
Streptococcus pr_cl_2501	307	485	649	238	1394	725	592	358	798	708	1143	6173	335	583	613	1201	2189	12147	1212	479	2950	10322	449	6384	360	303	2759	7176	1281	455	130	23	195	220	171	354	199	30496	39322	511	1188	1436	5114	7767	173
Streptococcus pr_cl_2431	324	290	432	404	551	554	550	405	3227	557	529	506	331	354	629	1331	1463	140	461	332	1081	1173	654	900	666	316	1341	1493	574	201	19	91	51	43	105	111	91	362	1508	218	620	356	453	1317	95
Streptococcus pr_cl_2458	325	255	691	385	177	439	1407	834	1178	1839	918	762	132	243	122	737	1813	201	75	293	1772	1286	183	1185	224	170	846	999	512	565	325	91	24	9	186	173	325	998	1142	175	426	296	4704	426	32
Streptococcus pr_cl_2486	337	316	1479	148	959	51	510	110	1213	222	467	424	89	91	70	255	147	19	188	325	858	119	233	299	476	117	132	122	355	43	33	30	45	2	152	287	149	449	177	49	74	285	164	102	18
Streptococcus pr_cl_2214	345	141	1072	210	244	301	177	897	1424	550	348	384	192	339	132	620	222	95	229	156	282	314	162	744	316	76	674	585	238	62	27	222	21	13	130	44	96	498	1411	120	260	135	184	315	56
Streptococcus pr_cl_2198	346	567	647	1588	7065	158	11352	269	8903	734	381	1760	1016	7704	218	2111	595	376	317	905	968	742	1445	1144	2581	691	1113	1695	654	155	19	29	85	33	3102	1846	39510	898	4757	179	1639	366	243	877	399
Streptococcus pr_cl_2451	346	317	294	13149	6031	492	3430	639	3442	5484	4548	454	2262	3202	6797	1671	1580	120	724	6650	1034	2126	1876	1677	2825	2175	3143	1466	3490	344	64	95	120	91	79	280	324	268	248	681	1610	660	912	1144	25812
Streptococcus pr_cl_2450	347	1430	268	1350	1813	387	1329	707	1479	1315	1255	635	33917	1370	686	1677	1217	90	540	833	2429	1015	1322	1502	1352	657	1418	1852	3070	263	31	29	49	16	58	338	261	442	3139	489	878	634	421	765	240
Streptococcus pr_cl_2427	360	614	476	644	368	634	477	274	1221	491	1339	5862	480	232	492	1746	5115	1957	502	549	5702	2204	466	2073	1155	565	8514	22718	573	390	31	47	80	9	212	107	227	1206	21682	440	3555	1325	257	6971	59
Streptococcus pr_cl_2210	362	398	4776	228	44	783	42	402	484	51	171	1119	12	43	5	76	159	100	30	17	411	393	24	2022	74	26	383	93	54	17	9	42	7	2	41	27	6	1819	808	264	535	19	23	317	16
Streptococcus pr_cl_2490	382	39	185	1085	55	293	241	142	61	34	338	526153	110	58	45	3252	3253	1063	97	4196	11359	1325	94	6678	32	2735	2566	33728	2717	2356	21	2	7	9	1352	71	5	4280	25978	226	1858	821	30	434	113
Streptococcus pr_cl_2430	399	221	665	602	401	354	562	443	1509	519	673	485	341	313	259	1039	1383	158	579	432	684	1602	314	652	252	212	1638	1510	662	87	22	84	29	23	59	99	108	584	2178	325	698	387	189	897	122
Streptococcus pr_cl_2428	406	183	2135	389	493	701	639	484	1415	703	746	578	180	258	205	893	1475	152	327	312	587	4933	484	987	453	182	993	1650	615	99	33	43	34	8	92	135	42	1256	2507	456	567	456	984	778	104
Streptococcus pr_cl_2447	421	571	565	6172	9110	1044	6809	2600	3469	9068	7989	590	2381	7721	1881	1898	1816	81	1356	1995	316	1448	3278	3820	4151	1634	2268	765	13434	301	75	83	99	176	115	1142	252	438	712	2507	3220	1326	1166	920	930
Streptococcus pr_cl_2484	423	490	1705	221	697	122	822	560	872	1392	1369	286	74	211	72	719	169	7	334	217	357	132	235	239	301	123	314	90	471	38	5	69	6	0	43	2345	301	345	54	132	41	343	157	190	19
Streptococcus pr_cl_2394	453	691	357	801	2164	1638	973	529	990	2712	3759	1375	306	2139	658	3667	1033	132	1281	819	960	638	1367	896	4211	531	5982	1367	3023	280	92	7	78	107	143	247	59	790	1436	765	115351	1514	945	1757	737
Streptococcus pr_cl_2363	462	1027	1652	639	392	252	573	255	5512	1042	784	589	291	321	280	919	589	138	261	354	930	833	487	994	578	270	794	988	833	145	17	3609	43	18	151	157	219	318	1452	155	648	336	305	660	65
Streptococcus pr_cl_2429	469	284	3477	516	399	1545	446	714	1999	518	727	621	350	233	240	3216	2087	178	453	276	917	12429	402	1729	364	258	1595	1150	597	94	21	18	34	32	160	225	143	1771	2167	848	784	277	238	718	161
Streptococcus pr_cl_2435	479	603	590	387	394	483	515	471	1705	604	682	502	356	144	173	1411	1115	116	405	774	457	1675	265	810	309	187	1279	787	601	120	547	8	27	30	24	89	65	502	1229	253	712	215	206	794	153
Streptococcus pr_cl_2492	496	691	496	714	2758	840	1461	542	1006	3844	2864	2474	172	3073	458	2025	1459	403	282	740	2263	274	2090	2038	2155	393	2053	1527	4570	558	204	11	115	77	155	205	173	795	1789	1043	520	1404	2391	1237	326
Streptococcus pr_cl_2443	509	113	330	462	434	275	788	599	1222	477	679	415	325	213	304	1289	1262	129	390	377	341	1247	276	476	347	241	1253	767	538	71	18	57	48	16	57	197	98	279	2201	337	582	233	194	692	116
Streptococcus pr_cl_2406	513	2821	1275	911	1694	766	1157	704	11089	1055	1467	942	1068	644	1053	13504	2401	231	870	1968	1116	1361	3720	1286	1430	586	3530	1321	1432	1453	13	1117	135	67	194	324	1215	425	2355	685	753	1981	1766	1120	81
Streptococcus pr_cl_2459	533	2663	624	1570	345	245	937	1333	2313	2005	628	709	258	765	305	64	388	32	45	87	431	1238	137	735	966	118	283	368	384	86	260	855	49	11	155	264	41	2650	316	120	2050	74	379	1584	157
Streptococcus pr_cl_2433	536	358	146	619	346	119	347	230	2046	470	573	673	303	152	230	892	980	140	265	241	566	751	219	649	268	179	1309	1454	431	90	12	77	24	20	42	126	91	195	1657	252	706	284	216	701	58
Streptococcus pr_cl_2453	545	1710	186	904	594	322	1388	278	1415	1137	1272	635	1005	536	947	3036	1129	204	595	1587	584	709	1191	796	1559	193	62543	1932	4130	428	46	68	109	26	77	201	761	141	500	475	481	1678	633	705	49
Streptococcus pr_cl_2496	557	857	218	843	3719	521	1574	555	465	4038	2433	2298	197	2841	450	1993	1223	299	672	843	1038	365	1854	1315	2492	296	1649	906	5374	362	132	40	131	250	198	141	182	596	971	723	204	1359	3952	639	273
Streptococcus pr_cl_2498	574	992	195	953	5489	811	2109	533	574	5998	8654	1124	471	5882	476	1942	2066	369	182	769	912	459	1908	1471	4472	3751	3031	1150	5454	718	147	12	214	204	180	132	536	453	920	2690	164250	2337	2798	3117	1202
Streptococcus pr_cl_2437	644	531	603	510	423	479	718	551	4972	1002	934	414	335	311	311	1472	1643	131	659	378	548	1571	586	683	433	418	1845	942	597	123	20	42	37	45	115	295	151	371	404	281	882	407	367	1027	103
Streptococcus pr_cl_2189	669	813	2872	332	313	529	494	1327	5449	769	1511	222	323	427	45	522	294	80	522	185	2962	367	203	965	433	55	894	465	533	102	925	21963	38	19	1042	108	141	2725	1715	200	312	306	276	4013	59
Streptococcus pr_cl_2411	719	5240	7384	1284	1371	1651	2686	4767	34082	2752	1770	1079	943	1130	998	3092	2115	441	1029	1867	4095	2588	1466	2654	1454	639	2539	2629	1946	579	101	1896	201	42	517	536	677	2570	3352	786	1858	1400	1135	4125	256
Streptococcus pr_cl_2495	740	710	229	1207	4514	542	2489	709	1044	5138	3399	1607	249	4060	573	2573	1873	301	261	858	4123	524	2778	1803	2703	851	2753	1870	6057	868	195	28	124	149	256	241	259	1860	3424	1307	281	1913	3889	1031	266
Streptococcus pr_cl_2497	766	616	89	2585	4989	526	2363	543	735	7676	3862	4538	473	4114	32092	4231	1822	202	311	2054	946	467	15128	1515	3019	3303	14268	512	5480	426	99	2	114	132	171	189	289	276	1508	999	277	1685	2199	976	555
Streptococcus pr_cl_2494	774	970	143	1205	6621	602	85363	441	892	5191	4017	3287	323	3750	598	2482	1739	278	171	1199	1135	657	2902	1610	5305	448	2709	1074	6599	520	211	15	111	141	275	71020	806	427	1826	1274	211	1998	5289	1274	640
Streptococcus pr_cl_2489	792	113	106	614	445	211	1145	67	70	106	748	4956	1064	125	1137	2572	3998	822	766	827	5304	1477	146	5388	2920	2045	1256	8856	485	1668	30	5	102	37	1608	94	9	1486	12528	575	50	475	1041	1006	132
Streptococcus pr_cl_2441	898	493	800	1066	988	790	1278	1522	3674	1302	1819	1299	576	466	566	1894	2349	302	1043	617	1096	3410	591	1194	553	417	3100	3356	1202	171	54	63	50	43	99	222	254	882	5119	620	1761	549	400	2157	226
Streptococcus pr_cl_2436	1036	641	765	900	716	670	1056	900	2681	1040	1563	1038	449	616	452	2239	2228	311	852	649	1139	2319	654	1194	540	352	2906	3498	1294	286	61	40	67	65	140	247	214	741	2086	598	1216	741	540	1614	224
Streptococcus pr_cl_2194	1093	404	95	24888	3434	147	1010	155	381	813	2659	2504	17721	672	843	40876	1773	879	1849	5220	1360	1096	3056	6227	21540	3315	9048	1690	3102	412	292	147	315	249	317	3051	4128	904	20558	361	32064	5173	185	4205	37
Streptococcus pr_cl_2442	1106	684	1148	1407	1039	1306	2147	1191	6622	1470	1617	1732	951	744	741	2596	3966	343	1038	985	1286	3963	932	1662	715	833	4203	4711	1631	244	67	78	105	54	187	387	248	1436	2545	769	2113	679	570	2468	331
Streptococcus pr_cl_2491	1118	1466	1721	1771	4545	6087	2410	2511	949	6434	7447	15762	455	4318	984	6895	6520	4844	384	1332	12721	2610	2861	8324	3245	2412	5711	13409	8835	4482	1102	7	206	274	1046	229	273	10114	15049	2471	711	5328	9573	4845	1208
Streptococcus pr_cl_2439	1207	181	501	407	687	703	783	2052	2467	620	816	525	385	378	255	1206	1342	208	648	456	427	1453	363	902	335	203	2389	1062	780	135	25	20	82	5	57	260	145	521	1578	677	546	300	419	856	106
Streptococcus pr_cl_2195	1213	2193	142	7795	3819	209	631	590	874	909	1742	4854	22425	996	2088	42167	2295	2189	6593	25956	1876	4262	20172	4412	10490	3902	9628	2309	13836	652	32	348	313	305	1441	3466	1228	932	3470	1078	4736	5677	1367	76129	108
Streptococcus pr_cl_2171	1237	987	1764	1759	4049	891	2036	838	13552	2826	17446	4447	13572	6366	3352	18898	4601	407	7562	4056	2162	760	3408	2375	30315	2043	7190	6044	8081	392	196	7239	1487	135	2073	678	5661	1536	3179	1650	783	18680	6432	1019	105
Streptococcus pr_cl_2440	1796	854	2047	1613	1315	1472	2329	2092	8630	2320	2466	2364	1446	941	802	3058	5675	474	1597	1251	1970	6818	1407	2427	1299	774	6306	5176	2023	406	81	215	108	92	220	547	374	2065	6393	837	2654	1217	835	3124	411
Streptococcus pr_cl_2395	2515	2398	2965	6503	4635	12402	5027	2775	2536	7535	6118	737	2602	5963	3518	32337	2528	291	9265	4946	906	2313	2846	2491	2047	2802	36613	661	5293	560	444	116	103	2987	1100	1084	272	737	977	1116	30713	3286	1106	6904	1869
Streptococcus pr_cl_2480	2622	222	867	3248	5159	3536	1275	608	509	2636	3675	27754	9542	1200	967	751	5528	5876	815	599	6560	347	4506	696	3008	226	8491	6234	349	3841	36	1755	329	13	752	1823	4192	722	440	1024	4755	204	301	3328	42
Streptococcus pr_cl_2414	2728	33295	23538	6405	8726	6360	20828	24185	275198	17414	8168	4774	3756	9391	4542	12514	7055	1142	5767	10977	11795	8775	6723	9390	7633	2261	12383	8883	7604	2287	650	16943	1019	330	1937	3011	3009	7670	15682	3308	6822	6115	4340	15321	1356
Streptococcus pr_cl_2463	2776	8241	22134	31609	6880	9950	31170	50013	56948	68462	6240	7045	8895	11877	2729	3222	19427	877	2204	4958	17034	48511	4826	32490	8163	6333	8193	7237	7193	939	10642	10509	775	348	6786	13219	1660	101533	13823	2541	12437	2234	5387	18708	2283
Streptococcus pr_cl_2199	2809	6762	668	6614	3407	1121	2207	495	640	1365	1057	5123	3821	2482	817	9629	1979	5044	1569	7693	3760	6691	3561	3877	8904	2092	7686	3914	3410	919	340	186	160	110	9935	1122	5085	3346	16381	835	2021	2029	4082	12497	507
Streptococcus pr_cl_2488	3350	2975	10642	44163	8948	32073	8088	6902	3158	8573	32454	2465869	8100	3910	5536	167268	256220	288586	4464	86404	869210	571621	5170	597853	6772	399876	129916	2024112	35334	50334	3724	186	2272	242	37883	3079	3508	366532	2685985	31993	4774	51405	14123	44063	6116
Streptococcus pr_cl_2407	3731	16223	2727	7190	3169	3329	4655	1545	16434	6794	8896	30609	5525	2288	7704	33493	13757	3488	3631	13707	15807	14145	10721	13364	8943	3250	30229	25986	12325	6786	644	1818	764	222	1078	993	10084	4368	63699	4426	6075	14617	8833	11378	348
Streptococcus pr_cl_2408	3861	22845	3130	7799	4285	1488	7977	2519	31412	8581	11216	5508	7131	2707	9919	27217	11092	1928	4145	14580	4705	5502	11118	5682	12205	2763	23863	10365	10138	3215	103	2093	922	241	860	2230	7955	1667	12318	3879	3916	14976	4738	7901	409
Streptococcus pr_cl_2236	20276	1025	1807	464	501	468	515	404	1060	1064	613	2784	423	1321	235	892	910	56	917	735	501	1129	576	828	675	208	3249	1278	1273	151	16	6	32	48	35	94	215	242	738	395	2367	407	451	1235	56
Streptococcus pr_cl_2493	61909	92043	9565	328556	361174	59817	225645	71265	50911	478664	259844	102024	264593	320871	48961	190215	123634	16555	428253	76406	84847	12572	202953	127169	261040	30418	218806	85691	890556	41328	79473	241	8700	14395	18636	22669	21717	18679	44755	97057	24639	140466	346343	74141	28328
Streptococcus pr_cl_2483	80234	133918	312944	8788	139163	11831	183128	39106	1513502	174278	133999	59288	14693	16161	22845	51430	23467	2172	36084	138980	407981	9657	34708	83532	90428	12170	12823	16667	109822	11800	9357	3057	5980	485	120215	41621	32041	80304	34112	6981	28414	78981	121996	28514	3284
Leptospira_B pr_cl_2151	0	0	0	0	0	0	0	0	1	0	0	0	0	0	0	0	4	0	0	0	2	0	0	0	0	0	2	0	0	0	0	0	0	0	0	0	0	0	0	0	1	0	0	0	0
RGIG6909 pr_cl_1020	1	0	0	4	169	12	2	0	0	0	17	3813	109	0	48	100	1132	13501	0	203	867	13075	92	2718	0	24	2	26	0	1	0	0	0	29	0	20	2	12794	11021	10	0	0	0	0	0
JAFGXN01 pr_cl_1021	10	0	101	2	0	20	0	0	0	0	1	715	617	63	55	157	732	6332	0	83	69	31217	233	973	0	92	273	3	0	7	0	0	0	4	254	200	165	22111	19992	103	0	0	0	0	2
UBA9732 pr_cl_1017	241	269	237	3136	15842	3	25	2	4	10	4583	15434	7259	2	13	30256	11106	88046	7	51	158901	1102	872	32131	216	3140	122	27	24	143	40	0	6	181	5581	56	38	27268	115848	451	34	14181	3	13	8
GCA-2749205 pr_cl_1057	56	0	12	496	13	13	40	4	6	15	18	297	102	6	6	257	275	296	49	120	145	494	31	264	65	15	173	100	27	13	3	0	30	6	21	15	1	419	1118	17	83	30	4	103	40
Treponema_C pr_cl_1040	615	13	32	8259	291	857	435	383	101	67	493	10437	2595	5	158	13481	15093	9301	772	3329	7741	6172	600	4658	1239	489	6886	3997	118	1602	18	0	105	82	1398	244	2	4813	28607	615	1120	1509	20	1342	455
Treponema_C pr_cl_1033	698	153	1367	2359	1377	132	279	32	169	2142	286	3019	1991	940	621	5307	5076	40142	3584	5890	2760	31976	2356	6508	863	276	9588	1673	490	631	4	1	57	77	164	1462	360	64840	240081	229	323	380	22	3537	1502
Treponema_C pr_cl_1036	1252	157	84	2580	230	53	0	21	2	14	189	2160	774	46	94	373	645	6570	685	1021	245	18402	182	1275	192	75	3528	201	36	23	0	0	13	45	126	192	37	14220	31019	50	4	389	21	169	60
Treponema_C pr_cl_1035	1385	332	86	3154	288	80	5	13	3	6	191	2015	758	23	76	393	937	7318	487	810	722	17090	166	1405	199	124	3350	252	53	21	0	0	12	51	215	221	51	15443	26897	56	7	523	12	179	27
Treponema_C pr_cl_1037	1880	2101	66	4947	474	233	158645	442	6505	773	202	1453	457	23	129	1877	1920	4427	327	1989	1470	4653	456	1229	12769	158	4217	702	283	407	58	9	142	21	370	157	15	2642	8878	134	1341	279	56	18170	1717
Treponema_C pr_cl_1038	8874	647	336	27935	1741	4050	9010	1485	486	669	1936	35483	6004	130	644	27350	80313	37312	3266	11953	44010	103340	2161	28955	17550	2220	42417	30828	996	5796	141	119	394	237	21161	1291	37	35500	185855	1157	5093	3351	132	25500	5381
Treponema_C pr_cl_1034	10015	1104	474	21340	1889	390	1286	63	56	43	1696	10380	4089	132	364	3338	5260	47701	2767	5525	2720	84519	1058	6508	1322	586	19363	1727	289	371	7	0	129	203	1511	959	161	101008	138498	486	391	3024	165	1474	210
Treponema_C pr_cl_1039	20638	276	1594	483906	5684	204335	95154	59174	21014	7697	64732	642976	92165	526	6224	589823	880027	305955	29345	91329	544001	345270	17398	528771	33934	43156	424525	385188	18568	320251	778	62	8652	3480	137537	6332	99	130580	755541	36120	128800	98474	1191	133160	117205
Treponema_B pr_cl_1070	1	0	8	3	1	1	0	2	1	0	0	55	98	33	26	106	36	458	418	543	0	3501	254	88	12	3	2157	6	21	11	0	0	0	4	1	52	25	99	312	55	0	2	0	11	4
Treponema_B pr_cl_1061	1	0	173	4	425	0	0	0	0	6	3	466	470	76	80	280	294	6381	42	386	96	9287	248	375	29	0	1820	95	72	0	0	0	0	2	5	55	47	11850	32302	0	0	9	0	11	16
Treponema_B pr_cl_1059	2	0	9	2	12	0	0	0	4	19	180	10	73	22	25	85	24	783	1165	433	13	898	23	93	497	9	915	21	25	0	0	0	0	31	85	49	4	423	755	30	0	5	0	174	27
Treponema_B pr_cl_1068	4	0	70	1347	110	21	0	5	0	0	2	15	72	1	21	1039	68	1079	1271	428	102	1063	60	255	491	8	559	14	8	14	0	0	19	14	48	48	13	5758	12659	45	4	75	0	84	74
Treponema_B pr_cl_1071	5	9	36	3	33	2	0	2	0	24	0	25	118	19	10	279	59	555	864	576	36	1174	136	21	1348	2	2344	4	16	14	0	0	2	27	60	100	29	53	63	0	1	0	0	0	12
Treponema_B pr_cl_1069	7	409	196	7	5	10	0	0	0	0	457	215	444	11	9	381	116	21481	52	267	2	4645	248	460	24	59	1412	1	7	24	0	0	0	24	0	206	48	50540	118822	3	2	3	0	62	19
Treponema_B pr_cl_1060	16	0	36	12	75	2	31	0	0	11	56	57	129	18	9	142	53	1333	327	214	25	1580	38	105	121	3	634	26	21	2	0	0	1	12	29	25	7	2274	5003	2	7	18	2	51	9
Treponema_B pr_cl_1078	57	0	2	542	18	81	166	21	14	24	72	374	62	12	21	145	275	525	61	243	54	1410	50	173	117	10	383	129	53	86	28	0	10	9	102	9	0	403	1116	21	113	104	7	1851	62
Treponema_B pr_cl_1079	66	4	3	4569	18	33	30	10	0	2	11	269	34	1	4	48	143	487	18	60	36	1817	8	125	130	7	240	52	0	0	0	0	1	2	122	7	0	537	1608	3	71	14	4	138	26
Treponema_B pr_cl_1072	68	1933	1	483	25	39	86	0	1	6	56	765	789	27	179	3486	968	39852	178	794	2253	7145	165	1313	89	205	330	199	19	28	4	0	11	46	31	19	125	92523	43883	6	81	56	2	41	8
Treponema_B pr_cl_1088	75	15	4	132	10	2	3	3	0	1	7	104	15	3	13	35	93	528	18	47	4	1366	9	50	111	9	234	51	7	0	0	0	2	0	35	16	2	736	3292	5	36	14	1	65	6
Treponema_B pr_cl_1087	75	12	3	108	18	5	36	3	1	1	8	251	14	0	1	25	81	674	8	130	27	1837	4	30	395	11	290	22	3	1	0	0	3	0	56	15	1	636	2104	2	42	10	1	139	11
Treponema_B pr_cl_1082	76	6	2	141	6	1	203	2	2	4	4	116	42	6	8	67	127	463	47	251	28	1006	30	67	248	3	254	41	7	3	0	0	10	1	34	32	1	538	1242	10	85	12	0	125	41
Treponema_B pr_cl_1089	140	18	3	210	26	6	13	0	5	8	16	199	41	4	9	34	133	815	45	94	40	1938	38	78	102	2	286	19	3	3	0	0	6	0	48	21	0	795	2179	3	77	7	0	164	10
Treponema_B pr_cl_1085	165	26	13	205	24	4	140	2	2	6	2	300	23	3	9	62	72	754	61	115	63	1965	29	301	130	8	245	194	5	3	0	0	5	7	51	19	0	667	2374	8	166	9	0	245	24
Treponema_B pr_cl_1064	177	4	1	768	25	1	155	4	10	818	48	84	147	22	4	124	39	2513	806	2214	17	1268	13	40	204	9	10730	18	11	0	0	0	149	4	21	32	2	1724	3733	0	530	40	0	651	1940
Treponema_B pr_cl_1092	179	37	105	207	210	28	47	11	3	6	199	2685	756	34	9	86	301	5830	36	400	38	9069	110	717	158	91	3288	214	12	27	0	0	33	75	301	135	14	24134	62822	3	49	176	0	88	22
Treponema_B pr_cl_1081	180	42	2	309	26	12	43	2	0	14	33	563	79	2	20	113	261	2964	31	276	44	5460	41	141	5895	20	498	46	43	32	0	1	1	6	194	61	0	1994	6541	12	117	56	2	286	24
Treponema_B pr_cl_1086	191	21	3	402	43	4	100	4	8	9	10	248	29	2	13	103	157	863	87	175	62	2357	67	105	228	7	362	68	4	4	2	0	7	0	64	31	0	1207	2958	5	151	17	2	188	32
Treponema_B pr_cl_1066	227	8	33	891	38	148	49693	40	659	483	138	253	146	32	27	385	324	625	417	466	79	969	35	115	1028	30	1425	561	77	185	24	5	40	9	37	26	36	669	1780	90	561	87	21	7534	2025
Treponema_B pr_cl_1077	251	16	10	872	62	38	186	13	53	14	160	924	211	16	35	599	335	1250	132	290	445	3004	74	165	332	223	765	124	59	163	14	6	17	23	249	21	1	1347	3106	53	195	133	25	381	170
Treponema_B pr_cl_1074	253	12	90	592	67	38	446	44	97	297	25	257	217	676	132	270	233	1195	431	1620	89	10898	287	600	699	49	2399	118	76	24	0	0	6	13	142	985	71	5866	5520	54	233	45	108	13509	5870
Treponema_B pr_cl_1067	421	138	85	49249	10	15	226	4	4	33	303	635	152	14	57	1770	89	9480	1168	4206	41	6559	201	833	1579	46	4373	33	8	2	0	0	119	65	102	97	8	5933	4857	0	66	1248	0	592	69
Treponema_B pr_cl_1063	471	17	22	11455	215	15	1174	1	43	176	59	223	262	17	12	599	107	1755	1421	1987	38	4449	92	181	428	30	2912	19	16	14	0	0	51	10	41	35	7	2245	6011	11	9482	127	1	3807	368
Treponema_B pr_cl_1075	538	104	160	914	1446	1053	606	168	8	51	63	111779	686	16	564	4658	53847	110664	108	650	10063	18948	172	10212	948	5672	4904	2234	29	273	2	1	17	10	17909	137	19	51005	503046	702	255	1511	9	429	153
Treponema_B pr_cl_1083	684	97	25	718	416	36	531	10	21	120	955	925	388	60	1508	1000	1246	3706	196	551	250	7864	173	598	1754	95	1154	242	45	98	34	2	51	14	216	114	16	5396	12376	52	243	447	8	348	58
Treponema_B pr_cl_1065	703	9	21	153	162	25	25	2	0	4	144	99	999	6	9	263	50	827	733	231	152	391	3	131	52	37	666	5	7	0	0	0	10	17	37	31	1	6897	5078	0	11	246	0	42	10
Treponema_B pr_cl_1090	867	15	30	2711	63	60	350	62	42	65	163	5316	737	30	78	617	2441	10695	345	2024	428	33749	256	563	2067	52	2583	1990	73	202	12	0	30	33	274	175	2	11878	30652	199	703	359	22	474	208
Treponema_B pr_cl_1080	1098	131	63	6061	201	98	571	26	56	70	109	4269	569	28	78	1387	1709	9530	408	1853	352	34076	286	1233	3305	151	4411	708	42	17	12	0	47	18	1468	350	10	10887	35836	106	1749	255	40	2433	267
Treponema_B pr_cl_1073	1137	51	53	564	303	51	315	25	93	2317	74	877	312	75	64	201	718	1894	728	2876	167	7715	639	579	2969	40	8618	125	436	49	1	0	16	12	130	344	20	6376	12053	89	252	45	16	5666	2103
Treponema_B pr_cl_1084	3133	371	86	2478	563	121	733	26	17	139	168	3397	552	52	152	817	1548	13599	817	1983	500	36127	310	1249	2491	142	4452	625	112	58	6	0	81	33	925	518	39	14152	42455	68	2089	320	8	3040	366
Treponema_B pr_cl_1091	3936	324	303	106	2159	137	19	11	0	6	159	517	646	7	77	811	1623	50181	23	260	76	24817	148	3363	100	643	1655	48	6	50	3	0	49	2	1154	400	137	23968	67480	9	24	1334	1	83	18
Treponema_B pr_cl_1062	10538	34	86	677	30	8	387	3	18	146	237	925	1459	38	34	2055	272	11068	2897	784	447	9739	148	337	4077	178	9060	256	25	4	1	0	36	72	197	112	29	8588	42026	13	342	813	0	770	283
Treponema_B pr_cl_1076	10987	456	204	30905	1146	3989	46157	880	376	563	2698	42597	2421	108	484	5637	10878	58463	2452	13959	4279	175287	1686	50009	13766	845	22971	28824	680	1034	236	39	385	96	16283	1018	57	40128	122295	1112	4105	1544	180	18985	10162
Treponema pr_cl_1123	25	5	11	387	11	0	57	2	11	9	8	85	76	17	11	73	550	560	96	247	97	1186	54	492	92	3	271	2	62	2	0	0	8	10	62	27	6	523	1136	0	233	15	0	122	10
Treponema pr_cl_1121	49	9	32	217	51	0	67	0	15	2	98	341	302	42	37	430	546	22570	420	606	179	7154	310	791	755	17	1414	204	87	12	0	0	6	18	15	108	15	3614	23562	18	213	164	1	118	66
Treponema pr_cl_1122	62	14	69	302	65	4	48	2	0	5	50	100	350	93	63	977	539	9182	1221	1027	259	10582	756	1319	2084	14	2798	264	148	31	0	0	5	14	24	146	42	4750	21553	12	50	113	0	75	203
Treponema pr_cl_1095	111	203	27	1100	40	26	3940	4	1283	1136	36	259	489	381	157	2026	662	1475	328	1102	233	17882	2079	2123	203	44	1429	166	34	21	1	1	18	71	181	35	30	53758	13537	17	398	239	182	26444	91
Treponema pr_cl_1120	322	260	463	688	1264	52	255	6	22	69	406	632	1071	88	178	2455	1465	33373	1236	2021	711	17553	1174	2225	4777	103	9155	907	98	38	0	0	42	73	485	301	172	56684	239756	110	574	310	0	629	254
Treponema pr_cl_1119	334	232	35	824	213	37	52	14	13	28	132	315	936	58	210	511	1180	21453	381	4349	99	36764	297	773	666	163	7475	1800	41	64	0	0	15	31	44	170	164	70535	316597	58	482	151	0	360	50
Treponema pr_cl_1102	347	31	43	1288	55	44	325	15	96	42	33	586	343	15	28	734	1496	1658	454	1180	176	4702	233	616	808	22	1804	114	24	32	0	0	42	22	55	47	15	3133	4955	35	926	84	4	1074	153
Treponema pr_cl_1097	347	33	13	1253	22	10	609	6	57	250	44	75	97	43	33	191	175	1362	651	615	41	2942	292	194	263	26	1998	68	12	9	1	0	21	16	56	49	5	2867	8395	26	77	43	3	923	194
Treponema pr_cl_1104	356	25	126	15039	1306	411	1132	89	296	91	265	36126	2076	76	64	5595	187753	21132	338	2253	55204	54678	465	3249	753	14381	60726	18365	100	36265	0	0	26	36	844	43	8	3402	17413	914	2673	13679	9	1269	347
Treponema pr_cl_1094	640	178	6	2110	45	32	281	10	76	61	106	268	120	18	21	501	359	1088	411	560	204	3719	322	290	635	45	1501	124	32	6	0	0	28	17	94	53	1	1804	3576	6	710	46	9	1157	90
Treponema pr_cl_1105	768	68	266	5384	9289	142	537	28	88	51	141	18577	816	21	180	3545	44609	117229	602	2265	4125	9103	591	3442	1196	397	4045	571	51	172	36	0	47	61	486	187	80	15227	28930	436	1091	859	39	842	280
Treponema pr_cl_1112	773	155	18	5992	350	46	381	8	95	57	83	888	355	9	56	530	1240	4254	632	1527	233	8890	1220	560	740	59	3670	78	62	6	2	2	58	22	58	80	12	4943	10919	41	1798	191	1	1225	197
Treponema pr_cl_1118	1207	100	168	10528	366	592	630	107	409	161	261	5248	9572	177	323	11464	22131	4476	4812	5158	492	78785	2184	3750	1532	287	20553	634	138	110	0	2	54	205	293	421	54	110162	114715	639	8459	459	27	5984	1381
Treponema pr_cl_1109	1373	386	56	5820	2565	285	1218	79	390	316	493	1530	1907	18	123	43304	3480	6548	971	3280	320	16053	730	2621	3313	51	7019	336	89	46	0	0	79	85	178	277	14	6541	12356	123	3278	377	27	4626	1199
Treponema pr_cl_1101	1544	151	106	6891	325	545	1978	158	660	239	220	3040	1428	61	220	3820	6851	6980	1864	6750	1077	18187	1140	3496	3532	282	8940	565	101	470	11	0	204	144	347	273	24	9240	15013	167	5916	459	63	5029	1489
Treponema pr_cl_1098	1556	186	115	638	132	25	454	6	136	738	133	2593	2432	605	458	601	685	20165	10760	14706	102	44720	2958	2214	12907	448	52249	344	167	174	1	0	72	236	871	1070	224	58357	441318	131	339	84	21	9368	713
Treponema pr_cl_1100	1786	31	128	2267	108	46	584	18	78	35	190	7629	1001	109	154	949	9465	16904	860	3753	762	236416	986	2427	312	72	5155	113	81	24	13	0	59	66	26	394	11	9896	14762	51	1626	214	14	8365	489
Treponema pr_cl_1103	1800	90	187	16006	4240	892	977	180	472	553	838	172735	2796	141	423	323617	249464	108903	2913	5981	235337	99175	2274	55046	2914	2985	16134	7213	257	2912	257	0	227	182	8246	240	55	12141	24846	3195	4460	2694	132	3057	959
Treponema pr_cl_1108	2177	141	74	18581	826	598	5789	200	692	328	503	4398	2541	92	409	8717	10102	9836	3420	18654	671	50648	2120	4990	22048	112	13678	692	449	93	6	3	334	235	457	1084	34	14091	51264	1591	8045	1356	130	7460	2374
Treponema pr_cl_1107	2323	360	126	52773	574	188	302	43	65	49	512	1902	2906	73	564	12371	10293	89527	679	10656	730	15029	850	3366	2146	212	14145	259	662	44	3	0	37	417	187	1582	35	26681	32952	157	1177	5935	14	1066	178
Treponema pr_cl_1117	2524	69	47	5304	212	303	2723	197	3520	5085	203	2058	1500	149	165	3218	3857	6496	4369	8257	173	26921	901	1949	4077	74	9787	302	131	27	2	0	332	75	426	223	9	12299	17092	116	6142	246	997	65048	17544
Treponema pr_cl_1113	2566	825	71	35418	2260	170	1346	39	220	131	523	2885	1126	32	226	1754	2755	13842	2256	3279	1356	43735	7513	1562	1921	296	9366	264	383	49	1	0	246	78	177	278	34	17612	44752	193	8313	878	31	2804	560
Treponema pr_cl_1116	2616	56	39	13746	119	83	1055	44	119	87	139	941	2524	21	188	1706	1798	4153	1415	2256	426	9180	1260	706	4071	94	5592	196	93	104	41	0	97	51	292	148	23	3343	8960	64	3090	1114	30	2313	329
Treponema pr_cl_1093	5697	16731	548	45367	2614	339	2793	78	868	1360	5884	1620	2755	585	1376	8475	3684	16674	18227	22401	1605	189222	30160	2316	2779	1764	45950	366	624	132	2	0	1642	175	522	1451	675	76258	171540	246	12228	422	116	31111	1503
Treponema pr_cl_1111	6474	367	131	12664	2363	372	295038	107	702	426	1327	3552	3950	336	1794	9147	7141	38252	7342	113384	617	33594	6740	4638	104124	572	65418	507	277	125	3	1	2319	2020	745	4327	66	16136	29045	259	16548	3461	111	18021	2132
Treponema pr_cl_1096	10003	1357	571	29154	652	158	21418	34	1373	9121	1249	1339	1306	725	759	4317	2144	35224	18124	18363	716	71174	8983	3537	6896	691	46183	1649	352	185	2	0	600	183	1870	1244	321	82957	273511	394	1169	272	42	31837	7882
Treponema pr_cl_1110	11883	403	800	506446	2730	4745	678956	16675	42983	19030	2600	15383	11422	639	2185	29160	32865	34166	60333	137781	4168	100113	15668	24373	133852	943	125829	3728	2101	2121	585	6	12214	1008	3729	6684	107	32809	62132	1182	47130	3500	1848	122403	52385
Treponema pr_cl_1099	16448	72	328	179090	1083	314	52124	83	11903	1572	686	19071	16289	928	3013	21636	28343	44931	22248	137494	1940	78093	20035	15915	26073	473	53757	575	464	153	0	0	7363	1627	289	1574	102	71444	120375	1145	137745	807	46	28016	1372
Treponema pr_cl_1115	35213	1146	259	92334	809	254	5556	97	739	920	999	5214	2277	155	448	7972	6378	38672	12259	13310	2352	100864	3571	3357	32835	360	60462	1309	413	676	116	0	631	169	1539	1027	238	27817	77785	353	25054	1024	180	23216	2497
Treponema pr_cl_1114	50798	261	110	20611	857	430	21290	209	9160	1878	1768	3651	1985	116	326	7256	6381	12484	5520	13108	1173	53154	2907	3471	13358	239	17705	863	252	99	317	0	829	235	629	498	75	17772	31532	267	36514	846	129	54803	4761
Treponema pr_cl_1106	66531	670	974	1020465	4906	16576	4782	3074	7870	661	61352	51254	196083	323	10036	543159	127816	46994	60166	77055	7994	51571	80107	57250	61127	4076	129758	1137	3663	2185	111	0	26343	5826	35578	8091	282	50272	89667	8543	104264	66576	6709	68819	2153
Treponema_D pr_cl_1029	15	8	527	1321	152	6	20	2	24	40	136	173	631	178	103	588	325	155	1706	370	404	2136	209	452	692	8	1304	14	17	6	2	0	6	26	14	326	189	2305	33565	4	173	228	4	945	22
Treponema_D pr_cl_1027	51	25	45	1684	236	21	51	0	92	42	211	179	405	50	98	662	573	398	493	567	205	1619	161	323	604	28	1096	28	21	12	2	0	26	19	32	62	35	1196	3243	13	160	172	3	567	12
Treponema_D pr_cl_1028	59	14	112	619	153	14	44	4	40	81	254	209	749	39	67	212	288	472	454	309	188	2899	132	461	415	17	1319	9	14	2	2	0	26	47	16	108	58	1305	6140	12	175	71	1	690	25
Treponema_D pr_cl_1024	84	53	315	842	54	18	6	0	23	8	36	341	4009	22	29	533	193	1016	169	726	80	2143	254	210	302	77	3582	30	22	295	0	0	11	9	12	237	71	1621	3299	582	107	72	2	77	6
Treponema_D pr_cl_1026	174	221	564	17238	3394	112	141	20	1064	7441	3203	1970	5021	1336	1063	7695	1797	3129	11604	17279	887	20610	1857	2488	28940	200	31371	119	223	214	5	0	474	91	545	910	1243	36005	25464	393	6081	648	116	29536	259
Treponema_D pr_cl_1025	244	60	2439	2121	2220	395	374	56	106	99	147	3805	5373	1317	2356	38745	6271	65522	10242	5610	5021	161112	20079	14741	9663	45	29428	1302	2124	164	0	2	50	532	58	3196	1806	146736	424133	174	319	2056	6	1412	508
Treponema_D pr_cl_1050	255	5	13	9139	143	517	1195	380	193	461	1774	2902	814	25	249	3152	6574	1154	718	1780	4640	4473	850	3785	641	352	3692	1729	1253	2744	155	2	68	196	730	586	0	1236	6536	652	2880	2430	107	3701	869
Treponema_D pr_cl_1055	259	8	22	4770	163	366	1200	174	140	272	911	2550	850	20	131	3937	5562	1535	466	1160	2566	2931	719	3089	592	361	3531	2281	505	1452	89	0	94	110	619	231	3	1669	7590	314	1270	1401	45	1503	372
Treponema_D pr_cl_1022	267	112	2	1340	158	7	52	5	52	70	103	69	206	15	43	485	219	454	254	393	68	1020	381	150	161	45	722	16	27	1	1	0	16	8	10	32	18	1003	1859	11	408	73	0	138	17
Treponema_D pr_cl_1053	274	0	55	7881	102	1672	646	641	254	594	3893	11198	1474	51	70	5161	13124	1405	1065	733	45162	12777	363	9931	300	2772	5796	9513	2778	12777	44	5	49	134	2671	571	13	1621	13607	1299	4144	4749	131	3941	857
Treponema_D pr_cl_1056	340	2	23	5982	212	577	1002	326	303	602	1460	4105	998	54	191	5840	5687	1679	876	1224	4921	4859	1303	3304	712	352	4251	1904	1068	2206	115	0	132	160	826	362	2	1617	7081	422	2450	1955	60	2459	629
Treponema_D pr_cl_1048	498	15	4	5356	442	189	1302	56	140	150	669	3549	1639	14	330	7267	2757	1904	867	1776	1693	3646	1462	1290	1561	182	3407	517	482	446	228	1	166	128	613	273	3	1481	7784	212	1042	1187	37	963	383
Treponema_D pr_cl_1042	552	28	51	14779	1641	1781	1636	512	66	112	1631	43173	6265	19	420	20127	42768	16680	672	2195	47895	13323	1000	10865	1661	5828	8920	10323	223	7637	34	10	152	72	6428	280	28	8682	75060	900	732	2851	33	911	302
Treponema_D pr_cl_1058	606	10	91	13622	492	166	635	66	1005	97	4057	11732	2478	85	201	14179	8431	1874	1422	3003	5822	9511	955	2669	4710	252	9126	528	115	562	12	51	260	23	417	156	11	4009	14337	324	6358	2532	68	1308	122
Treponema_D pr_cl_1054	634	16	24	7201	594	880	3503	201	373	439	2805	5807	5381	125	1265	19139	12484	3056	2169	3622	10729	7655	9858	4223	3693	1593	5803	2748	930	4930	216	30	296	533	2697	313	94	2833	16546	917	2136	3803	148	1862	578
Treponema_D pr_cl_1032	723	27	18	2210	133	8	26	4	71	25	100	103	151	12	36	296	402	535	330	292	42	1713	208	169	394	15	795	38	16	5	0	0	25	7	13	31	8	1359	1900	17	620	103	0	426	39
Treponema_D pr_cl_1041	1285	45	82	7128	1481	954	1326	224	36	96	1462	20647	4215	9	410	12787	13991	11606	615	2311	13090	17283	1231	8790	3308	2250	11548	3923	107	2044	42	2	187	86	10055	449	8	11987	96689	441	650	2235	23	1598	305
Treponema_D pr_cl_1045	2934	57	104	19882	3157	465	4429	201	797	1512	2661	10705	6727	135	1167	35374	8940	14140	3585	6811	5917	28791	5077	5053	13122	576	22731	1228	1287	1278	322	2	641	428	3705	942	31	10417	49285	486	5716	3668	103	4526	849
Treponema_D pr_cl_1052	3472	40	208	66675	6441	2954	10946	728	1351	661	13639	85397	22463	178	2989	159444	57230	24574	8298	19420	180863	42997	18288	27448	11723	14054	53083	9501	2152	7333	1713	27	2112	1298	10989	2540	161	22334	106856	3800	11663	24523	181	7475	1203
Treponema_D pr_cl_1030	4035	144	346	35106	5735	183	653	65	1082	349	4686	2653	5315	151	320	3424	5242	2645	3359	79573	2939	7846	8369	2881	25033	260	32016	184	488	397	469	3	5793	3288	214	4082	318	4029	5904	235	6054	8372	119	7255	188
Treponema_D pr_cl_1046	4602	26	81	75842	6724	1277	17403	573	1957	545	6991	40640	21693	117	2446	104146	26534	19047	8542	19149	14582	33810	15442	13721	15104	1690	41221	3653	1586	2094	867	5	2235	1242	5441	3147	96	17552	94541	1808	10326	10725	122	7470	1158
Treponema_D pr_cl_1018	4748	70	98	158833	6324	1125	625	272	5362	458	16590	55197	58506	260	4717	128951	43992	16708	21011	53796	16385	8627	31332	23409	13120	1115	41564	2286	1535	897	476	1	3100	5235	2994	444	151	13335	59341	1828	48261	16302	164	2897	1634
Treponema_D pr_cl_1051	5320	281	366	21018	1397	41152	3861	6898	697	1652	98771	67097	15808	4777	1635	90102	461482	8176	7998	6568	261004	102395	10305	140874	13379	63987	50682	100675	4757	191300	1091	983	613	1964	106893	1203	378	11470	165589	100079	52127	102374	1035	31670	2843
Treponema_D pr_cl_1049	11314	62	1411	285287	1383	68841	40930	38468	19784	48995	132769	251501	47490	2010	1905	197374	253147	81831	53060	34802	329947	300012	7101	255434	8147	19663	271166	271297	77305	222849	1041	26	2671	4709	43697	18651	117	38543	271817	26948	155304	139405	2994	169172	35005
Treponema_D pr_cl_1044	15241	426	132	48034	4974	3014	28734	1007	2651	2114	8052	23621	18134	328	2921	63817	37474	43150	9335	36307	15262	123758	21692	17140	31636	2802	48605	3152	3679	5751	1310	46	2664	1486	32017	1875	123	30526	152180	2089	7001	10249	698	27638	18388
Treponema_D pr_cl_1023	19215	5510	42	94931	755	211	252	29	96	98	3055	1060	5996	332	962	7793	1790	4571	6324	8373	469	18990	11466	3270	1936	836	20283	114	753	182	2	1	65	180	124	950	458	67127	162530	324	18338	876	3	634	81
Treponema_D pr_cl_1047	23764	306	316	302274	16088	8288	361519	4311	6027	31163	46430	125277	81791	3818	74008	374226	87120	43069	95747	318948	58488	70862	203706	66528	140949	5087	97811	23521	139920	47071	50418	135	22002	17008	21409	23675	568	20570	108984	9593	42211	122481	9335	93999	82679
Treponema_D pr_cl_1031	41990	2005	438	367753	10847	787	1451	487	34597	6251	45272	27801	28537	994	5435	130978	68843	32235	22251	19087	8193	95174	13387	19947	20008	1372	61359	1572	1158	1427	2069	2	2008	544	1508	2892	264	78490	51050	3365	55105	11324	388	29059	1303
Treponema_D pr_cl_1043	106522	217	176	681797	8443	6567	51449	2195	32375	96607	200189	94992	98457	50933	61346	483176	357191	26654	216056	209319	37617	43556	83296	26044	81855	4984	495455	10119	259926	147441	308999	58	23569	26341	9735	30360	15745	9595	56658	25369	10063	398805	51964	288223	44047
Fusobacterium_C pr_cl_1808	2	0	2	16	11	11	10	5	0	8	7	9	2	0	3	5	12	2	0	5	23	12	6	9	13	0	19	3	12	6	0	0	0	0	0	2	6	8	22	0	11	0	0	11	2
Fusobacterium_C pr_cl_1809	29	11	28	149	21	64	203	21	23	36	217	274	96	8	11	306	123	230	52	155	1083	1177	61	1589	156	141	126	129	17	31	0	0	3	10	643	19	5	390	1416	23	85	16	3	97	11
Fusobacterium pr_cl_1713	0	3	11	8	3	11	3	10	4	3	18	14	15	6	2	1	16	11	12	0	27	2	0	18	21	1	66	28	16	0	13	2	1	2	5	5	0	5	68	7	118	1	2	28	3
Fusobacterium pr_cl_1673	0	6	42	17	1	5	1	0	11	0	8	14	0	0	15	0	17	2	6	16	67	4	5	20	7	1	15	58	5	0	0	9	1	0	0	3	0	29	68	25	39	7	2	29	3
Fusobacterium pr_cl_1655	0	0	3	18	0	0	0	2	7	8	4	23	5	0	0	6	13	5	7	2	12	19	1	10	17	1	10	4	19	7	0	0	4	0	2	0	0	22	30	4	23	9	0	16	3
Fusobacterium pr_cl_1693	0	0	16	11	0	3	0	2	1	0	3	21	3	2	2	13	8	7	5	9	11	2	0	6	0	0	15	9	7	0	0	0	2	4	0	3	0	6	21	14	40	6	0	22	4
Fusobacterium pr_cl_1669	0	1	7	7	11	3	25	20	76	4	19	9	5	4	0	10	23	2	4	9	28	13	6	6	1	6	103	13	4	0	0	11	4	0	7	0	0	29	63	3	34	4	0	18	0
Fusobacterium pr_cl_1687	0	0	7	61	7	8	34	4	4	16	21	10	3	2	8	30	20	7	12	14	7	17	8	9	18	4	12	39	12	4	0	0	1	0	4	7	2	3	46	10	75	15	0	27	11
Fusobacterium pr_cl_1685	0	0	26	42	4	3	20	0	5	3	40	17	11	1	8	31	3	53	5	11	41	9	6	17	17	0	6	19	13	0	0	1	1	0	0	6	0	7	39	11	71	3	0	36	1
Fusobacterium pr_cl_1699	0	0	0	4	0	0	1	0	0	0	1	12	1	2	1	1	5	0	2	0	2	0	0	5	11	0	5	0	1	0	0	0	0	0	0	0	1	0	8	0	1	1	0	0	0
Fusobacterium pr_cl_1680	1	0	11	58	0	6	21	4	2	10	13	6	1	1	2	9	1	1	3	16	9	7	2	0	36	0	10	24	9	3	0	0	2	0	0	0	0	2	8	1	10	2	0	29	7
Fusobacterium pr_cl_1710	1	0	5	28	18	9	63	25	38	26	36	27	18	14	13	23	48	4	55	42	18	36	23	18	352	1	43	14	102	0	0	3	1	0	0	5	9	17	45	7	38	46	45	187	5
Fusobacterium pr_cl_1672	1	0	28	65	1	15	7	1	10	7	33	28	8	2	2	18	23	18	24	7	31	14	0	13	2	0	16	15	5	4	0	0	0	0	4	2	0	33	120	23	65	6	0	63	2
Fusobacterium pr_cl_1748	2	0	10	67	2	18	33	1	10	27	29	47	3	1	1	43	20	10	47	18	86	40	2	30	21	0	48	44	30	7	0	0	5	0	1	9	0	67	56	9	71	17	3	45	14
Fusobacterium pr_cl_1682	2	0	24	8	0	0	1	1	5	4	63	7	3	1	4	19	2	10	2	0	8	5	1	19	0	0	1	7	0	0	0	0	0	0	4	0	0	9	16	5	40	4	0	6	0
Fusobacterium pr_cl_1675	2	0	3	14	0	3	13	2	2	2	6	8	4	0	2	7	9	5	4	9	16	1	3	42	9	0	3	9	5	0	1	3	0	5	1	0	0	6	12	1	19	14	0	24	0
Fusobacterium pr_cl_1708	2	0	34	26	38	6	36	4	14	36	111	30	24	20	64	17	14	4	27	36	23	3	9	72	91	54	62	158	20	3	8	2	18	0	6	12	7	15	527	8	28	17	6	30	1
Fusobacterium pr_cl_1696	2	0	50	179	6	97	608	31	16	177	59	18	36	4	56	123	41	18	228	101	52	29	35	62	296	0	124	15	65	39	3	2	4	4	7	33	9	42	96	28	266	38	10	166	182
Fusobacterium pr_cl_1684	2	1	51	28	5	8	7	9	3	1	45	10	11	2	5	11	15	23	11	10	37	20	6	37	21	0	23	120	17	2	0	5	0	5	10	1	0	21	15	2	56	12	9	45	8
Fusobacterium pr_cl_1694	2	0	23	15	1	6	0	17	22	10	14	3	24	0	1	58	10	4	3	1	18	23	2	9	8	2	7	0	4	0	1	2	0	0	0	2	0	0	6	2	25	2	1	11	2
Fusobacterium pr_cl_1661	3	0	5	451	4	381	99	69	81	209	540	641	45	14	19	11	74	33	45	57	45	119	2	102	61	34	371	52	16	23	8	16	26	2	8	22	0	6	11	63	322	170	26	189	14
Fusobacterium pr_cl_1679	4	0	24	51	0	8	20	3	8	9	26	3	2	0	1	24	24	8	11	9	6	15	2	19	12	3	24	7	6	7	3	0	3	0	3	3	0	7	11	7	54	13	0	48	5
Fusobacterium pr_cl_1703	4	0	4	7	0	1	12	1	26	1	3	4	1	1	0	2	5	0	0	6	5	3	0	3	2	0	15	4	1	0	0	3	0	0	0	2	0	10	17	0	1	2	0	23	0
Fusobacterium pr_cl_1668	4	0	85	105	6	32	17	9	97	227	119	76	46	160	24	66	51	46	99	12	26	46	6	57	83	17	167	141	77	9	21	28	1	0	12	12	2	42	89	6	147	286	4	80	13
Fusobacterium pr_cl_1704	4	0	13	19	2	8	6	18	191	24	3	83	5	11	6	22	7	0	3	9	71	24	0	17	4	6	94	30	6	4	0	0	0	1	4	0	0	5	11	18	51	4	0	14	5
Fusobacterium pr_cl_1702	4	0	1	26	0	1	2	2	1	16	17	5	8	0	0	16	13	3	9	14	6	7	0	5	18	1	19	6	26	2	1	0	0	1	4	9	4	6	27	7	14	1	2	10	0
Fusobacterium pr_cl_1657	5	6	5	21	24	6	34	2	129	61	23	2	6	18	57	144	36	21	17	109	17	18	6	67	36	31	23	7	183	48	5	0	1	0	0	4	14	6	17	8	27	34	18	23	16
Fusobacterium pr_cl_1701	5	0	28	85	53	45	18	20	193	87	62	254	41	85	108	184	40	37	40	115	35	93	29	35	229	23	28	5	38	10	4	18	13	3	7	21	8	54	128	68	176	55	11	53	10
Fusobacterium pr_cl_1670	5	0	50	105	23	5	21	4	10	73	61	12	83	60	113	125	22	3	69	92	14	33	21	76	283	7	30	21	16	6	14	3	3	0	14	7	7	22	76	19	61	9	4	40	4
Fusobacterium pr_cl_1711	6	5	7	29	13	1	13	0	4	12	39	9	16	19	18	32	8	2	46	22	7	4	5	1	89	0	11	4	34	2	3	2	1	0	0	3	1	16	12	11	10	12	4	16	3
Fusobacterium pr_cl_1683	6	1	110	328	6	48	70	11	14	747	41	205	37	3	4	40	318	843	21	35	23	232	6	123	106	9	353	483	28	29	0	14	2	4	4	38	0	34	108	131	2597	21	2	265	6
Fusobacterium pr_cl_1750	7	0	460	16	0	17	32	3	7	18	6	22	9	4	5	11	27	19	9	7	39	43	0	29	4	1	17	59	17	1	2	0	2	0	0	4	0	62	90	10	52	4	0	17	4
Fusobacterium pr_cl_1658	7	0	39	126	123	23	63	10	45	48	11	33	8	2	25	84	13	15	12	15	5	26	8	29	39	4	52	8	10	4	6	34	5	0	0	13	10	33	18	8	47	5	84	16	14
Fusobacterium pr_cl_1689	7	0	20	11	0	14	7	0	2	2	11	35	1	1	0	7	5	14	3	4	23	6	1	7	0	0	19	11	3	3	0	0	2	1	1	3	0	9	53	2	12	2	0	18	0
Fusobacterium pr_cl_1674	7	0	40	19	3	3	48	2	10	16	3	9	1	0	1	19	19	2	8	2	13	22	6	22	1	0	22	29	5	0	1	0	1	0	0	0	0	10	24	0	28	0	0	27	2
Fusobacterium pr_cl_1667	9	3	18	82	22	52	35	27	23	25	305	129	143	52	57	128	87	12	89	57	128	60	12	86	254	160	127	68	34	45	1	6	8	0	14	83	3	162	95	8	73	149	32	56	8
Fusobacterium pr_cl_1721	11	0	9	128	12	22	197	19	13	43	19	17	27	6	7	102	33	4	53	44	28	29	16	43	140	5	48	35	37	50	4	5	3	1	5	11	0	17	59	3	50	128	0	68	53
Fusobacterium pr_cl_1671	12	0	9	53	2	7	49	10	11	6	21	21	9	2	2	53	33	28	78	26	20	12	13	148	11	3	43	452	5	13	0	10	3	0	0	9	1	18	18	23	55	41	0	31	3
Fusobacterium pr_cl_1706	12	0	13	107	42	8	61	2	15	27	68	52	66	40	45	106	44	8	36	109	50	61	37	149	110	6	94	71	11	33	11	7	15	2	6	5	5	17	173	19	95	61	9	110	15
Fusobacterium pr_cl_1725	13	2	11	95	10	13	168	20	49	76	41	19	11	25	3	21	15	9	48	24	30	37	5	51	46	12	39	439	20	12	0	2	2	0	7	7	39	37	3	4	283	24	35	40	35
Fusobacterium pr_cl_1731	14	0	19	179	6	47	19	28	18	44	31	165	4	5	10	75	90	18	14	21	37	125	0	40	23	5	202	94	11	3	0	2	1	0	2	5	0	168	208	8	51	13	2	122	1
Fusobacterium pr_cl_1698	14	0	35	116	2	24	219	14	48	17	375	34	29	2	9	32	54	70	25	17	95	38	14	53	64	6	66	28	34	6	9	1	2	4	23	20	0	72	110	13	169	68	11	120	22
Fusobacterium pr_cl_1716	15	0	13	129	54	10	103	22	2345	431	407	58	114	16	67	117	108	38	134	167	71	69	267	68	355	5	208	36	157	53	13	25	2	23	16	34	18	52	177	37	225	98	12	230	43
Fusobacterium pr_cl_1690	16	0	394	81	10	35	28	164	116	19	22	26	6	4	1	47	25	24	37	25	129	63	4	11	15	6	34	12	10	7	1	2	0	0	57	7	4	28	56	25	114	13	6	210	7
Fusobacterium pr_cl_1656	16	0	1	23	7	1	6	2	0	0	14	8	6	0	0	12	47	4	37	2	72	27	13	4	2	1	11	3	8	5	2	0	2	0	1	4	0	12	44	1	23	16	2	15	2
Fusobacterium pr_cl_1709	16	0	19	269	6	231	54	36	12	43	82	74	77	70	16	83	92	47	106	110	102	221	0	117	45	38	145	53	53	23	2	13	11	0	16	11	353	41	167	33	151	67	10	209	8
Fusobacterium pr_cl_1660	17	0	13	24	48	9	11	54	25	26	57	10	36	312	22	45	17	18	82	20	9	41	22	25	22	2	127	24	20	20	0	0	5	0	2	3	4	35	21	12	94	68	14	33	4
Fusobacterium pr_cl_1678	18	0	9	24	0	37	65	28	6	12	19	21	8	4	10	18	117	34	75	541	12	29	19	28	3	0	40	35	64	9	5	6	3	0	11	2	0	6	49	18	56	6	2	44	2
Fusobacterium pr_cl_1707	18	0	29	329	72	24	32	12	39	203	312	60	212	149	264	79	120	13	108	813	35	27	228	235	1079	7	78	142	48	4	9	14	15	3	16	9	15	33	44	16	71	74	17	95	16
Fusobacterium pr_cl_1747	20	0	129	221	10	42	133	27	15	66	108	171	28	18	16	109	131	59	89	70	216	125	11	129	51	16	144	240	112	49	4	5	4	9	18	12	2	165	295	46	447	63	4	180	47
Fusobacterium pr_cl_1742	21	0	31	247	3	62	129	25	37	92	64	76	25	20	4	179	259	11	63	84	64	106	9	88	38	10	198	205	68	71	26	6	3	4	28	15	1	80	98	30	313	23	4	177	36
Fusobacterium pr_cl_1749	22	1	8	95	3	13	98	8	5	30	21	57	10	3	8	34	71	22	33	23	71	51	2	25	15	1	40	66	11	6	0	0	1	3	1	5	0	73	61	18	87	18	7	47	26
Fusobacterium pr_cl_1677	23	2	91	83	17	33	44	27	13	35	26	153	57	11	25	228	155	31	21	37	109	97	27	65	93	12	149	235	14	11	10	1	9	1	9	6	4	81	209	36	218	21	5	305	18
Fusobacterium pr_cl_1727	23	0	1	88	3	17	126	23	22	20	25	23	4	7	2	55	31	22	29	34	11	39	1	20	55	3	66	16	48	10	3	0	0	0	11	13	0	36	36	6	34	26	0	47	19
Fusobacterium pr_cl_1737	23	0	9	191	16	90	124	24	29	88	106	62	32	14	15	114	109	10	101	37	39	73	18	97	124	22	180	104	147	65	4	50	4	2	29	31	10	30	22	46	148	72	4	146	21
Fusobacterium pr_cl_1705	24	0	30	346	54	4	1367	3	229	183	166	154	423	967	470	286	105	16	165	359	54	170	160	488	3438	21	91	865	203	221	1	1	50	1	0	30	8	21	61	16	42	1015	3	64	5
Fusobacterium pr_cl_1697	24	0	36	68	62	15	79	16	109	53	38	46	19	170	7	49	70	15	68	35	62	49	19	33	29	2	105	262	39	16	5	1	3	12	17	19	18	48	66	10	233	18	5	76	5
Fusobacterium pr_cl_1659	24	3	26	97	11	35	141	33	21	30	78	82	18	3	6	71	62	24	36	22	37	102	4	79	17	13	120	107	33	25	2	18	5	4	9	15	0	62	70	20	168	35	3	96	10
Fusobacterium pr_cl_1728	25	0	138	321	21	127	712	74	405	116	122	223	66	28	34	195	216	30	148	66	216	288	57	890	182	43	188	244	223	181	76	3	3	3	81	63	6	233	75	33	315	134	12	323	321
Fusobacterium pr_cl_1688	28	0	44	113	29	10	22	20	22	24	30	57	49	71	60	162	106	24	80	89	41	74	46	21	181	4	80	52	15	10	8	1	10	0	12	5	32	32	241	10	124	43	10	102	9
Fusobacterium pr_cl_1722	34	0	34	257	60	149	372	119	58	128	215	37	68	34	76	178	168	36	200	101	60	135	37	71	118	31	467	51	615	168	9	10	3	18	57	26	8	50	56	56	98	152	84	185	20
Fusobacterium pr_cl_1681	36	0	77	178	36	82	108	16	79	63	115	275	55	27	38	187	216	47	92	81	386	158	28	234	114	14	159	206	232	106	16	15	15	12	34	21	0	50	179	177	633	562	26	163	25
Fusobacterium pr_cl_1734	39	0	553	306	2	341	45	48	69	90	103	190	29	5	11	57	113	26	52	41	152	84	3	130	32	13	112	114	89	51	5	0	3	0	82	20	0	335	296	31	493	29	3	287	34
Fusobacterium pr_cl_1719	42	1	44	489	21	65	415	29	59	219	171	503	64	18	52	209	299	92	222	148	623	303	47	171	165	18	299	377	233	71	10	0	10	13	37	29	5	213	311	46	512	174	7	332	127
Fusobacterium pr_cl_1712	44	10	26	75	39	142	76	201	620	79	244	348	30	56	7	249	186	51	204	65	70	247	17	136	40	15	306	324	61	88	8	8	8	9	20	1	9	134	449	18	126	78	7	134	7
Fusobacterium pr_cl_1743	44	16	35	281	24	69	200	23	28	73	276	162	44	16	31	206	224	22	90	97	81	123	13	162	29	7	165	134	114	61	15	9	8	19	30	16	2	54	100	82	250	45	10	305	50
Fusobacterium pr_cl_1676	47	8	15	643	319	14	76	4	4	26	227	69	25	11	14	152	49	25	56	88	82	93	102	196	121	4	123	56	56	14	1	2	11	10	4	16	0	26	132	40	68	69	4	203	24
Fusobacterium pr_cl_1717	52	11	33	407	112	33	146	19	22	71	136	264	47	52	73	173	186	87	79	486	97	268	47	55	324	32	137	52	102	22	4	8	6	1	11	16	2	334	468	61	110	32	16	122	21
Fusobacterium pr_cl_1715	53	35	84	399	42	79	175	34	24	172	191	43	81	13	31	150	335	91	145	113	46	157	51	168	103	33	216	109	189	53	6	7	12	5	9	21	20	901	559	24	1335	80	3	123	114
Fusobacterium pr_cl_1664	55	1	637	8159	47	184	366	103	118	142	841	1388	1209	93	47	8104	1408	501	1453	854	855	1914	268	1159	181	18	16887	1906	301	156	4	0	23	88	56	81	1	891	5020	180	18042	325	37	12944	214
Fusobacterium pr_cl_1700	56	1	21	228	41	41	47	43	22	72	70	237	74	79	93	129	168	15	70	130	56	83	24	72	187	7	193	183	55	64	12	3	10	6	8	9	0	7	61	24	100	85	8	70	17
Fusobacterium pr_cl_1718	63	0	45	465	10	44	316	35	47	193	157	541	48	16	42	218	283	120	221	106	647	246	47	177	105	17	248	517	177	91	7	0	21	9	42	31	6	235	420	67	647	98	10	293	102
Fusobacterium pr_cl_1665	64	6	17	307	19	12	121	6	39	24	73	41	189	7	11	443	181	111	74	127	31	413	59	65	137	4	358	50	57	32	16	0	12	9	3	22	0	182	484	12	241	44	4	173	22
Fusobacterium pr_cl_1662	65	3	13	177	95	72	68	104	60	1751	507	167	142	231	118	218	158	38	134	274	29	82	108	59	248	53	188	272	199	114	105	13	17	0	10	187	9	147	101	57	336	181	134	85	37
Fusobacterium pr_cl_1666	74	6	69	312	8	75	115	55	86	62	104	149	33	9	13	170	178	109	132	135	109	329	20	89	143	13	208	120	79	36	17	25	10	1	17	25	10	338	616	54	328	65	5	279	16
Fusobacterium pr_cl_1739	74	0	33	333	12	87	309	39	24	173	386	56	59	13	18	429	301	22	171	151	100	145	29	137	124	37	317	114	466	217	25	1	12	12	78	90	8	56	39	71	416	193	45	326	77
Fusobacterium pr_cl_1714	86	4	1546	1598	9	410	203	83	62	163	240	5394	251	16	24	727	3270	3320	398	180	3560	3135	11	1230	63	13	3208	4155	176	53	1	0	21	15	80	23	1	8406	41561	252	3951	337	1	1440	92
Fusobacterium pr_cl_1691	92	4	801	668	13	169	119	56	31	359	466	644	134	51	22	178	248	232	607	220	649	181	123	291	69	3	733	6603	121	53	6	0	30	3	43	17	2	612	3696	189	1194	149	2	485	25
Fusobacterium pr_cl_1663	99	0	11089	2726	24	2320	158	296	262	75	420	3947	420	17	43	1376	3484	775	427	290	6082	2069	16	1706	53	9	4541	2541	262	62	5	1	21	23	309	140	2	4806	19430	1211	12873	312	21	4526	128
Fusobacterium pr_cl_1744	101	0	109	681	97	167	537	106	166	421	600	324	199	164	137	658	1316	60	355	392	438	675	91	257	290	72	941	1261	366	414	63	31	13	23	161	55	26	141	324	234	845	245	44	530	130
Fusobacterium pr_cl_1686	109	0	57	237	84	50	145	34	34	138	299	91	127	70	123	255	360	33	194	141	51	82	37	98	242	25	381	119	185	102	23	4	9	6	107	26	2	106	84	130	512	92	24	287	38
Fusobacterium pr_cl_1740	112	5	23	945	331	106	711	138	186	555	397	276	278	290	221	623	613	39	479	584	76	221	116	167	839	56	703	1049	264	201	282	7	36	19	45	79	34	113	132	251	716	410	64	455	92
Fusobacterium pr_cl_1733	117	1	225	3977	40	430	422	94	94	292	383	754	144	39	66	247	718	98	332	230	2133	328	29	3052	157	21	470	819	539	145	38	0	10	12	218	86	7	564	670	163	2654	155	32	1156	156
Fusobacterium pr_cl_1735	157	0	76	1232	34	199	848	142	114	344	686	545	177	30	41	843	859	123	555	315	370	560	41	790	208	75	894	672	559	341	74	0	34	12	91	100	6	199	381	183	1074	272	35	858	197
Fusobacterium pr_cl_1730	164	21	144	581	66	36	144	17	159	76	85	419	263	17	41	196	3907	192	220	1507	2142	494	61	270	1071	10	2505	1313	34	28	2	4	42	10	464	109	27	189	423	52	426	390	2	376	47
Fusobacterium pr_cl_1738	178	0	97	2311	76	606	1524	271	172	1108	1353	830	466	114	126	1752	1497	115	879	697	245	978	62	489	658	149	1735	1256	2256	792	1242	0	30	44	201	394	8	187	535	540	2573	631	51	1172	446
Fusobacterium pr_cl_1695	250	0	3	313	2	23	0	78	46	4	132	410	15	0	4	447	576	15	282	214	14	298	15	152	9	6	583	966	3	263	0	0	26	2	0	10	0	61	129	16	415	13	1	206	6
Fusobacterium pr_cl_1741	262	0	172	1221	66	234	835	126	89	722	850	233	249	198	118	505	1595	126	698	597	229	534	245	490	257	296	1177	386	841	290	82	0	73	13	185	140	7	267	290	284	1958	403	35	1981	119
Fusobacterium pr_cl_1729	324	99	54	2486	201	50	625	37	168	217	256	265	130	40	54	660	355	428	366	461	252	1527	102	163	510	16	1482	345	176	71	5	15	47	5	87	128	3	489	1206	61	536	276	19	1890	194
Fusobacterium pr_cl_1726	377	180	291	2574	103	227	8811	109	266	542	716	1188	311	114	137	1117	1015	270	946	703	775	2190	140	771	3420	91	1360	1544	688	339	40	37	56	35	1867	211	19	1147	1508	230	2014	714	69	3772	1404
Fusobacterium pr_cl_1723	414	47	388	2881	229	464	13256	702	1978	1076	1942	1496	530	257	1469	2419	1187	408	1313	1479	672	1176	368	655	2332	182	2010	3041	1175	550	159	69	97	55	366	263	166	569	1025	514	1782	971	82	2306	1562
Fusobacterium pr_cl_1746	591	8	74	5895	604	313	8357	175	105	1811	1097	645	1759	881	4154	7462	3107	103	5028	3265	348	582	936	1004	5371	241	2693	706	7376	2580	38	15	146	146	273	792	123	192	210	425	2118	2214	195	1708	1426
Fusobacterium pr_cl_1724	603	0	12	3729	231	281	696	413	477	745	1161	2446	550	150	108	2915	4087	155	1002	1535	219	1541	127	412	406	136	4857	4887	784	1761	265	8	90	35	89	226	55	503	901	599	810	725	195	1465	389
Fusobacterium pr_cl_1720	809	30	247	16619	1299	377	27322	307	471	2261	3111	1705	2898	281	1647	9261	2375	331	4418	5837	1046	1684	3310	2121	20691	549	3382	2862	3741	1208	167	15	1396	396	671	1695	265	806	2068	947	3370	20915	417	7723	5713
Fusobacterium pr_cl_1732	1007	5	6887	9638	108	5516	2313	932	1338	1951	2629	9006	706	212	264	2252	7896	852	2349	1711	4087	3494	155	7702	668	210	4214	12765	2564	1231	151	3	92	63	1423	395	15	7534	8366	799	20855	1104	94	6239	908
Fusobacterium pr_cl_1692	1232	96	3794	12394	1844	1538	3108	906	1281	3155	5784	4730	2653	2201	3402	8275	4509	2719	4703	5043	5118	3038	1295	4445	11337	393	5867	5820	3751	1113	291	293	654	234	585	1208	240	2468	11974	2889	16836	2874	340	8659	727
Fusobacterium pr_cl_1745	3370	2	130	2483	22	277	1101	274	220	993	1623	1069	491	72	65	1211	2253	178	1591	994	292	1042	65	388	294	264	5518	1280	1405	788	63	0	68	21	153	118	8	332	436	570	2959	589	48	2579	212
Fusobacterium pr_cl_1736	6085	78	2469	28592	2498	9062	21052	4280	7297	17286	34263	8691	6153	2540	4168	20633	21566	2697	14646	10911	6630	11669	3249	9379	12769	3060	27605	18942	22229	9475	2239	401	1151	876	6495	4068	339	5019	5518	7736	36707	9655	2747	20708	4723
Streptobacillus pr_cl_1649	0	0	17	8	6	164	5	31	19	3	4	12	4	2	17	8	7	6	8	0	20	140	3	19	13	3	10	16	6	1	0	0	0	0	0	0	0	4	14	181	465	0	0	3	29
Streptobacillus pr_cl_1650	0	0	17	0	0	1	0	0	7	1	0	0	0	0	0	1	0	2	0	1	6	1	0	3	8	0	0	0	0	2	1	0	0	0	0	0	0	0	5	1	6	0	0	3	0
Streptobacillus pr_cl_1648	3	0	82	8	3	6	12	2	10	8	12	12	8	2	5	9	12	2	5	1	4	9	8	0	15	5	9	7	6	4	0	0	2	0	2	0	2	0	33	21	19	0	2	11	2
Caviibacter pr_cl_1654	2	0	10	0	0	0	0	0	2	0	1	4	0	19	1	43	68	149	50	1	0	91	14	73	4	10	26	12	24	0	0	0	0	4	8	0	0	1	16	0	1	0	0	1	0
Caviibacter pr_cl_1653	65	21	13	361	111	4	7	2	8	30	38	25	36	43	52	143	322	1813	136	368	25	466	62	217	32	19	15	10	140	20	0	15	29	8	8	103	12	466	113	14	59	22	1	1446	11
Pseudoleptotrichia pr_cl_1803	6	0	5	90	73	0	8	7	16	63	9	15	69	8	54	13	31	12	8	20	6	62	15	18	79	11	52	58	29	7	2	2	7	0	1	6	8	18	15	14	158	2	0	40	15
Pseudoleptotrichia pr_cl_1804	16	2	582	1231	413	431	1044	2533	373	453	80	133	340	136	4541	141	310	37	70	95	14	3037	52	148	967	302	693	272	199	25	96	1	17	11	103	86	3	119	1135	66	3686	65	15	1004	5121
Pseudoleptotrichia pr_cl_1802	826	3	4519	26915	431	1619	9376	2227	1943	7065	1973	5519	3843	1203	543	2345	2874	221	471	930	391	32699	355	2128	2320	1041	32168	3868	2066	1393	588	177	144	41	2018	371	191	6660	1152	1969	7880	1117	90	7086	515
JABCPH02 pr_cl_1755	53	8	30	686	434	20	295	95	94	314	627	512	156	356	288	410	244	10	320	489	18	196	90	177	995	14	327	1443	125	128	37	23	51	2	5	74	33	17	30	206	326	79	31	371	67
JABCPH02 pr_cl_1758	66	29	28	2932	832	12	707	45	217	1389	1324	1192	614	774	969	602	405	65	1365	1261	67	143	1020	1660	2741	130	325	398	586	148	199	77	63	20	19	87	112	70	123	814	541	732	258	584	125
JABCPH02 pr_cl_1756	80	29	9	1531	1260	14	422	7	249	682	1270	196	570	1611	1739	1125	528	11	463	1634	16	70	680	485	8776	128	592	532	602	221	4	90	144	18	14	190	73	171	794	611	214	1306	111	264	19
JABCPH02 pr_cl_1753	143	39	7	851	1288	22	528	55	320	898	965	274	678	1605	1988	2135	300	9	814	2244	32	287	1048	186	7750	147	397	544	471	164	87	260	166	39	6	475	160	71	169	1077	208	1111	674	329	61
JABCPH02 pr_cl_1757	191	6	56	792	674	107	231	32	162	654	619	621	575	713	916	1104	1005	72	565	1286	148	447	346	287	3577	97	1330	866	370	315	38	66	99	17	71	117	36	183	97	265	201	487	253	421	99
JABCPH02 pr_cl_1754	2612	764	152	13303	16711	517	7157	759	4461	20359	16569	5561	11661	33584	34160	29620	7067	314	8563	34028	491	3896	14567	4591	124654	2396	8257	7134	7839	4288	1054	3633	2621	432	104	6521	1936	794	2743	8083	2926	10972	3042	4202	974
Leptotrichia_A pr_cl_1790	11	1	46	83	38	36	24	10	26	49	115	33	57	61	96	114	55	12	49	104	23	52	27	25	204	7	42	48	58	15	4	3	10	4	2	10	4	36	174	45	33	67	24	52	4
Leptotrichia_A pr_cl_1801	13	7	34	134	39	11	19	6	89	57	127	60	29	25	51	73	30	34	18	137	36	46	27	68	201	9	52	56	44	8	8	9	4	8	8	4	1	16	43	23	63	66	17	74	6
Leptotrichia_A pr_cl_1798	17	0	54	138	137	84	134	58	170	200	374	153	64	135	75	216	100	24	28	87	28	80	49	73	47	14	157	156	159	56	14	36	9	3	17	50	82	65	211	74	183	103	19	114	15
Leptotrichia_A pr_cl_1799	17	7	65	106	18	66	70	24	13	40	95	154	42	39	76	129	113	46	51	41	39	172	15	71	84	20	266	276	110	19	1	21	5	3	27	19	9	135	427	63	81	51	6	148	26
Leptotrichia_A pr_cl_1793	20	0	25	305	24	42	951	24	29	161	222	229	77	36	390	153	159	19	30	201	30	41	95	336	2338	15	173	142	196	37	39	5	23	4	8	21	0	20	405	174	85	607	11	180	4
Leptotrichia_A pr_cl_1791	20	0	20	213	17	23	21	14	40	24	87	121	27	14	17	206	176	12	65	88	10	59	2	27	43	5	144	301	21	16	7	0	5	6	10	9	9	46	167	17	55	21	3	86	8
Leptotrichia_A pr_cl_1796	26	0	306	65	14	34	16	6	4	36	46	146	12	40	24	96	81	49	34	39	192	64	14	169	65	6	96	181	51	21	5	0	4	4	9	45	6	102	508	27	132	29	16	100	14
Leptotrichia_A pr_cl_1800	31	2	60	82	17	69	23	12	22	26	116	82	35	13	9	97	97	37	173	65	34	70	15	83	46	15	88	1654	97	27	5	6	2	11	15	10	6	52	254	35	84	68	7	149	4
Leptotrichia_A pr_cl_1789	70	4	115	905	30	102	157	50	37	119	237	224	132	72	31	260	290	44	81	151	47	315	29	161	67	17	855	418	460	74	39	14	6	8	60	114	1	178	101	141	464	128	53	461	38
Leptotrichia_A pr_cl_1784	76	0	347	587	14	401	258	121	1442	1624	435	232	186	136	62	201	642	61	80	84	65	639	50	320	535	23	326	423	722	285	54	5	18	4	191	110	0	485	222	125	1109	65	83	654	78
Leptotrichia_A pr_cl_1797	77	0	42	781	153	22	765	9	324	550	1000	2431	349	638	563	240	215	388	163	369	43	276	192	477	2631	26	214	78	380	403	5	2	61	8	12	47	72	50	142	255	200	814	8	234	9
Leptotrichia_A pr_cl_1786	80	0	57	464	48	280	421	47	64	128	261	274	44	229	193	190	267	187	146	246	101	366	33	120	952	16	616	298	2699	96	33	12	0	19	174	35	11	162	59	267	939	59	69	951	125
Leptotrichia_A pr_cl_1788	103	0	275	279	47	215	278	78	64	219	173	389	84	89	40	341	503	35	115	106	129	460	101	268	105	20	527	590	270	122	25	9	1	10	102	52	11	234	169	112	583	57	64	589	117
Leptotrichia_A pr_cl_1794	107	2	612	954	70	303	640	125	205	364	610	1823	139	234	275	569	401	539	149	377	318	563	167	452	2110	25	613	1147	462	126	30	22	34	12	46	83	15	419	5785	336	403	662	75	600	76
Leptotrichia_A pr_cl_1787	107	1	110	537	326	259	269	77	98	477	781	171	152	486	115	681	423	49	205	233	57	339	211	254	448	81	444	306	1053	251	165	645	14	15	98	74	52	219	200	395	735	205	56	354	125
Leptotrichia_A pr_cl_1792	162	13	680	1180	97	323	358	162	155	273	814	1224	161	168	239	1101	1013	312	346	418	370	737	130	475	553	70	858	2238	850	319	58	20	30	19	157	115	42	357	3455	363	774	497	158	724	115
Leptotrichia_A pr_cl_1783	355	9	284	14111	465	895	589	421	171	735	1553	631	326	289	207	20257	1456	280	1891	10073	135	1763	212	1420	2559	106	3224	723	1253	754	106	2206	216	32	256	317	37	546	247	1125	2652	700	170	3599	308
Leptotrichia_A pr_cl_1782	372	1	309	896	43	486	519	100	122	352	783	1226	175	45	19	1182	1667	146	313	214	432	1435	37	605	60	99	1940	2735	598	632	78	18	10	39	257	64	12	511	564	675	2452	258	63	1735	251
Leptotrichia_A pr_cl_1795	3469	53	8373	24592	2462	6298	4688	3503	3012	9119	27082	30572	3146	4419	4419	36446	11275	9215	5300	10515	7065	8172	1993	7282	10981	939	12434	43060	27005	3129	1413	2510	666	297	2831	4930	897	5111	171071	9481	8670	19594	2716	12606	1010
Leptotrichia_A pr_cl_1781	5955	35	6553	17427	2031	15840	9966	3048	2677	10026	24442	13073	3257	2830	1493	28003	30566	3429	6010	3701	4588	20313	1731	9307	3737	1472	35517	21547	20812	24484	2958	1129	226	466	5242	1646	137	9391	5291	14868	34385	4171	1854	27609	4406
Leptotrichia_A pr_cl_1785	6184	44	16498	37193	1891	23349	18220	8742	8722	21859	19059	12730	7277	6410	2602	18245	41939	1864	5076	7467	5456	34251	2802	17163	6708	1828	30073	29155	35565	5085	2489	1073	514	318	11974	5963	242	20030	10958	8838	37510	4516	4125	34707	7445
Leptotrichia pr_cl_1764	59	0	37	385	353	34	205	51	129	522	767	2226	401	495	569	514	513	35	325	842	51	278	162	191	1703	48	228	946	248	64	113	17	67	4	15	51	66	237	1197	219	448	595	94	291	29
Leptotrichia pr_cl_1762	62	8	0	455	731	26	333	34	226	501	756	137	607	1111	1335	712	175	10	660	1289	11	79	329	164	3602	99	133	67	320	118	78	25	98	5	5	72	53	8	17	413	92	622	108	155	23
Leptotrichia pr_cl_1765	62	1	10	267	395	77	141	35	64	440	1108	399	425	491	608	623	209	51	272	937	78	183	223	172	2399	56	155	648	184	54	83	26	94	25	11	53	71	12	131	361	114	697	114	162	22
Leptotrichia pr_cl_1751	87	1	7	773	95	30	138	35	121	249	213	538	175	153	212	552	355	15	299	328	26	422	189	63	567	33	502	1086	159	158	23	30	45	19	3	42	18	131	291	78	67	260	29	172	33
Leptotrichia pr_cl_1766	103	1	13	2147	583	52	611	71	263	652	686	696	578	693	891	1096	825	16	531	1293	42	672	381	256	2262	72	808	4744	297	277	38	82	118	44	15	83	54	155	739	512	217	753	104	399	207
Leptotrichia pr_cl_1779	215	13	124	950	236	533	534	248	234	481	834	1921	218	349	118	1456	1036	141	257	486	133	1001	225	317	448	83	1580	886	468	413	227	239	50	44	21	173	27	443	403	669	536	283	50	1202	185
Leptotrichia pr_cl_1773	430	182	83	4456	6895	680	2597	811	675	6562	6664	1570	1474	7667	2172	6951	3032	138	2273	2789	103	1247	3259	1536	11412	1394	4425	1569	5862	1850	1024	4706	166	165	180	1206	1267	447	304	2193	1661	2376	686	1725	599
Leptotrichia pr_cl_1778	665	14	217	4123	1330	1392	2077	665	635	1710	2338	3289	854	2076	772	4791	3525	336	1227	1804	191	2508	887	860	1625	355	5401	3117	2342	1440	443	806	122	150	143	451	67	758	965	1946	1402	1189	316	3182	661
Leptotrichia pr_cl_1777	694	6	523	3117	709	2052	1438	762	832	1377	1990	4313	634	1111	512	3518	3856	413	705	1485	259	2764	646	927	1201	276	4557	3894	1407	1201	600	599	78	71	221	448	101	998	1210	1533	1688	738	167	3123	616
Leptotrichia pr_cl_1761	1015	17	33	18057	40450	284	23822	1688	2557	10189	9360	1368	9769	10813	15580	13369	3833	143	17432	12563	64	1114	9224	4930	212209	1718	3911	3254	9248	731	1935	370	1768	532	47	2715	24951	246	427	4933	3312	13203	2653	4870	1476
Leptotrichia pr_cl_1770	1345	85	168	30700	2498	725	12318	1660	4411	6071	4713	4968	3226	4477	2229	11350	6817	353	3694	6174	313	5021	3001	1558	6785	1688	9785	11602	3343	2463	884	682	740	178	174	1194	182	1043	2426	1964	2879	2959	521	6756	7895
Leptotrichia pr_cl_1759	1558	19	29	48453	54275	140	11605	969	15056	22493	20890	14482	85041	90905	223014	25116	6335	190	35844	76408	86	1242	49903	7671	479053	5744	8297	3243	25459	1521	1865	193	14635	1073	71	4484	4687	398	968	10520	23074	27272	2171	7916	1239
Leptotrichia pr_cl_1775	1628	126	125	7208	4398	1289	9176	1890	901	5602	7122	3537	1959	6858	2043	11618	6748	577	2535	3787	193	2802	3216	1599	4579	1211	7975	4576	5979	3009	3327	1797	200	812	537	1495	281	737	1349	8081	2814	5360	560	6328	2112
Leptotrichia pr_cl_1771	3460	69	373	67012	7072	1961	99972	2491	10320	12322	9871	14008	4724	6848	4091	28221	16818	748	11348	20706	865	13298	5623	4605	27852	1722	28904	33362	10143	5999	2189	1383	1274	517	915	3626	824	3116	8062	5075	4520	9980	2306	19588	40237
Leptotrichia pr_cl_1780	3632	5	106	28039	1840	1065	3552	2339	3399	3910	5389	13488	3624	2813	1843	20180	23692	640	5980	10511	1184	13540	1633	2624	4634	883	32716	59077	4570	7210	463	334	657	227	301	1008	152	3340	9267	2511	3665	3081	548	9788	1518
Leptotrichia pr_cl_1772	4939	4156	1137	74450	108745	7910	54634	10432	9581	94459	76904	20441	22598	117781	34410	92587	37827	1738	32712	32573	1031	15043	43859	23622	245904	23533	54984	19299	72057	22611	4577	124417	2566	1857	2619	17331	18257	3693	4487	28640	26307	25187	9407	22058	6633
Leptotrichia pr_cl_1767	7038	228	73	20325	16603	1012	27665	5056	80144	83457	45898	7758	13116	24544	17613	39133	41001	1202	12408	50568	615	72444	7330	3780	38826	2141	12599	14469	8195	54107	1389	925	2838	376	175	1466	928	2055	2605	12654	5597	12567	3302	12382	5007
Leptotrichia pr_cl_1776	12050	178	4820	36917	20531	26182	19671	9855	13102	26607	41279	52812	12838	32567	11156	64418	54111	4687	15070	23648	3492	32674	13176	11656	28610	6412	73743	29879	32817	19666	6457	7636	1465	1140	2257	6629	1358	10871	9991	25008	26508	12396	4182	41612	7827
Leptotrichia pr_cl_1763	12192	154	337	118206	145381	1874	63591	3240	47386	129308	181874	26536	137593	225873	297823	140415	35154	1331	98393	304817	1509	19364	84250	46238	702684	15874	31481	39020	67271	20853	7804	5093	17976	2476	822	13065	8573	3785	9631	80169	16494	157608	22687	28211	3373
Leptotrichia pr_cl_1774	13046	282	1019	60137	71405	10278	75123	12950	5684	75486	108626	28047	28270	123058	34614	146250	78849	5019	33597	40494	1802	36908	55061	21001	61699	20801	94499	46267	111625	29485	46602	7249	2310	5856	5111	22750	2272	5236	8616	81624	28325	37583	6840	57087	28395
Leptotrichia pr_cl_1768	17761	683	277	140197	276885	2621	113860	7988	29569	144942	242479	25386	106942	159244	288782	290560	60017	1487	219335	410352	1060	19181	95615	64408	709630	60750	37125	34003	180954	28661	92730	2557	16867	9288	1526	44566	76767	3037	6575	82288	16050	449386	201055	47332	11994
Leptotrichia pr_cl_1760	18577	130	52	348344	268488	4874	295729	43115	82140	306648	412724	21551	249720	235578	427743	384034	92286	4017	558793	361131	374	3880	142220	95930	821540	57549	94387	15623	234982	14557	42023	1862	27530	15970	688	24015	54613	893	2885	134950	98860	208220	34265	193766	27948
Leptotrichia pr_cl_1769	159736	148	2905	800523	15678	74447	179022	161940	124936	208493	287524	660097	164677	36709	16405	685871	1043165	35288	235930	403931	36887	426826	17970	107115	48158	30905	1375208	916084	203712	481721	89850	2263	21752	6200	20681	57876	1155	105937	205207	148523	167646	199491	39938	426860	86872
Clostridium_G pr_cl_1652	0	0	1	0	2	0	0	0	0	1	0	2	0	0	1	0	0	6	0	0	1	2	0	0	0	0	1	5	0	0	0	0	0	0	0	0	0	0	2	0	0	0	0	0	0
Clostridium_L pr_cl_3088	0	0	0	4	0	0	68	0	12	11	19	6	1	0	1	13	6	6	28	8	7	12	8	26	33	1	13	18	0	0	0	0	0	0	1	3	0	10	15	0	8	6	0	5	2
Clostridium_F pr_cl_1651	0	0	0	0	0	2	0	2	0	0	0	1	2	0	0	0	0	0	0	0	0	0	0	0	2	0	0	0	1	0	0	0	0	0	0	0	0	4	10	4	0	0	0	2	0
Ruminococcus_E pr_cl_1169	0	0	0	2	0	0	4	0	2	6	2	0	0	0	0	2	3	16	0	0	5	3	0	7	1	0	0	0	0	3	0	0	0	0	6	0	2	20	27	0	2	0	0	0	0
Eubacterium_R pr_cl_3901	1	0	1	5	71	0	0	1	2	34	0	7	46	140	38	6	7	20	19	163	28	13	64	11	594	0	6	4	3	0	0	0	0	0	4	0	0	25	11	0	2	19	0	1	0
Ethanoligenens pr_cl_3291	0	0	0	4	15	0	4	0	2	0	0	0	2	0	2	11	2	4	4	0	4	3	1	0	11	2	0	0	0	2	1	0	1	0	0	0	0	4	10	0	0	0	0	0	0
Ethanoligenens pr_cl_3292	6	0	8	20	0	19	4	13	0	0	2	22	4	20	16	4	0	1	9	12	8	2	4	16	20	40	4	29	4	2	0	0	0	4	0	0	0	2	12	6	0	61	0	8	0
Ruminococcaceae pr_cl_2747	0	0	0	0	0	0	0	0	0	0	0	0	0	0	0	1	0	0	0	0	0	0	1	0	2	2	3	0	0	0	0	0	0	0	0	0	0	0	0	0	0	0	0	0	0
SFIE01 pr_cl_3156	14	160	12	72	6	4	0	4	4	0	6	65	20	1	0	76	138	123	13	8	75	521	17	70	84	36	60	29	8	1	0	0	0	2	69	46	0	710	1330	3	2	11	0	3	10
CAG-170 pr_cl_3277	0	6	0	3	22	0	4	0	11	8	6	12	1	2	16	4	12	322	12	16	1151	14	4	70	43	14	10	0	8	0	6	0	0	0	41	0	4	32	65	4	0	2	3	1	2
CAG-170 pr_cl_3276	0	0	0	13	0	0	17	0	4	1	7	6	0	2	8	4	3	8	0	2	39	0	4	37	22	0	9	0	4	0	0	0	0	0	12	0	2	4	2	0	4	9	0	1	0
Scatomorpha pr_cl_2722	0	0	0	0	0	12	0	0	0	0	3	31	0	0	0	1	5	2	2	0	10	22	0	32	6	9	9	1	0	0	0	0	0	0	13	0	0	16	94	0	0	2	0	5	4
Evtepia pr_cl_3892	0	0	0	19	3	0	4	1	0	0	13	6	13	1	80	8	10	639	7	2	2172	36	7	258	16	2	3	35	19	11	0	1	2	26	274	2	4	15	133	4	0	1	0	0	0
Evtepia pr_cl_3562	2	2	6	12	2	1	9	9	3	33	3	1	2	0	0	9	9	44	10	14	122	35	0	16	8	3	1	3	1	6	0	0	0	0	18	2	0	27	16	4	0	0	2	8	1
Evtepia pr_cl_3561	16	58	53	743	80	34	661	5	142	364	428	167	113	110	736	236	284	83050	228	290	314294	1355	154	19062	661	61	103	34	446	922	6	0	37	6	15121	515	14	428	1670	21	170	518	21	109	13
Evtepia pr_cl_3563	26	6	0	437	21	6	149	9	96	188	300	81	62	80	353	98	246	42	104	206	112	483	86	277	546	142	56	598	495	298	0	0	21	0	21	111	1826	4	54	45	2069	430	0	49	93
Evtepia pr_cl_3893	32	2	11	154	79	44	46	9	7	16	107	335	100	33	94	1001	221	278	55	227	726	459	43	1081	291	171	247	236	21	71	0	8	14	3	303	69	522	711	2855	195	21	46	8	133	14
JAAYOA01 pr_cl_1218	356	310	37	764	458	808	75	149	9	67	6003	7869	3787	5	26	3991	1022	23184	32	61	146595	6187	154	102503	2910	34686	263	198	30	771	0	0	6	37	83421	38	7	12705	232377	494	35	122	1	28	6
Scatosoma pr_cl_3161	0	0	0	4	4	0	0	0	0	0	0	0	0	0	0	49	0	0	0	0	4	0	3	6	0	0	2	0	1	0	0	0	0	0	0	0	0	0	4	0	4	2	0	0	0
CAKUFA01 pr_cl_1127	0	2	158	2	3	2	2	0	0	4	637	3297	0	0	0	8	8746	26641	0	0	13583	2	0	35854	44	1131	2	45	4	282	0	0	0	0	2068	305	59	16	28	58	0	113	1	3	0
DTU024 pr_cl_1125	0	0	11	12	2	27	0	2	0	0	19	1013	0	0	1	7	98	398	4	8	289	282	1	1120	20	41	3	288	0	28	0	0	0	2	25	5	1	438	3245	5	0	3	0	0	0
DTU024 pr_cl_1126	2	0	0	69	2	9	32	3	4	1	13	217	22	0	1	97	142	7952	5	9	672	87	0	3899	29	202	13	108	0	57	0	0	0	0	110	10	0	6936	1075	30	0	77	1	20	0
DTU024 pr_cl_1124	2	41	478	116	17	23	11	8	13	26	447	11	5	15	11	172	10674	696	88	151	236	249013	251	3465	152	23	26	28	30	74	0	0	0	178	40	448	5	33945	18641	27	3	1994	1	13	0
JAAZPT01 pr_cl_3426	3	0	0	9	0	8	0	1	0	0	7	193	2	0	2	42	82	21	0	5	294	54	8	3281	22	93	14	91	0	0	0	0	2	0	17	5	1	1203	4185	5	0	11	0	0	0
JAAZPT01 pr_cl_3425	10	4	308	642	99	928	336	131	177	330	696	13533	135	127	670	167	6392	81	235	142	24219	166	70	279345	2253	9808	1381	7163	543	89	4	2	33	7	29	248	42	95129	355620	137	110	772	6	60	35
CAG-74 pr_cl_3428	0	0	2	0	0	18	0	0	0	0	3	14	10	0	0	3	35	43	0	7	418	48	0	471	5	33	9	473	6	7	0	0	0	0	0	1	0	31	60	1	0	0	0	0	3
CAG-74 pr_cl_3429	0	0	0	2	0	7	0	1	0	0	0	119	1	0	2	0	0	39	0	0	100	118	2	147	2	19	0	96	0	1	0	0	0	0	0	0	0	6	63	0	0	6	3	2	2
CAG-74 pr_cl_3427	209	27	1322	666	339	23772	441	3682	45	806	13962	731980	1269	295	1077	4585	17446	148972	412	3824	409454	388766	947	627500	4008	37826	1529	389629	405	8312	448	14	34	74	7507	493	48	69914	906293	4230	155	951	633	285	1105
CAG-917 pr_cl_2787	236	81	59	914	83	67	514	245	219	620	193	304	183	38	83	1490	289	590	313	418	257	1387	183	241	507	19	711	695	159	46	55	2	14	24	38	56	1	1460	2547	110	639	117	47	722	69
RGIG8124 pr_cl_2784	3	513	137	30	13	0	4	0	0	0	6	4	821	2	1	28	65	11253	50	219	322	405	28	1413	2	35	90	14	80	16	0	1	0	24	55	143	14	52509	16161	30	4	1369	0	2	0
RGIG8124 pr_cl_2790	55	38	14	486	75	3	49	21	18	31	232	235	49	14	47	163	92	225	141	177	265	388	45	175	200	9	158	21	36	19	11	4	15	8	27	15	4	215	832	26	170	92	6	97	9
RGIG8124 pr_cl_2788	82	9	8	349	18	23	193	4	23	24	25	62	39	19	6	81	110	145	59	187	58	276	25	203	65	13	196	87	6	14	1	36	9	13	22	11	0	673	1128	6	99	296	3	78	14
RGIG8124 pr_cl_2791	90	216	34	615	227	17	152	73	88	190	246	156	92	5	27	446	166	626	97	236	105	785	245	307	173	9	521	85	13	39	45	2	8	9	22	31	3	1806	2623	37	238	72	8	223	6
RGIG8124 pr_cl_2793	140	35	109	1772	369	121	248	238	1100	3127	418	747	196	132	125	431	592	710	321	3863	391	845	222	265	1029	74	661	304	123	244	456	67	64	29	101	622	19	734	1386	64	445	326	88	509	39
RGIG8124 pr_cl_2792	169	52	29	2249	105	74	953	38	114	902	290	556	186	112	120	1575	401	837	289	280	1560	757	302	772	446	44	699	126	682	55	9	47	40	72	93	75	6	371	747	60	243	164	38	593	20
RGIG8124 pr_cl_2785	211	0	23	158	28	2	63	5	8	22	50	596	40	13	18	164	291	81	36	154	392	490	35	688	187	23	160	497	15	181	0	1	5	2	33	17	0	1075	2116	11	47	32	1	131	226
RGIG8124 pr_cl_2786	257	48	8	462	36	27	87	11	35	34	81	159	82	26	42	262	136	369	180	334	212	928	117	231	490	27	183	148	95	53	0	0	12	14	84	12	1	840	1712	19	248	88	1	255	19
RGIG8124 pr_cl_2789	437	235	6	3967	292	28	55	5	12	4	144	326	256	14	10	907	289	2066	395	296	1473	2802	187	159	227	9	1775	3	33	2	0	0	11	2	54	17	2	925	1206	4	1294	91	15	362	7
Pseudoramibacter pr_cl_1220	18	14	0	8	34	39	3	4	0	0	239	26	26	3	7	83	12	109	7	6	332	192	19	400	408	213	11	5	28	32	0	0	9	522	541	79	2685	109	242	239	2	76	0	6	0
Pseudoramibacter pr_cl_1221	5421	1937	110	180	8059	79	201	14	35	254	73360	205	989	145	138	16337	1229	27670	1314	157	34933	13037	22499	97408	20866	38003	1768	580	143	4875	35	68	657	66	233457	301	16	530	3678	48	262	8781	84	100	39
CABMKH01 pr_cl_1161	0	0	0	0	0	0	0	0	0	0	0	0	0	0	0	1	0	2	0	0	0	1	0	0	2	0	0	0	4	0	0	0	0	0	0	4	0	1	0	2	2	0	0	0	0
Tissierellaceae pr_cl_1584	0	0	0	0	4	0	0	0	0	0	1	4	0	0	2	0	0	0	0	0	0	6	2	0	0	0	0	2	1	0	0	0	4	0	0	0	0	0	2	0	4	2	0	0	0
Tepidimicrobiaceae pr_cl_1193	0	0	0	0	0	0	0	0	0	0	0	0	0	0	0	0	0	0	0	0	2	0	0	0	0	0	0	0	0	0	0	0	0	0	0	0	0	0	2	0	0	0	0	0	0
Tepidimicrobiaceae pr_cl_1192	0	0	0	0	0	0	0	0	0	2	0	0	0	0	0	0	0	0	0	0	0	2	0	0	0	0	0	0	0	0	0	0	0	0	0	1	0	4	1	0	0	0	0	0	0
Urinicoccus pr_cl_1953	0	2	0	11	2	0	4	0	15	28	14	5	6	1	3	0	13	8	2	16	3	16	2	34	15	2	2	0	2	13	1	1	0	0	0	4	4	18	37	1	7	16	2	4	2
Fenollaria pr_cl_1954	3	0	3	4	0	0	7	4	6	0	5	6	1	2	4	11	2	7	22	2	10	18	3	46	5	3	4	14	1	1	1	0	1	1	8	2	0	2	25	1	8	10	0	14	0
Anaerosphaera pr_cl_1162	0	0	0	0	0	0	0	0	0	0	6	4	0	0	0	0	0	0	0	0	0	0	0	2	0	0	0	0	0	2	0	0	0	0	0	0	0	0	0	1	2	0	0	0	2
Anaerosphaera pr_cl_2149	88	249	15	116	15	67	26	9	6	9	37	145	19	4	8	131	87	126	32	110	269	346	27	1350	76	27	61	22	24	10	4	1	4	13	188	99	3	522	1092	2	30	460	2	41	4
Peptoniphilaceae pr_cl_1583	0	0	0	2	0	0	0	0	0	0	2	14	0	0	0	2	5	35	0	0	0	117	0	17	13	1	5	2	0	0	0	0	0	0	40	0	0	93	200	0	0	0	0	1	0
Peptoniphilaceae pr_cl_1581	1	2	0	32	1	8	6	0	2	0	4	22	3	0	0	18	72	43	10	18	124	179	2	99	14	14	24	174	6	5	0	0	0	1	97	1	2	135	262	2	10	4	0	2	0
Peptoniphilaceae pr_cl_1582	6	0	4	37	13	1	13	0	6	0	9	30	8	5	3	71	56	78	18	34	72	126	7	59	103	12	69	105	3	2	0	0	0	0	40	2	2	194	382	1	4	5	0	16	2
Peptoniphilaceae pr_cl_3154	7	43	20	49	1	45	1	7	0	0	24	71	52	0	1	44	40	221	2	15	509	2029	1	66260	87	75	35	42	4	15	0	0	0	1	25	13	5	593	1855	16	10	0	2	6	6
Peptoniphilaceae pr_cl_3155	22	222	55	160	10	84	0	28	0	0	101	111	244	0	2	0	6	720	3	128	3105	10077	2	35707	360	421	136	368	14	6	0	0	0	0	6	73	11	2926	8295	38	31	2	0	4	0
Peptoniphilaceae pr_cl_1580	34	2	0	87	4	0	6	0	2	0	83	77	27	0	6	37	98	593	7	11	12	2002	8	238	144	7	131	25	3	1	0	0	4	0	616	34	0	1363	2649	8	0	8	0	6	2
Peptoniphilaceae pr_cl_2639	34	13	3	219	21	16	15	2	0	6	174	227	718	59	59	1022	739	38554	2122	256	290	10575	621	2914	4491	94	19520	269	349	38	1	0	68	18	20	846	161	33838	89686	78	30	165	0	39	8
W5053 pr_cl_1579	2177	319	188	1649	479	571	458	116	126	94	2195	1020	879	49	383	1552	3660	1501	550	2423	2386	95713	482	22814	26825	1478	997	1431	203	1943	20	4	50	57	8788	659	40	63978	112893	661	339	449	616	2829	163
Parvimonas pr_cl_1632	0	0	32	34	6	4	19	1	10	6	19	33	19	0	0	67	50	15	2	11	35	10	0	9	18	16	39	25	32	3	0	1	1	0	4	2	0	19	501	28	44	14	0	20	4
Parvimonas pr_cl_1630	0	1	0	23	12	0	18	0	12	5	5	68	2	16	3	12	19	2	5	41	14	108	6	4	124	1	25	29	0	9	0	0	0	0	25	8	0	31	87	0	16	4	0	24	0
Parvimonas pr_cl_1633	2	4	17	64	21	7	43	0	17	7	24	25	13	3	1	26	28	12	13	18	14	121	0	39	18	1	29	6	29	4	45	0	2	3	18	4	1	21	101	7	176	29	3	32	9
Parvimonas pr_cl_1645	4	17	9	19	0	4	212	0	65	0	1	8	3	0	0	9	1	14	3	3	29	5	0	54	13	3	2	34	2	1	0	0	0	0	18	1	0	12	25	0	62	1	0	23	0
Parvimonas pr_cl_1641	5	11	42	565	1	105	32	15	2	4	63	519	42	2	2	361	109	656	2	10	679	253	7	1381	17	218	61	1569	4	55	0	0	0	0	129	0	0	602	1596	60	962	41	0	64	13
Parvimonas pr_cl_1644	9	3	6	110	4	49	46	9	12	2	13	85	6	0	8	68	33	40	32	13	107	76	4	260	13	29	23	194	3	26	0	0	1	0	48	5	0	139	166	13	181	13	0	47	2
Parvimonas pr_cl_1643	16	2	41	234	8	43	34	11	23	5	53	113	17	1	3	60	59	87	14	17	305	111	12	632	37	49	15	627	2	5	0	0	0	2	126	4	0	126	429	17	778	21	0	92	19
Parvimonas pr_cl_1635	25	0	23	268	114	71	217	23	66	149	448	233	223	75	368	214	172	25	209	224	100	327	58	137	602	16	123	272	80	23	5	6	19	11	80	66	16	191	353	309	140	429	10	177	8
Parvimonas pr_cl_1634	63	0	35	209	22	120	105	16	31	40	28	67	23	4	6	114	91	138	56	105	98	277	43	148	129	6	130	56	13	6	11	4	5	1	14	0	2	58	210	38	93	35	20	92	18
Parvimonas pr_cl_1638	65	101	36	220	27	17	371	10	113	5	41	108	37	6	1	169	106	170	20	74	254	125	25	426	137	72	59	215	16	41	2	43	3	4	387	24	1	207	411	34	334	22	1	516	86
Parvimonas pr_cl_1640	85	36	134	3406	20	466	240	49	120	82	747	5655	395	130	33	2162	1125	5906	43	64	3643	1158	38	8403	347	1833	349	17965	140	269	0	4	22	2	957	9	0	4659	12845	409	5166	574	0	237	61
Parvimonas pr_cl_1642	105	21	37	903	23	95	36	21	14	0	87	613	49	0	1	893	305	675	90	93	715	885	13	1601	24	195	74	2011	22	66	0	13	0	17	243	13	0	2144	3106	51	913	171	4	120	15
Parvimonas pr_cl_1637	117	60	186	883	294	122	393	49	404	290	364	1636	238	271	475	757	692	516	178	801	691	932	140	358	959	177	624	1025	227	773	30	486	33	43	135	99	10	406	2537	191	453	683	338	456	93
Parvimonas pr_cl_1631	281	31	145	661	73	368	93	93	186	325	461	306	140	19	190	1006	401	196	211	211	249	108	98	646	232	27	578	427	91	119	7	44	1	12	274	28	4	236	370	52	253	218	16	246	61
Parvimonas pr_cl_1636	302	6	292	219	19	167	147	38	18221	275	92	167	100	97	38	147	118	106	259	136	133	288	212	196	100	10	713	1602	76	20	6	10	5	20	19	28	13	144	172	43	338	163	51	103	27
Parvimonas pr_cl_1639	1817	3154	276	4799	199	540	2785	133	763	343	966	2939	687	196	155	1630	1165	2032	438	1900	1639	1329	312	2699	4028	419	1056	3896	495	194	52	34	67	57	7366	242	68	1707	5171	499	4010	537	89	15331	610
CAG-793 pr_cl_1616	0	0	9	11	0	0	2	4	2	0	0	22	2	0	1	16	5	0	9	1	4	34	2	18	16	0	111	22	3	1	0	0	0	0	0	1	1	8	4	1	147	1	1	45	3
CAG-793 pr_cl_1625	0	1	2	11	14	4	8	13	20	0	4	14	9	10	13	23	10	8	89	50	1	9	19	14	29	1	51	12	43	1	2	2	13	0	4	2	0	139	87	1	61	29	5	15	0
CAG-793 pr_cl_1613	2	0	10	13	4	0	4	1	2	9	5	19	2	4	3	16	6	0	6	31	13	6	5	29	12	1	28	2	3	0	0	0	2	0	2	4	0	3	0	16	53	6	0	9	0
CAG-793 pr_cl_1619	6	2	2	130	3	15	28	1	18	99	31	135	12	7	16	58	17	6	106	36	23	3	11	66	49	6	11	18	11	14	1	0	1	0	2	14	0	0	6	18	19	57	2	39	1
CAG-793 pr_cl_1615	9	6	21	82	29	15	23	13	62	71	41	32	15	24	32	84	54	30	31	48	52	72	113	59	29	6	146	90	19	2	3	6	2	0	16	4	3	25	20	31	168	18	67	83	15
CAG-793 pr_cl_1621	12	41	13	64	109	8	36	30	130	215	1543	19	87	161	212	149	107	17	164	246	12	28	186	81	544	33	111	7	75	16	7	52	15	1	5	17	41	34	28	23	140	85	41	47	6
CAG-793 pr_cl_1617	16	7	46	37	25	15	17	9	17	14	27	49	12	0	10	95	48	70	53	31	20	34	4	34	55	14	110	37	18	10	7	5	2	0	9	9	0	73	95	12	159	28	3	83	6
CAG-793 pr_cl_1614	17	1	4	64	10	65	23	10	16	13	26	10	10	8	20	41	32	5	69	28	12	52	7	47	63	1	75	16	23	0	0	15	2	0	2	13	3	10	55	12	135	14	11	53	0
CAG-793 pr_cl_1624	20	0	67	124	78	25	58	17	79	39	251	45	86	9	25	36	34	6	142	34	62	18	32	80	82	5	137	1082	37	38	34	8	5	4	7	142	4	96	167	58	291	128	11	185	19
CAG-793 pr_cl_1611	24	0	43	165	6	101	62	190	51	17	287	178	62	8	12	624	214	82	487	75	378	518	34	546	754	14	1884	34	67	49	19	17	10	14	42	35	0	166	288	36	3711	135	12	1117	10
CAG-793 pr_cl_1623	29	12	24	484	166	11	187	26	65	185	217	120	157	134	251	284	112	7	210	461	23	46	93	80	865	18	211	119	105	56	15	27	43	2	5	33	21	6	38	155	180	308	20	149	20
CAG-793 pr_cl_1622	42	0	7	7	20	27	38	10	81	13	23	20	156	16	2	35	35	8	854	40	12	16	106	34	37	5	18	10882	4	11	2	1	4	1	0	1	0	62	25	72	61	113	3	120	1
CAG-793 pr_cl_1627	58	2	35	843	747	11	1764	32	509	2929	4547	295	966	2231	1572	873	463	46	607	7098	56	83	272	671	7282	102	280	82	1069	76	34	3	111	39	6	267	110	66	184	207	451	1984	67	180	43
CAG-793 pr_cl_1626	66	0	7	89	12	6	15	13	27	23	61	137	38	17	9	334	168	8	298	155	16	61	42	116	231	6	181	163	3	44	1	6	25	4	2	19	0	20	65	34	111	43	4	71	12
CAG-793 pr_cl_1618	77	0	6	241	34	8	702	18	123	36	675	73	549	16	512	1365	244	16	4836	939	112	406	464	813	2398	69	316	3	61	23	5	15	166	39	16	114	45	130	86	183	598	257	79	378	2
CAG-793 pr_cl_1612	147	0	8	250	3	19	19	50	256	11	152	271	14	1	7	307	353	15	207	228	10	171	24	150	173	0	376	516	10	139	1	0	24	2	0	19	2	69	59	26	361	18	5	169	2
CAG-793 pr_cl_1620	301	85	126	2834	4336	108	2519	210	428	3158	1807	754	4340	5530	9911	4318	1121	35	2298	7120	87	412	2185	695	24011	341	758	885	1689	246	32	262	642	77	42	269	277	78	95	365	1034	2212	214	687	71
CAG-793 pr_cl_1629	549	0	10	36	10	15	7	6	9	18	70	382	378	7	141	20875	1864	0	151	183	1172	4975	70	507	5240	49	326	67	37	40	0	0	8	138	6	79	0	1193	604	20	264	542	3	132	0
JABCPO02 pr_cl_1568	22	0	24	29	0	7	8	5	3	5	44	40	7	0	0	57	65	13	49	36	4	23	4	39	6	0	71	92	9	22	0	0	3	0	5	9	0	8	31	10	39	28	2	24	2
JABCPO02 pr_cl_2148	1105	2	88	1133	16	199	74	241	235	162	1009	1596	167	24	40	1670	2351	412	1368	1185	171	979	142	984	184	31	2101	2431	99	852	12	0	92	12	59	166	1	514	4429	92	2071	544	40	1137	59
JABCPO02 pr_cl_2147	3689	0	68	2895	23	553	37	718	497	162	3255	4513	159	47	58	4648	6741	180	2959	2207	593	3657	148	2282	100	24	7952	7264	175	2700	5	0	222	37	241	153	1	1724	1467	297	9012	399	56	5086	235
JABCPO02 pr_cl_2146	5412	0	77	13704	60	563	1283	1554	2349	3638	15856	7336	3484	618	596	19159	11709	690	21770	20650	254	4219	2868	10018	3905	366	12554	12273	1577	5357	396	0	901	479	133	4662	28	1482	2563	690	8725	14217	1123	5459	533
Acidaminobacteraceae pr_cl_2749	0	0	14	780	6	10	219	0	131	226	87	18	2	73	53	19	3	1	17	143	3	8	55	1361	152	1	8	0	169	0	0	0	0	0	17	0	3	0	19	0	10	2	4	2	2
DTU036 pr_cl_3882	0	0	0	11	0	0	11	0	0	2	0	6	2	0	0	51	0	0	0	6	116	5	0	16	5	59	2	54	2	1	0	0	0	2	0	2	0	4	18	6	163	0	0	5	4
Peptostreptococcus pr_cl_1951	0	0	6	6	7	2	4	5	17	0	0	59	1	0	0	23	3	4	8	1	6	17	3	9	6	27	2	1	1	2	0	0	0	2	7	2	0	0	5	0	48	4	0	4	3
Peptostreptococcus pr_cl_1949	2	0	0	11	1	5	7	1	0	0	6	35	3	0	0	16	1	9	6	2	5	4	1	19	6	3	22	0	1	0	0	0	0	4	13	1	0	6	7	1	15	4	0	5	0
Peptostreptococcus pr_cl_1578	4	0	12	11	4	2	16	5	70	6	8	56	4	0	1	7	118	3	9	25	0	22	10	12	11	3	51	6	13	0	0	0	0	3	31	2	0	2	12	7	16	14	0	0	0
Peptostreptococcus pr_cl_1952	10	0	1	91	13	8	14	2	17	41	164	115	59	56	7	100	68	46	80	56	45	50	15	104	141	27	85	57	9	31	2	3	4	7	24	32	0	25	89	9	150	233	0	31	9
Peptostreptococcus pr_cl_1950	100	8	168	858	128	402	158	113	129	255	310	3256	129	84	77	1382	1117	1249	144	194	1314	985	126	1516	345	478	692	175	287	62	19	381	31	12	734	165	14	288	775	200	1058	183	29	827	69
Peptostreptococcus pr_cl_1948	4135	417	670	73703	2744	5237	29650	2370	570	742	4334	83631	7429	421	1117	41499	8457	32373	7018	22811	39930	33632	3963	55244	11339	32034	39650	354	5610	2391	110	24	712	751	18168	1871	113	12197	78162	2673	57137	6089	164	41781	2979
Filifactoraceae pr_cl_1226	0	0	0	0	2	0	0	0	3	21	0	4	1	0	0	0	0	0	22	19	0	235	5	243	99	0	0	0	2	3	0	0	0	0	1	3	0	3	4	0	0	53	0	0	0
Filifactoraceae pr_cl_1223	4	1	0	35	12	4	4	0	0	1	15	37	8	5	1	39	23	40	7	16	12	118	8	42	18	8	30	125	0	7	0	0	0	2	38	0	0	55	129	1	6	0	0	10	0
Peptoanaerobacter pr_cl_1595	1	0	29	9	0	103	18	18	24	1	28	192	7	0	0	1	100	3	0	4	245	82	0	753	3	1	10	239	3	30	0	0	1	0	57	2	0	171	56	0	10	5	0	6	0
Peptoanaerobacter pr_cl_1598	1	2	4	180	7	28	18	6	9	6	19	63	34	0	7	32	56	57	15	32	320	58	6	210	22	9	166	78	9	15	0	0	3	13	14	0	0	88	219	4	17	4	0	15	2
Peptoanaerobacter pr_cl_1599	2	0	0	5	0	2	0	0	0	0	0	2	0	0	2	0	0	0	0	0	1	7	2	8	2	0	1	4	2	0	0	0	4	0	6	0	0	24	14	0	0	2	0	0	0
Peptoanaerobacter pr_cl_1592	4	0	57	30	0	114	41	21	87	8	52	284	6	0	5	34	114	8	12	7	465	188	1	1455	7	34	68	309	4	16	0	0	6	2	181	3	0	229	254	13	35	5	0	27	9
Peptoanaerobacter pr_cl_1596	5	0	71	35	9	76	54	21	24	0	67	283	21	0	0	17	57	53	5	30	489	610	0	3737	2	27	109	276	0	28	0	0	0	0	212	0	0	219	278	9	26	0	0	21	11
Peptoanaerobacter pr_cl_1587	25	0	29	774	45	66	192	62	92	195	140	782	189	408	186	673	204	60	36	93	153	518	171	285	182	27	246	1050	44	164	49	3	19	3	42	6	8	108	422	86	276	45	18	187	36
Peptoanaerobacter pr_cl_1586	57	16	134	228	106	191	160	136	221	105	284	312	88	50	96	264	446	76	128	129	353	297	50	1232	366	27	503	444	140	197	37	15	12	11	154	75	21	277	554	33	171	229	34	152	20
Peptoanaerobacter pr_cl_1589	61	2	40	358	17	224	404	107	251	223	125	1095	96	19	30	402	741	127	130	192	747	1099	41	903	303	89	492	1592	103	151	28	0	14	2	375	53	11	199	498	81	216	256	18	243	136
Peptoanaerobacter pr_cl_1591	125	24	85	984	58	214	885	72	131	38	160	1863	286	16	84	974	663	227	394	441	944	1319	82	1314	394	165	1224	1657	84	195	12	1	26	10	259	107	4	370	1176	75	909	170	111	1035	177
Peptoanaerobacter pr_cl_1597	149	11	830	585	26	2995	628	467	473	13	3461	4466	335	3	36	27	2046	1046	9	453	6769	10740	32	46397	50	1101	1831	5778	101	743	2	0	4	2	10344	85	1	4843	12508	390	409	22	6	225	227
Peptoanaerobacter pr_cl_1594	175	23	13	2762	51	76	2195	6	33	634	2910	576	37	726	148	17134	333	40	22	231	235	128	258	1104	32	130	119	556	42	73	10	0	5	512	95	10	96	152	88	13	6993	35	2313	60	26
Peptoanaerobacter pr_cl_1593	358	23	2608	1882	170	37584	1405	5262	856	638	1589	7853	412	165	579	1914	5376	291	760	805	38097	4137	108	47682	660	702	3910	16537	643	1804	1937	14	40	33	4475	171	19	6310	2854	654	3361	483	268	2894	308
Peptoanaerobacter pr_cl_1590	432	75	65	1360	135	330	184	187	122	257	446	824	254	169	213	6595	1785	60	795	745	722	1006	77	2280	470	141	1295	1465	657	437	127	7	21	52	148	125	17	2029	792	144	423	935	345	374	77
Peptoanaerobacter pr_cl_1600	441	151	84	10157	187	207	281	61	161	67	185	12293	261	21	98	1901	3289	4967	1240	2275	8316	8611	583	2342	168	337	4275	2510	406	172	12	5	332	68	1200	81	5	12784	36290	529	3982	165	24	1050	187
Peptoanaerobacter pr_cl_1588	576	29	1045	2858	357	3420	6673	1118	4639	1180	1835	39241	882	366	565	2528	14001	557	1663	851	14534	45129	1071	29122	1307	7083	6336	83697	1068	8628	208	402	77	121	7777	284	231	3412	4473	600	3934	1114	87	1821	787
Filifactor pr_cl_2638	4	24	2	24	0	8	0	5	0	5	121	28161	520	0	62	4	7	2290	2	0	3125	256639	880	119619	6	29	17	231	103	113	0	2	2	12	10	524	61	48396	66554	106	36	0	0	3	1
Filifactor pr_cl_1807	27	8	27	98	99	10	71	4	878	190	2432	124	109	40	523	12	221	113	378	396	130	1349	187	141	1198	6	6375	31	219	0	0	53	7	30	24	84	6	255	718	124	56	19	2	7114	97
Filifactor pr_cl_1805	57	32	591	4031	89	441	235	62	4	36	101	265	21	4	60	403	471	3662	86	172	6378	887	33	6578	153	9	1681	179	123	3	1	0	3	0	63	36	1	735	15621	373	20165	43	1	1026	118
Filifactor pr_cl_1806	6100	3259	1788	41100	2239	907	10291	3549	689	1278	4236	5893	2112	465	764	9266	9954	53306	3723	11426	4019	63434	1789	9098	16236	1143	36762	11269	1206	1413	59	183	285	290	6068	3744	167	51998	110180	578	4833	3641	287	18095	1618
CAG-238 pr_cl_3189	2	0	0	24	6	21	19	66	0	45	8	17	4	0	0	8	4	2	5	20	3	0	12	7	6	0	11	2	12	0	0	0	5	2	0	1	0	9	34	0	1	5	0	4	0
UBA1764 pr_cl_1575	4	0	90	5	251	0	2	0	0	0	787	2732	0	0	2	5	1655	0	0	2	11013	2	0	19464	4	1084	1	0	0	18	0	0	0	0	2873	5	16	14831	24862	9	9	0	0	4	0
JABZIP01 pr_cl_1576	4	4	41	1641	74	28	134	11	18	46	166	689	235	41	204	188	266	184	24	147	739	181	30	358	505	80	332	535	62	307	9	0	7	4	62	23	11	851	1061	17	86	36	3	390	29
UBA3738 pr_cl_1284	37	347	164	563	1518	89	164	10	33	11	167	272	92	23	116	521	2838	878	43	214	1199	16686	184	4057	402	296	174	452	27	141	2	4	5	63	5670	1160	20	34372	100811	211	84	929	0	168	20
Lentihominibacter pr_cl_1261	0	0	0	17	2	3	0	0	0	0	21	17	2	0	9	2	15	22	0	14	162	70	7	325	6	41	5	5	0	8	0	0	0	4	220	0	2	138	403	4	0	4	0	5	0
Lentihominibacter pr_cl_1262	62	2	7	2077	111	13	68	4	10	50	159	491	61	171	122	214	115	451	40	366	607	1190	111	1039	1337	246	83	700	91	693	19	0	14	6	367	21	11	331	2081	29	18	74	7	15	3
Anaerovoracaceae pr_cl_1253	0	0	0	4	1	2	0	0	0	2	1	13	0	0	0	18	3	56	1	0	89	63	0	96	11	10	8	0	0	2	0	0	0	1	34	1	0	22	229	0	0	0	0	0	0
Anaerovoracaceae pr_cl_1269	1	0	1	0	0	2	2	0	0	0	9	3	0	0	0	4	2	14	0	0	45	31	0	167	0	12	0	2	2	0	0	0	0	2	57	0	0	0	17	0	0	0	0	2	0
Anaerovoracaceae pr_cl_1254	2	0	2	2	0	0	0	0	0	1	77	1	0	0	4	11	12	80	0	0	5	53	0	129	1	39	0	1	0	0	0	0	0	0	86	0	0	81	606	0	0	0	0	1	0
Anaerovoracaceae pr_cl_1250	4	33	0	25	0	4	2	0	0	2	36	6	5	0	47	7	8	11	0	3	71	66	0	4816	1055	26	13	51	0	11	11	0	0	2	30	100	8	17	52	7	16	0	4	19	10
Anaerovoracaceae pr_cl_1255	8	0	0	4	41	1	2	0	3	2	605	82	17	0	8	6	4	25	0	7	243	490	5	1725	12	19	1	79	0	0	0	0	0	0	120	16	0	659	5616	7	1	1	0	3	7
Anaerovoracaceae pr_cl_1224	9	533	62	1029	463	12	42	69	14	61	140	181	1156	238	393	644	1452	5212	151	127	239	23324	522	3925	2287	469	200	96	163	16	34	0	10	16	105	817	42	28187	75911	31	192	193	0	190	437
Anaerovoracaceae pr_cl_1283	70	3	9	108	2	19	28	4	0	0	49	128	449	4	1	176	24	4102	4	67	498	164	11	1498	45	66	33	6	9	2	0	0	0	99	157	16	0	351	1163	81	10	24	0	21	9
Anaerovoracaceae pr_cl_1285	85	13	12	129	93	24	0	6	0	4	845	176	41	0	18	19	314	1040	2	30	2706	3775	53	6556	290	545	18	126	4	16	0	0	0	6	3348	74	3	1027	8454	51	8	18	3	0	0
JAIKWW01 pr_cl_1251	649	92	49	1065	136	194	5045	55	2	46	529	2363	638	10	41	1880	211	5053	1297	6627	349	3636	31	4311	2807	3199	5119	4	17	315	0	0	0	110	3936	322	4	784	10766	264	1424	522	2	8032	1510
Gallibacter pr_cl_1260	702	23971	215	4774	1173	500	34414	2603	20371	1790	1264	781	1100	310	542	1358	1064	3840	1364	2180	1233	2685	648	1879	20287	506	15019	1091	811	410	34	18	83	61	8712	432	240	1947	2315	309	1803	365	370	46822	4664
RUG100 pr_cl_1243	2	0	0	5	0	0	8	0	0	0	11	4	12	0	0	10	20	7	4	4	18	9	4	54	4	5	24	6	6	2	4	0	0	0	6	2	12	9	29	2	0	0	0	7	4
RUG100 pr_cl_1248	3	10	0	16	529	0	0	0	0	264	85925	6	12	12	14	9	63	21	0	4	459	21	12	7172	26	4076	10	6	41	3	8	0	0	2	262999	98	2082	12045	184647	273	2	16	0	13	1
RUG100 pr_cl_1245	4	0	0	22	4	0	0	0	0	7	10	44	2	0	0	64	32	84	0	9	19921	124	0	3976	13	3084	73	33	0	19	0	0	0	0	4665	118	0	39	1045	79	4	27	0	8	2
RUG100 pr_cl_1246	10	4	2	28	4	2	32	0	0	3	38	455	62	0	2	355	162	369	13	45	205	137	3	149	45	63	168	365	22	107	0	0	0	2	175	2	0	43	332	15	2	25	0	37	5
RUG100 pr_cl_1247	16	0	0	9	5	2	1	0	0	0	34	277	2	2	0	58	0	116	2	7	136	16	5	4253	3	1332	18	15	0	115	0	0	0	2	110	0	6	2699	8318	6	2	2	0	6	0
RUG100 pr_cl_1244	707	42	35	4106	926	618	7	137	16	16	2817	3121	415	12	6	4605	613	8748	3	158	1086	2939	89	47625	357	8996	1504	113	16	3262	11	4	29	182	17568	290	0	255	13241	469	135	1513	12	103	344
CAJPNN01 pr_cl_1571	39	2	2	276	33	48	12	8	8	0	30	313	59	0	6	410	48	129	8	56	287	361	14	1518	85	161	198	29	5	24	0	0	4	1	435	7	0	126	706	1	19	49	0	49	13
CAJPNN01 pr_cl_1570	983	180	24	9618	336	1478	381	276	130	80	1406	14911	2328	8	91	15614	1327	4114	442	1460	8386	13610	501	15118	2697	5364	5879	178	241	1102	0	6	68	85	13642	198	10	5158	24577	127	766	2120	6	2016	582
Eubacterium_B pr_cl_1267	0	0	0	82	0	1	2	0	0	0	3	23	0	0	0	18	11	0	4	3	6	0	0	4	1	2	5	2	1	8	0	0	0	2	0	0	0	2	9	6	30	2	0	0	1
Eubacterium_B pr_cl_1268	0	0	0	23	4	0	5	0	0	0	9	14	4	3	2	5	0	0	5	6	3	2	1	16	9	6	29	0	1	0	0	0	2	0	2	1	0	0	2	0	17	7	2	2	0
Eubacterium_B pr_cl_1265	2	0	0	53	0	0	0	5	0	0	2	46	16	1	0	40	3	8	2	10	37	7	0	14	4	20	21	0	4	0	0	0	0	1	6	5	0	1	6	0	12	7	0	12	1
Eubacterium_B pr_cl_1264	2	0	0	137	6	5	2	1	0	0	9	767	29	3	4	21	14	22	5	48	124	2	2	247	64	57	10	2	12	0	0	1	5	0	6	6	0	2	9	6	278	25	0	34	11
Eubacterium_B pr_cl_1270	10	20	0	463	34	11	363	6	86	234	721	545	113	3	343	680	127	430	21	236	1485	682	344	787	458	415	259	26	175	301	3	0	18	24	977	54	1	169	2197	47	89	345	5	7	5
Eubacterium_B pr_cl_1266	234	90	225	57700	1747	1136	775	294	821	1082	12375	45336	12430	3829	764	7061	9166	2348	6080	7837	26901	4601	1276	14917	10176	18796	6839	1085	2562	597	30	847	1159	121	535	878	198	2656	2512	4000	24192	7883	53	4945	394
Eubacterium_B pr_cl_1263	1190	141	98	267899	4503	1340	12398	7031	435	1070	11313	16848	49513	419	1493	70898	1859	25403	11816	54965	5265	2074	9796	31049	43379	3396	76096	280	20658	1178	410	8	1005	2714	3047	2503	98	1143	5513	3791	62387	5222	77	129339	13213
Eubacterium_B pr_cl_1271	1564	323	160	5926	1685	863	19	157	0	134	59779	38022	6678	46	697	91897	8421	65928	406	5785	198210	78310	1776	162322	6163	45405	5825	678	65	10291	10	0	64	1922	135608	177	23	17853	246047	3867	23	621	6	410	138
Eubacterium_N pr_cl_1228	158	91	3	388	46	39	32	13	8	38	348	520	396	5	256	1388	1403	468	194	521	1383	2230	147	2182	401	198	295	329	35	116	3	0	5	21	1885	1029	42	701	4077	31	28	76	21	96	23
Eubacterium_N pr_cl_1230	763	431	26	215	161	2	0	2	2	59	25	12	135	13	27	108	372	4664	110	53	21	2855	67	195	959	25	588	4	17	0	0	2	0	0	7	1	0	323	495	0	17	26	1	83	8
Eubacterium_N pr_cl_1229	2228	2594	231	11770	613	196	603	50	94	235	994	1205	984	81	328	6305	6461	3790	726	4820	3026	20483	858	4555	3720	570	2825	2427	424	591	73	8	56	64	1889	332	44	39316	44850	174	607	755	141	3749	93
RGIG7111 pr_cl_1286	8301	484	356	11865	4687	3308	62	452	2	369	91695	12695	3724	94	894	1341	17076	110474	28	409	292766	335281	4685	677572	28446	57123	182	1537	293	1934	12	2	6	396	334902	1030	79	78430	744195	5308	67	67	0	170	14
Mogibacterium pr_cl_1238	0	2	7	246	28	8	90	0	3	1	74	46	47	0	4	38	22	267	32	91	305	141	55	785	22	72	109	0	25	6	0	0	3	16	93	12	0	127	433	30	80	96	0	21	29
Mogibacterium pr_cl_1232	4	0	24	268	43	8	25	4	14	7	124	64	49	0	0	35	13	45	40	84	59	59	24	139	89	147	169	8	19	5	1	53	3	4	79	19	0	55	179	14	94	32	4	44	3
Mogibacterium pr_cl_1235	5	2	2	337	24	13	234	4	11	4	167	85	67	2	3	139	30	159	105	132	228	73	52	469	183	117	308	0	58	3	0	11	3	10	59	9	0	86	345	29	277	78	1	44	28
Mogibacterium pr_cl_1240	14	1	2	485	47	9	255	4	10	7	107	112	59	0	2	164	49	191	54	152	672	231	45	337	127	99	175	406	36	19	0	2	11	9	163	26	3	163	593	25	148	53	0	60	25
Mogibacterium pr_cl_1236	21	0	8	965	559	33	13172	24	597	31	511	255	164	33	20	224	66	319	344	265	337	97	198	567	396	416	494	0	135	7	0	2	12	31	375	57	0	99	294	107	455	206	8	108	52
Mogibacterium pr_cl_1239	46	20	42	2160	181	117	7240	26	60	6	507	557	236	18	11	836	191	1025	396	896	3042	607	256	3716	485	490	866	143	758	21	6	8	12	72	472	96	4	804	2060	673	1089	340	7	279	3597
Mogibacterium pr_cl_1241	62	4	10	767	87	24	232	21	47	34	248	1311	100	119	58	419	397	890	70	271	283594	1112	104	2464	379	2548	616	253	66	3938	8	0	17	5	836	46	0	414	6534	61	108	116	2	135	15
Mogibacterium pr_cl_1237	118	145	170	15907	1642	775	810	151	32	18	3739	2771	2689	22	95	3260	1602	22903	649	9911	33884	13087	4541	78792	805	5561	7438	92	1534	261	8	1	69	1297	7300	793	15	10424	42681	2379	4541	5802	30	1573	336
Mogibacterium pr_cl_1234	215	25	59	15651	2707	573	5082	505	1383	998	8631	5306	3650	612	310	6288	1054	3193	4280	5243	4217	1888	2506	6472	5980	6193	10308	297	1634	190	79	11100	393	336	3465	1078	29	617	1245	947	8235	4437	834	3409	499
Mogibacterium pr_cl_1233	490	29	36	78622	4988	344	17331	738	1718	266	30322	14791	13556	560	788	26613	4278	9897	22346	21597	8085	626	8738	14591	26479	29014	41965	211	10165	298	183	88	1294	1369	1423	3182	34	373	909	2109	55989	13481	573	16208	1438
Mogibacterium pr_cl_1231	10538	7544	247	100079	1267	212	37974	50	11	98	2578	1353	16642	19	63	21341	864	57535	366	6813	1424	2699	7838	3443	25268	1045	2901	8	509	64	93	35	20	330	41056	698	2	433	546	1489	80	1934	12	1433	320
Hornefia pr_cl_1259	2	8	0	131	2	5	0	5	0	0	12	54	0	0	1	30	98	37	9	39	82	259	0	627	45	28	31	602	0	12	0	0	0	0	24	0	2	60	270	1	13	0	0	0	3
Hornefia pr_cl_1258	11	5	0	211	45	33	39	6	1	18	306	328	142	23	15	477	197	316	43	89	557	819	17	1340	226	336	73	1041	122	102	222	0	0	11	446	21	1	396	3372	67	18	609	545	37	62
Hornefia pr_cl_1257	406	9	1659	9054	1511	39487	372	6311	50	401	38519	206585	4195	2272	677	99891	63162	23398	423	3157	377860	232611	1841	547275	14321	264094	11092	496754	148	112742	15	2	49	11	8216	94	38	19981	233083	241	5334	1518	9	1346	424
Hornefia pr_cl_1252	4645	148	180	18111	1330	118	411	34	61	117	759	1182	543	548	172	1369	2421	33936	532	9779	2502	44858	1661	6213	6447	977	6695	1596	471	230	8	10	83	314	9183	452	191	14982	40055	635	804	1622	30	1647	221
Hornefia pr_cl_1256	8371	2353	1291	93410	5113	2216	7543	559	406	1355	10456	24078	7120	1553	4089	31471	24700	28392	5448	34802	39912	202345	8141	60808	44975	9498	20827	34826	2802	9403	785	102	572	671	369509	1765	3693	44764	185022	5497	1129	7434	623	14913	2076
W11650 pr_cl_2721	5	2	0	1	0	0	0	0	2	0	0	10	0	0	0	13	11	14	2	0	13	36	0	12	10	2	4	3	0	0	0	0	0	0	2	0	0	57	32	0	0	2	0	1	2
W11650 pr_cl_2720	29	1	16	165	7	23	20	5	0	0	4	486	13	0	0	213	186	990	8	24	758	336	14	666	52	64	71	220	4	25	1	0	0	0	39	3	0	117	448	15	26	14	0	148	7
W11650 pr_cl_2718	126	1504	4	799	30	61	127	6	3	69	46	1358	383	9	51	1045	806	24248	2570	319	1124	3858	54	1099	662	155	5961	715	207	101	0	2	47	5	202	207	9	3683	12372	42	212	84	4	450	31
W11650 pr_cl_2719	909	144	67	2886	699	113	1558	38	27	39	36	2509	125	10	106	4000	1696	924	125	387	1916	2678	319	777	265	188	4239	1014	22	130	0	0	63	6	99	19	0	515	1902	14	50	27	2	3689	246
W11650 pr_cl_2717	3911	3961	555	33286	1344	5376	1131	861	99	1792	2677	135121	3196	27	729	41820	43809	51195	2448	13437	86266	263857	1725	136107	24918	5373	10297	84983	444	3071	12	6	220	92	24472	1422	77	85152	328448	1328	11936	3134	185	14064	549
Eubacterium_I pr_cl_2623	0	0	10	8	56	5	138	65	3	190	62	90	100	389	123	13	44	12714	4	103	67	71	35	64	447	37	6	16	196	24	48	0	0	0	29	7	0	135	600	0	16	13	0	101	96
CAG-95 pr_cl_2627	1	0	1	190	18	2	12	0	0	25	10	17	9	10	33	39	137	13	4	38	32	12	15	29	94	15	26	45	2	3	149	0	4	0	139	0	0	169	207	1	24	42	38	7	0
UBA1066 pr_cl_2713	2	0	8	0	2	0	0	0	0	0	2	1	2	2	0	0	2	9	6	0	34	0	2	11	1	7	1	0	0	0	0	0	0	0	0	0	12	0	2	0	0	0	0	0	0
UBA4285 pr_cl_2632	0	5	0	157	0	0	37	0	2	0	94	9	21	0	8	248	37	7	31	358	21	70	510	62	86	36	10	14	79	40	4	6	16	148	126	0	1540	5	23	2	13	5	49	2	20
UBA4285 pr_cl_2633	9	0	0	22	6	3	13	0	7	0	0	4	45	3	4	230	124	36	7	17	12	28	15	3	67	69	47	0	0	19	0	2	7	2	62	0	7	4	13	2	79	56	1	6	0
Butyrivibrio_A pr_cl_2624	9	0	0	21	20	4	2	8	11	49	20	45	34	77	1	79	14	64	61	23	190	24	23	70	70	2	70	8	248	13	0	0	0	1	1	2	4	6	21	0	7	13	0	10	0
CAKAHY01 pr_cl_2616	0	0	73	2	0	62	97	4	3	0	12	75	1	1	0	2	0	0	0	0	19	1	0	397	0	0	1	5	0	2	4	0	0	0	150	0	0	14	14	0	183	3	0	11	2
CAKAHY01 pr_cl_2614	2	0	287	8	2	1	0	0	41	0	0	113	2	0	2	2	8	2	1	2	51	5	0	34	0	6	9	1	6	1	0	0	0	2	6	6	1	4	25	11	30	6	0	5	0
CAKAHY01 pr_cl_2615	31	0	8643	1576	39	9429	304	1344	992	307	1043	10272	485	18	84	298	693	1047	1447	243	4051	1082	68	58304	127	79	632	553	351	97	352	0	8	4	28264	226	7	1244	1276	128	22223	156	42	1242	674
Shuttleworthia pr_cl_2712	59	29	35	8409	15179	52	4022	21	160	348	1752	1335	33623	812	302	4827	850	461	13202	1407	1257	542	540	686	81530	172	1524	1234	950	749	4	304	120	1128	367	6241	132	458	2011	41	1273	1872	55	190	39
Lachnospiraceae pr_cl_1217	0	2	4	22	3	0	2	0	0	8	9	15	1	0	0	36	16	41	2	19	59	65	5	50	26	22	12	23	2	30	1	2	0	2	13	2	0	29	79	0	10	24	0	6	0
Lachnospiraceae pr_cl_2631	189	2	0	136	11	5	9	2	0	3	88	346	93	3	2	93	838	5706	40	124	7213	8388	37	2262	270	72	727	39	15	2	0	0	2	2	151	64	2	3462	6546	17	19	40	0	26	4
Acetatifactor pr_cl_2626	189	0	7	540	6	6	24	9	1	2	474	158	150	115	2	21060	162	6	205	34	361	60	2311	23	130	29	530	151	72	34	0	0	2	899	22	29	0	32	196	8	112	124	0	10	12
Butyrivibrio pr_cl_2641	1	0	16	86	12	6	17	4	7	5	75	128	11	17	101	139	89	37	27	41	90	217	29	51	361	9	43	66	36	26	1	0	4	6	29	41	10	18	111	0	89	30	0	68	0
Butyrivibrio pr_cl_2630	3	0	3	1	232	0	4	0	6	142	12	27	24	2	0	0	47	21	5	1	74	101	2	78	6	8	7	31	0	59	0	0	0	0	9	2	0	32	57	0	0	0	0	108	2
Butyrivibrio pr_cl_2640	267	31	46	12834	2323	84	8690	157	1518	3527	7453	3366	2631	3063	4371	4468	1330	1125	3267	6020	2334	3446	3887	1682	19093	291	2897	832	1095	1866	139	80	302	208	457	602	388	916	4324	2748	1315	6713	1060	3057	180
Butyrivibrio pr_cl_2628	296	19	283	878	49	87	588	29	20	61	416	99856	348	20	258	3139	312568	575	182	756	149294	71260	288	109231	1169	18200	3481	292122	68	140793	67	0	17	52	971	107	2	1432	9480	276	198	84	10	1185	257
Butyrivibrio pr_cl_2629	3828	51	236	9542	311	4456	123	1062	10	25	240	8343	5549	251	431	2386	29655	26095	2827	17032	5596	270587	1255	10740	3791	746	71494	2076	107	1389	2	147	207	16	24394	844	33	36942	45498	201	491	2374	5	27563	6473
Oribacterium pr_cl_2703	0	0	0	10	0	0	0	0	0	1	2	0	0	0	2	4	1	0	1	0	0	0	0	2	9	0	3	0	5	0	0	8	0	0	0	3	0	0	0	0	3	2	0	1	0
Oribacterium pr_cl_2706	0	0	1	16	2	1	8	0	3	0	10	0	7	7	4	4	3	4	2	2	0	6	1	12	21	0	6	4	9	2	0	14	0	0	1	2	1	2	0	0	0	12	0	85	4
Oribacterium pr_cl_2658	0	0	0	8	0	2	0	0	0	0	8	0	0	2	1	7	0	5	0	2	0	0	0	4	1	0	6	0	3	0	0	41	2	0	4	1	0	0	2	1	1	0	1	1	0
Oribacterium pr_cl_2702	0	0	1	7	0	2	0	0	0	0	6	0	0	0	0	0	0	0	1	0	0	0	0	2	1	2	2	0	5	0	0	5	0	2	1	0	1	0	0	0	2	0	0	1	0
Oribacterium pr_cl_2687	0	0	0	13	0	0	0	0	2	1	11	0	1	0	0	0	0	0	1	11	1	0	3	1	20	0	1	0	4	0	0	13	0	0	0	0	1	0	0	0	0	2	0	1	0
Oribacterium pr_cl_2711	0	0	0	27	4	1	104	6	1	16	25	2	1	8	28	60	0	12	25	35	8	10	33	39	32	28	4	4	343	5	37	0	3	2	33	9	8	5	22	23	3	66	25	15	28
Oribacterium pr_cl_2664	0	0	0	1	0	0	0	0	0	0	0	0	0	0	0	0	0	0	1	0	0	0	0	0	0	0	2	0	1	0	0	5	2	0	0	0	0	0	0	0	0	0	0	0	0
Oribacterium pr_cl_2663	0	0	1	9	0	3	0	0	0	0	7	0	1	1	0	2	0	0	1	3	5	2	3	0	0	0	0	0	0	0	0	22	0	0	0	0	0	0	0	0	1	1	2	0	0
Oribacterium pr_cl_2707	0	0	0	2	1	1	12	0	0	0	2	0	2	3	0	4	0	2	3	4	0	0	2	2	11	0	0	0	7	0	0	1	0	2	0	1	0	0	0	0	0	4	0	0	0
Oribacterium pr_cl_2675	0	0	0	15	0	0	0	0	0	0	16	0	3	0	0	1	0	5	2	1	4	4	0	0	0	0	0	0	0	0	0	3	0	0	4	0	0	0	0	0	0	0	0	0	0
Oribacterium pr_cl_2704	0	0	0	2	0	2	3	0	1	0	3	0	0	0	4	0	0	0	3	0	4	0	4	4	6	0	0	0	0	0	0	4	0	0	0	0	4	0	0	1	1	0	0	2	0
Oribacterium pr_cl_2685	0	0	0	2	0	0	0	0	0	0	1	0	0	0	0	0	0	3	0	6	0	0	0	5	1	0	0	0	0	0	0	3	0	0	0	0	0	0	0	2	1	0	1	6	0
Oribacterium pr_cl_2682	0	1	0	21	1	4	0	0	1	0	10	11	2	0	6	1	0	23	1	17	10	3	3	10	2	2	3	41	6	0	0	15	0	0	3	1	2	17	31	0	4	0	7	4	2
Oribacterium pr_cl_2686	0	0	0	8	0	0	0	0	2	0	4	16	0	0	0	0	7	0	4	3	0	5	4	0	0	0	7	1	7	0	0	7	0	0	1	0	0	0	0	0	2	2	2	0	0
Oribacterium pr_cl_2677	0	0	0	11	0	1	0	0	6	0	8	24	21	0	2	5	2	2	3	1	9	33	0	7	16	0	43	1	0	1	0	4	0	0	2	3	0	4	26	2	2	3	0	2	0
Oribacterium pr_cl_2684	0	0	0	4	2	0	0	0	4	0	2	0	0	0	0	0	0	0	3	1	2	0	1	2	0	0	2	0	3	0	0	4	0	0	2	0	0	0	3	0	0	2	0	0	0
Oribacterium pr_cl_2680	0	0	0	3	0	0	0	0	2	1	6	0	3	3	0	0	2	2	0	4	0	0	0	0	0	0	1	0	0	0	0	7	0	0	4	0	0	0	0	0	2	1	5	0	0
Oribacterium pr_cl_2661	0	0	0	11	0	0	0	0	0	0	10	0	0	1	0	0	0	0	2	0	0	0	2	0	6	0	1	0	2	0	0	14	0	2	2	0	0	0	1	0	0	0	3	0	0
Oribacterium pr_cl_2643	0	0	0	26	7	0	12	0	15	0	20	1	12	6	18	2	7	2	18	18	0	0	31	33	85	3	0	0	1	0	0	3	0	0	0	4	0	0	0	0	0	26	0	0	0
Oribacterium pr_cl_2688	0	0	0	8	0	10	1	5	2	0	11	0	2	0	3	2	4	2	7	8	4	0	6	3	8	0	5	0	4	0	0	27	2	0	2	5	0	1	5	0	6	1	3	3	0
Oribacterium pr_cl_2676	1	0	0	5	0	0	6	0	0	0	3	0	0	0	2	0	0	0	5	3	0	0	0	0	2	1	0	0	0	0	0	4	0	1	0	2	0	0	0	0	2	0	0	0	0
Oribacterium pr_cl_2660	1	0	0	11	1	0	3	0	3	0	8	4	0	0	0	0	0	1	5	0	0	0	4	0	10	0	0	0	0	0	0	12	2	0	0	1	0	0	2	0	6	1	0	0	0
Oribacterium pr_cl_2699	1	0	2	31	0	57	13	3	0	3	12	7	5	3	25	5	7	8	2	5	4	2	0	32	26	4	9	4	18	1	1	14	5	2	4	1	0	0	2	12	16	2	0	16	0
Oribacterium pr_cl_2693	1	0	1	13	3	0	12	2	0	2	7	8	11	0	3	7	7	24	0	5	13	123	3	19	16	0	6	2	6	2	0	5	0	0	2	0	0	62	171	0	4	6	0	10	1
Oribacterium pr_cl_2683	1	0	0	12	0	0	0	0	0	0	5	0	0	0	1	0	0	0	1	1	0	0	2	2	2	0	0	0	1	0	0	0	0	0	2	0	0	0	0	0	1	0	1	3	0
Oribacterium pr_cl_2657	1	0	0	19	0	3	0	0	3	3	17	1	10	0	1	3	3	2	4	6	0	0	1	6	0	0	1	0	12	0	0	16	0	0	1	1	0	2	0	6	2	4	8	1	0
Oribacterium pr_cl_2654	1	0	0	20	7	0	0	0	0	4	10	0	1	4	3	0	0	8	4	1	0	0	0	3	10	2	1	0	1	0	0	11	0	0	1	0	0	0	1	0	0	2	3	2	0
Oribacterium pr_cl_2648	1	0	1	42	0	12	0	1	8	5	11	5	2	0	2	4	0	6	14	2	5	2	1	9	9	0	2	0	4	4	0	4	0	4	37	5	0	0	5	6	4	6	1	5	1
Oribacterium pr_cl_2678	1	0	0	45	4	0	3	0	2	7	24	2	3	0	0	1	7	5	11	6	4	0	0	4	6	1	2	0	2	0	0	48	0	0	2	7	0	4	2	0	7	1	8	4	0
Oribacterium pr_cl_2655	1	0	0	95	3	2	4	0	3	3	42	1	8	0	9	4	2	5	11	6	8	0	1	6	8	1	7	0	15	0	0	38	4	0	2	5	1	0	3	10	8	1	8	9	0
Oribacterium pr_cl_2662	1	0	0	4	0	0	0	0	0	0	0	2	4	0	0	4	0	1	2	2	2	0	2	0	1	0	0	0	2	0	0	4	0	0	0	0	0	0	0	0	0	1	0	0	0
Oribacterium pr_cl_2709	1	0	2	20	2	2	10	0	37	14	28	58	3	3	11	4	6	14	0	12	12	11	4	15	39	3	2	0	5	9	3	5	4	2	0	6	1	4	74	1	20	21	3	8	0
Oribacterium pr_cl_2668	1	0	2	60	2	0	6	0	2	12	34	1	8	3	2	0	2	1	3	4	2	1	0	3	24	0	31	33	7	1	1	31	0	0	0	2	5	9	20	2	6	46	1	3	0
Oribacterium pr_cl_2665	1	0	0	11	0	0	12	0	0	0	8	0	2	0	0	0	2	1	0	0	0	0	2	0	14	0	3	0	0	0	0	25	1	0	1	0	0	0	0	0	1	2	0	0	0
Oribacterium pr_cl_2646	2	0	0	4	0	0	0	0	6	0	0	0	3	0	0	0	3	3	2	3	4	2	0	2	2	0	2	0	5	0	0	6	1	0	0	0	0	0	3	0	2	4	0	0	0
Oribacterium pr_cl_2692	2	0	0	4	0	0	0	0	2	1	4	0	2	0	0	0	1	0	0	0	0	0	0	0	0	0	4	0	2	0	0	5	0	0	0	0	0	0	0	0	0	0	3	4	0
Oribacterium pr_cl_2672	2	0	0	29	17	0	1	1	1	4	84	11	19	23	23	44	2	3	19	28	3	0	10	5	238	2	4	0	6	1	0	22	0	0	4	4	0	0	0	2	11	9	1	5	0
Oribacterium pr_cl_2681	2	0	0	1	0	0	4	0	0	0	1	0	0	0	0	2	0	3	0	1	0	0	1	0	3	0	2	0	4	0	0	4	0	0	4	0	0	0	2	0	0	0	0	1	0
Oribacterium pr_cl_2659	2	0	0	27	1	2	0	0	2	0	4	0	19	1	0	0	5	7	9	8	0	0	0	0	1	0	0	0	3	4	0	36	0	0	4	0	0	0	0	0	0	1	1	0	0
Oribacterium pr_cl_2653	2	0	0	27	2	0	1	1	2	1	23	0	0	0	0	3	1	5	4	5	9	6	4	1	3	0	6	0	4	0	1	40	0	0	4	3	0	0	4	2	4	4	2	2	0
Oribacterium pr_cl_2644	2	0	0	23	0	0	14	0	24	0	22	15	8	3	10	1	12	0	17	13	2	23	18	11	55	4	4	34	19	15	0	5	0	2	0	1	2	0	0	0	0	11	0	0	0
Oribacterium pr_cl_2695	2	0	0	220	44	11	237	0	142	7	279	42	141	46	138	32	23	15	136	169	25	10	196	137	717	11	9	12	65	3	0	155	13	10	13	27	17	0	26	5	4	230	7	556	0
Oribacterium pr_cl_2694	3	0	2	19	2	0	1	0	127	12	12	8	4	2	4	8	0	8	5	9	5	11	2	7	4	0	2	0	2	2	4	15	1	0	1	4	2	2	13	0	2	4	5	13	18
Oribacterium pr_cl_2679	3	0	0	7	1	0	0	0	2	0	18	0	1	0	1	1	5	6	2	2	1	0	0	0	0	0	2	0	5	0	0	17	0	0	6	0	0	0	0	0	0	0	3	0	0
Oribacterium pr_cl_2689	3	0	0	15	5	0	2	0	2	0	15	10	4	2	2	3	0	2	0	0	16	0	0	8	0	0	9	2	9	0	0	11	1	0	12	1	0	2	0	2	5	5	5	3	2
Oribacterium pr_cl_2671	4	0	0	30	0	1	3	0	5	0	26	14	1	0	6	0	4	2	10	7	5	4	6	7	26	3	6	0	2	0	1	41	0	0	6	2	0	4	3	0	12	19	2	6	0
Oribacterium pr_cl_2708	4	5	0	23	9	5	1	0	1	0	11	78	2	4	5	22	8	19	6	12	29	46	0	10	4	3	5	2	2	0	0	9	0	5	0	0	0	17	153	8	10	7	0	15	1
Oribacterium pr_cl_2673	5	0	0	15	3	0	23	0	1	0	12	2	0	2	9	3	1	1	5	0	1	2	9	6	10	4	4	0	4	0	0	14	0	0	2	1	0	0	0	0	0	1	2	2	0
Oribacterium pr_cl_2697	5	0	0	27	21	0	49	2	4	0	24	3	11	3	13	3	12	1	7	40	0	2	8	9	189	1	11	0	11	0	0	42	9	1	0	0	3	0	7	1	26	68	0	7	0
Oribacterium pr_cl_2698	5	94	20	24	23	39	400	45	92	77	276	2	36	0	0	0	0	56	0	2	4	0	0	16	0	2	7	0	79	1	29	12	2	0	34	0	0	6	0	2	41	0	0	20	2
Oribacterium pr_cl_2674	6	0	0	32	2	0	0	0	22	3	14	12	23	0	13	2	1	8	10	15	3	2	1	0	8	0	14	7	13	0	2	7	0	0	6	1	1	6	0	3	18	4	2	5	0
Oribacterium pr_cl_2649	6	0	2	35	2	0	3	0	9	3	23	9	1	0	4	15	8	8	7	5	4	15	7	11	2	2	11	0	6	0	0	28	0	2	16	5	1	2	1	4	3	3	0	5	0
Oribacterium pr_cl_2666	8	0	0	2	2	2	4	0	2	0	7	0	4	0	0	1	0	0	0	1	0	0	0	1	4	0	2	0	0	0	0	24	0	0	1	0	0	0	0	2	0	4	0	1	0
Oribacterium pr_cl_2656	9	0	0	137	12	5	24	3	31	19	155	8	40	19	13	32	40	34	42	50	12	3	34	15	58	3	28	4	47	2	12	196	2	0	24	15	2	11	35	6	34	25	39	21	2
Oribacterium pr_cl_2690	9	0	1	16	0	0	0	0	1	4	25	0	1	2	7	3	0	0	32	11	1	0	4	1	5	0	11	0	4	0	0	5	0	0	0	0	0	0	1	2	3	15	0	0	0
Oribacterium pr_cl_2669	14	1	0	115	13	0	35	4	18	7	46	166	29	19	22	32	21	53	57	23	24	73	36	91	173	8	39	22	20	13	0	39	8	2	31	3	2	6	163	3	68	42	2	23	3
Oribacterium pr_cl_2705	16	0	0	17	0	0	11	0	7	13	15	3	22	12	24	39	65	6	2	31	122	18	3	29	107	1	15	8	4	0	1	2	5	0	7	0	0	4	14	11	3	9	1	14	2
Oribacterium pr_cl_2700	20	0	8	56	44	5	108	2	51	8	46	40	23	1	130	31	124	68	10	55	45	39	30	242	457	1	68	266	111	6	28	8	18	2	93	26	9	36	69	48	114	147	11	123	2
Oribacterium pr_cl_2150	21	0	100	3365	310	910	378	319	18	57	7454	6700	2483	73	167	7829	1407	1193	49	86	11807	363	637	1392	2647	3910	182	247	907	144	133	80	20	662	1791	333	4	3042	3387	156	665	541	53	165	288
Oribacterium pr_cl_2647	25	0	26	529	7	103	40	14	53	10	220	25	48	6	41	14	25	55	56	29	35	30	23	108	103	11	113	28	44	7	10	223	37	11	383	23	11	16	12	8	313	64	44	110	4
Oribacterium pr_cl_2650	30	29	1	351	13	12	16	7	29	20	120	28	27	17	15	22	26	62	40	57	15	34	31	20	20	4	57	4	49	10	3	111	1	9	39	14	1	82	18	14	23	23	18	30	7
Oribacterium pr_cl_2645	33	0	3	225	1	11	45	7	18	4	63	31	46	4	0	49	64	17	54	98	34	5	10	48	7	24	25	36	42	9	124	31	18	30	121	4	0	8	9	13	30	74	32	14	6
Oribacterium pr_cl_2696	33	3	15	5204	119	22	345	9	187	116	1036	95	358	292	523	240	95	75	374	610	133	42	399	839	1264	68	190	61	318	73	25	5976	62	121	60	200	27	24	150	50	138	608	15	478	7
Oribacterium pr_cl_2651	34	14	7	454	19	4	201	6	48	39	58	394	76	13	8	112	121	529	121	149	193	1188	38	217	184	12	138	29	42	9	0	26	5	7	23	12	0	103	327	36	165	44	4	227	12
Oribacterium pr_cl_2691	53	0	17	199	27	32	794	248	150	77	1411	14	29	10	77	28	34	458	76	69	42	2	15	19	55	10	41	5	298	1	152	9195	635	5	380	35	2	4	22	5	52	36	40	33	4
Oribacterium pr_cl_2667	112	0	14	717	54	13	244	17	52	49	949	213	131	58	101	199	292	142	129	184	110	255	123	311	301	24	223	478	171	74	6	1039	25	7	113	105	11	151	437	15	159	87	92	156	9
Oribacterium pr_cl_2670	399	13	51	3900	355	115	1195	67	589	776	2414	1033	1473	581	996	2560	2582	1053	1130	1890	1223	3308	833	806	2793	213	1651	4854	1849	679	116	1831	207	158	1171	397	117	474	1658	366	1618	2293	262	1322	35
Oribacterium pr_cl_2701	422	0	10	350	1158	36	164	22	98	813	236	49	119	1493	107	151	74	113	106	154	117	66	133	171	6000	35	67	80	286	59	9	174	20	12	29	43	3	23	119	34	91	218	33	174	79
Oribacterium pr_cl_2652	474	0	0	33169	11	7	44	8	943	14	1197	765	3051	254	106	734	2217	20	3638	1801	209	166	454	1350	584	41	1545	102	3135	372	3	88	1857	2	26	22	0	52	423	9	16814	1309	22	3807	16
Oribacterium pr_cl_2642	589	1	2	27567	7742	4	58640	24	31636	1851	25531	1186	24688	2607	17451	4170	1791	356	21617	36058	169	171	31402	31795	151274	1751	1188	25	8194	86	1174	252	2568	2786	1411	5396	2573	53	236	505	1035	61059	2483	1397	72
Oribacterium pr_cl_2710	1178	140	991	357789	183688	24369	828182	104803	16338	74766	520309	25558	175276	78902	202842	426527	32884	5484	392219	246122	12028	16045	203667	46022	685320	85818	5280	17264	1557378	144434	952288	647	46296	41735	1538681	113212	15883	6694	39366	82218	20508	1380191	1074322	177151	294091
Catonella pr_cl_2536	0	0	0	6	0	0	0	0	0	0	4	0	0	0	0	0	0	0	0	6	2	0	0	3	0	0	0	0	0	0	0	0	0	0	0	0	0	0	0	0	0	0	0	0	0
Catonella pr_cl_2533	0	0	0	35	2	2	2	0	8	1	14	37	20	2	5	265	12	16	6	10	167	2	1	17	5	11	19	17	6	2	0	16	1	0	10	3	0	4	3	3	13	8	2	8	0
Catonella pr_cl_2549	0	0	0	27	11	0	4	2	6	18	7	17	4	1	2	16	53	20	21	10	22	14	4	9	0	2	17	10	3	3	0	0	2	0	3	3	11	126	247	2	8	0	4	30	0
Catonella pr_cl_2545	0	0	1	39	2	2	1	1	1	0	3	19	22	2	0	58	21	5	7	10	18	33	3	24	33	12	6	11	8	0	0	0	6	1	1	3	0	2	9	0	30	33	0	6	2
Catonella pr_cl_2542	0	0	1	271	4	9	190	4	21	2	10	10	16	3	0	11	79	48	11	9	15	34	6	37	1	17	28	44	0	51	0	0	2	0	176	5	0	206	335	10	89	0	0	20	133
Catonella pr_cl_2550	0	3	10	11	2	8	0	1	14	10	2	9	1	0	0	5	1	3	3	0	18	29	0	8	0	0	5	8	0	0	0	2	0	0	2	0	0	13	19	0	20	1	2	0	0
Catonella pr_cl_2544	0	4	0	9	0	0	0	0	8	10	5	9	0	0	0	0	17	3	1	2	2	10	0	5	0	3	6	0	2	0	0	2	0	0	0	1	0	3	6	0	4	0	0	2	2
Catonella pr_cl_2534	0	0	3	20	2	8	10	0	7	0	14	27	0	0	0	18	7	15	0	6	14	17	0	10	8	0	2	0	0	0	1	1	1	2	1	2	0	8	43	1	16	6	0	10	1
Catonella pr_cl_2525	0	0	0	44	0	1	1	0	1	0	2	19	6	0	0	8	14	3	5	5	11	8	5	10	25	4	11	2	5	2	1	3	0	0	2	1	2	13	26	3	12	4	0	24	2
Catonella pr_cl_2526	0	2	0	7	10	0	28	0	0	19	30	2	0	35	39	24	12	9	10	26	3	6	14	4	689	0	8	0	24	0	0	9	0	0	2	1	4	2	2	0	9	8	3	9	0
Catonella pr_cl_2531	0	11	5	51	18	0	13	6	12	22	20	2	25	15	27	44	7	14	24	46	15	27	6	28	75	2	13	22	24	0	0	13	3	0	9	3	2	8	25	4	21	23	0	22	0
Catonella pr_cl_2537	1	0	0	11	0	2	6	0	0	0	16	22	6	3	0	14	6	2	4	0	4	8	0	8	2	2	0	2	0	0	0	0	0	0	1	4	0	0	0	0	0	0	0	9	0
Catonella pr_cl_2548	1	0	2	3	0	0	0	0	0	0	5	0	4	1	0	3	3	0	0	3	1	2	0	1	2	0	0	0	0	0	0	0	0	0	1	0	0	0	5	0	0	3	0	3	0
Catonella pr_cl_2563	2	2	10	159	6	5	0	5	7	2	481	4106	10	0	53	144	1559	5715	11	30	4765	4444	238	2025	46	75	69	54	6	14	2	0	2	21	18	5	4	13648	16009	244	30	19	0	29	1
Catonella pr_cl_2521	2	0	0	52	1	7	0	6	2	0	26	64	2	0	0	25	133	29	2	6	77	36	1	66	4	10	37	62	1	19	2	2	2	0	21	7	0	25	50	1	16	16	1	10	4
Catonella pr_cl_2527	2	0	0	11	0	0	3	0	0	0	2	1	2	0	1	16	10	5	2	2	15	0	1	10	0	2	4	1	0	1	0	0	4	0	0	0	0	0	2	4	2	4	0	6	0
Catonella pr_cl_2546	2	0	0	11	15	0	3	0	12	31	5	26	5	0	13	14	11	7	14	26	6	5	11	4	5	0	44	24	1	0	0	2	2	2	5	3	0	9	4	0	28	5	8	33	1
Catonella pr_cl_2547	2	2	0	79	7	10	3	2	6	23	8	14	28	6	6	42	38	10	67	14	38	15	39	23	49	1	33	8	37	1	0	0	7	4	4	5	1	33	31	12	49	36	21	9	2
Catonella pr_cl_2523	2	0	0	21	0	0	0	2	0	0	4	12	0	0	0	10	16	3	5	2	16	6	5	9	0	5	27	2	5	1	0	1	0	0	0	0	0	5	25	0	17	2	0	23	1
Catonella pr_cl_2520	3	0	0	56	0	13	8	2	2	1	8	129	7	0	0	84	66	62	20	12	65	139	12	80	10	8	31	51	21	17	0	0	0	6	31	3	4	91	126	5	21	7	0	11	0
Catonella pr_cl_2539	3	0	0	19	4	2	1	1	0	2	23	23	4	3	2	3	9	3	4	11	19	8	2	9	3	0	15	0	4	0	2	2	6	0	2	1	0	4	10	9	11	5	0	11	0
Catonella pr_cl_2519	3	0	0	21	0	0	28	2	0	4	10	34	6	2	1	15	57	26	8	7	21	3	5	16	1	0	28	15	18	6	0	1	2	0	3	6	0	11	42	3	33	42	1	27	0
Catonella pr_cl_2524	3	0	2	36	0	2	5	0	0	1	5	13	0	0	0	14	6	4	3	5	1	13	0	32	1	1	6	2	1	2	0	1	0	0	0	1	0	6	21	0	8	20	0	0	0
Catonella pr_cl_2541	5	0	1	26	23	0	0	2	39	3	79	85	24	2	1	69	6	2	47	24	2	4	3	62	31	3	7	6	70	0	0	0	2	0	0	1	5	0	2	0	30	2	3	46	1
Catonella pr_cl_2530	5	1	7	98	6	13	30	5	0	20	13	14	20	3	1	13	31	5	4	6	15	9	6	28	38	3	16	7	4	0	0	9	5	0	3	9	3	4	2	7	54	69	2	13	10
Catonella pr_cl_2543	7	0	0	20	1	3	10	1	7	7	30	30	4	2	5	13	16	7	31	1	7	2	8	13	52	5	0	0	33	0	3	3	2	0	4	28	4	0	39	5	27	18	2	81	0
Catonella pr_cl_2529	7	2	0	426	14	12	1	7	4	0	36	218	59	4	4	306	223	92	46	105	257	119	8	95	24	6	175	91	38	64	0	4	5	1	4	15	0	62	220	9	165	68	1	62	2
Catonella pr_cl_2551	7	0	3	173	8	20	17	0	2	7	17	63	19	6	3	102	109	247	12	69	137	87	11	466	18	10	51	44	10	21	0	1	0	1	9	0	3	68	179	3	27	77	0	179	15
Catonella pr_cl_2528	9	0	2	67	0	61	18	33	8	1	7	278	1	1	1	101	143	36	9	5	191	58	1	229	15	4	33	66	15	5	0	0	4	2	20	7	0	77	247	6	25	3	3	17	4
Catonella pr_cl_2540	9	0	3	95	3	4	3	2	16	35	85	30	43	8	28	64	20	8	38	33	47	25	11	32	91	6	32	41	58	2	3	1	3	3	3	12	2	22	39	6	25	104	2	28	7
Catonella pr_cl_2518	19	9	7	629	26	17	132	22	86	136	165	443	63	3	57	460	464	239	92	90	422	403	52	486	209	61	242	427	66	72	1	1	12	15	45	32	13	342	880	66	139	115	3	126	8
Catonella pr_cl_2562	52	32	23	1099	11	67	411	46	14	34	159	2322	133	30	9	1011	1394	26655	320	407	1569	1164	182	2119	104	107	760	551	219	287	1	0	13	51	194	319	8	3005	6164	55	482	219	10	285	37
Catonella pr_cl_2535	54	0	35	411	32	8	188	5	22	97	93	362	77	16	83	530	688	109	44	75	129	214	25	306	412	16	526	899	15	130	0	6	3	7	4	31	3	82	156	40	343	169	4	157	45
Catonella pr_cl_2554	87	20	20	1517	37	132	84	103	97	8	212	2176	180	21	51	1736	1806	1866	124	600	1498	2509	142	1203	134	84	3534	1036	184	195	8	2	64	32	318	81	6	1381	3553	69	594	395	39	1081	75
Catonella pr_cl_2556	91	38	290	1490	125	202	246	162	66	203	334	2350	162	108	124	2451	2779	360	153	328	1590	1183	112	2202	236	194	677	1645	484	214	114	8	21	11	141	78	33	608	2096	87	336	499	26	503	104
Catonella pr_cl_2557	94	20	69	2552	47	435	148	270	112	28	466	2247	214	13	20	2415	2660	775	217	421	2064	1540	97	1648	248	225	1082	1661	395	468	48	3	23	33	310	89	11	958	2610	114	751	887	10	585	151
Catonella pr_cl_2560	160	3	69	3655	86	173	287	241	2361	191	250	2384	285	64	121	2118	2191	646	546	1066	1675	1325	110	1117	234	118	3107	1274	230	193	15	2	199	21	245	107	8	971	2315	66	4835	377	8	555	134
Catonella pr_cl_2561	160	30	69	15394	520	280	60	110	178	3	689	3596	1348	32	75	12350	3252	2272	1912	3785	3623	2283	649	2493	1409	195	2143	1312	896	368	3	2	260	101	185	510	15	1947	4478	131	6035	1819	25	2131	63
Catonella pr_cl_2558	185	9	184	2415	19	532	362	263	182	112	770	3426	257	27	59	3015	3246	597	291	696	3281	1652	150	2404	303	290	1958	2546	846	795	28	0	38	22	488	90	19	978	3381	243	938	864	13	588	147
Catonella pr_cl_2553	199	1136	11	516	11	34	22	25	58	7	41	653	68	7	27	479	525	1425	103	188	565	2710	267	465	28	27	554	270	92	50	0	0	15	18	91	62	9	1109	2159	21	275	89	3	395	38
Catonella pr_cl_2538	209	1	75	53	4	53	25	13	44	4	46	727	9	1	0	57	58	124	47	48	944	28	1	338	2	17	66	67	14	27	0	0	0	4	29	0	0	144	1557	20	146	10	0	146	4
Catonella pr_cl_2522	229	4	41	632	58	155	305	61	96	785	299	634	579	738	614	1483	1002	343	246	471	293	1313	269	516	1127	67	212	1320	2042	354	28	45	28	50	28	54	2	195	640	114	582	208	27	275	31
Catonella pr_cl_2532	372	28	73	15493	1185	404	1424	235	845	1016	3903	1328	3130	2226	917	2298	3610	481	1783	1908	1455	927	1085	2066	7537	176	3474	787	1506	404	60	242	306	98	325	677	252	452	1975	420	4193	5516	124	1305	76
Catonella pr_cl_2625	621	2	6	2761	218	59	0	11	29	263	11	1886	535	28	3	482	295	793	591	730	436	415	75	882	1185	196	292	245	15	138	0	13	80	0	53	21	0	705	697	20	662	159	8	910	78
Catonella pr_cl_2559	621	17	79	7035	23	643	7	350	69	8	534	43816	351	6	4	9367	16671	916	280	440	8251	8077	44	4404	88	207	3166	8617	484	165	2	0	76	68	221	47	4	2980	10848	232	2225	556	17	1169	96
Catonella pr_cl_2555	1346	62	383	28069	152	9170	455	3338	991	338	12138	25188	1932	73	162	29326	34801	5706	1292	4950	27094	16737	278	16161	893	3182	13749	29343	6439	13697	69	10	396	247	16034	588	15	7414	23423	1037	5137	13239	56	4654	930
Catonella pr_cl_2552	4282	0	26	6295	251	279	323	59	27	62	1078	25370	7124	29	186	64509	66464	1427	2989	1280	11474	2320	771	1902	490	1276	16485	23273	2770	49495	2	1	685	459	1908	2055	43	242	962	482	4251	15190	200	812	45
F0428 pr_cl_1585	9384	7	9125	716	32	7540	1453	1199	25198	652	43	9998	37	28	120	3364	98499	2448	109	153	54339	23457	62	2990	280	1521	41923	201443	39	98161	160	1108	14	0	8222	21	26	1248	816	1498	157	250	503	2674	342
F0428 pr_cl_2517	13598	9	34	2602715	734685	1210	680988	10209	459520	1369113	2316662	110289	1051622	1389755	2040576	744731	238486	12013	788451	1702136	1947	6751	652340	310870	7266638	57194	379327	4634	1368767	1481	5150	8	109057	32019	857	213061	87292	1923	6534	924294	478816	2461981	1079	422539	113
Stomatobaculum pr_cl_3164	2	0	3	60	74	0	71	6	27	38	273	29	85	39	150	120	25	7	22	49	32	0	136	36	487	58	14	3	61	165	13	14	15	11	1	66	26	2	119	14	54	126	326	6	0
Stomatobaculum pr_cl_3162	11	6	26	303	241	8	171	12	73	149	794	79	334	59	860	252	73	44	143	94	80	120	428	105	1178	38	43	23	231	51	14	28	37	34	63	186	52	6	124	28	237	1032	879	177	30
Stomatobaculum pr_cl_3168	43	0	13	10304	75	16	947	16	87	143	618	842	293	198	113	320	257	108	318	182	589	556	136	152	597	154	225	637	362	537	68	9	47	3	16	224	5	26	530	90	247	378	127	104	6
Stomatobaculum pr_cl_3169	54	2	5	398	67	11	183	9	28	218	250	320	84	177	321	311	244	324	38	369	302	730	149	189	1121	157	130	1284	70	183	36	13	26	4	190	27	29	188	909	24	101	374	55	89	64
Stomatobaculum pr_cl_3165	215	118	312	683	115	1792	246	3060	124	70	12616	56594	5397	150	585	2510	215	53017	320	4576	85538	290	238	59428	2009	3938	10568	224	646	71486	5	29	211	124	1844	4218	17	1538	49766	669	17053	10377	860	34098	1755
Stomatobaculum pr_cl_3167	327	2	411	9738	1030	106	1588	222	165	391	14446	1366	1744	637	1512	3847	491	1027	465	1577	1690	289	1826	1335	5582	181	1387	339	4647	196	124	276	188	91	349	2835	193	112	2512	776	3676	3729	1265	760	53
Stomatobaculum pr_cl_3170	4136	673	387	10200	1702	907	18	113	2	65	6692	22639	3019	37	432	21357	8238	38088	453	13652	17030	54885	2937	12685	29233	20742	6050	154	200	642	4	0	28	302	25973	521	20	28831	173176	1316	126	3346	35	161	263
Stomatobaculum pr_cl_3166	5079	25	5193	119683	10619	2273	5570	8890	1228	5452	186201	6984	29850	6301	6120	45119	5459	12782	3258	16650	26258	117	4546	11195	15592	1178	16570	224	91523	747	285	2505	981	910	4406	47786	567	1057	31152	8303	59300	48363	3825	10099	906
Stomatobaculum pr_cl_3163	20846	782	3023	258663	205021	1028	302374	5669	81572	125213	360843	28023	276108	93147	581811	369999	21739	12409	131945	165327	9689	3047	488775	132562	1448598	24294	36479	4235	365103	14648	27991	298482	50400	17293	7152	153684	107321	1069	10668	51667	96254	1686083	306590	32183	303
Johnsonella pr_cl_2613	0	0	0	4	4	3	2	3	5	21	0	18	2	0	18	4	12	7	2	14	23	25	2	21	11	6	11	33	9	5	0	0	0	2	3	2	1	8	46	0	3	0	0	4	2
Johnsonella pr_cl_2622	22	0	15	56	0	48	13	20	5	2	2	383	13	1	1	41	159	30	5	39	423	220	7	305	32	38	103	359	20	109	0	6	2	0	31	4	0	137	579	4	43	6	0	33	4
Johnsonella pr_cl_2636	35	7	11	107	1	89	8	31	2	22	2	74	3	9	15	469	1598	160	84	368	1682	2297	56	244	249	19	557	5977	10	104	0	0	20	4	395	40	0	419	708	8	9	30	7	71	4
Johnsonella pr_cl_2637	109	31	27	299	12	233	3	73	5	83	29	287	7	34	44	1465	4145	408	259	1079	4524	5597	79	539	898	99	1560	15522	21	355	0	1	42	4	975	92	2	1046	2233	22	21	145	8	84	7
Johnsonella pr_cl_2618	351	11	2969	3668	139	2257	571	449	111	214	689	236106	214	82	221	5929	11693	1149	574	349	228370	72002	159	176918	155	2908	5859	82742	441	1325	10	2	25	41	3793	149	18	66622	435438	708	1069	650	12	2446	601
Johnsonella pr_cl_2621	404	0	195	801	1	23073	320	3793	91	52	91	2722	52	5	12	718	1502	208	256	88	18487	952	16	53652	20	355	1787	4537	417	595	23	0	6	3	452	46	0	739	2890	136	969	180	35	602	85
Johnsonella pr_cl_2634	701	10	19546	43910	501	4754	115032	1541	11821	4260	3306	54695	3256	111	1090	2419	121001	842	1033	2569	86322	81661	1296	351069	19122	25447	18737	11301	698	93107	1189	18	110	61	207384	595	122	6776	14445	755	8557	656	107	6897	28246
Johnsonella pr_cl_2617	3231	0	8230	18030	153	16835	7544	6414	1075	2896	7231	567781	1012	258	961	10739	14607	65825	2414	1383	57741	9984	349	128558	1414	1953	16414	99151	13396	5821	4096	908	1326	46	15775	656	67	13000	270162	6893	27636	3729	153	16916	1849
Johnsonella pr_cl_2635	4041	896	1829	14269	336	12487	54	2119	117	3086	302	8632	404	1338	1560	63088	192022	14702	13159	47282	209070	243654	3162	21179	38049	1189	73693	752465	1077	16206	0	31	2575	179	47657	4588	66	39437	75703	1634	444	5639	552	4629	357
Johnsonella pr_cl_2620	23569	2539	8743	39989	359	27990	36987	20693	8143	2932	7549	66916	3801	743	2121	166415	71895	1160	33591	11516	154463	48434	3008	60742	5243	12863	79468	288454	10488	8963	231	71	1826	214	8273	2020	308	15293	36352	6263	44158	12856	785	47279	6632
Johnsonella pr_cl_2619	44549	14	19963	115873	818	46983	22034	22000	5688	28555	64895	116187	10337	815	762	70381	249711	24697	16803	9847	261839	71110	1462	139409	2128	20343	257127	141043	137696	131299	13169	20	368	363	93503	12717	417	33134	50947	29485	149046	42780	2692	95386	15504
Lachnoanaerobaculum pr_cl_2573	0	0	0	36	16	1	35	2	18	26	19	1	10	4	13	8	3	0	19	31	0	1	60	9	111	4	1	8	7	0	0	1	1	2	2	29	1	0	1	2	8	56	0	12	0
Lachnoanaerobaculum pr_cl_2599	2	1	11	32	1	21	12	3	0	2	16	42	7	0	0	46	21	10	3	15	16	27	4	9	21	0	20	18	6	8	1	0	5	0	0	15	0	0	22	3	58	13	2	29	2
Lachnoanaerobaculum pr_cl_2589	3	0	4	33	16	2	16	9	8	8	16	5	1	5	5	22	1	4	14	12	6	10	12	6	53	2	14	0	30	0	1	1	2	0	0	20	5	10	14	5	38	37	8	36	0
Lachnoanaerobaculum pr_cl_2578	3	0	2	380	19	2	45	14	71	122	133	26	68	29	113	280	27	9	99	146	19	12	65	48	266	10	44	26	40	3	1	2	24	4	0	36	4	8	27	7	67	74	16	124	8
Lachnoanaerobaculum pr_cl_2590	3	1	1	10	1	2	17	4	7	3	15	2	0	0	3	7	5	11	2	7	93	7	3	12	0	0	16	0	12	1	1	2	1	2	2	13	0	16	88	2	7	6	0	39	1
Lachnoanaerobaculum pr_cl_2600	4	3	14	846	41	50	10	32	430	800	797	24	165	110	9	190	46	12	229	284	27	71	362	596	315	9	141	10	364	0	0	3	28	0	8	47	2	12	46	327	51	234	2	219	3
Lachnoanaerobaculum pr_cl_2568	5	0	0	494	30	0	49	19	133	83	182	8	149	35	127	65	3	1	108	218	10	3	58	76	515	9	54	0	44	2	0	1	9	6	2	31	9	0	6	6	117	98	22	104	0
Lachnoanaerobaculum pr_cl_2596	5	3	6	54	1	15	12	10	17	11	39	16	33	4	5	27	36	27	16	47	38	59	24	19	12	5	43	50	17	4	5	2	4	0	14	19	1	13	100	4	70	29	0	38	3
Lachnoanaerobaculum pr_cl_2582	6	0	0	44	26	0	34	12	32	31	29	5	36	9	35	86	20	2	33	77	15	4	10	19	119	2	19	7	46	1	0	0	6	5	1	16	0	17	8	5	31	36	6	37	4
Lachnoanaerobaculum pr_cl_2595	6	0	10	268	5	97	28	35	34	145	60	9	10	7	32	36	21	10	62	45	22	64	5	21	34	5	51	2	34	2	39	2	1	0	2	42	1	10	39	35	42	45	2	403	8
Lachnoanaerobaculum pr_cl_2576	7	0	0	75	28	4	65	2	18	31	78	10	26	15	38	43	14	3	40	32	14	3	34	30	157	12	32	6	37	5	3	0	2	5	1	29	2	21	24	18	43	76	7	60	1
Lachnoanaerobaculum pr_cl_2605	7	0	7	37	2	5	8	2	8	7	22	35	3	4	6	101	124	47	9	9	64	26	3	24	18	6	114	36	7	2	3	0	0	1	5	18	0	24	167	3	47	12	4	138	4
Lachnoanaerobaculum pr_cl_2583	9	2	11	133	52	37	58	21	134	85	170	136	46	190	84	161	119	5	70	119	181	53	34	75	217	25	152	27	115	18	20	6	17	2	14	67	9	35	252	67	131	95	3	176	20
Lachnoanaerobaculum pr_cl_2594	9	1	8	59	23	51	72	18	48	18	16	14	44	2	11	63	31	69	22	30	29	17	28	12	18	4	69	29	23	12	7	2	0	0	7	18	0	11	46	4	69	71	4	56	6
Lachnoanaerobaculum pr_cl_2591	12	0	9	127	2	13	34	42	48	12	100	54	15	13	44	67	38	12	36	45	83	47	12	36	82	0	87	19	74	10	3	17	7	0	79	81	1	37	76	15	62	70	12	111	5
Lachnoanaerobaculum pr_cl_2581	12	0	15	86	15	14	21	21	28	13	43	54	17	14	54	55	29	14	50	31	349	24	4	58	54	2	78	234	37	28	0	1	6	4	3	28	0	32	183	12	33	69	0	69	1
Lachnoanaerobaculum pr_cl_2716	13	0	2	50	2	0	45	0	12	21	36	276	9	3	8	51	67	33	2	27	213	304	16	14	54	31	75	131	6	165	0	2	5	0	32	8	1	66	455	10	13	5	0	24	5
Lachnoanaerobaculum pr_cl_2575	14	0	0	204	11	42	29	4	45	41	58	6	94	16	53	59	16	0	65	116	3	2	44	91	326	3	27	0	51	1	0	0	14	0	0	20	0	3	80	11	36	76	20	62	0
Lachnoanaerobaculum pr_cl_2607	15	2	71	374	82	18	440	3	26	251	86	357	162	19	58	331	897	239	89	217	416	40	70	236	206	100	750	106	86	14	11	4	8	7	82	28	0	88	542	27	314	104	32	228	19
Lachnoanaerobaculum pr_cl_2593	19	0	158	154	14	26	43	57	26	45	126	122	56	31	24	69	143	34	86	47	122	162	30	998	35	5	205	238	107	28	13	0	9	27	21	38	3	28	165	59	86	92	10	149	4
Lachnoanaerobaculum pr_cl_2577	19	1	1	545	179	8	71	38	155	204	276	29	181	188	212	259	51	9	131	294	27	35	150	86	776	24	107	10	131	20	11	1	63	3	3	89	16	32	46	42	123	228	37	128	2
Lachnoanaerobaculum pr_cl_2612	30	2	19	272	55	31	222	59	18	205	78	546	142	152	95	500	101	177	45	207	232	440	191	465	216	293	259	752	66	27	15	0	4	20	197	52	3	273	1281	31	72	21	7	376	53
Lachnoanaerobaculum pr_cl_2588	31	2	8	165	1	6	61	7	32	26	38	213	33	10	109	216	151	53	52	68	151	273	37	77	283	7	117	26	28	10	0	0	6	5	4	28	1	39	176	11	78	24	9	49	8
Lachnoanaerobaculum pr_cl_2584	32	0	29	250	16	12	8	16	32	103	172	16	36	29	90	221	52	3	49	36	31	13	22	21	129	3	111	42	54	6	3	2	3	0	0	41	4	19	31	139	135	133	8	114	0
Lachnoanaerobaculum pr_cl_2586	33	1	18	127	43	33	56	50	132	64	83	252	75	18	53	434	264	71	75	103	202	212	46	67	282	25	303	826	158	31	3	11	8	2	9	116	10	47	416	23	137	112	13	196	7
Lachnoanaerobaculum pr_cl_2602	36	3	18	36	9	8	44	3	27	26	11	92	11	4	30	25	12	32	64	23	792	11	16	231	59	0	50	559	20	19	1	0	1	4	7	2	6	43	374	6	43	24	6	43	21
Lachnoanaerobaculum pr_cl_2579	39	0	24	397	45	57	125	59	227	121	155	241	62	63	109	529	465	274	179	133	304	182	62	129	303	39	440	165	165	117	29	6	14	5	16	108	5	95	449	34	334	277	28	337	36
Lachnoanaerobaculum pr_cl_2571	43	0	3	360	44	8	110	19	100	159	254	19	173	48	160	137	50	122	135	248	36	85	157	145	533	13	122	206	84	3	3	2	46	2	6	81	10	159	247	13	77	158	63	89	3
Lachnoanaerobaculum pr_cl_2601	44	34	16	198	40	56	39	34	18	25	68	659	77	20	16	243	141	127	81	153	153	400	21	188	83	25	176	78	112	31	0	8	2	19	51	56	4	131	1137	45	208	106	23	137	8
Lachnoanaerobaculum pr_cl_2572	45	0	2	1598	130	28	117	33	538	327	559	44	481	155	469	659	47	3	592	875	59	8	269	300	1735	43	788	10	245	14	18	5	61	15	6	220	46	9	95	79	451	421	92	483	0
Lachnoanaerobaculum pr_cl_2597	49	9	60	396	93	51	141	52	147	264	171	943	139	41	189	1185	379	110	188	187	606	451	149	282	320	47	297	242	265	34	27	112	25	22	48	250	24	139	471	85	310	169	29	384	12
Lachnoanaerobaculum pr_cl_2569	50	0	2	885	157	6	290	23	264	447	809	18	478	457	378	568	153	6	362	391	37	23	493	150	1349	16	221	0	302	13	15	3	99	8	5	194	48	23	24	21	297	314	102	258	39
Lachnoanaerobaculum pr_cl_2598	54	4	17	103	90	43	183	25	27	40	317	111	150	7	436	149	95	59	58	118	204	67	33	157	347	11	347	261	77	33	3	1	15	2	8	40	11	153	324	37	218	487	7	247	8
Lachnoanaerobaculum pr_cl_2574	58	0	11	4297	141	6	197	16	788	393	607	63	1209	133	641	649	190	1	1004	2007	95	19	444	716	3664	83	492	3	384	2	41	1	160	35	11	214	32	5	54	89	1125	475	105	1194	8
Lachnoanaerobaculum pr_cl_2606	62	0	59	397	38	87	24	46	61	40	179	415	57	11	79	282	392	182	205	108	492	83	16	177	156	86	432	279	74	857	2	0	9	1	11	42	1	69	648	79	419	120	6	306	19
Lachnoanaerobaculum pr_cl_2611	68	0	2	322	27	20	331	22	7	13	71	1208	206	0	429	2228	1579	397	58	472	616	839	843	229	228	126	1274	1405	34	472	17	0	12	67	167	58	16	154	1097	60	51	145	49	208	37
Lachnoanaerobaculum pr_cl_2592	98	1	53	3198	108	35	815	109	454	801	842	218	368	281	2059	794	188	121	1110	1804	59	210	326	274	4696	43	458	93	611	64	10	48	105	40	16	193	96	128	392	73	756	2211	53	547	22
Lachnoanaerobaculum pr_cl_2604	196	8	137	1676	278	210	396	228	184	745	587	1696	259	183	330	1169	1312	366	612	468	1219	275	266	640	1138	64	2028	849	622	232	87	7	36	23	113	257	33	372	2751	199	2158	475	87	1618	191
Lachnoanaerobaculum pr_cl_2580	200	0	33	918	83	160	626	81	169	253	268	511	125	54	106	769	857	191	172	374	961	692	97	520	218	77	1108	1971	380	154	62	13	30	9	246	382	16	229	700	152	709	223	14	1089	70
Lachnoanaerobaculum pr_cl_2567	267	2	11	4128	4556	35	5094	180	921	2152	1391	2492	1272	523	4966	19032	2345	528	1885	6227	779	1376	16652	766	12113	173	2984	2943	1393	729	140	14	746	372	20	3715	744	260	1655	351	615	6832	3048	1218	255
Lachnoanaerobaculum pr_cl_2587	281	8	191	2226	494	1223	984	665	988	801	1742	1443	833	346	740	2218	1519	229	1043	1181	1498	807	430	1069	2169	167	1927	2098	1457	283	99	69	151	36	212	2062	99	442	2217	435	1697	1653	223	3445	163
Lachnoanaerobaculum pr_cl_2566	292	4	17	23030	1430	24	765	111	4738	3421	3172	553	8404	968	3761	4902	719	43	5918	10438	780	222	3371	3377	38690	386	2988	31	2450	83	99	5	655	136	7	1455	180	29	44	547	19097	2473	486	6164	61
Lachnoanaerobaculum pr_cl_2608	336	0	812	1468	45	2793	176	440	15	79	152	70517	269	71	236	815	61907	1722	331	213	3108	45797	172	3097	169	309	110576	3275	415	17159	14	2	5	27	26	96	3	114	314	149	25318	270	114	32522	2154
Lachnoanaerobaculum pr_cl_2603	488	2	683	5200	246	468	1023	218	128	382	546	81776	398	69	185	3171	35028	1861	628	308	51889	1474	308	3569	1342	149	74929	2620	3994	596	163	0	33	46	224	169	44	7930	125552	577	80007	960	193	59198	2664
Lachnoanaerobaculum pr_cl_2585	1391	9	1193	13387	1068	1420	5435	2980	39478	6565	7113	3514	1949	1600	2186	7708	7858	1171	3930	8302	5462	3476	1637	3100	4909	327	11580	11672	18155	663	372	480	663	104	905	10605	146	2129	6430	2696	8577	36598	926	18812	326
Lachnoanaerobaculum pr_cl_2570	1534	17	174	40628	7206	576	8512	1163	10816	16684	27169	4154	28286	5126	19441	17974	7974	1422	18897	25584	1804	2132	13199	7416	69976	1018	10589	5649	11349	1184	508	167	2725	766	329	6821	1560	649	3526	2353	9559	17582	3499	13466	512
Lachnoanaerobaculum pr_cl_2610	6277	30	188	70190	3483	711	70296	1958	1148	5799	9068	27428	5572	896	6222	341844	25344	13947	12551	65639	13365	19693	24454	6891	46178	1282	32842	21454	3797	5342	185	11	1549	13217	796	5830	128	3504	17127	1073	2984	7270	505	14650	427
Lachnoanaerobaculum pr_cl_2564	9684	17	2901	31210	1458	161049	12088	33436	1446	20695	3301	7908	3416	1671	1714	6929	83878	1004	4119	10114	7684	36869	1664	14945	4237	679	68604	7133	23572	1854	10179	24	606	193	16350	2607	289	22565	8171	20279	180402	3209	1214	74199	24726
Lachnoanaerobaculum pr_cl_2609	16236	31	1655	10819	2446	5737	5155	1127	1094	1139	5699	475895	63159	3294	1327	733158	369252	237656	1471	9110	264447	284664	4443	52624	20268	12756	358851	1273429	1920	96382	377	30	359	745	4442	609	51	76933	418213	11005	3295	30602	176	45121	1505
Lachnoanaerobaculum pr_cl_2715	47984	61	1130	143498	6102	1831	92902	2265	28141	19588	29650	1153735	3848	997	5676	47197	417824	14262	13655	134593	508681	908114	21772	44893	27339	102467	244319	972729	13979	1115233	3254	4	4933	1238	39200	14428	118	45610	963714	20707	9491	18760	72	181714	34841
Lachnoanaerobaculum pr_cl_2565	112002	519	1136	210107	256359	21147	417928	117919	51454	604153	459122	25555	121908	75540	258216	671431	224298	9132	759343	212136	9781	14351	168631	120455	497410	37369	460556	21295	708916	97868	68074	2707	14081	17722	13147	188609	80148	2649	12751	209761	115107	536792	189500	232484	51180
JAABTA01 pr_cl_1816	1058	0	0	0	0	1	0	0	0	0	0	0	0	0	0	2	0	2	0	123	3	6	30	2	0	0	4	3	0	0	0	0	0	101	0	0	0	13	33	0	0	0	0	0	0
Helicobacter pr_cl_2909	11	0	0	3	0	7	13	2	12	1	3	6	4	1	3	1	4	35	2	9	23	23	5	17	2	0	28	4	0	5	0	0	2	0	0	0	0	42	90	1	0	0	0	8	2
Wolinella pr_cl_2714	2013	0	109	7	166	18	40	0	2	16	168	602	525	188	72	947	986	18791	1735	664	278	9193	504	587	920	26	9348	185	34	11	0	0	13	25	74	40	20	13682	49076	75	4	587	4	135	99
Campylobacter_A pr_cl_1424	0	0	2	12	0	1	4	6	16	2	17	9	11	2	4	44	14	0	5	13	5	1	3	11	9	5	7	0	18	0	0	9	4	0	0	0	1	3	6	4	14	6	0	15	5
Campylobacter_A pr_cl_1430	0	0	0	5	2	6	0	0	3	0	16	3	0	2	0	9	17	0	4	1	4	3	0	30	5	0	2	2	3	5	0	2	0	0	13	1	0	6	4	2	15	0	2	7	0
Campylobacter_A pr_cl_1504	0	0	0	12	0	0	5	3	3	15	3	2	5	3	0	25	6	0	5	5	2	3	2	1	1	0	2	0	2	0	0	51	7	0	1	0	4	0	4	0	3	5	0	2	0
Campylobacter_A pr_cl_1521	0	0	0	2	0	0	0	0	2	1	16	4	2	0	2	6	9	0	4	11	26	20	0	16	3	0	1	2	4	0	0	33	0	0	4	6	0	0	0	2	5	0	0	17	0
Campylobacter_A pr_cl_1456	0	0	0	12	0	0	6	0	4	4	7	3	0	0	0	6	3	0	2	1	6	4	0	5	0	2	6	21	1	0	0	8	2	1	2	0	1	0	0	8	2	1	0	5	0
Campylobacter_A pr_cl_1491	0	0	0	1	0	0	1	0	0	1	10	15	3	0	0	11	5	0	4	0	0	4	1	0	4	0	0	1	0	0	0	1	1	0	2	1	0	4	2	0	3	0	0	3	0
Campylobacter_A pr_cl_1480	0	0	0	0	0	2	1	19	0	2	4	0	0	0	0	3	0	4	2	0	2	0	0	3	0	0	0	0	0	2	0	0	0	0	0	0	0	0	2	0	2	0	0	2	0
Campylobacter_A pr_cl_1508	0	0	0	5	0	1	6	2	4	11	6	4	0	0	1	3	1	0	1	1	12	3	4	6	3	3	10	6	3	3	2	25	2	0	3	0	4	0	4	1	7	1	0	6	0
Campylobacter_A pr_cl_1522	0	0	0	6	0	0	1	0	0	0	4	5	0	0	4	12	4	3	0	3	2	2	8	3	7	3	0	0	2	0	0	11	5	0	2	0	0	0	0	0	1	4	0	8	2
Campylobacter_A pr_cl_1490	0	4	2	12	0	9	10	8	13	10	6	46	8	8	1	25	15	6	16	21	7	17	12	7	20	2	14	10	1	8	0	32	7	0	7	0	10	6	11	8	21	5	7	22	2
Campylobacter_A pr_cl_1442	0	0	3	3	0	0	6	4	7	2	1	1	1	0	2	26	17	4	1	0	0	4	0	7	2	0	5	2	4	0	0	6	4	0	2	0	0	0	5	1	6	0	0	1	0
Campylobacter_A pr_cl_1487	0	0	2	10	4	0	6	2	15	4	4	9	2	0	2	22	15	5	8	4	12	4	5	19	3	6	9	1	0	0	0	63	5	0	12	1	0	4	0	0	3	8	0	6	2
Campylobacter_A pr_cl_1512	0	0	4	6	0	0	2	1	2	0	6	0	0	0	5	10	2	1	2	1	2	6	0	2	0	0	2	0	1	0	0	14	2	0	1	0	0	0	1	0	8	6	0	2	0
Campylobacter_A pr_cl_1466	0	0	0	12	1	0	30	0	1	0	4	2	0	2	4	9	4	0	2	2	7	14	2	0	4	0	4	0	6	2	2	23	2	0	3	1	0	1	4	0	13	2	4	5	0
Campylobacter_A pr_cl_1516	0	0	0	3	0	0	6	1	9	2	0	0	0	0	0	0	1	6	1	6	0	2	0	3	0	0	5	0	0	0	0	0	0	0	6	0	0	2	0	3	0	0	2	12	0
Campylobacter_A pr_cl_1517	0	0	0	2	0	1	11	5	2	6	1	8	0	0	2	4	4	7	1	2	2	0	0	7	3	3	0	10	0	4	0	6	2	0	4	0	2	0	0	3	2	2	0	5	8
Campylobacter_A pr_cl_1483	0	0	0	2	0	0	0	8	0	0	0	4	0	0	0	7	12	4	0	4	0	5	0	3	3	0	0	2	2	0	0	23	0	0	0	0	2	0	12	2	0	0	0	1	0
Campylobacter_A pr_cl_1503	0	0	0	7	0	0	9	6	10	3	16	5	2	7	3	24	8	2	22	11	10	4	3	10	9	2	10	1	4	0	0	38	3	2	2	6	8	0	0	1	9	9	0	17	0
Campylobacter_A pr_cl_1463	0	0	0	13	6	5	1	2	9	4	7	125	7	2	1	16	32	0	7	5	26	0	5	39	6	8	14	3	7	7	2	0	0	2	1	2	5	0	15	9	11	7	0	9	0
Campylobacter_A pr_cl_1428	0	0	0	5	0	2	1	0	5	1	2	0	0	2	0	16	6	2	8	0	7	8	0	0	2	0	2	6	2	0	0	2	0	0	0	0	1	2	4	0	3	0	0	1	3
Campylobacter_A pr_cl_1467	0	0	0	3	2	0	25	0	2	6	0	0	2	0	0	2	10	2	0	3	2	13	0	2	0	0	11	2	2	1	0	14	2	0	0	0	2	1	10	0	4	0	3	2	0
Campylobacter_A pr_cl_1506	0	0	3	10	0	0	0	0	2	0	11	6	2	1	1	9	109	3	3	3	3	0	5	6	2	0	4	0	0	0	0	25	0	0	0	4	2	0	2	2	11	3	1	14	0
Campylobacter_A pr_cl_1529	0	0	0	5	0	0	9	2	4	1	4	0	3	0	2	34	2	0	4	5	0	4	3	6	1	0	12	0	0	0	0	67	4	0	2	0	0	10	2	0	13	0	0	11	0
Campylobacter_A pr_cl_1473	0	0	0	2	0	0	0	3	4	1	5	0	2	0	2	5	2	3	1	1	0	0	0	8	0	0	0	0	0	2	0	0	0	0	0	0	0	1	0	4	9	2	0	0	1
Campylobacter_A pr_cl_1527	0	0	0	5	1	0	0	0	1	8	3	0	0	1	2	11	5	0	8	8	2	0	0	5	2	0	8	0	0	0	0	18	3	0	0	0	0	0	0	1	6	1	0	11	0
Campylobacter_A pr_cl_1472	0	0	0	14	0	1	0	2	8	4	3	6	0	0	4	8	0	8	9	1	12	12	4	10	4	2	11	6	0	0	1	25	0	2	2	0	4	2	12	1	20	2	0	5	0
Campylobacter_A pr_cl_1427	0	0	0	6	0	0	21	0	2	6	5	0	0	2	0	27	3	0	2	0	3	0	0	7	10	1	4	0	0	1	0	20	0	0	2	0	0	0	2	0	13	1	2	5	9
Campylobacter_A pr_cl_1454	0	0	6	1	0	2	5	0	1	1	4	17	0	8	2	11	10	0	3	2	2	3	5	20	2	5	1	20	3	0	0	10	1	0	0	1	0	0	1	2	14	12	0	4	0
Campylobacter_A pr_cl_1484	0	0	0	13	0	0	5	2	2	5	8	1	3	1	2	11	0	0	11	4	3	2	3	0	10	0	1	0	3	0	0	58	1	0	3	0	1	6	5	0	11	2	1	19	1
Campylobacter_A pr_cl_1446	0	0	0	9	0	0	0	2	3	5	2	2	2	0	0	4	14	10	0	6	12	16	1	12	0	0	9	42	1	6	0	12	0	0	4	1	1	1	4	2	3	1	0	9	0
Campylobacter_A pr_cl_1495	0	0	0	6	0	0	0	1	0	0	1	4	1	5	0	1	1	0	8	0	0	0	0	4	1	0	2	0	0	0	0	8	5	0	0	0	0	1	0	1	3	1	0	5	0
Campylobacter_A pr_cl_1445	0	0	0	0	2	2	8	0	0	10	9	2	5	2	1	27	7	1	11	31	7	2	0	9	6	0	13	2	0	6	3	25	1	0	0	4	2	2	6	0	3	6	0	21	4
Campylobacter_A pr_cl_1444	0	0	0	2	0	0	1	0	0	2	0	0	0	0	2	5	0	6	6	0	5	13	0	12	1	2	1	0	2	0	0	6	2	0	0	0	2	0	2	0	0	3	0	6	0
Campylobacter_A pr_cl_1449	0	0	0	0	0	2	4	2	4	8	0	0	2	0	0	0	0	2	4	1	0	0	1	0	0	0	0	2	2	0	0	9	0	0	2	0	0	0	0	0	0	0	0	5	0
Campylobacter_A pr_cl_1519	0	0	0	0	0	0	2	0	0	6	0	0	0	0	0	0	2	0	0	5	0	0	0	1	0	0	0	0	0	0	0	12	0	0	0	0	0	0	1	0	2	1	0	0	0
Campylobacter_A pr_cl_1536	0	0	0	2	0	0	3	0	2	6	0	0	0	0	0	2	3	0	4	0	10	29	0	2	2	0	6	0	0	0	0	2	0	0	6	0	2	0	3	1	2	0	0	2	0
Campylobacter_A pr_cl_1439	0	0	0	3	0	0	3	0	0	0	19	4	2	0	0	5	4	1	3	2	8	1	7	8	0	2	0	7	1	0	0	4	0	0	1	0	2	0	4	0	8	0	0	7	1
Campylobacter_A pr_cl_1514	0	0	0	2	0	1	0	2	0	2	4	0	0	0	0	5	0	3	0	1	20	0	4	1	0	0	0	0	0	0	0	4	0	0	0	4	1	2	2	0	2	8	0	4	0
Campylobacter_A pr_cl_1468	0	0	0	2	0	0	0	4	1	0	2	7	0	0	2	6	4	6	0	15	14	4	0	31	0	2	0	0	0	0	0	3	2	0	0	0	0	8	8	10	8	0	0	0	0
Campylobacter_A pr_cl_1458	0	0	0	17	0	0	5	0	10	2	0	0	4	0	0	6	39	0	0	0	4	20	5	82	1	0	8	4	4	2	0	3	0	0	4	1	0	25	7	0	10	2	0	6	0
Campylobacter_A pr_cl_1470	0	0	2	0	0	2	0	0	2	2	0	4	0	0	0	1	0	4	2	0	2	0	0	0	0	2	2	18	0	0	0	10	0	0	2	1	0	2	21	1	0	2	0	3	0
Campylobacter_A pr_cl_1510	0	0	0	28	8	0	8	0	6	4	29	0	8	5	9	17	6	0	2	7	3	2	1	2	60	1	7	0	13	0	1	4	7	0	0	5	0	0	0	14	6	21	2	3	0
Campylobacter_A pr_cl_1452	0	0	2	29	2	4	2	1	11	2	4	33	1	4	1	34	24	1	4	11	8	2	2	20	3	2	10	23	7	4	0	21	2	0	1	2	0	17	9	0	35	6	1	20	0
Campylobacter_A pr_cl_1528	0	0	0	2	0	0	0	0	3	14	0	0	2	4	3	15	14	1	1	2	10	0	0	6	3	3	6	0	1	0	0	22	4	0	1	1	0	6	4	0	1	1	0	4	0
Campylobacter_A pr_cl_1530	0	0	1	24	0	6	0	1	13	6	8	3	5	4	0	22	5	19	10	0	60	2	6	52	5	2	13	1	6	0	0	2	2	0	2	0	0	2	27	3	9	6	0	17	0
Campylobacter_A pr_cl_1515	0	0	0	3	0	0	8	0	11	4	5	0	1	0	7	9	3	4	2	2	6	2	0	4	0	0	0	0	2	0	0	34	2	0	0	0	0	0	1	1	6	0	0	7	0
Campylobacter_A pr_cl_2908	0	0	11	15	7	16	8	11	2	9	12	56	2	6	2	16	35	18	4	0	111	36	3	308	8	14	11	95	8	11	0	0	0	0	23	11	0	40	109	6	36	6	2	7	4
Campylobacter_A pr_cl_1435	0	0	0	4	0	0	0	2	2	5	49	23	1	0	3	14	20	0	0	10	11	9	3	19	4	5	6	4	0	5	1	3	1	0	0	0	0	4	4	6	22	10	0	6	0
Campylobacter_A pr_cl_1425	0	0	2	19	0	2	6	4	0	14	8	9	3	0	0	19	26	13	5	6	20	7	0	67	2	2	7	41	16	2	3	1	0	0	11	4	2	33	30	0	47	0	5	7	9
Campylobacter_A pr_cl_1502	0	0	0	2	0	0	0	2	1	2	0	0	3	0	0	4	0	0	2	1	0	0	0	0	0	0	0	0	4	0	0	13	0	0	0	0	0	0	0	0	0	1	0	2	0
Campylobacter_A pr_cl_1436	0	0	0	5	0	3	0	3	0	4	6	0	0	0	0	14	6	2	2	0	5	2	0	2	0	0	8	0	6	0	0	2	0	0	0	1	0	1	4	1	14	0	0	3	0
Campylobacter_A pr_cl_1481	0	0	0	6	0	0	0	0	0	1	4	2	2	0	5	6	2	0	0	1	0	3	1	0	3	0	0	0	1	0	0	39	1	0	1	1	0	0	4	6	0	2	0	9	1
Campylobacter_A pr_cl_1520	0	0	0	0	0	0	5	0	5	2	3	1	5	0	1	5	0	0	3	2	0	1	0	0	3	1	1	0	3	0	0	4	0	0	1	0	0	0	0	0	8	0	0	3	0
Campylobacter_A pr_cl_1441	0	0	0	5	0	0	0	0	0	6	2	3	1	2	2	9	2	1	5	1	4	0	0	20	0	1	1	0	0	0	0	27	0	0	0	0	0	0	9	3	18	2	4	4	1
Campylobacter_A pr_cl_1509	0	0	0	23	0	1	6	3	13	1	11	2	15	1	1	35	13	0	8	12	34	16	5	10	5	6	8	1	4	3	2	15	7	0	2	1	1	0	0	1	1	2	2	43	2
Campylobacter_A pr_cl_1498	0	0	0	8	0	0	2	3	10	4	9	6	5	1	1	28	10	2	0	4	30	6	1	6	2	2	18	13	5	0	2	45	4	0	8	0	0	5	9	3	3	0	0	12	0
Campylobacter_A pr_cl_1451	0	0	0	4	0	2	0	0	7	36	7	0	7	2	0	8	2	0	3	6	11	4	9	35	0	0	2	9	0	0	0	14	3	0	4	0	0	8	3	1	3	5	0	6	3
Campylobacter_A pr_cl_1433	1	0	4	27	0	6	0	4	4	4	8	14	8	3	1	9	1	0	5	6	7	8	3	12	8	0	4	4	3	0	0	26	2	0	6	0	1	4	31	0	5	4	4	34	0
Campylobacter_A pr_cl_1499	1	0	0	3	0	0	0	0	3	8	0	0	0	2	2	18	4	0	0	2	0	0	2	2	2	0	0	1	0	0	0	7	0	4	0	0	0	3	0	0	10	0	0	6	0
Campylobacter_A pr_cl_1448	1	0	0	7	0	1	3	0	10	3	8	9	0	0	0	18	28	5	0	8	9	3	4	26	6	0	13	73	3	0	0	9	0	0	0	2	0	3	47	0	28	2	0	11	2
Campylobacter_A pr_cl_1440	1	0	98	10	0	1	0	2	0	4	4	0	2	2	0	3	0	6	0	0	9	0	0	3	2	1	3	1	0	0	0	11	0	0	1	2	0	4	17	0	8	5	5	8	0
Campylobacter_A pr_cl_1447	1	0	4	0	0	0	7	0	11	0	3	0	0	2	0	14	0	5	3	0	0	9	0	4	0	5	2	9	0	0	0	11	2	0	4	0	0	0	0	0	10	0	0	0	0
Campylobacter_A pr_cl_1450	1	0	0	33	1	0	19	0	3	9	7	19	1	0	1	18	6	0	6	5	16	11	1	14	4	4	11	2	0	2	0	28	0	0	1	2	0	0	3	1	23	4	0	18	2
Campylobacter_A pr_cl_1453	1	0	15	23	4	10	8	6	8	5	2471	13	10	7	2	55	23	51	7	8	16	25	5	24	9	412	602	63	2	2	3	15	53	0	0	48	0	7	15	5	18	584	1	211	1
Campylobacter_A pr_cl_1477	1	0	15	73	3	24	19	9	10	20	43	140	10	5	9	62	34	8	22	12	111	116	28	139	22	9	14	129	17	2	0	47	9	1	5	11	13	14	118	18	30	21	5	88	6
Campylobacter_A pr_cl_1538	1	0	0	4	0	4	7	0	2	0	3	9	2	0	0	15	9	3	0	4	19	5	1	45	0	0	18	24	1	0	0	1	0	0	0	0	2	16	20	0	12	1	0	8	0
Campylobacter_A pr_cl_1523	1	0	0	21	0	0	4	0	10	11	5	7	2	0	1	14	4	2	5	7	14	5	4	16	10	4	8	38	9	0	2	18	3	0	1	1	1	11	33	0	9	3	2	8	0
Campylobacter_A pr_cl_1513	1	0	0	20	0	2	8	0	9	2	15	0	2	2	0	8	0	2	4	7	8	1	2	4	2	0	2	6	0	0	0	3	2	0	0	2	4	2	5	7	1	5	0	18	0
Campylobacter_A pr_cl_1494	2	0	8	22	2	0	1	3	18	4	19	7	6	3	1	35	36	4	12	10	4	6	17	20	7	2	13	16	4	0	0	7	1	0	9	3	2	2	8	2	18	11	0	5	0
Campylobacter_A pr_cl_1492	2	0	2	22	4	0	19	0	6	6	12	0	9	9	0	69	27	2	4	9	1	4	2	8	6	4	3	7	0	1	0	11	4	0	0	0	1	1	0	1	8	5	1	30	2
Campylobacter_A pr_cl_1426	2	0	0	4	1	1	1	0	2	0	16	2	2	1	0	8	0	20	8	2	17	2	0	9	1	0	6	2	4	5	0	6	1	0	0	2	7	2	0	12	10	1	0	5	0
Campylobacter_A pr_cl_1505	2	0	0	11	1	3	18	2	13	10	11	50	8	2	3	15	32	2	10	8	52	20	2	36	7	4	21	27	2	3	0	72	1	0	4	2	3	2	6	4	29	5	0	14	0
Campylobacter_A pr_cl_1474	2	0	2	41	6	8	8	7	2	7	13	1	2	4	6	15	5	1	23	14	2	30	13	4	22	0	3	0	5	0	1	11	4	0	2	0	1	25	28	3	0	9	0	14	1
Campylobacter_A pr_cl_1535	2	0	0	16	0	0	3	2	5	0	4	10	0	0	3	10	4	14	3	2	6	0	2	20	6	0	0	0	4	0	0	12	2	0	1	3	0	0	1	2	1	4	0	3	2
Campylobacter_A pr_cl_1457	2	0	0	9	0	0	0	0	1	9	4	2	1	0	0	15	0	4	0	4	6	11	0	12	1	1	4	0	0	0	0	5	0	0	1	0	0	0	7	0	5	2	0	23	0
Campylobacter_A pr_cl_1478	2	0	0	32	0	0	15	4	4	1	11	6	2	3	2	21	6	0	5	4	14	4	0	7	2	1	9	0	2	0	0	10	2	0	0	0	0	4	2	2	9	4	0	10	2
Campylobacter_A pr_cl_1534	2	0	3	12	0	2	10	0	12	2	6	7	8	3	3	47	13	0	7	9	12	10	6	12	2	1	9	55	2	0	0	15	2	0	0	2	2	29	10	0	29	8	7	16	0
Campylobacter_A pr_cl_1465	2	0	0	5	0	5	0	0	4	0	6	3	0	0	0	15	10	7	0	0	2	11	0	36	2	0	5	18	0	0	0	0	2	0	5	0	0	18	30	2	0	0	2	10	0
Campylobacter_A pr_cl_1469	2	0	2	4	0	0	6	0	3	0	7	8	0	0	0	0	9	4	0	0	17	7	0	14	0	0	0	19	0	2	0	0	2	0	2	0	0	0	31	4	8	4	0	25	2
Campylobacter_A pr_cl_1537	2	0	3	18	0	3	18	0	11	1	24	14	1	1	2	38	29	2	16	9	8	25	2	24	2	4	27	54	0	24	2	7	0	0	3	1	0	4	0	0	15	5	0	16	1
Campylobacter_A pr_cl_1486	2	7	7	100	11	6	50	2	23	15	80	34	28	21	26	216	31	7	55	48	77	32	35	137	82	13	51	54	113	80	2	56	5	2	32	8	19	27	9	14	74	18	64	43	2
Campylobacter_A pr_cl_1482	2	0	0	23	1	7	0	0	0	1	5	13	0	1	0	24	6	140	1	7	22	3	2	70	1	4	1	89	11	4	0	17	3	0	1	0	0	4	26	8	3	4	1	23	0
Campylobacter_A pr_cl_1526	2	0	0	75	1	6	27	4	26	8	62	93	6	3	1	177	89	4	11	68	73	41	5	35	3	4	67	19	11	1	0	18	4	0	9	23	4	19	58	6	47	18	8	53	0
Campylobacter_A pr_cl_1471	2	0	4	0	0	5	1	0	6	0	3	98	0	0	1	0	17	7	0	3	111	8	0	8	3	3	7	9	0	0	5	0	0	0	10	2	4	0	0	3	4	3	20	6	0
Campylobacter_A pr_cl_1533	2	0	0	4	0	0	6	0	9	1	15	7	2	2	5	14	6	2	2	8	1	12	0	7	14	0	6	23	0	0	0	19	2	0	2	0	2	2	0	1	3	2	0	5	0
Campylobacter_A pr_cl_1507	2	0	2	3	0	11	8	5	6	4	37	37	0	0	0	8	11	35	0	2	66	41	1	74	6	2	2	56	3	8	0	11	2	0	7	0	0	10	22	12	10	8	0	8	0
Campylobacter_A pr_cl_1459	3	0	3	2	0	3	3	11	3	12	5	211	0	0	0	6	46	3	3	0	117	41	0	179	1	5	18	31	8	0	0	0	2	2	7	1	0	30	130	25	18	2	0	26	0
Campylobacter_A pr_cl_1489	3	0	2	63	0	3	4	5	7	3	8	7	0	1	0	63	35	5	12	3	27	10	4	8	2	2	4	0	0	2	0	25	0	1	1	9	0	0	7	3	14	11	2	8	0
Campylobacter_A pr_cl_1438	3	0	0	16	0	0	49	0	4	8	0	4	0	2	2	3	2	1	2	13	1	0	0	14	2	0	4	8	3	0	0	6	0	0	0	0	2	2	0	0	3	3	0	5	2
Campylobacter_A pr_cl_1462	3	2	0	5	1	14	0	2	2	0	6	10	1	0	0	13	1	4	0	2	188	25	0	207	1	5	5	31	4	1	0	0	3	4	5	0	0	12	22	31	2	0	1	3	6
Campylobacter_A pr_cl_1461	3	0	0	7	0	1	2	0	8	0	5	0	5	1	1	7	2	0	5	2	9	1	2	8	3	0	10	2	12	0	0	8	0	0	4	0	0	4	2	2	6	0	2	6	0
Campylobacter_A pr_cl_1500	3	0	2	1	2	0	0	0	4	5	2	1	6	0	3	12	2	0	1	1	4	4	1	0	0	0	1	2	0	0	0	14	1	0	0	0	0	2	0	0	6	2	0	8	0
Campylobacter_A pr_cl_1476	3	2	4	98	11	3	82	11	29	61	67	47	26	17	29	134	44	19	70	68	34	58	32	123	96	8	60	62	130	56	0	39	8	0	8	25	25	16	40	35	55	42	52	60	11
Campylobacter_A pr_cl_1464	4	0	2	12	0	2	6	2	6	0	4	7	2	0	0	29	14	12	0	1	112	9	2	123	2	0	7	13	6	6	5	7	0	0	13	0	0	5	8	2	16	51	0	10	0
Campylobacter_A pr_cl_1429	4	0	0	10	1	0	3	0	9	0	1	0	0	0	0	7	3	0	2	7	4	3	1	3	0	0	11	2	1	0	0	15	0	0	0	0	2	0	0	2	17	0	3	22	1
Campylobacter_A pr_cl_1518	4	0	3	16	2	0	71	4	16	6	10	0	0	2	4	19	26	19	15	4	26	14	2	127	6	3	79	22	6	0	0	199	0	0	94	2	0	12	5	4	35	6	0	8	1
Campylobacter_A pr_cl_1460	4	0	0	37	0	15	5	1	10	3	22	46	5	0	1	29	11	31	9	12	97	20	1	20	3	6	9	3	5	0	0	14	0	0	4	1	1	4	30	14	2	5	0	58	0
Campylobacter_A pr_cl_1524	4	0	0	15	0	1	4	1	8	2	4	8	1	2	2	27	19	11	2	6	18	8	2	12	3	0	1	10	2	0	0	24	5	0	2	0	2	12	16	0	3	2	0	6	0
Campylobacter_A pr_cl_1434	4	0	2	30	0	1	12	8	3	12	4	13	4	0	3	22	15	4	10	10	26	27	4	72	5	4	31	47	10	6	0	21	7	0	4	4	6	6	35	6	26	7	5	39	0
Campylobacter_A pr_cl_1443	4	0	0	11	0	0	2	1	0	0	1	8	1	0	1	11	5	0	0	1	0	37	2	25	4	0	2	24	5	0	0	11	3	0	3	1	0	18	8	0	9	3	2	6	1
Campylobacter_A pr_cl_1497	4	0	4	10	26	5	58	3	3	33	101	283	42	8	27	112	21	3	47	21	11	26	17	36	9	31	17	4	86	117	0	29	14	0	11	27	52	5	4	4	12	17	26	20	0
Campylobacter_A pr_cl_1423	5	2	6	57	0	22	75	5	39	14	83	148	10	2	18	85	85	30	28	26	379	88	9	305	6	26	45	257	42	13	0	47	12	2	15	5	1	61	68	38	436	9	30	76	39
Campylobacter_A pr_cl_1525	5	0	0	30	11	121	31	938	25	92	345	188	10	65	8	103	19	24	42	61	37	20	9	23	5	7	39	10	26	8	0	46	86	0	32	16	21	0	4	9	23	32	31	18	0
Campylobacter_A pr_cl_1431	6	0	3	6	0	7	0	2	2	1	62	52	0	4	4	25	22	7	0	2	49	21	2	47	0	1	6	54	4	4	0	2	0	0	8	0	0	2	23	9	15	6	1	22	0
Campylobacter_A pr_cl_1511	6	0	4	21	1	0	8	3	12	8	10	2	2	7	1	40	6	1	7	9	2	14	6	1	16	0	9	18	5	5	0	59	0	0	2	0	1	6	2	0	12	6	1	31	2
Campylobacter_A pr_cl_1479	7	0	0	10	0	2	3	3	2	1	20	42	2	2	0	17	2	6	7	8	7	13	2	39	8	0	7	23	8	3	0	8	2	0	2	0	1	12	13	7	0	6	0	4	0
Campylobacter_A pr_cl_1493	7	0	3	8	0	0	14	5	6	7	14	7	17	6	4	59	35	8	11	15	30	57	8	52	15	6	73	15	9	12	0	12	0	0	9	2	8	6	6	1	32	9	4	41	4
Campylobacter_A pr_cl_1330	8	0	11	261	13	15	38	44	7	2	353	623	100	0	135	499	929	241	12	24	11367	1706	249	1881	109	747	675	1243	95	2416	0	4	0	37	55	110	67	3	103	40	17	951	488	22	1
Campylobacter_A pr_cl_1475	8	0	4	23	0	7	29	6	16	8	205	170	10	0	5	54	56	46	17	18	177	112	14	107	14	18	10	123	11	0	0	26	13	6	15	0	2	49	231	34	21	24	2	32	1
Campylobacter_A pr_cl_1542	8	0	58	458	7	111	12	43	0	12	13	112	2	8	4	18	194	76	15	13	249	454	48	1384	12	27	32	319	17	8	14	13	2	2	35	16	1	308	243	40	205	93	60	389	73
Campylobacter_A pr_cl_1501	8	0	1	143	14	3	41	27	265	34	119	37	27	26	69	458	116	8	318	135	27	24	67	31	57	23	48	2	31	6	1	28	378	4	48	1	20	17	27	25	54	33	7	95	1
Campylobacter_A pr_cl_1485	9	0	7	28	2	10	26	1	29	45	25	9	10	13	9	61	19	105	8	29	27	30	12	31	22	2	53	160	12	1	1	118	8	0	24	4	9	2	17	10	32	14	17	66	8
Campylobacter_A pr_cl_1531	9	0	8	17	0	0	8	0	1	0	11	46	6	0	4	23	11	5	6	3	16	14	4	94	5	4	1	32	0	0	0	24	5	0	5	0	6	0	1	3	5	4	0	35	0
Campylobacter_A pr_cl_1532	9	0	12	90	10	12	64	12	79	64	56	113	16	9	24	162	138	35	78	78	129	131	49	183	39	21	153	258	313	16	0	187	32	4	17	32	20	70	112	39	164	29	18	119	13
Campylobacter_A pr_cl_1437	11	0	6	30	3	10	13	6	10	6	150	146	13	2	1	73	71	32	1	11	154	80	4	88	13	24	44	76	7	9	0	1	1	0	69	2	0	41	249	37	25	2	4	43	0
Campylobacter_A pr_cl_1488	11	0	0	10	2	0	1	1	5	2	11	2	1	2	3	12	10	0	6	8	31	24	7	20	0	2	10	2	4	1	2	36	1	0	4	0	3	0	0	1	11	3	2	18	4
Campylobacter_A pr_cl_1418	11	0	0	145	1	3	86	9	86	8	56	21	5	4	8	180	113	18	41	56	32	95	7	53	1	3	139	187	17	1	0	6	2	3	7	12	1	46	16	13	365	45	16	78	11
Campylobacter_A pr_cl_1342	12	19	24	77	7	34	47	16	13	20	41	316	8	62	6	24	108	132	32	33	422	313	9	501	33	35	129	556	32	8	3	0	5	2	95	6	0	223	622	3	154	16	0	161	12
Campylobacter_A pr_cl_1386	13	0	50	28	3	93	28	6	16	21	89	583	3	0	4	65	172	111	4	41	875	402	4	783	79	25	153	597	75	11	8	3	4	2	120	3	2	160	723	56	155	19	3	90	7
Campylobacter_A pr_cl_1333	14	0	38	65	2	113	90	22	15	12	118	1387	6	3	11	19	354	240	22	16	823	749	15	1135	16	81	285	2232	72	55	9	0	0	0	180	4	20	247	729	43	55	24	30	208	26
Campylobacter_A pr_cl_1539	14	0	16	20	2	20	1	14	6	1	83	99	0	0	2	34	89	34	2	2	160	65	5	479	0	11	29	44	11	6	0	0	2	0	122	1	0	47	124	27	15	94	0	23	6
Campylobacter_A pr_cl_1380	17	6	20	39	0	72	112	20	3	7	241	352	5	0	5	117	147	178	5	2	556	220	0	577	2	44	77	585	75	15	12	1	0	2	105	2	0	74	225	59	156	10	1	98	15
Campylobacter_A pr_cl_1409	18	0	6	187	2	19	77	5	101	5	60	174	23	8	14	262	178	194	60	68	129	121	19	151	30	26	187	132	44	29	7	20	5	9	39	17	9	43	53	17	233	33	39	144	4
Campylobacter_A pr_cl_1346	19	3	22	55	1	47	31	10	0	9	65	496	6	7	6	24	146	284	9	11	597	258	6	661	8	31	128	548	33	7	9	2	0	1	77	4	4	137	558	49	103	7	3	141	12
Campylobacter_A pr_cl_1408	19	0	11	183	2	27	182	12	126	11	55	116	18	8	4	290	262	47	36	46	107	221	5	160	7	39	272	149	31	9	0	13	2	5	46	24	5	26	50	19	271	25	22	126	15
Campylobacter_A pr_cl_1347	19	9	15	80	2	33	35	10	7	11	354	344	10	2	6	36	58	194	0	7	462	212	8	523	17	34	40	482	39	11	11	4	1	2	56	13	8	107	260	45	155	28	8	178	9
Campylobacter_A pr_cl_1406	19	0	7	174	4	10	192	9	132	13	70	156	38	4	10	247	231	26	67	71	123	150	14	171	3	10	303	330	51	8	4	4	5	2	17	54	11	45	61	32	320	26	28	138	10
Campylobacter_A pr_cl_1541	19	43	32	107	2	62	32	26	21	40	53	937	28	2	8	35	76	64	18	14	2696	256	13	25358	31	184	275	588	25	25	51	4	4	0	61	4	3	234	1298	16	23	3	2	46	4
Campylobacter_A pr_cl_1421	20	0	2	197	8	8	122	3	152	14	132	18	2	13	5	310	225	15	45	88	38	73	21	84	21	10	219	25	48	5	0	8	8	4	19	31	7	28	19	20	198	34	28	132	2
Campylobacter_A pr_cl_1384	20	0	22	70	0	52	162	11	9	7	261	513	11	7	0	54	125	150	2	10	674	227	7	788	0	38	85	275	45	18	16	4	0	3	68	0	5	71	318	54	66	14	40	63	8
Campylobacter_A pr_cl_1385	20	0	27	41	2	56	15	16	8	8	157	648	5	2	7	86	232	226	5	3	804	222	3	1096	6	24	100	524	123	15	14	0	7	3	78	13	0	84	304	88	193	11	22	89	13
Campylobacter_A pr_cl_1383	21	4	20	78	9	51	100	21	15	21	508	411	18	16	36	127	222	395	39	33	611	594	34	709	29	43	120	725	77	63	24	16	6	4	89	5	13	176	409	125	166	46	102	205	11
Campylobacter_A pr_cl_1540	21	0	11	5	0	8	7	9	0	0	6	48	4	2	4	18	539	26	19	7	281	42	2	359	5	32	14	383	3	12	0	39	2	0	15	2	2	34	74	10	8	4	6	24	0
Campylobacter_A pr_cl_1416	22	1	15	196	16	6	272	11	166	22	91	69	35	21	52	440	275	68	111	146	70	85	18	170	36	19	306	196	64	164	3	8	8	0	28	38	27	58	23	34	529	50	40	166	53
Campylobacter_A pr_cl_1419	23	0	14	301	0	9	147	13	286	16	33	128	28	31	5	477	522	19	65	155	57	215	29	63	17	15	1798	18	300	12	4	6	10	4	38	33	2	57	28	19	14743	299	38	731	10
Campylobacter_A pr_cl_1343	25	9	38	119	0	67	96	21	17	16	54	481	8	6	20	94	183	204	3	40	520	750	5	778	39	94	129	1174	70	15	5	16	3	0	79	11	4	237	768	70	126	3	8	202	15
Campylobacter_A pr_cl_1339	26	5	31	211	11	67	93	19	7	19	174	732	11	12	23	25	109	244	13	45	894	1048	9	883	36	98	108	886	59	27	6	0	0	2	140	13	11	251	613	34	37	19	20	307	17
Campylobacter_A pr_cl_1410	26	0	6	300	29	20	356	20	248	50	270	140	40	45	54	544	326	36	187	142	92	236	65	167	100	60	471	120	282	143	11	16	9	21	72	52	26	47	61	35	418	75	164	241	12
Campylobacter_A pr_cl_1338	27	11	19	63	4	48	79	15	20	5	118	496	8	7	5	64	170	211	10	19	542	503	4	804	31	54	271	1094	59	12	5	3	4	9	102	17	21	198	687	59	83	13	7	274	37
Campylobacter_A pr_cl_1455	27	1	48	135	5	50	119	42	66	47	281	299	21	12	21	241	214	112	28	45	474	307	29	721	20	48	180	538	66	89	1	107	12	0	114	9	16	109	406	57	117	120	43	137	9
Campylobacter_A pr_cl_1331	27	0	2	52	3	9	2	65	23	0	211	123	5	4	24	111	148	142	18	5	163	79	17	126	23	45	193	26	37	442	0	0	5	13	152	9	14	4	20	18	13	193	30	22	0
Campylobacter_A pr_cl_1340	28	13	20	71	4	37	53	16	6	31	63	385	17	9	2	45	127	129	15	23	571	255	7	615	31	56	114	610	83	45	6	13	2	0	93	17	11	158	594	29	73	8	2	166	27
Campylobacter_A pr_cl_1381	29	5	21	51	2	59	13	25	10	4	125	419	7	0	2	44	92	135	4	3	724	390	3	780	14	29	110	544	37	17	2	3	0	0	56	7	2	107	323	71	53	8	0	85	10
Campylobacter_A pr_cl_1417	29	0	43	329	0	29	229	16	262	26	160	246	45	8	23	470	399	94	116	97	350	300	43	281	22	20	428	446	80	18	0	17	14	6	68	36	16	89	82	47	655	43	21	272	25
Campylobacter_A pr_cl_1387	30	2	52	136	23	232	151	61	64	40	317	1836	14	6	73	102	637	366	40	25	1917	1337	18	1853	14	172	410	3453	224	61	17	26	4	5	271	21	17	476	1862	213	170	37	33	389	32
Campylobacter_A pr_cl_1341	31	7	59	95	9	47	115	11	12	19	84	432	24	10	34	26	169	161	81	16	631	580	27	611	41	54	146	723	98	21	7	8	6	2	98	8	16	231	591	46	56	63	24	326	27
Campylobacter_A pr_cl_1377	33	0	18	62	0	88	79	12	7	2	123	816	7	7	0	29	188	181	7	8	696	283	8	705	20	81	208	885	99	16	4	23	5	2	118	6	0	115	361	69	166	22	10	88	16
Campylobacter_A pr_cl_1337	33	29	27	108	5	82	140	15	15	47	219	544	20	17	44	61	222	265	30	26	688	542	16	911	36	74	166	843	94	36	4	2	0	6	153	9	12	209	722	70	73	23	19	352	12
Campylobacter_A pr_cl_1358	34	0	38	55	0	95	171	36	30	19	124	1192	14	4	9	95	372	303	50	22	1096	778	27	1606	61	85	294	1254	154	82	8	17	4	2	131	13	2	247	606	127	171	28	13	217	18
Campylobacter_A pr_cl_1432	34	0	14	16	1	17	12	84	2	6	153	210	2	4	0	30	66	54	4	0	264	157	3	311	0	20	32	134	19	11	0	18	0	4	55	3	0	68	346	50	15	100	0	19	5
Campylobacter_A pr_cl_1422	36	1	5	225	10	40	4090	27	158	20	279	37	27	27	56	447	250	14	57	158	63	128	33	58	87	15	280	62	80	10	0	0	10	0	32	26	6	6	4	28	274	57	64	110	16
Campylobacter_A pr_cl_1407	37	0	28	359	9	55	317	21	354	40	200	539	27	24	28	704	529	243	141	174	301	294	33	371	36	28	629	384	171	29	15	64	11	12	46	51	7	138	169	66	754	64	66	399	32
Campylobacter_A pr_cl_1345	38	6	47	129	3	105	71	41	22	77	161	1199	10	2	11	140	584	452	20	40	1154	499	10	1246	30	75	216	1214	68	79	11	0	1	8	260	7	2	241	978	128	174	21	10	240	35
Campylobacter_A pr_cl_1361	39	8	41	88	34	174	112	36	20	26	174	1416	6	14	10	30	435	307	38	34	1582	1259	9	1645	31	155	344	2302	160	45	21	15	7	7	222	18	6	424	1354	167	243	25	24	472	48
Campylobacter_A pr_cl_1400	43	59	47	133	30	112	233	24	32	36	180	928	49	12	29	81	284	279	34	31	1710	976	32	1890	129	129	357	1735	147	52	6	7	4	9	236	47	2	750	1873	98	112	74	125	204	19
Campylobacter_A pr_cl_1362	49	0	59	81	6	154	107	45	67	61	182	1014	4	4	8	47	365	314	29	23	1287	761	5	1602	23	78	349	1524	120	70	39	5	4	0	281	11	6	385	915	155	208	19	13	303	27
Campylobacter_A pr_cl_1379	50	4	45	90	2	90	58	17	23	44	375	1049	23	0	3	135	187	609	5	10	908	267	12	1152	9	58	97	510	120	27	19	9	2	10	105	10	2	125	644	173	248	15	6	116	27
Campylobacter_A pr_cl_1403	50	29	20	281	5	22	275	37	239	31	139	431	27	12	16	622	363	40	147	120	451	295	19	914	18	40	513	319	71	144	25	7	4	5	61	43	23	41	62	68	532	73	37	328	17
Campylobacter_A pr_cl_1415	52	4	6	289	5	36	271	12	275	37	162	290	44	4	28	566	478	59	102	142	308	377	14	195	7	28	477	501	42	25	2	39	11	9	71	49	7	112	218	70	728	53	58	322	28
Campylobacter_A pr_cl_1376	53	1	104	69	11	306	114	76	34	31	310	1900	8	18	27	59	402	324	21	22	1820	1286	11	2241	25	142	284	2724	223	48	26	8	3	5	297	11	10	294	946	222	316	63	27	321	28
Campylobacter_A pr_cl_1405	54	0	10	232	25	19	308	19	160	47	198	143	24	13	77	470	324	30	69	161	194	182	31	247	26	29	474	157	45	28	2	13	0	2	15	36	2	45	25	18	421	36	73	211	23
Campylobacter_A pr_cl_1357	56	0	63	88	12	155	101	29	35	13	181	869	11	4	8	64	493	300	29	17	1035	789	13	1727	8	101	305	1332	143	34	15	10	6	2	184	9	8	303	984	182	204	29	3	325	57
Campylobacter_A pr_cl_1360	57	0	74	79	12	143	249	57	27	28	289	1294	14	13	15	95	657	432	44	65	2118	1129	18	2798	42	165	350	2535	195	72	31	7	4	3	326	13	10	465	1556	174	359	36	30	378	39
Campylobacter_A pr_cl_1371	59	6	317	220	7	915	164	145	44	39	493	4003	42	7	27	221	1502	1213	54	42	15346	2374	30	19025	28	475	493	5728	847	218	62	18	15	11	528	20	3	988	2629	721	1006	94	27	452	92
Campylobacter_A pr_cl_1398	62	0	84	121	15	221	141	44	41	25	222	1672	20	7	23	91	538	410	34	23	2400	1121	7	2379	60	92	312	2251	191	58	23	11	2	2	222	18	5	355	1182	259	437	43	26	395	33
Campylobacter_A pr_cl_1329	62	11	33	273	62	6	486	15	43	119	1278	717	119	101	243	3074	4850	139	124	126	1002	859	180	341	109	204	10352	440	124	11053	0	2	15	14	382	54	61	24	68	171	6	577	708	68	11
Campylobacter_A pr_cl_1366	64	6	235	176	40	683	325	172	69	70	482	9995	43	45	76	186	2488	1133	281	67	8445	7521	52	7511	29	646	1132	24483	493	104	20	154	7	6	790	81	54	2199	7387	261	369	98	139	884	85
Campylobacter_A pr_cl_1394	66	4	113	182	36	205	462	77	54	121	448	1404	32	62	44	139	672	431	82	111	2216	1306	33	2069	51	119	383	2544	364	193	24	11	9	9	351	13	15	393	973	235	413	39	65	442	34
Campylobacter_A pr_cl_1399	73	10	160	1714	113	600	154	111	63	54	874	2044	266	9	40	225	1505	1149	35	87	6220	1630	123	6998	28	195	522	2588	2309	219	456	10	207	21	971	987	9	421	1516	3046	47658	241	48	3357	1540
Campylobacter_A pr_cl_1375	81	0	105	117	3	214	53	36	17	37	1063	1130	15	3	19	144	366	1265	35	46	1746	560	6	1902	2	62	194	1234	295	37	45	2	12	3	388	9	1	270	744	259	442	40	15	387	27
Campylobacter_A pr_cl_1404	87	2	21	429	12	87	320	32	452	116	316	810	54	12	9	814	1182	137	117	158	369	645	239	465	43	44	679	287	102	28	4	23	6	16	227	58	316	249	780	77	1033	295	828	346	35
Campylobacter_A pr_cl_1374	88	4	64	107	6	131	195	49	27	78	242	1217	21	14	40	52	471	335	25	48	1632	703	30	1886	50	87	325	1474	165	29	24	27	8	10	216	13	10	302	1075	182	256	30	16	279	20
Campylobacter_A pr_cl_1411	89	2	19	250	5	86	581	55	217	84	223	302	80	34	65	396	613	67	168	258	326	357	74	1328	140	42	450	187	125	160	71	40	20	17	152	36	30	78	137	70	256	226	313	180	15
Campylobacter_A pr_cl_1402	91	0	2	594	9	4	419	8	210	54	114	62	58	13	31	323	284	8	123	276	54	121	141	351	57	11	226	34	67	25	0	14	10	187	13	64	19	30	20	15	233	61	17	121	7
Campylobacter_A pr_cl_1420	91	0	45	329	33	567	356	134	175	49	11237	432	52	60	43	600	667	97	175	145	301	371	44	429	207	47	323	135	203	75	4	35	2	2	370	48	6	216	490	53	250	49	49	272	9
Campylobacter_A pr_cl_1414	94	2	33	908	17	61	761	44	839	64	350	352	97	74	64	1863	1523	114	371	464	402	611	65	707	71	75	1459	829	517	58	5	40	31	40	87	146	55	139	131	119	2224	233	130	773	15
Campylobacter_A pr_cl_1413	95	1	20	1051	110	29	1006	30	749	128	357	263	196	104	214	2306	1756	90	447	453	337	556	128	576	184	223	1291	409	631	646	0	48	27	42	90	3134	439	45	101	176	1016	282	405	615	19
Campylobacter_A pr_cl_1359	98	0	63	41	10	171	102	40	17	30	228	1222	25	18	43	160	292	356	24	15	1647	874	23	2061	32	112	231	1271	171	60	7	4	0	5	211	11	26	251	674	146	198	43	62	251	29
Campylobacter_A pr_cl_1401	100	0	2	518	16	4	175	5	209	57	103	29	31	6	42	356	415	5	145	1701	27	105	47	165	42	12	193	26	109	63	0	28	30	14	7	81	9	7	29	10	166	17	31	100	6
Campylobacter_A pr_cl_1382	106	6	298	390	6	318	76	66	64	18	573	1435	28	12	24	986	1140	1177	24	60	7628	1054	13	5198	33	183	454	2007	820	151	63	76	12	4	402	21	39	650	5993	968	1134	140	57	321	78
Campylobacter_A pr_cl_1365	118	0	176	163	25	398	368	128	78	85	382	3894	40	15	59	82	1203	799	58	11	5221	2738	30	6087	40	237	533	5996	365	92	22	12	2	1	597	27	37	905	3164	265	439	40	62	539	61
Campylobacter_A pr_cl_1392	123	4	131	241	37	327	271	71	70	56	395	2447	51	7	47	296	935	837	27	15	3527	1534	18	3820	25	227	563	3467	374	104	53	4	3	19	536	16	17	721	2055	698	699	137	61	454	70
Campylobacter_A pr_cl_1391	126	0	86	121	20	222	581	67	52	137	306	1689	33	20	15	145	580	801	50	51	2359	1005	20	3150	46	244	332	2752	482	129	15	1	15	16	309	14	6	478	1422	349	431	48	24	504	52
Campylobacter_A pr_cl_1364	129	5	276	269	16	770	678	156	91	127	648	10421	39	19	63	322	2189	1629	120	84	15582	5348	53	13222	70	989	990	17663	581	202	42	51	5	6	933	43	19	1734	7188	404	666	105	133	718	115
Campylobacter_A pr_cl_1344	131	8	96	244	28	300	331	93	59	51	302	2112	30	41	22	302	759	720	37	71	2017	2080	42	2579	74	151	543	2480	180	53	19	45	14	9	389	37	16	547	1392	164	227	148	80	493	48
Campylobacter_A pr_cl_1353	141	8	150	501	34	5027	1424	23021	811	433	780	4502	92	48	51	204	1471	1106	531	75	2709	5969	66	2802	150	370	4801	8730	510	208	29	69	14	11	1245	60	41	975	2252	341	858	87	208	982	52
Campylobacter_A pr_cl_1393	141	2	116	148	21	393	309	81	43	64	464	2390	39	14	25	197	735	667	43	30	3284	1420	24	3198	33	209	710	3137	442	121	17	35	9	12	496	52	2	639	1811	308	1078	44	22	818	58
Campylobacter_A pr_cl_1412	145	2	55	2441	11	122	795	89	575	264	511	657	428	131	1299	1798	1547	292	372	426	1029	739	67	1410	62	164	1709	1059	232	37	16	31	16	41	159	96	47	272	735	223	1625	126	156	922	69
Campylobacter_A pr_cl_1352	146	8	137	503	19	554	1326	347	535	423	639	3307	98	60	91	184	1529	824	471	124	2245	5296	92	2660	135	280	3755	6209	463	106	65	303	21	8	960	58	59	761	1949	372	1038	176	280	872	80
Campylobacter_A pr_cl_1351	149	2	129	412	20	587	975	451	511	336	431	2982	98	38	75	242	1192	761	478	73	2499	4493	68	3745	133	302	3461	7915	508	121	33	239	29	9	900	82	32	858	2140	292	622	125	199	877	67
Campylobacter_A pr_cl_1368	152	2	376	316	84	905	607	192	68	103	1048	9757	80	32	123	386	2976	1602	176	137	10052	6704	67	10081	186	780	1204	19502	966	239	42	37	15	11	1288	60	43	2249	7936	395	832	101	134	1365	184
Campylobacter_A pr_cl_1372	160	4	450	486	28	1488	251	231	84	51	650	413348	84	10	57	346	3373	2278	46	69	30274	11508	26	43163	68	9880	640	18687	1138	327	99	20	13	22	896	33	12	1663	7686	1032	1448	216	50	496	158
Campylobacter_A pr_cl_1370	170	55	2169	321	69	1456	552	275	102	139	1073	25096	103	50	251	603	7623	29689	191	148	21729	15840	90	16481	155	9741	4352	35289	1048	253	26	30	30	34	2080	98	84	53866	515065	680	726	230	98	1146	148
Campylobacter_A pr_cl_1395	180	4	130	121	8	316	152	65	32	30	319	1350	11	6	59	135	725	521	74	49	2815	1167	26	3518	36	131	416	2598	386	128	21	23	10	23	363	14	11	334	1048	280	746	36	101	461	75
Campylobacter_A pr_cl_1332	184	10	163	584	65	268	914	136	2718	306	608	2351	358	242	128	298	1126	704	325	163	2374	2085	109	2319	287	316	4400	4477	617	210	37	33	4	17	638	51	104	623	1372	369	810	149	274	535	96
Campylobacter_A pr_cl_1354	188	4	205	691	78	651	1693	538	683	540	757	4953	158	64	111	247	1855	1306	572	138	4378	7830	180	3631	205	384	4795	11176	515	189	42	151	34	17	1271	83	51	1000	2617	411	981	175	222	1114	61
Campylobacter_A pr_cl_1373	195	14	245	319	61	747	632	129	111	97	1127	5766	114	39	85	518	1923	1718	101	132	8467	3612	35	8935	127	541	1148	9860	830	225	56	111	4	18	1049	36	19	1655	5274	707	1124	166	94	1614	135
Campylobacter_A pr_cl_1396	199	3	238	256	33	737	1037	161	94	98	919	3999	55	16	82	540	1654	1187	109	82	5314	3135	33	7866	116	344	1652	7121	957	196	123	100	5	13	1013	48	7	1038	3112	753	1776	103	103	1239	192
Campylobacter_A pr_cl_1390	220	4	152	196	10	555	556	126	50	84	585	3021	52	14	37	206	1073	1102	31	28	3631	2255	18	4047	38	255	744	4140	499	150	31	35	11	15	603	27	10	671	1784	400	887	80	75	1070	92
Campylobacter_A pr_cl_1389	240	3	304	773	23	1200	403	301	102	177	1329	4829	139	34	49	360	2605	1676	140	100	11073	3552	30	13485	74	392	1163	7112	2185	287	254	107	51	26	1591	182	17	1082	2669	1599	3084	240	43	1085	228
Campylobacter_A pr_cl_1349	258	17	219	719	55	912	1591	1018	836	611	1037	5734	146	100	157	313	2150	1292	722	140	4051	7987	136	4594	238	471	5769	12927	630	269	76	538	24	12	1704	87	78	1412	3150	567	1359	168	201	1476	104
Campylobacter_A pr_cl_1369	263	17	389	328	37	1148	406	267	59	103	2162	11776	37	22	89	236	3486	1839	120	168	13331	9410	59	12942	98	1005	1177	27531	814	223	58	49	14	29	1436	82	36	2941	11248	450	886	136	54	1123	178
Campylobacter_A pr_cl_1367	276	5	704	637	144	1757	1467	417	268	264	2140	18229	209	103	386	660	6160	2926	448	233	14592	15124	160	13722	316	1647	5074	46989	1261	400	63	120	44	37	2923	145	92	3993	17074	688	986	176	515	2491	275
Campylobacter_A pr_cl_1335	299	163	88	601	40	241	518	84	50	92	480	2308	44	37	104	389	874	1276	123	172	3862	2945	58	4754	221	278	945	4435	275	229	7	17	13	12	645	60	37	1241	4154	237	328	87	187	1091	118
Campylobacter_A pr_cl_1363	332	10	563	477	61	1115	977	230	132	267	1253	7155	67	50	229	713	2846	2044	236	143	16024	4473	120	13462	266	698	1492	13815	956	812	105	33	28	29	1231	76	77	1901	6987	724	1025	231	135	1353	225
Campylobacter_A pr_cl_1496	365	5	121	5005	287	430	1673	713	2558	3454	3668	1551	1692	934	1358	8260	2755	793	3101	3604	2138	1188	1839	3484	2274	568	2226	1601	1433	211	79	27846	1448	133	581	663	718	750	1886	884	3034	1888	429	5935	142
Campylobacter_A pr_cl_1348	366	12	461	993	102	1670	2551	1214	1000	937	1639	9953	151	135	192	695	3461	2732	856	286	12395	10008	190	12175	367	846	6058	17667	993	634	303	295	64	27	2309	163	116	2622	7446	1107	2816	659	890	2214	338
Campylobacter_A pr_cl_1388	405	6	353	517	64	1150	1071	345	117	132	1572	7356	67	28	85	557	2347	1728	134	107	8163	4158	71	8045	157	437	1559	8618	1412	238	174	61	26	26	1584	51	33	1576	5125	909	1515	254	86	1908	164
Campylobacter_A pr_cl_1350	689	32	659	2833	185	2740	5280	2072	2560	2161	3532	15302	602	472	401	903	7010	4305	3214	631	11864	23519	672	11251	806	1436	17826	33585	2240	893	469	105215	146	31	4735	280	249	3355	9732	1641	4364	956	612	3733	258
Campylobacter_A pr_cl_1397	779	11	715	794	63	3388	753	670	314	280	3611	13130	183	57	145	138266	24417	3929	248	161	10442	10193	138	11796	211	884	6541	21932	4046	20814	153	75	25	49	3499	87	84	2813	7521	1311	2320	258	223	7558	331
Campylobacter_A pr_cl_1378	1071	17	2232	9447	341	4303	3329	967	400	850	25891	27889	1265	340	842	12698	10520	21529	1648	2228	57275	12443	574	60286	1125	2612	5455	19782	9153	2485	1209	701	172	206	7174	400	218	4899	27559	14094	14633	31539	1525	8081	1178
Campylobacter_A pr_cl_1334	1621	23	1318	3858	60	1501	925	489	313	278	1053	9747	105	102	162	561	2857	1706	358	251	12573	7071	98	9791	208	808	2968	18182	758	317	75	151	40	27	1458	58	53	7532	9480	867	1172	262	146	2063	121
Campylobacter_A pr_cl_1336	4010	2349	1062	11061	846	1965	9824	717	804	1468	4980	27903	1504	784	1823	4638	9256	17074	2449	3501	24882	38700	1282	34000	5098	2772	13108	43048	3656	2690	363	701	254	226	8295	934	509	16390	57350	1565	2122	1636	2030	26172	2010
Campylobacter_A pr_cl_1356	15688	0	228	783	51	976	1593	251	280	559	933	3583	56	16	42	451	1586	1612	98	121	5543	3021	50	6783	80	300	2431	6277	1080	130	56	22	15	655	1071	29	9	1072	3071	826	1109	98	83	1164	155
Campylobacter_A pr_cl_1355	21205	22	144	52893	407	1319	349471	2854	12111	31319	2131	3977	182	287	950	565	1510	983	310	5407	4893	3874	1271	5150	1355	392	1534	5629	2577	340	177	19	26	3463	849	387	447	685	2579	774	932	256	156	903	90
Campylobacter_A pr_cl_1328	24353	105	171	5104	176	4193	1428	21643	6521	216	65513	10488	2070	173	1722	36117	28193	46975	597	2450	14803	4870	2379	3912	1216	11054	21356	1220	7878	30785	88	21	2859	761	87484	2010	1900	193	1296	3962	263	18046	9561	2742	43
Campylobacter_B pr_cl_1290	2	0	6	0	5	0	0	0	0	0	2	0	0	1	0	0	3	0	0	0	1	0	0	5	1	8	1	0	0	0	0	0	0	2	0	4	13	36	3	0	7	18	0	0	0
Campylobacter_B pr_cl_1289	41	5	218	123	553	103	2582	27	15	48	208	160	18	22	117	179	3588	155	44	135	167	198	11	1585	68	41	256	64	684	112	71	285	10	1015	207	286	94	11434	2273	121	867	1233	90	66	20
Campylobacter_B pr_cl_1304	114	3	208	717	378	53	2229	72	145	601	1465	338	253	247	1010	820	1243	16	821	582	63	160	273	637	1065	282	504	111	1266	801	13	31	49	48	712	213	365	76	87	100	61	502	910	516	247
Campylobacter_B pr_cl_1291	132	14	64	69	51	22	254	49	65	361	2718	165	50	87	1427	130	344	14	109	398	158	74	77	170	153	65	213	27	210	282	17	11	13	8	153	32	41	25	25	40	89	84	566	263	55
Campylobacter_B pr_cl_1327	141	7	97	497	321	75	1539	80	160	578	1294	466	415	201	911	742	1073	53	833	598	313	367	529	740	1673	349	630	110	1867	1194	54	88	47	57	438	283	354	37	186	89	66	586	1279	435	227
Campylobacter_B pr_cl_1325	314	20	229	1155	814	83	2958	113	295	1455	3169	546	588	427	1501	1474	1636	75	1495	1020	238	276	599	1177	1921	580	958	105	2996	2007	110	126	84	114	1023	410	539	41	66	379	140	1032	1903	867	358
Campylobacter_B pr_cl_1305	352	21	208	1621	1083	65	3707	171	507	2411	4758	815	726	600	2698	2087	2337	59	1963	1921	111	281	931	997	2704	773	1349	100	4820	2647	54	205	182	191	1388	595	797	55	93	221	145	1781	3161	1536	406
Campylobacter_B pr_cl_1303	364	16	282	1219	699	117	3931	165	843	1483	2848	685	600	412	1733	1314	1817	117	1263	1237	196	384	560	1176	2009	549	1073	311	2826	1960	44	190	132	140	1052	376	697	101	125	352	128	1277	1688	1065	424
Campylobacter_B pr_cl_1302	412	39	445	1575	1004	166	3683	136	471	1998	4742	1028	781	568	2289	2064	3146	87	1864	1413	340	505	926	1446	2770	837	1447	321	4025	2243	142	211	164	118	2014	631	901	143	137	405	240	1821	2708	1262	519
Campylobacter_B pr_cl_1324	435	14	189	1658	937	80	3813	150	375	1628	4123	848	723	535	2185	1781	1882	69	1603	1408	201	246	710	1101	2849	666	1127	199	3140	1939	63	302	157	112	1182	546	821	53	89	319	136	1599	2392	1111	403
Campylobacter_B pr_cl_1326	464	53	1355	1381	514	443	35244	730	2793	1485	2366	852	494	319	1142	1216	4328	60	1052	950	595	1041	507	1894	4678	483	1788	515	1883	1845	129	152	102	90	5529	348	507	429	426	189	450	928	1821	3015	9049
Campylobacter_B pr_cl_1310	506	14	508	2007	1187	210	5497	166	660	2253	4225	1309	862	726	2817	2335	2941	200	2315	1851	217	554	1075	2004	3193	815	1674	414	5146	3240	183	273	188	202	2249	815	1033	133	240	414	196	2222	2992	1867	836
Campylobacter_B pr_cl_1323	581	10	624	1516	1041	194	4375	205	396	1650	5177	1109	888	604	2535	2221	3188	86	2198	1752	346	535	977	1894	3300	969	1697	574	4624	2923	75	256	189	149	2063	708	1011	111	322	415	219	1996	3053	1495	657
Campylobacter_B pr_cl_1298	607	20	321	2799	2549	116	11139	252	624	3043	14160	2139	1951	1503	5069	5193	3977	44	4666	3034	324	553	2071	2530	12343	16318	2963	476	13123	6467	106	317	298	498	2489	6352	2073	90	162	1193	364	3205	6437	1786	475
Campylobacter_B pr_cl_1301	614	32	572	2423	1255	188	6175	216	566	2643	6067	1692	1308	875	3796	3257	3610	135	2820	2374	353	585	1290	1994	4553	1318	2063	276	6407	3557	95	283	242	268	2632	1048	1375	241	224	435	321	2486	4643	1918	1825
Campylobacter_B pr_cl_1317	618	12	713	2931	1626	231	7203	329	740	2930	6754	1825	1542	1101	3780	3272	4460	121	3601	2602	475	898	1686	2242	4937	1393	2660	402	7057	4979	193	342	248	213	2951	1088	1412	298	327	716	304	3072	4752	2457	945
Campylobacter_B pr_cl_1320	635	34	743	2396	1471	253	7071	324	591	2689	6721	1813	1207	946	3489	2833	4936	128	3235	2581	361	855	1470	2410	4687	1397	2577	529	6473	4082	137	342	258	237	2571	1070	1378	285	408	480	316	2431	5064	2271	970
Campylobacter_B pr_cl_1288	676	0	58	54	54	16	294	21	19	86	84	104	59	14	56	103	256	11	62	61	402	134	46	657	88	47	107	57	38	45	42	16	2	56	74	38	22	208	93	22	70	120	137	44	18
Campylobacter_B pr_cl_1321	789	13	618	3205	2148	228	8940	376	923	3709	8998	2068	1958	1278	4728	3795	4365	178	4188	3351	473	621	1906	2385	6633	1855	2841	607	8404	5490	260	363	353	320	2825	1332	1760	199	317	824	413	3924	5972	2611	1078
Campylobacter_B pr_cl_1297	805	9	398	3468	2413	123	7648	239	716	2932	9654	2929	2079	1828	5742	19105	5393	82	6276	3618	371	689	3459	4396	8686	2794	8791	310	26144	109997	126	360	333	300	2167	1766	2631	100	156	885	250	4095	9404	2333	531
Campylobacter_B pr_cl_1313	832	26	703	3087	1850	236	7214	262	753	3077	9092	1929	1508	1022	4091	3550	4387	122	3544	3363	405	845	2029	2871	5631	1401	2918	395	7548	4677	196	214	316	249	2805	1213	1585	222	425	556	337	2889	5788	2261	1083
Campylobacter_B pr_cl_1308	857	20	756	3107	1809	323	7559	276	793	3177	8408	1661	1542	1035	4634	3747	4445	179	3535	3311	425	895	1627	2825	5296	1457	2796	624	7333	5175	296	456	276	269	3326	1166	1641	405	503	657	416	3244	5745	2666	1051
Campylobacter_B pr_cl_1311	881	27	734	3736	2164	217	11024	300	878	3863	8291	2372	1813	1577	5096	4969	5459	164	4294	4254	415	691	2273	2358	6316	1855	3851	396	7938	6937	278	305	388	331	4591	1525	1961	275	342	613	310	3884	10738	2286	1095
Campylobacter_B pr_cl_1318	953	24	412	3510	2336	174	8923	315	827	3537	8296	2105	1949	1292	6116	5181	4371	84	4816	3459	272	581	2241	2783	7086	1915	3753	332	11696	5990	153	357	336	338	2557	1526	2264	132	118	830	304	4106	7316	2570	769
Campylobacter_B pr_cl_1322	1084	41	503	4847	4147	4260	129869	21230	1197	5082	11387	3784	3189	2912	9067	8557	5858	121	7815	5430	482	840	3725	4743	10652	2699	4638	599	17960	9396	196	640	454	478	3835	2303	3275	154	370	998	493	5531	11421	3634	1007
Campylobacter_B pr_cl_1296	1122	23	461	4239	3312	262	11393	443	974	4315	11723	3568	3077	2210	8234	10324	6128	104	7678	5199	378	811	3315	4135	11593	2853	5306	589	18979	9130	354	1027	412	456	3958	2270	3336	123	209	876	699	5653	210941	3329	870
Campylobacter_B pr_cl_1312	1251	36	973	3209	2091	363	7161	275	692	3113	8322	1993	1510	1023	5339	4846	7266	184	3690	5483	943	1289	2599	3397	7294	1631	3460	837	8351	8563	263	368	296	351	3214	1138	1542	266	367	797	369	4234	4721	2652	1055
Campylobacter_B pr_cl_1295	1325	10	578	4712	3721	111	12610	365	964	5607	18384	8783	3153	4022	10899	165321	8398	118	8622	6389	422	1347	5581	12349	11820	7474	6465	423	30603	57468	80	462	581	440	3703	2544	11524	120	168	3240	400	6138	25339	3273	828
Campylobacter_B pr_cl_1316	1383	33	888	8898	5477	339	19300	571	2121	10147	17343	3358	4936	22400	11504	8025	8104	303	119267	8907	445	1171	31519	4488	9991	2702	4948	773	15653	9209	110	98575	823	653	42640	2359	3254	213	385	4346	658	63184	12031	6859	2867
Campylobacter_B pr_cl_1300	1387	31	1479	8560	3858	467	15368	493	1708	7467	15867	4123	3106	3204	8523	7834	11853	320	7660	6433	817	1976	3822	5856	17576	3853	5751	1195	14412	11309	735	817	551	831	6695	2292	3304	522	814	1371	640	6376	12442	4674	1793
Campylobacter_B pr_cl_1319	1432	12	493	10846	10522	220	11790	460	1272	7078	19345	3698	12543	7659	10275	8737	7912	130	14337	5938	461	718	5437	4329	15911	6956	5171	565	58197	9769	107	596	695	18540	13750	5272	3080	85	140	3983	491	5765	11959	3773	902
Campylobacter_B pr_cl_1307	1582	42	1072	5853	3562	443	14975	589	1668	6194	14774	3756	3134	2199	8695	8210	7671	336	7705	5969	563	1232	3468	5300	11217	3058	4798	1166	14989	9425	535	813	507	628	5001	2273	3311	317	485	1044	612	7066	10799	4321	1910
Campylobacter_B pr_cl_1314	1736	32	786	6887	7078	352	16860	640	1646	7865	20202	5089	4340	3271	12784	13252	9354	182	10291	7966	630	1008	4827	6873	16013	4225	6623	779	23927	16259	170238	985	785	695	6493	3069	4237	200	664	1583	743	8133	24086	5082	1353
Campylobacter_B pr_cl_1294	1931	282	5274	5219	1147	1970	14172	464	1017	2082	8212	2081	962	795	2691	4757	20456	611	2521	2404	2154	97449	2014	385573	4884	1922	7787	3211	5049	7185	423	156	174	267	13556	732	773	1785	1936	1492	1340	1881	2839	4914	3959
Campylobacter_B pr_cl_1293	2042	74	42289	5229	2477	1427	11109	606	976	3539	9718	4146	2109	1466	5214	9639	22190	250	5054	4652	128777	42260	2684	9865	9198	3112	11196	3225	12572	9544	446	335	375	334	12157	1557	2016	1480	2076	882	1157	3385	8484	6192	3271
Campylobacter_B pr_cl_1292	2045	114	8947	5719	2728	27576	11509	5291	1228	6473	12589	3879	2192	1788	7081	7617	27204	362	5209	4204	3945	8268	2668	10709	8721	3313	12568	3399	11389	13771	440	469	303	364	15602	1547	1996	1966	2384	1092	86220	3698	12253	17762	13687
Campylobacter_B pr_cl_1315	2111	30	571	11322	4578	346	18112	786	1389	6464	19571	5678	4076	18266	25027	10332	9150	120	10775	8830	654	759	4673	4857	17471	4268	7126	420	25985	13607	491	663	639	852	4373	5909	7047	129	143	94553	681	7509	13866	4451	1176
Campylobacter_B pr_cl_1306	3019	53	2023	10754	7526	656	30571	1082	2106	9714	30465	7487	5989	5389	17764	19685	16123	709	18177	13254	2362	2513	8065	10592	23103	6120	10979	1044	29296	22185	1875	1858	1120	1036	8321	4988	6824	401	659	3049	1533	13538	25046	7882	2311
Campylobacter_B pr_cl_1309	3328	107	3140	13792	7729	1252	35719	1143	4056	14428	32320	7234	5990	4920	19635	15221	21689	42552	15755	12927	1964	4463	7176	13524	22247	6466	12211	1769	28479	21562	701	1374	1176	1391	14154	4575	7099	1030	1291	2606	2007	13178	25149	11192	4314
Campylobacter_B pr_cl_1299	12764	120	228	2915	2010	125	8521	247	1112	23678	165508	2814	1969	2327	29475	8078	3885	80	4534	24974	298	448	1956	2053	7234	1683	2657	317	9030	5980	77	369	282	342	2212	1309	2175	95	114	813	209	4193	5321	2473	575
Jonquetella pr_cl_653	2	9	1	32	0	1	12	0	1	0	0	43	9	0	0	82	66	9	2	1	197	35	2	169	23	16	12	88	1	5	0	0	0	0	3	0	0	14	122	4	1	9	0	6	0
Pyramidobacter pr_cl_683	12	9	794	704	1279	12	22	2	1	99	3031	22211	8530	1	9	15724	10839	83155	9	66	129126	85	13	108315	150	84356	443	5407	100	2164	2	2	2	899	92035	501	94	34526	184433	90	34	10776	9	48	2
Synergistes pr_cl_3281	3	254	7	7	0	4	3	2	2	1	4	57	4	6	4	28	206	90	12	2	26	914	16	195	10	16	176	86	6	7	2	0	0	0	10	110	1	1606	2130	6	0	1	0	0	0
Synergistaceae pr_cl_3294	29	255	0	51	140	0	4	0	1	22	12698	28	612	0	0	42	51	10028	2	50	1083	67	35	56949	30	29	20	776	145	6	0	0	0	11	29616	150	17	68344	231629	17	4	23	6	40	0
Fretibacterium pr_cl_672	125	50	12	3523	255	173	1913	23	98	17	301	3294	979	2	45	3296	4194	1944	80	801	6109	3612	352	5167	2255	1662	689	2855	48	883	0	0	18	38	2501	49	1	1304	12130	109	19	215	0	327	15
Fretibacterium pr_cl_668	178	95	32	2152	202	161	653	22	24	8	486	3869	737	0	31	4159	3403	4481	44	411	8259	4307	279	5875	1510	1783	512	3013	34	949	0	2	20	21	2830	25	2	1252	14387	125	19	284	2	158	16
Fretibacterium pr_cl_669	271	96	38	7200	574	520	2865	77	179	19	1198	12827	2507	10	108	11728	8954	6197	165	1399	30289	12173	955	19817	4329	6198	1969	12154	84	2447	0	0	70	68	9672	78	8	2542	32093	351	43	755	4	699	56
Fretibacterium pr_cl_671	276	106	31	10432	825	351	5544	69	250	45	797	11186	2657	3	173	10437	6141	5495	201	2512	20419	11223	1163	13917	6620	5033	1984	8162	69	2208	0	0	70	85	6829	196	2	2604	32780	334	64	593	7	1007	32
Fretibacterium pr_cl_670	3457	1423	1083	91656	5388	19741	13421	3034	1090	560	47836	494071	62133	72	1948	348689	319047	133431	2143	12471	864009	276094	13166	439769	24808	179350	31414	387008	3262	120422	4	1	2271	1804	315333	1034	117	45246	905348	12981	1118	25477	191	10070	1096
Fretibacterium pr_cl_667	4418	1572	193	28834	2189	2050	4414	308	290	49	4404	30085	6373	27	189	41868	30614	67357	1262	5643	52834	54584	2698	40064	20740	14171	10946	18211	600	4394	0	8	342	114	23983	337	28	14574	122444	1047	411	3094	15	5157	365
CAJPSE01 pr_cl_673	21	13	2	135	10	23	3	2	1	2	107	724	87	0	11	458	553	433	0	31	1481	869	20	1134	84	305	57	673	4	149	0	0	0	2	481	4	0	756	4278	18	2	24	0	28	6
CAJPSE01 pr_cl_675	69	22	8	147	30	20	9	3	2	0	100	856	62	0	7	159	637	866	17	31	1225	1741	39	2212	295	269	202	358	2	26	0	0	3	0	573	9	14	1930	8780	10	13	25	2	11	17
CAJPSE01 pr_cl_674	74	37	5	186	20	65	112	12	5	5	103	871	93	1	6	277	558	660	25	59	1066	1606	49	1832	326	266	216	390	6	18	0	0	0	9	1003	8	6	1552	9249	20	9	34	1	82	10
CAJPSE01 pr_cl_677	229	48	6	338	134	95	70	19	3	13	113	680	87	2	15	280	487	2207	40	88	919	3068	45	1447	758	304	412	1031	12	43	0	0	8	0	2280	48	6	974	6529	21	29	38	0	336	45
CAJPSE01 pr_cl_682	588	183	71	1901	873	513	20	78	5	18	5609	65193	1144	2	245	4540	22140	35126	82	155	49427	63097	609	66498	4504	13424	1829	13687	34	742	2	2	10	65	19482	120	13	28359	257979	556	57	365	0	82	77
CAJPSE01 pr_cl_679	778	352	64	1775	230	460	389	70	34	34	876	6547	501	68	64	2955	4671	7122	273	376	12069	16803	339	15235	3893	2810	2118	9021	58	447	0	32	21	25	11254	181	26	7905	51406	127	202	305	2	1056	150
CAJPSE01 pr_cl_681	1480	745	33	1607	144	258	146	43	80	33	186	1781	587	7	55	1425	2112	4998	545	640	3255	12936	195	4576	6597	995	5326	3487	116	70	0	2	77	3	9659	197	7	4736	31442	49	608	301	5	1456	193
CAJPSE01 pr_cl_678	1764	566	57	2324	298	166	94	13	8	38	213	1996	315	2	72	1060	1786	11640	294	358	3354	8794	231	4344	2985	684	2432	1547	67	156	0	2	14	2	3463	109	10	6457	39731	60	249	189	2	971	85
CAJPSE01 pr_cl_676	3956	1018	92	6457	1923	1199	577	187	111	188	1470	8292	1650	18	195	6392	7686	35316	522	1115	14035	50419	922	14582	12232	3656	8055	9955	156	1272	0	5	74	51	20367	774	48	14796	91287	344	740	602	23	5117	255
CAJPSE01 pr_cl_680	18386	4232	2172	67284	2573	40439	29265	7038	3674	1366	34781	308657	11767	550	3782	48274	121271	42020	7995	19529	574722	738283	8675	760655	110948	140840	63171	763791	1874	10339	439	243	767	213	645461	1719	960	187657	1596448	6622	4232	9194	216	50108	14198
MWCO01 pr_cl_7	8	0	0	42	1	0	2	0	0	3	28	492	169	2	7	10	47	327	2	44	0	324	2	3	70	2648	77	54363	2	9	0	0	0	2	501	103	2	7429	36493	0	3	0	0	79	0
MWCO01 pr_cl_6	4428	195	163	114	85	56	17	16	3	91	4902	96108	94	30	971	12519	12993	58189	932	4245	3	834558	1216	10256	19156	2150	16823	35329	435	8	10	0	0	3	101801	478	5	215736	2010059	22	128	80	71	15339	747
UBA4248 pr_cl_3092	18	0	0	198	12	1	104	1	3	4	0	31841	13868	44	184	40	4348	33862	253	10086	2334	28369	588	6755	66	165	117	119	18	78	0	2	0	2	13	565	6	33479	261514	4	4	35	0	138	13
UBA4248 pr_cl_3089	97	6	2	1247	292	93	492	20	0	0	78	35392	421	0	17	260	7592	93607	222	3611	16278	12638	147	3225	3973	149	714	384	3	14	0	0	2	23	57	51	12	1674	132263	126	12	3655	2	508	86
UBA4248 pr_cl_3090	3258	0	75	49639	2018	82	18970	84	0	87	212	9710	12378	8	66	8777	2384	192346	2274	38200	2032	2575	795	1003	7424	116	21329	1385	45	77	0	0	101	1095	2858	582	4	2628	35231	468	206	1302	118	23706	3510
UBA4248 pr_cl_3091	13513	0	502	68782	15	8137	2	19301	0	0	46	399423	5978	155	424	288404	176640	87023	8441	5051	56457	252811	585	17488	241	2150	531473	351477	234	16853	0	0	0	0	0	4247	2	11577	133889	0	32189	33403	4	28350	4328
Desulfovibrionales pr_cl_1128	0	0	92	47	321	2	2	2	0	0	114	311	9	0	230	3	1764	4398	155	60	143	19893	968	4302	6981	70	7	162	324	10	0	0	0	0	0	327	20	47	143	26	0	0	0	0	0
Desulfovibrionales pr_cl_1130	2	0	166	11	12	0	1	1	0	4	32	186	973	92	38	958	436	2	293	2	195	22558	150	2923	208	135	2751	605	0	13	0	0	0	18	0	295	82	31675	66347	65	2	0	0	2	69
Desulfomicrobium pr_cl_3431	17	12	0	25	3	2	16	2	0	1	45	66	5	0	1	33	57	127	7	16	113	285	5	589	36	28	48	22	0	19	0	0	0	0	90	25	2	278	1658	6	0	18	0	18	4
Desulfomicrobium pr_cl_3430	104	23972	401	6545	146	162	418	315	118	13112	477	1157	22986	25	229	589	797	254274	77	1900	1516	470292	1208	2222	3255	204	237	1979	7691	232	22	3	4	32	12266	11337	231	171845	879721	159	842	129	60	889	180
RGIG1962 pr_cl_3293	0	0	0	0	2	0	0	0	0	1	0	0	0	0	0	0	0	0	0	0	0	1	0	0	4	0	0	0	0	0	0	0	0	0	0	0	0	0	0	0	0	0	0	2	0
Bilophila pr_cl_3205	0	0	4	4	2	32	2	0	1	4	2	48	5	4	2	147895	9	7	1	4	6	5	4	31	3	2	9	18	0	2	0	0	0	1	2	2	4	6	2	2	2	5	0	10	0
Mailhella pr_cl_1131	0	0	0	0	0	0	0	0	0	0	0	0	0	0	0	3	0	0	0	0	2	0	0	0	0	0	0	0	0	0	0	0	0	0	0	0	1	0	0	0	0	0	0	0	0
Desulfovibrio pr_cl_3435	10	14	295	56	76	6	14	2	0	10	1394	180	793	4	288	22	56	1852	22	0	17340	61245	98	18522	114	2108	29	8848	0	9	0	0	0	135	23272	394	34	8	11	124	4	2820	3	132	0
Desulfovibrio pr_cl_3436	4093	2043	29	5891	2952	31	6	196	1	0	2408	168252	42103	0	2	81	5502	150456	52	17	216096	436	141	16234	236	1233	14971	101	0	0	0	0	143	0	252	0	0	0	0	169	0	3	0	2	0
Desulfobulbus pr_cl_3434	11902	1582	2785	9410	9299	11704	46576	2672	289	3253	66535	279009	6862	2455	4935	17029	92528	16476	2067	23022	515198	208088	5837	434979	135260	268951	25024	65021	2103	3176	2495	36	133	821	461424	1635	1111	168302	1358224	6852	1121	10307	809	12676	11977
GWC2-70-10 pr_cl_3203	0	2	0	0	0	0	5	0	1	3	0	2	0	0	2	0	0	0	1	0	0	0	1	4	0	0	1	0	0	0	0	4	0	0	1	0	3	0	4	0	2	0	0	0	0
UBA3495 pr_cl_2774	0	2	0	1	0	0	6	0	3	0	3	0	0	0	0	0	0	0	0	0	0	0	2	0	0	0	1	8	0	0	2	0	0	0	0	0	3	4	0	1	0	0	0	6	0
Flexilinea pr_cl_3287	0	0	1	6	2	0	0	0	0	2	22	120	5	0	4	47	39	55	2	2	2005	3731	5	275321	112	131	17	385	0	78	0	0	0	4	199	2	0	314	1327	4	2	7	0	37	6
Flexilinea pr_cl_3284	0	0	5	16	4	52	0	7	0	0	68	469	7	0	0	98	405	455	4	7	1401	2941	22	1173	100	614	32	2998	0	103	0	0	0	2	257	6	1	420	5390	3	0	16	4	1	4
Flexilinea pr_cl_3290	0	0	2	2	4	20	0	2	2	4	37	172	15	0	6	16	62	85	0	0	304	363	2	1343	14	73	4	467	0	36	0	0	0	2	61	2	6	473	2458	0	2	2	0	0	0
Flexilinea pr_cl_3288	0	2	0	0	0	3	0	4	0	0	16	15	0	0	0	2	10	24	2	0	123	360	4	687	17	47	0	49	0	16	2	0	0	0	45	0	0	27	316	1	0	0	4	0	0
Flexilinea pr_cl_3289	4	0	3	2	2	4	1	2	2	0	45	127	4	0	0	231	19	45	0	0	89	1195	0	2713	14	50	14	332	0	75	0	0	0	0	22	2	0	65	238	0	6	0	0	5	0
Flexilinea pr_cl_3283	58	54	1309	1095	379	3956	1120	657	18	188	14106	2868	739	245	189	661	3964	17245	102	519	28334	3224	379	576213	665	3650	230	6953	278	1568	106	5	16	643	14487	2245	114	349596	1347012	743	183	530	69	321	907
Flexilinea pr_cl_3282	88	26	247	133	60	303	174	60	12	67	720	1079	126	195	80	239	645	1087	38	54	3516	3521	53	14511	1320	941	164	2945	60	290	497	2	11	29	943	73	8	8294	34319	42	17	108	40	129	75
Flexilinea pr_cl_3286	481	285	345	1453	1016	26661	132	4529	98	290	31550	425221	6077	222	897	69388	191128	171933	327	2191	764834	783569	2208	320818	22329	215646	7096	1357525	308	102690	150	20	72	164	181527	588	284	105224	1760453	1543	128	3173	192	1351	1081
Flexilinea pr_cl_3285	3882	1539	1526	6658	2022	4886	3870	1706	175	1739	8585	38002	3005	1652	1428	11635	32770	27081	1616	4276	91178	622243	3318	67956	38106	30212	6834	120183	1092	9718	819	12	131	77	30835	1457	445	60135	344543	1642	1111	2138	1029	4105	2160
CALXSZ01 pr_cl_1216	764	73	78	1042	4120	1556	4	218	1	50	7891	8221	1089	0	333	10	7584	66403	3	121	116692	60536	1329	154873	8421	10824	8	524	86	491	0	0	0	7	68065	653	24	20307	315831	1405	19	0	0	10	0
QAKL01 pr_cl_1195	0	0	0	0	0	0	1	0	0	0	0	0	1	0	0	0	0	8	0	0	0	4	2	7	0	2	0	4	0	0	0	0	0	0	38	2	0	0	0	0	0	0	0	2	0
Peptococcaceae pr_cl_2082	1567	2	3030	25330	556	6145	9113	3347	1533	345	4873	71860	6377	406	137	35496	3682	18439	1237	7199	19261	22719	667	26785	2984	2292	11824	2144	927	473	195	81	71	772	1665	2435	7	5154	38026	3788	49951	1178	113	31888	2631
Endomicrobium pr_cl_3883	0	0	0	0	0	0	0	0	0	0	0	0	0	0	0	0	2	0	0	0	0	0	0	4	0	0	0	44	0	0	0	0	0	0	0	10	2	4	1	5	0	0	0	0	0
Endomicrobium pr_cl_3884	302	186	164	369	41	37	365	9	1	64	483	377	161	68	297	1188	632	167	139	389	477	135	877	385	150	281	405	384	796	251	101	215	39	38	584	105	43	26	256	95	48	283	76	198	1
Palsa-1315 pr_cl_3536	0	25	2	0	0	0	2	2	1	4	0	2	2	3	0	2	0	2	0	0	2	4	2	21	4	0	0	2	0	0	0	0	0	0	0	0	2	2	3	0	1	0	0	2	4
Palsa-1315 pr_cl_3537	0	15	9	4	0	0	0	0	1	1	4	2	0	0	1	8	0	0	0	0	2	4	1	2	2	1	2	3	3	0	0	0	0	0	4	0	0	16	0	2	2	4	2	0	1
Palsa-1315 pr_cl_3538	0	6	0	0	0	2	6	0	0	0	0	0	0	1	2	6	0	0	8	0	0	3	3	2	0	0	0	0	0	0	0	0	0	0	0	0	0	3	0	0	2	0	0	0	2
NS-7 pr_cl_3904	0	0	0	0	0	0	0	0	0	0	0	0	0	0	0	1	0	0	0	0	0	2	0	0	0	0	0	0	0	0	0	0	0	0	0	0	0	2	0	0	0	7	0	0	0
Nitrospira_F pr_cl_2776	12	4	0	11	0	0	2	0	2	0	0	58	0	0	6	23	106	0	0	5	0	1	17	27	7	6	4	0	3	0	0	0	2	2	8	5	0	6	2	6	1	6	0	0	1
Gp7-AA6 pr_cl_3196	0	0	2	0	0	0	0	0	0	2	0	0	0	0	0	0	0	0	2	0	0	0	0	0	4	0	2	0	0	0	0	0	0	0	0	0	0	0	0	0	0	2	0	0	0
UBA5704 pr_cl_3512	0	0	0	0	0	0	2	2	0	0	0	0	0	2	0	0	0	0	0	4	2	2	2	4	0	1	4	0	0	0	0	0	0	0	2	2	0	0	0	0	1	4	14	0	0
Fen-336 pr_cl_3221	0	2	0	2	2	2	0	0	2	4	2	0	4	0	2	4	3	0	0	0	9	4	2	2	1	0	0	0	3	2	0	2	0	0	0	0	1	0	9	0	0	0	0	1	0
Fen-336 pr_cl_3220	0	4	2	9	8	0	0	0	2	3	1	2	6	2	0	2	3	0	2	0	0	2	5	0	4	2	5	1	1	0	1	0	1	2	0	2	3	2	4	0	2	0	1	0	0
Fen-336 pr_cl_3219	0	4	1	0	1	0	1	0	1	6	0	2	2	10	0	0	0	0	2	5	1	0	0	5	4	2	2	0	2	7	0	0	0	0	3	2	13	0	4	0	7	0	0	2	4
Vicinamibacterales pr_cl_1219	0	4	4	0	1	4	0	0	5	8	1	2	4	2	0	1	0	4	0	0	4	1	0	19	0	0	2	7	0	2	0	0	0	0	2	0	1	5	4	2	3	2	0	2	0
JAIVJN01 pr_cl_3259	0	8	4	2	2	0	2	0	2	3	2	2	4	4	6	4	2	3	2	3	1	3	8	3	10	2	0	0	4	0	1	333	0	0	0	5	12	8	4	0	0	10	4	5	2
JAIVJN01 pr_cl_3260	0	8	0	2	2	0	2	0	0	8	6	12	2	6	0	0	0	0	1	12	5	19	0	18	1	0	2	9	0	0	0	0	0	0	1	4	16	0	2	0	0	0	0	2	2
JAJVID01 pr_cl_3559	0	6	2	0	0	0	0	0	4	0	0	0	0	0	0	0	0	0	2	2	0	0	0	2	0	0	0	1	0	0	0	0	0	1	0	0	2	0	1	0	2	0	0	0	0
JAJVID01 pr_cl_3560	0	0	0	4	2	0	0	0	2	2	1	0	2	0	0	0	0	0	0	0	0	0	0	0	5	10	0	0	0	2	0	0	2	0	0	3	26	8	5	0	0	0	0	0	0
Bryobacteraceae pr_cl_3198	0	6	0	6	0	1	0	0	0	1	1	0	0	0	0	2	0	0	0	0	0	0	0	4	0	0	0	0	0	0	0	0	0	0	0	0	0	0	6	1	0	0	0	0	0
UBA7541 pr_cl_3197	0	4	4	24	1	2	6	6	0	8	6	86	0	0	4	34	28	11	6	4	12	51	2	12	1	2	56	60	8	2	0	2	2	0	12	0	1	18	27	3	5	7	9	9	3
UBA7541 pr_cl_2724	0	2	2	9	1	1	0	0	5	2	0	7	4	0	0	0	6	4	0	1	8	25	2	9	3	0	1	0	0	0	0	0	1	0	0	0	4	7	0	1	0	0	0	9	0
UBA7541 pr_cl_2723	6	2	0	1	0	0	0	2	2	0	0	0	0	3	0	0	0	0	0	0	0	0	0	0	0	3	0	0	6	0	0	0	0	0	0	0	0	10	0	1	0	0	0	0	0
Victivallis pr_cl_1222	6	17	0	5	5	0	2	3	10	5	2	8	0	5	4	5	12	8	8	3	10	15	2	13	0	5	12	2	4	3	0	1	2	3	2	2	1	30	7	0	9	0	0	7	2
JACPAU01 pr_cl_3200	0	2	0	6	12	2	2	8	3	1	1	1	8	0	1	0	0	0	6	0	0	0	1	1	2	4	2	2	2	0	0	0	0	0	3	2	36	0	2	0	0	0	4	3	4
CSP1-6 pr_cl_3272	0	26	3	0	13	9	16	0	7	89	0	0	12	1	6	2	4	2	0	2	1	0	0	5	10	2	0	0	9	0	2	1	0	1	2	2	5	2	2	3	0	0	3	1	0
40CM-4-69-5 pr_cl_3261	1	6	4	0	0	0	5	0	0	0	0	0	0	6	0	28	1	2	1	0	3	1	1	1	3	5	1	1	2	0	0	0	0	0	2	0	0	0	0	0	0	1	0	1	2
40CM-4-69-5 pr_cl_3262	2	6	2	2	19	2	14	0	1	0	2	7	9	10	0	4	8	0	1	6	0	1	3	5	14	6	0	6	4	0	0	0	2	0	4	7	75	0	8	2	1	0	0	0	0
RUG334 pr_cl_654	2	0	117	2	0	36	8	6	2	4	34	9788	47	0	280	29	10111	124469	0	5	2759	14365	48	8248	4	46	19707	20	10	24	0	0	0	46	845	125	12	23254	50566	1090	2	6043	1	8	0
HRBIN36 pr_cl_3444	1	0	0	4	0	0	134	3	0	3	2	0	0	0	0	1	0	7	3	0	0	4	13	8	3	0	0	0	8	0	0	0	0	4	2	2	3	3	0	0	2	1	0	0	8
HRBIN33 pr_cl_9	0	0	22	0	2	0	0	0	0	2	0	0	0	0	0	0	0	0	0	0	0	0	0	2	0	2	0	0	0	0	0	0	0	0	0	0	0	0	2	0	0	2	0	0	0
JAGGAG01 pr_cl_699	1	4	0	0	8	0	0	3	0	2	0	2	0	1	5	3	6	1	0	0	2	2	1	1	0	0	2	1	2	0	2	0	0	0	0	2	1	10	1	2	0	3	0	0	0
JACQGZ01 pr_cl_3846	0	0	0	0	2	0	1	0	0	0	0	1	0	2	0	0	1	0	0	0	1	0	0	4	4	1	2	0	0	0	0	0	0	0	0	0	1	0	0	0	0	0	0	0	0
SpSt-315 pr_cl_3201	0	4	0	0	0	0	2	0	1	0	8	0	0	0	0	0	0	0	0	0	0	0	0	0	0	0	0	0	0	0	0	0	0	0	2	2	3	0	6	0	0	0	0	0	0
JACPRY01 pr_cl_3280	0	0	0	2	6	0	2	4	0	17	2	0	5	0	2	0	0	0	2	10	0	0	2	0	0	0	6	2	0	0	0	0	0	0	1	0	1	4	0	0	6	2	0	0	2
Methanobacteriaceae pr_cl_1190	3	0	0	0	2	3	0	0	0	0	25	0	3	0	0	0	7	54	2	0	21	35	0	116	7	13	0	3	0	6	0	0	0	0	246	0	0	136	827	0	0	0	0	0	10
Methanobrevibacter_A pr_cl_1191	0	0	0	0	0	0	0	0	0	0	0	0	0	0	0	0	0	0	0	0	0	0	0	0	0	2	0	0	0	0	0	0	0	0	105	0	0	7	0	0	0	0	0	0	0
Methanobrevibacter_A pr_cl_1187	2	67	75	4	7	0	0	0	0	79	14850	3	5	0	4	0	1141	87	0	0	78	65	3	34243	8	3472	0	0	0	6	0	0	55	41	69516	43	4	16513	94587	272	2	26	0	4	162
Methanobrevibacter_A pr_cl_1189	26	6	20	49	43	16	6	6	2	18	130	85	58	2	30	54	93	269	31	28	228	182	88	494	26	44	66	14	22	32	16	0	9	2	182	6	86	135	612	11	2	46	34	14	6
Methanobrevibacter_A pr_cl_1188	733	125	56	651	561	612	22	91	21	81	3282	1357	3244	51	89	492	752	14502	4	50	13466	12837	616	27769	1745	1126	21	86	58	1842	1	0	9	181	5763	70	28	650	4907	82	16	157	0	95	39
RBG-16-68-12 pr_cl_3441	0	0	0	0	2	0	0	0	1	1	0	0	0	0	0	0	0	0	0	0	0	0	0	2	0	1	0	0	0	0	0	0	0	0	0	0	0	0	0	0	0	0	0	0	0
RBG-16-68-12 pr_cl_3199	0	0	0	0	2	0	0	0	0	4	0	0	0	0	0	0	6	0	0	1	0	0	1	1	0	0	0	0	0	0	0	0	0	0	1	1	8	0	0	0	0	0	0	0	0
Methanomethylophilus pr_cl_3194	0	0	2	9	73	30	0	2	0	2	87	201	108	0	0	64	82	417	0	0	515	942	19	1081	35	516	8	0	2	2	2	0	0	0	1116	5	0	357	5864	108	0	20	0	0	0
Methanomethylophilus pr_cl_3195	0	0	6	55	159	101	2	16	0	5	255	1243	866	8	3	660	502	2516	10	2	5378	3081	38	2599	560	3271	159	50	9	17	4	0	0	2	5529	4	0	2974	48333	161	6	967	0	0	0
Methanomethylophilus pr_cl_3193	5	0	44	140	5768	507	14	65	0	0	458	1442	4361	0	6	3019	838	2269	0	20	2403	8028	496	51522	2027	222879	319	2	18	51	0	0	0	8	5005	12	2	8679	152115	286	4	137349	0	8	0
Methanomethylophilus pr_cl_3192	678	107	1233	8209	109498	32555	22	4341	67	1300	102364	346657	271842	187	757	204688	145513	740584	48	1470	1527835	878809	10858	628999	148814	8539	79825	1155	700	3586	19	2	0	516	1442990	1333	534	363802	6327176	46466	215	7573	18	132	2
Nitrosotenuis pr_cl_3	0	0	0	0	0	0	0	0	0	0	0	0	0	0	0	0	0	0	0	0	0	0	0	0	0	0	0	0	0	0	0	0	0	0	0	0	0	0	0	0	0	0	0	0	0
Nitrosotenuis pr_cl_1	0	0	0	0	0	0	0	0	0	0	0	0	0	0	0	0	0	0	0	0	0	0	0	0	0	0	0	0	0	0	0	0	0	0	0	0	0	0	0	0	0	0	0	0	0
Nitrosotenuis pr_cl_2	0	0	2	0	0	0	0	0	0	0	0	0	0	0	0	0	0	0	0	0	0	0	0	0	0	0	0	0	0	0	0	0	0	0	0	0	0	0	0	0	0	0	0	0	0
TH5896 pr_cl_3084	0	0	0	0	0	0	0	0	0	1	0	0	0	0	0	0	0	0	0	0	0	2	4	1	0	0	0	0	0	0	0	0	0	0	0	0	0	4	0	0	0	0	0	0	0
TA-21 pr_cl_3300	0	0	0	0	0	0	0	0	0	0	4	0	1	0	0	0	0	1	0	0	0	0	2	0	2	0	0	0	2	0	0	0	0	0	0	0	0	0	0	0	0	0	0	0	0
