genome	accession	reference	gtdb_taxonomy	gtdb_genus	gtdb_species	ncbi_taxonomy	checkm2_completeness	checkm2_contamination	Host	Bin	Age_BP	Country	Continent	Industrialization	primary_cluster
GCA_902795935.1_Rumen_uncultured_genome_RUG14110_genomic	GCA_902795935.1	GB	d__Archaea;p__Methanobacteriota;c__Methanobacteria;o__Methanobacteriales;f__Methanobacteriaceae	CADBMS01	CADBMS01 sp902795935	d__Archaea;p__Methanobacteriota;c__Methanobacteria;o__Methanobacteriales;f__Methanobacteriaceae;g__Methanobrevibacter;s__	84.31	0.49	reference genome						
GCF_016282985.1_ASM1628298v1_genomic	GCF_016282985.1	RS	d__Archaea;p__Methanobacteriota;c__Methanobacteria;o__Methanobacteriales;f__Methanobacteriaceae	Methanosphaera	Methanosphaera sp016282985	d__Archaea;p__Methanobacteriota;c__Methanobacteria;o__Methanobacteriales;f__Methanobacteriaceae;g__Methanosphaera;s__	95.5	0.32	reference genome						
GCA_902783085.1_Rumen_uncultured_genome_RUG12835_genomic	GCA_902783085.1	GB	d__Archaea;p__Methanobacteriota;c__Methanobacteria;o__Methanobacteriales;f__Methanobacteriaceae	Methanocatella	Methanocatella sp902783085	d__Archaea;p__Methanobacteriota;c__Methanobacteria;o__Methanobacteriales;f__Methanobacteriaceae;g__Methanobrevibacter;s__	82.7	0.59	reference genome						
GCA_902772665.1_Rumen_uncultured_genome_RUG11794_genomic	GCA_902772665.1	GB	d__Archaea;p__Methanobacteriota;c__Methanobacteria;o__Methanobacteriales;f__Methanobacteriaceae	Methanocatella	Methanocatella sp902772665	d__Archaea;p__Methanobacteriota;c__Methanobacteria;o__Methanobacteriales;f__Methanobacteriaceae;g__Methanobrevibacter;s__	82.63	3.37	reference genome						
GCA_902782595.1_Rumen_uncultured_genome_RUG12789_genomic	GCA_902782595.1	GB	d__Archaea;p__Methanobacteriota;c__Methanobacteria;o__Methanobacteriales;f__Methanobacteriaceae	Methanocatella	Methanocatella sp902782595	d__Archaea;p__Methanobacteriota;c__Methanobacteria;o__Methanobacteriales;f__Methanobacteriaceae;g__Methanobrevibacter;s__	82.86	0.76	reference genome						
GCA_017459665.1_ASM1745966v1_genomic	GCA_017459665.1	GB	d__Archaea;p__Methanobacteriota;c__Methanobacteria;o__Methanobacteriales;f__Methanobacteriaceae	Methanocatella	Methanocatella sp017459665	d__Archaea;p__Methanobacteriota;c__Methanobacteria;o__Methanobacteriales;f__Methanobacteriaceae;g__Methanobrevibacter;s__	81.23	1.2	reference genome						
GCA_964583995.1_SRP278969_co1_358_genomic	GCA_964583995.1	GB	d__Archaea;p__Methanobacteriota;c__Methanobacteria;o__Methanobacteriales;f__Methanobacteriaceae	Methanocatella	Methanocatella sp964583995	d__Archaea;p__Methanobacteriota;c__Methanobacteria;o__Methanobacteriales;f__Methanobacteriaceae;g__Methanobrevibacter;s__	83.96	4.21	reference genome						
GCF_045611865.1_ASM4561186v1_genomic	GCF_045611865.1	RS	d__Archaea;p__Methanobacteriota;c__Methanobacteria;o__Methanobacteriales;f__Methanobacteriaceae	Methanocatella	Methanocatella sp045611865	d__Archaea;p__Methanobacteriota;c__Methanobacteria;o__Methanobacteriales;f__Methanobacteriaceae;g__Methanobrevibacter;s__	94.65	2.23	reference genome						
GCF_902788255.1_Rumen_uncultured_genome_RUG13354_genomic	GCF_902788255.1	RS	d__Archaea;p__Methanobacteriota;c__Methanobacteria;o__Methanobacteriales;f__Methanobacteriaceae	Methanocatella	Methanocatella sp902788255	d__Archaea;p__Methanobacteriota;c__Methanobacteria;o__Methanobacteriales;f__Methanobacteriaceae;g__Methanobrevibacter;s__	99.93	2.23	reference genome						
GCA_946408925.1_SRR12081294_bin.36_metaWRAP_v1.3_MAG_genomic	GCA_946408925.1	GB	d__Archaea;p__Methanobacteriota;c__Methanobacteria;o__Methanobacteriales;f__Methanobacteriaceae	Methanocatella	Methanocatella sp946408925	d__Archaea;p__Methanobacteriota;c__Methanobacteria;o__Methanobacteriales;f__Methanobacteriaceae;g__Methanobrevibacter;s__	87.78	1.43	reference genome						
GCF_902774605.1_Rumen_uncultured_genome_RUG11987_genomic	GCF_902774605.1	RS	d__Archaea;p__Methanobacteriota;c__Methanobacteria;o__Methanobacteriales;f__Methanobacteriaceae	Methanocatella	Methanocatella sp902774605	d__Archaea;p__Methanobacteriota;c__Methanobacteria;o__Methanobacteriales;f__Methanobacteriaceae;g__Methanobrevibacter;s__	96.12	0.69	reference genome						
GCA_030539985.1_ASM3053998v1_genomic	GCA_030539985.1	GB	d__Archaea;p__Methanobacteriota;c__Methanobacteria;o__Methanobacteriales;f__Methanobacteriaceae	Methanocatella	Methanocatella sp030539985	d__Archaea;p__Methanobacteriota;c__Methanobacteria;o__Methanobacteriales;f__Methanobacteriaceae;g__Methanobrevibacter;s__	81.19	5.32	reference genome						
GCA_015062805.1_ASM1506280v1_genomic	GCA_015062805.1	GB	d__Archaea;p__Methanobacteriota;c__Methanobacteria;o__Methanobacteriales;f__Methanobacteriaceae	Methanosphaera	Methanosphaera stadtmanae_C	d__Archaea;p__Methanobacteriota;c__Methanobacteria;o__Methanobacteriales;f__Methanobacteriaceae;g__Methanosphaera;s__Methanosphaera stadtmanae	99.92	0.75	reference genome						
GCF_045120835.1_ASM4512083v1_genomic	GCF_045120835.1	RS	d__Archaea;p__Methanobacteriota;c__Methanobacteria;o__Methanobacteriales;f__Methanobacteriaceae	Methanocatella	Methanocatella sp045120835	d__Archaea;p__Methanobacteriota;c__Methanobacteria;o__Methanobacteriales;f__Methanobacteriaceae;g__Methanobrevibacter;s__	92.48	1.72	reference genome						
GCA_017389565.1_ASM1738956v1_genomic	GCA_017389565.1	GB	d__Archaea;p__Methanobacteriota;c__Methanobacteria;o__Methanobacteriales;f__Methanobacteriaceae	Methanocatella	Methanocatella sp900313645	d__Archaea;p__Methanobacteriota;c__Methanobacteria;o__Methanobacteriales;f__Methanobacteriaceae;g__Methanobrevibacter;s__	80.15	2.4	reference genome						
GCF_017468685.1_ASM1746868v1_genomic	GCF_017468685.1	RS	d__Archaea;p__Methanobacteriota;c__Methanobacteria;o__Methanobacteriales;f__Methanobacteriaceae	Methanocatella	Methanocatella sp017468685	d__Archaea;p__Methanobacteriota;c__Methanobacteria;o__Methanobacteriales;f__Methanobacteriaceae;g__Methanobrevibacter;s__	96.1	2.02	reference genome						
GCF_045111935.1_ASM4511193v1_genomic	GCF_045111935.1	RS	d__Archaea;p__Methanobacteriota;c__Methanobacteria;o__Methanobacteriales;f__Methanobacteriaceae	Methanocatella	Methanocatella sp900316895	d__Archaea;p__Methanobacteriota;c__Methanobacteria;o__Methanobacteriales;f__Methanobacteriaceae;g__Methanobrevibacter;s__	89.98	0.62	reference genome						
GCF_902762245.1_Rumen_uncultured_genome_RUG10743_genomic	GCF_902762245.1	RS	d__Archaea;p__Methanobacteriota;c__Methanobacteria;o__Methanobacteriales;f__Methanobacteriaceae	Methanocatella	Methanocatella sp900320515	d__Archaea;p__Methanobacteriota;c__Methanobacteria;o__Methanobacteriales;f__Methanobacteriaceae;g__Methanobrevibacter;s__	93.58	0.41	reference genome						
GCA_902794475.1_Rumen_uncultured_genome_RUG13973_genomic	GCA_902794475.1	GB	d__Archaea;p__Methanobacteriota;c__Methanobacteria;o__Methanobacteriales;f__Methanobacteriaceae	Methanocatella	Methanocatella sp902794475	d__Archaea;p__Methanobacteriota;c__Methanobacteria;o__Methanobacteriales;f__Methanobacteriaceae;g__Methanobrevibacter;s__	84.83	1.24	reference genome						
GCF_015062905.1_ASM1506290v1_genomic	GCF_015062905.1	RS	d__Archaea;p__Methanobacteriota;c__Methanobacteria;o__Methanobacteriales;f__Methanobacteriaceae	Methanocatella	Methanocatella thaueri_A	d__Archaea;p__Methanobacteriota;c__Methanobacteria;o__Methanobacteriales;f__Methanobacteriaceae;g__Methanobrevibacter;s__Methanobrevibacter thaueri	88.35	1.72	reference genome						
GCF_045130115.1_ASM4513011v1_genomic	GCF_045130115.1	RS	d__Archaea;p__Methanobacteriota;c__Methanobacteria;o__Methanobacteriales;f__Methanobacteriaceae	Methanocatella	Methanocatella sp045130115	d__Archaea;p__Methanobacteriota;c__Methanobacteria;o__Methanobacteriales;f__Methanobacteriaceae;g__Methanobrevibacter;s__	95.59	7.57	reference genome						
GCA_902764015.1_Rumen_uncultured_genome_RUG10921_genomic	GCA_902764015.1	GB	d__Archaea;p__Methanobacteriota;c__Methanobacteria;o__Methanobacteriales;f__Methanobacteriaceae	Methanocatella	Methanocatella sp902764015	d__Archaea;p__Methanobacteriota;c__Methanobacteria;o__Methanobacteriales;f__Methanobacteriaceae;g__Methanobrevibacter;s__	83.97	1.6	reference genome						
GCF_017406825.1_ASM1740682v1_genomic	GCF_017406825.1	RS	d__Archaea;p__Methanobacteriota;c__Methanobacteria;o__Methanobacteriales;f__Methanobacteriaceae	Methanocatella	Methanocatella sp017406825	d__Archaea;p__Methanobacteriota;c__Methanobacteria;o__Methanobacteriales;f__Methanobacteriaceae;g__Methanobrevibacter;s__	94.48	4.58	reference genome						
GCA_003266105.1_ASM326610v1_genomic	GCA_003266105.1	GB	d__Archaea;p__Methanobacteriota;c__Methanobacteria;o__Methanobacteriales;f__Methanobacteriaceae	Methanosphaera	Methanosphaera sp003266105	d__Archaea;p__Methanobacteriota;c__Methanobacteria;o__Methanobacteriales;f__Methanobacteriaceae;g__Methanosphaera;s__	88.36	0.35	reference genome						
GCF_017539065.1_ASM1753906v1_genomic	GCF_017539065.1	RS	d__Archaea;p__Methanobacteriota;c__Methanobacteria;o__Methanobacteriales;f__Methanobacteriaceae	Methanocatella	Methanocatella sp017539065	d__Archaea;p__Methanobacteriota;c__Methanobacteria;o__Methanobacteriales;f__Methanobacteriaceae;g__Methanobrevibacter;s__	93.72	0.18	reference genome						
GCF_003111625.1_ASM311162v1_genomic	GCF_003111625.1	RS	d__Archaea;p__Methanobacteriota;c__Methanobacteria;o__Methanobacteriales;f__Methanobacteriaceae	Methanocatella	Methanocatella thaueri	d__Archaea;p__Methanobacteriota;c__Methanobacteria;o__Methanobacteriales;f__Methanobacteriaceae;g__Methanobrevibacter;s__Methanobrevibacter thaueri	99.94	0.89	reference genome						
GCF_015062915.1_ASM1506291v1_genomic	GCF_015062915.1	RS	d__Archaea;p__Methanobacteriota;c__Methanobacteria;o__Methanobacteriales;f__Methanobacteriaceae	Methanocatella	Methanocatella thaueri_B	d__Archaea;p__Methanobacteriota;c__Methanobacteria;o__Methanobacteriales;f__Methanobacteriaceae;g__Methanobrevibacter;s__Methanobrevibacter thaueri	92.28	0.18	reference genome						
GCF_017940815.1_ASM1794081v1_genomic	GCF_017940815.1	RS	d__Archaea;p__Methanobacteriota;c__Methanobacteria;o__Methanobacteriales;f__Methanobacteriaceae	Methanocatella	Methanocatella sp017940815	d__Archaea;p__Methanobacteriota;c__Methanobacteria;o__Methanobacteriales;f__Methanobacteriaceae;g__Methanobrevibacter;s__	99.87	0.37	reference genome						
GCF_947166415.1_SRR8387718_bin.72_metaWRAP_v1.3_MAG_genomic	GCF_947166415.1	RS	d__Archaea;p__Methanobacteriota;c__Methanobacteria;o__Methanobacteriales;f__Methanobacteriaceae	Methanocatella	Methanocatella sp947166415	d__Archaea;p__Methanobacteriota;c__Methanobacteria;o__Methanobacteriales;f__Methanobacteriaceae;g__Methanobrevibacter;s__	91.68	0.25	reference genome						
GCA_045534295.1_ASM4553429v1_genomic	GCA_045534295.1	GB	d__Archaea;p__Methanobacteriota;c__Methanobacteria;o__Methanobacteriales;f__Methanobacteriaceae	Methanocatella	Methanocatella sp017431965	d__Archaea;p__Methanobacteriota;c__Methanobacteria;o__Methanobacteriales;f__Methanobacteriaceae;g__Methanobrevibacter;s__	79.03	1.98	reference genome						
GCF_045126245.1_ASM4512624v1_genomic	GCF_045126245.1	RS	d__Archaea;p__Methanobacteriota;c__Methanobacteria;o__Methanobacteriales;f__Methanobacteriaceae	Methanocatella	Methanocatella sp045126245	d__Archaea;p__Methanobacteriota;c__Methanobacteria;o__Methanobacteriales;f__Methanobacteriaceae;g__Methanobrevibacter;s__	93.47	1.12	reference genome						
GCF_946403945.1_SRR14812340_bin.22_metaWRAP_v1.3_MAG_genomic	GCF_946403945.1	RS	d__Archaea;p__Methanobacteriota;c__Methanobacteria;o__Methanobacteriales;f__Methanobacteriaceae	Methanocatella	Methanocatella sp022775905	d__Archaea;p__Methanobacteriota;c__Methanobacteria;o__Methanobacteriales;f__Methanobacteriaceae;g__Methanobrevibacter;s__	99.9	0.37	reference genome						
GCF_945645595.1_SRR14474044_bin.6_metaWRAP_v1.3_MAG_genomic	GCF_945645595.1	RS	d__Archaea;p__Methanobacteriota;c__Methanobacteria;o__Methanobacteriales;f__Methanobacteriaceae	Methanocatella	Methanocatella sp900769095	d__Archaea;p__Methanobacteriota;c__Methanobacteria;o__Methanobacteriales;f__Methanobacteriaceae;g__Methanobrevibacter;s__Methanobrevibacter gottschalkii	99.98	0	reference genome						
GCF_050872065.1_ASM5087206v1_genomic	GCF_050872065.1	RS	d__Archaea;p__Methanobacteriota;c__Methanobacteria;o__Methanobacteriales;f__Methanobacteriaceae	Methanocatella	Methanocatella sp050872065	d__Archaea;p__Methanobacteriota;c__Methanobacteria;o__Methanobacteriales;f__Methanobacteriaceae;g__Methanobrevibacter;s__	90.39	0.03	reference genome						
GCA_964620575.1_SRP278969_co2_40_genomic	GCA_964620575.1	GB	d__Archaea;p__Methanobacteriota;c__Methanobacteria;o__Methanobacteriales;f__Methanobacteriaceae	Methanosphaera	Methanosphaera sp964620575	d__Archaea;p__Methanobacteriota;c__Methanobacteria;o__Methanobacteriales;f__Methanobacteriaceae;g__;s__	85.03	1.76	reference genome						
GCF_051877095.1_ASM5187709v1_genomic	GCF_051877095.1	RS	d__Archaea;p__Methanobacteriota;c__Methanobacteria;o__Methanobacteriales;f__Methanobacteriaceae	Methanocatella	Methanocatella sp051877095	d__Archaea;p__Methanobacteriota;c__Methanobacteria;o__Methanobacteriales;f__Methanobacteriaceae;g__Methanobrevibacter;s__	99.71	0.03	reference genome						
GCF_003814835.1_ASM381483v1_genomic	GCF_003814835.1	RS	d__Archaea;p__Methanobacteriota;c__Methanobacteria;o__Methanobacteriales;f__Methanobacteriaceae	Methanocatella	Methanocatella gottschalkii	d__Archaea;p__Methanobacteriota;c__Methanobacteria;o__Methanobacteriales;f__Methanobacteriaceae;g__Methanobrevibacter;s__Methanobrevibacter gottschalkii	99.98	0.2	reference genome						
GCA_964345675.1_ERP107106_co2_178_genomic	GCA_964345675.1	GB	d__Archaea;p__Methanobacteriota;c__Methanobacteria;o__Methanobacteriales;f__Methanobacteriaceae	Methanocatella	Methanocatella sp964345675	d__Archaea;p__Methanobacteriota;c__Methanobacteria;o__Methanobacteriales;f__Methanobacteriaceae;g__Methanobrevibacter;s__	98.76	0.46	reference genome						
GCF_030539875.1_ASM3053987v1_genomic	GCF_030539875.1	RS	d__Archaea;p__Methanobacteriota;c__Methanobacteria;o__Methanobacteriales;f__Methanobacteriaceae	Methanocatella	Methanocatella sp030539875	d__Archaea;p__Methanobacteriota;c__Methanobacteria;o__Methanobacteriales;f__Methanobacteriaceae;g__Methanobrevibacter;s__	99.99	0.91	reference genome						
GCF_001548675.1_ASM154867v1_genomic	GCF_001548675.1	RS	d__Archaea;p__Methanobacteriota;c__Methanobacteria;o__Methanobacteriales;f__Methanobacteriaceae	Methanocatella	Methanocatella sp001548675	d__Archaea;p__Methanobacteriota;c__Methanobacteria;o__Methanobacteriales;f__Methanobacteriaceae;g__Methanobrevibacter;s__	99.96	0.39	reference genome						
GCF_015062985.1_ASM1506298v1_genomic	GCF_015062985.1	RS	d__Archaea;p__Methanobacteriota;c__Methanobacteria;o__Methanobacteriales;f__Methanobacteriaceae	Methanocatella	Methanocatella sp015062985	d__Archaea;p__Methanobacteriota;c__Methanobacteria;o__Methanobacteriales;f__Methanobacteriaceae;g__Methanobrevibacter;s__	92.03	1.16	reference genome						
GCF_045586545.1_ASM4558654v1_genomic	GCF_045586545.1	RS	d__Archaea;p__Methanobacteriota;c__Methanobacteria;o__Methanobacteriales;f__Methanobacteriaceae	Methanocatella	Methanocatella sp045586545	d__Archaea;p__Methanobacteriota;c__Methanobacteria;o__Methanobacteriales;f__Methanobacteriaceae;g__Methanobrevibacter;s__	88.95	0.39	reference genome						
GCA_045226045.1_ASM4522604v1_genomic	GCA_045226045.1	GB	d__Archaea;p__Methanobacteriota;c__Methanobacteria;o__Methanobacteriales;f__Methanobacteriaceae	Methanocatella	Methanocatella sp045220775	d__Archaea;p__Methanobacteriota;c__Methanobacteria;o__Methanobacteriales;f__Methanobacteriaceae;g__Methanobrevibacter;s__	85.19	1.57	reference genome						
GCF_045220775.1_ASM4522077v1_genomic	GCF_045220775.1	RS	d__Archaea;p__Methanobacteriota;c__Methanobacteria;o__Methanobacteriales;f__Methanobacteriaceae	Methanocatella	Methanocatella sp045220775	d__Archaea;p__Methanobacteriota;c__Methanobacteria;o__Methanobacteriales;f__Methanobacteriaceae;g__Methanobrevibacter;s__	96.85	3.57	reference genome						
GCF_017519255.1_ASM1751925v1_genomic	GCF_017519255.1	RS	d__Archaea;p__Methanobacteriota;c__Methanobacteria;o__Methanobacteriales;f__Methanobacteriaceae	Methanocatella	Methanocatella sp902770715	d__Archaea;p__Methanobacteriota;c__Methanobacteria;o__Methanobacteriales;f__Methanobacteriaceae;g__Methanobrevibacter;s__	99.91	0.34	reference genome						
GCF_034480035.2_ASM3448003v2_genomic	GCF_034480035.2	RS	d__Archaea;p__Methanobacteriota;c__Methanobacteria;o__Methanobacteriales;f__Methanobacteriaceae	Methanosphaera	Methanosphaera sp017431845	d__Archaea;p__Methanobacteriota;c__Methanobacteria;o__Methanobacteriales;f__Methanobacteriaceae;g__Methanosphaera;s__	99.99	1.12	reference genome						
GCF_045221955.1_ASM4522195v1_genomic	GCF_045221955.1	RS	d__Archaea;p__Methanobacteriota;c__Methanobacteria;o__Methanobacteriales;f__Methanobacteriaceae	Methanocatella	Methanocatella sp030539795	d__Archaea;p__Methanobacteriota;c__Methanobacteria;o__Methanobacteriales;f__Methanobacteriaceae;g__Methanobrevibacter;s__	86.84	0.58	reference genome						
GCF_045638665.1_ASM4563866v1_genomic	GCF_045638665.1	RS	d__Archaea;p__Methanobacteriota;c__Methanobacteria;o__Methanobacteriales;f__Methanobacteriaceae	Methanocatella	Methanocatella sp904501935	d__Archaea;p__Methanobacteriota;c__Methanobacteria;o__Methanobacteriales;f__Methanobacteriaceae;g__Methanobrevibacter;s__	99.8	1.94	reference genome						
GCF_045112895.1_ASM4511289v1_genomic	GCF_045112895.1	RS	d__Archaea;p__Methanobacteriota;c__Methanobacteria;o__Methanobacteriales;f__Methanobacteriaceae	Methanocatella	Methanocatella sp045112895	d__Archaea;p__Methanobacteriota;c__Methanobacteria;o__Methanobacteriales;f__Methanobacteriaceae;g__Methanobrevibacter;s__	93.52	0.38	reference genome						
GCA_946541845.1_SRR873597_bin.84_metaWRAP_v1.3_MAG_genomic	GCA_946541845.1	GB	d__Archaea;p__Methanobacteriota;c__Methanobacteria;o__Methanobacteriales;f__Methanobacteriaceae	Methanocatella	Methanocatella sp946541845	d__Archaea;p__Methanobacteriota;c__Methanobacteria;o__Methanobacteriales;f__Methanobacteriaceae;g__Methanobrevibacter;s__	84.73	1.82	reference genome						
GCA_017407115.1_ASM1740711v1_genomic	GCA_017407115.1	GB	d__Archaea;p__Methanobacteriota;c__Methanobacteria;o__Methanobacteriales;f__Methanobacteriaceae	Methanocatella	Methanocatella sp017407115	d__Archaea;p__Methanobacteriota;c__Methanobacteria;o__Methanobacteriales;f__Methanobacteriaceae;g__Methanobrevibacter;s__	92.85	1.34	reference genome						
GCA_017434525.1_ASM1743452v1_genomic	GCA_017434525.1	GB	d__Archaea;p__Methanobacteriota;c__Methanobacteria;o__Methanobacteriales;f__Methanobacteriaceae	Methanocatella	Methanocatella sp017434525	d__Archaea;p__Methanobacteriota;c__Methanobacteria;o__Methanobacteriales;f__Methanobacteriaceae;g__Methanobrevibacter;s__	100	7.93	reference genome						
GCF_947169325.1_SRR8387718_bin.77_metaWRAP_v1.3_MAG_genomic	GCF_947169325.1	RS	d__Archaea;p__Methanobacteriota;c__Methanobacteria;o__Methanobacteriales;f__Methanobacteriaceae	Methanocatella	Methanocatella sp947169325	d__Archaea;p__Methanobacteriota;c__Methanobacteria;o__Methanobacteriales;f__Methanobacteriaceae;g__Methanobrevibacter;s__	92.96	1.32	reference genome						
GCF_045117655.1_ASM4511765v1_genomic	GCF_045117655.1	RS	d__Archaea;p__Methanobacteriota;c__Methanobacteria;o__Methanobacteriales;f__Methanobacteriaceae	Methanocatella	Methanocatella sp045116495	d__Archaea;p__Methanobacteriota;c__Methanobacteria;o__Methanobacteriales;f__Methanobacteriaceae;g__Methanobrevibacter;s__	93.69	1.92	reference genome						
GCA_900318035.1_Rumen_uncultured_genome_RUG344_genomic	GCA_900318035.1	GB	d__Archaea;p__Methanobacteriota;c__Methanobacteria;o__Methanobacteriales;f__Methanobacteriaceae	Methanocatella	Methanocatella sp900318035	d__Archaea;p__Methanobacteriota;c__Methanobacteria;o__Methanobacteriales;f__Methanobacteriaceae;g__Methanobrevibacter;s__	87.97	3.22	reference genome						
GCF_902771435.1_Rumen_uncultured_genome_RUG11674_genomic	GCF_902771435.1	RS	d__Archaea;p__Methanobacteriota;c__Methanobacteria;o__Methanobacteriales;f__Methanobacteriaceae	Methanocatella	Methanocatella sp902771435	d__Archaea;p__Methanobacteriota;c__Methanobacteria;o__Methanobacteriales;f__Methanobacteriaceae;g__Methanobrevibacter;s__	93.4	5.64	reference genome						
GCA_946537725.1_SRR1222429_bin.43_metaWRAP_v1.3_MAG_genomic	GCA_946537725.1	GB	d__Archaea;p__Methanobacteriota;c__Methanobacteria;o__Methanobacteriales;f__Methanobacteriaceae	Methanosphaera	Methanosphaera sp946537725	d__Archaea;p__Methanobacteriota;c__Methanobacteria;o__Methanobacteriales;f__Methanobacteriaceae;g__Methanosphaera;s__	72.74	0	reference genome						
GCA_946404245.1_SRR12081300_bin.41_metaWRAP_v1.3_MAG_genomic	GCA_946404245.1	GB	d__Archaea;p__Methanobacteriota;c__Methanobacteria;o__Methanobacteriales;f__Methanobacteriaceae	Methanocatella	Methanocatella sp946404245	d__Archaea;p__Methanobacteriota;c__Methanobacteria;o__Methanobacteriales;f__Methanobacteriaceae;g__Methanobrevibacter;s__	87.14	0.42	reference genome						
GCF_045539575.1_ASM4553957v1_genomic	GCF_045539575.1	RS	d__Archaea;p__Methanobacteriota;c__Methanobacteria;o__Methanobacteriales;f__Methanobacteriaceae	Methanocatella	Methanocatella sp045539575	d__Archaea;p__Methanobacteriota;c__Methanobacteria;o__Methanobacteriales;f__Methanobacteriaceae;g__Methanobrevibacter;s__	91.87	4.23	reference genome						
GCA_017473945.1_ASM1747394v1_genomic	GCA_017473945.1	GB	d__Archaea;p__Methanobacteriota;c__Methanobacteria;o__Methanobacteriales;f__Methanobacteriaceae	Methanocatella	Methanocatella sp017473945	d__Archaea;p__Methanobacteriota;c__Methanobacteria;o__Methanobacteriales;f__Methanobacteriaceae;g__Methanobrevibacter;s__	93.13	0.76	reference genome						
GCA_964596915.1_SRP315200_co1_967_genomic	GCA_964596915.1	GB	d__Archaea;p__Methanobacteriota;c__Methanobacteria;o__Methanobacteriales;f__Methanobacteriaceae	Methanocatella	Methanocatella sp964596915	d__Archaea;p__Methanobacteriota;c__Methanobacteria;o__Methanobacteriales;f__Methanobacteriaceae;g__Methanobrevibacter;s__	95.9	1.54	reference genome						
GCF_900314615.1_Rumen_uncultured_genome_RUG018_genomic	GCF_900314615.1	RS	d__Archaea;p__Methanobacteriota;c__Methanobacteria;o__Methanobacteriales;f__Methanobacteriaceae	Methanocatella	Methanocatella sp900314615	d__Archaea;p__Methanobacteriota;c__Methanobacteria;o__Methanobacteriales;f__Methanobacteriaceae;g__Methanobrevibacter;s__	95	0.97	reference genome						
GCF_015062935.1_ASM1506293v1_genomic	GCF_015062935.1	RS	d__Archaea;p__Methanobacteriota;c__Methanobacteria;o__Methanobacteriales;f__Methanobacteriaceae	Methanocatella	Methanocatella sp015062935	d__Archaea;p__Methanobacteriota;c__Methanobacteria;o__Methanobacteriales;f__Methanobacteriaceae;g__Methanobrevibacter;s__	99.57	1.3	reference genome						
GCF_017427765.1_ASM1742776v1_genomic	GCF_017427765.1	RS	d__Archaea;p__Methanobacteriota;c__Methanobacteria;o__Methanobacteriales;f__Methanobacteriaceae	Methanocatella	Methanocatella sp017427765	d__Archaea;p__Methanobacteriota;c__Methanobacteria;o__Methanobacteriales;f__Methanobacteriaceae;g__Methanobrevibacter;s__	99.96	7.82	reference genome						
GCF_947170395.1_SRR8387719_bin.80_metaWRAP_v1.3_MAG_genomic	GCF_947170395.1	RS	d__Archaea;p__Methanobacteriota;c__Methanobacteria;o__Methanobacteriales;f__Methanobacteriaceae	Methanocatella	Methanocatella sp947170395	d__Archaea;p__Methanobacteriota;c__Methanobacteria;o__Methanobacteriales;f__Methanobacteriaceae;g__Methanobrevibacter;s__	88.8	1.95	reference genome						
GCF_017409525.1_ASM1740952v1_genomic	GCF_017409525.1	RS	d__Archaea;p__Methanobacteriota;c__Methanobacteria;o__Methanobacteriales;f__Methanobacteriaceae	Methanocatella	Methanocatella sp017409525	d__Archaea;p__Methanobacteriota;c__Methanobacteria;o__Methanobacteriales;f__Methanobacteriaceae;g__Methanobrevibacter;s__	99.87	0.21	reference genome						
GCF_902764455.1_Rumen_uncultured_genome_RUG10962_genomic	GCF_902764455.1	RS	d__Archaea;p__Methanobacteriota;c__Methanobacteria;o__Methanobacteriales;f__Methanobacteriaceae	Methanocatella	Methanocatella sp902764455	d__Archaea;p__Methanobacteriota;c__Methanobacteria;o__Methanobacteriales;f__Methanobacteriaceae;g__Methanobrevibacter;s__	98.07	1.83	reference genome						
GCA_902797085.1_Rumen_uncultured_genome_RUG14233_genomic	GCA_902797085.1	GB	d__Archaea;p__Methanobacteriota;c__Methanobacteria;o__Methanobacteriales;f__Methanobacteriaceae	Methanosphaera	Methanosphaera sp902797085	d__Archaea;p__Methanobacteriota;c__Methanobacteria;o__Methanobacteriales;f__Methanobacteriaceae;g__;s__	86.84	1.03	reference genome						
GCF_045541095.1_ASM4554109v1_genomic	GCF_045541095.1	RS	d__Archaea;p__Methanobacteriota;c__Methanobacteria;o__Methanobacteriales;f__Methanobacteriaceae	Methanocatella	Methanocatella sp045541095	d__Archaea;p__Methanobacteriota;c__Methanobacteria;o__Methanobacteriales;f__Methanobacteriaceae;g__Methanobrevibacter;s__	98.4	1.23	reference genome						
GCF_902785855.1_Rumen_uncultured_genome_RUG13115_genomic	GCF_902785855.1	RS	d__Archaea;p__Methanobacteriota;c__Methanobacteria;o__Methanobacteriales;f__Methanobacteriaceae	Methanocatella	Methanocatella sp902785855	d__Archaea;p__Methanobacteriota;c__Methanobacteria;o__Methanobacteriales;f__Methanobacteriaceae;g__Methanobrevibacter;s__	95.31	0.06	reference genome						
GCF_045222475.1_ASM4522247v1_genomic	GCF_045222475.1	RS	d__Archaea;p__Methanobacteriota;c__Methanobacteria;o__Methanobacteriales;f__Methanobacteriaceae	Methanocatella	Methanocatella sp902789505	d__Archaea;p__Methanobacteriota;c__Methanobacteria;o__Methanobacteriales;f__Methanobacteriaceae;g__Methanobrevibacter;s__	95.39	1.42	reference genome						
GCA_045638165.1_ASM4563816v1_genomic	GCA_045638165.1	GB	d__Archaea;p__Methanobacteriota;c__Methanobacteria;o__Methanobacteriales;f__Methanobacteriaceae	Methanocatella	Methanocatella sp045638165	d__Archaea;p__Methanobacteriota;c__Methanobacteria;o__Methanobacteriales;f__Methanobacteriaceae;g__Methanobrevibacter;s__	67.25	0.01	reference genome						
GCF_045644645.1_ASM4564464v1_genomic	GCF_045644645.1	RS	d__Archaea;p__Methanobacteriota;c__Methanobacteria;o__Methanobacteriales;f__Methanobacteriaceae	Methanocatella	Methanocatella sp045644645	d__Archaea;p__Methanobacteriota;c__Methanobacteria;o__Methanobacteriales;f__Methanobacteriaceae;g__Methanobrevibacter;s__	93.3	1.89	reference genome						
GCF_946184425.1_SRR11784285_bin.41_metaWRAP_v1.3_MAG_genomic	GCF_946184425.1	RS	d__Archaea;p__Methanobacteriota;c__Methanobacteria;o__Methanobacteriales;f__Methanobacteriaceae	Methanocatella	Methanocatella sp946184425	d__Archaea;p__Methanobacteriota;c__Methanobacteria;o__Methanobacteriales;f__Methanobacteriaceae;g__Methanobrevibacter;s__	93	1.3	reference genome						
GCF_046487855.1_ASM4648785v1_genomic	GCF_046487855.1	RS	d__Archaea;p__Methanobacteriota;c__Methanobacteria;o__Methanobacteriales;f__Methanobacteriaceae	Methanocatella	Methanocatella sp036307625	d__Archaea;p__Methanobacteriota;c__Methanobacteria;o__Methanobacteriales;f__Methanobacteriaceae;g__Methanobrevibacter;s__	95.37	0.69	reference genome						
GCF_902800615.1_Rumen_uncultured_genome_RUG14594_genomic	GCF_902800615.1	RS	d__Archaea;p__Methanobacteriota;c__Methanobacteria;o__Methanobacteriales;f__Methanobacteriaceae	Methanocatella	Methanocatella sp900319985	d__Archaea;p__Methanobacteriota;c__Methanobacteria;o__Methanobacteriales;f__Methanobacteriaceae;g__Methanobrevibacter;s__	99.97	1.45	reference genome						
GCA_900320955.1_Rumen_uncultured_genome_RUG648_genomic	GCA_900320955.1	GB	d__Archaea;p__Methanobacteriota;c__Methanobacteria;o__Methanobacteriales;f__Methanobacteriaceae	Methanocatella	Methanocatella sp900320955	d__Archaea;p__Methanobacteriota;c__Methanobacteria;o__Methanobacteriales;f__Methanobacteriaceae;g__Methanobrevibacter;s__	83.92	3.91	reference genome						
GCF_902798335.1_Rumen_uncultured_genome_RUG14349_genomic	GCF_902798335.1	RS	d__Archaea;p__Methanobacteriota;c__Methanobacteria;o__Methanobacteriales;f__Methanobacteriaceae	Methanocatella	Methanocatella sp900314695	d__Archaea;p__Methanobacteriota;c__Methanobacteria;o__Methanobacteriales;f__Methanobacteriaceae;g__Methanobrevibacter;s__	99.92	0.3	reference genome						
GCF_029226445.1_ASM2922644v1_genomic	GCF_029226445.1	RS	d__Archaea;p__Methanobacteriota;c__Methanobacteria;o__Methanobacteriales;f__Methanobacteriaceae	Methanosphaera	Methanosphaera sp022768985	d__Archaea;p__Methanobacteriota;c__Methanobacteria;o__Methanobacteriales;f__Methanobacteriaceae;g__Methanosphaera;s__	98.8	0.01	reference genome						
GCF_902801725.1_Rumen_uncultured_genome_RUG14697_genomic	GCF_902801725.1	RS	d__Archaea;p__Methanobacteriota;c__Methanobacteria;o__Methanobacteriales;f__Methanobacteriaceae	Methanocatella	Methanocatella sp902801725	d__Archaea;p__Methanobacteriota;c__Methanobacteria;o__Methanobacteriales;f__Methanobacteriaceae;g__Methanobrevibacter;s__	94.04	0.28	reference genome						
GCF_030539555.1_ASM3053955v1_genomic	GCF_030539555.1	RS	d__Archaea;p__Methanobacteriota;c__Methanobacteria;o__Methanobacteriales;f__Methanobacteriaceae	Methanocatella	Methanocatella sp030539555	d__Archaea;p__Methanobacteriota;c__Methanobacteria;o__Methanobacteriales;f__Methanobacteriaceae;g__Methanobrevibacter;s__	94.66	0.43	reference genome						
GCA_015062925.1_ASM1506292v1_genomic	GCA_015062925.1	GB	d__Archaea;p__Methanobacteriota;c__Methanobacteria;o__Methanobacteriales;f__Methanobacteriaceae	Methanocatella	Methanocatella thaueri_C	d__Archaea;p__Methanobacteriota;c__Methanobacteria;o__Methanobacteriales;f__Methanobacteriaceae;g__Methanobrevibacter;s__Methanobrevibacter thaueri	86.79	5.02	reference genome						
GCA_902796575.1_Rumen_uncultured_genome_RUG14185_genomic	GCA_902796575.1	GB	d__Archaea;p__Methanobacteriota;c__Methanobacteria;o__Methanobacteriales;f__Methanobacteriaceae	Methanocatella	Methanocatella sp902796575	d__Archaea;p__Methanobacteriota;c__Methanobacteria;o__Methanobacteriales;f__Methanobacteriaceae;g__Methanobrevibacter;s__	86.09	1.21	reference genome						
GCA_947628455.1_Lapin-016_bin7_genomic	GCA_947628455.1	GB	d__Archaea;p__Methanobacteriota;c__Methanobacteria;o__Methanobacteriales;f__Methanobacteriaceae	Methanocatella	Methanocatella sp947628455	d__Archaea;p__Methanobacteriota;c__Methanobacteria;o__Methanobacteriales;f__Methanobacteriaceae;g__Methanobrevibacter;s__	83.79	0.59	reference genome						
GCA_964409285.1_SRP222994_co1_96_genomic	GCA_964409285.1	GB	d__Archaea;p__Methanobacteriota;c__Methanobacteria;o__Methanobacteriales;f__Methanobacteriaceae	Methanocatella	Methanocatella sp964409285	d__Archaea;p__Methanobacteriota;c__Methanobacteria;o__Methanobacteriales;f__Methanobacteriaceae;g__Methanobrevibacter;s__	99.54	0.07	reference genome						
GCA_051649785.1_ASM5164978v1_genomic	GCA_051649785.1	GB	d__Archaea;p__Methanobacteriota;c__Methanobacteria;o__Methanobacteriales;f__Methanobacteriaceae	JBOFHT01	JBOFHT01 sp051649785	d__Archaea;p__Methanobacteriota;c__Methanobacteria;o__Methanobacteriales;f__Methanobacteriaceae;g__;s__	93.17	0.01	reference genome						
GCA_024409165.1_ASM2440916v1_genomic	GCA_024409165.1	GB	d__Archaea;p__Methanobacteriota;c__Methanobacteria;o__Methanobacteriales;f__Methanobacteriaceae	Methanobrevibacter	Methanobrevibacter sp024409165	d__Archaea;p__;c__;o__;f__;g__;s__	82.12	0.14	reference genome						
GCA_024409185.1_ASM2440918v1_genomic	GCA_024409185.1	GB	d__Archaea;p__Methanobacteriota;c__Methanobacteria;o__Methanobacteriales;f__Methanobacteriaceae	Methanobrevibacter	Methanobrevibacter sp024409185	d__Archaea;p__;c__;o__;f__;g__;s__	64.2	0.06	reference genome						
GCA_937881005.1_SRR6425747_bin.111_CONCOCT_v1.1_MAG_genomic	GCA_937881005.1	GB	d__Archaea;p__Methanobacteriota;c__Methanobacteria;o__Methanobacteriales;f__Methanobacteriaceae	Methanobrevibacter	Methanobrevibacter sp024409185	d__Archaea;p__Methanobacteriota;c__Methanobacteria;o__Methanobacteriales;f__Methanobacteriaceae;g__;s__	88.7	1.36	reference genome						
GCF_002287195.1_ASM228719v1_genomic	GCF_002287195.1	RS	d__Archaea;p__Methanobacteriota;c__Methanobacteria;o__Methanobacteriales;f__Methanobacteriaceae	Methanosphaera	Methanosphaera cuniculi	d__Archaea;p__Methanobacteriota;c__Methanobacteria;o__Methanobacteriales;f__Methanobacteriaceae;g__Methanosphaera;s__Methanosphaera cuniculi	99.94	0.09	reference genome						
GCA_045598125.1_ASM4559812v1_genomic	GCA_045598125.1	GB	d__Archaea;p__Methanobacteriota;c__Methanobacteria;o__Methanobacteriales;f__Methanobacteriaceae	Methanobrevibacter	Methanobrevibacter sp045598125	d__Archaea;p__Methanobacteriota;c__Methanobacteria;o__Methanobacteriales;f__Methanobacteriaceae;g__Methanobrevibacter;s__	81.88	0.47	reference genome						
GCA_024409145.1_ASM2440914v1_genomic	GCA_024409145.1	GB	d__Archaea;p__Methanobacteriota;c__Methanobacteria;o__Methanobacteriales;f__Methanobacteriaceae	Methanobrevibacter	Methanobrevibacter sp024409145	d__Archaea;p__;c__;o__;f__;g__;s__	90.67	4.79	reference genome						
GCA_023458975.1_ASM2345897v1_genomic	GCA_023458975.1	GB	d__Archaea;p__Methanobacteriota;c__Methanobacteria;o__Methanobacteriales;f__Methanobacteriaceae	Methanobrevibacter_A	Methanobrevibacter_A sp023440975	d__Archaea;p__Methanobacteriota;c__;o__;f__;g__;s__	92.8	0.11	reference genome						
GCF_002495685.1_ASM249568v1_genomic	GCF_002495685.1	RS	d__Archaea;p__Methanobacteriota;c__Methanobacteria;o__Methanobacteriales;f__Methanobacteriaceae	Methanobrevibacter_A	Methanobrevibacter_A acididurans	d__Archaea;p__Methanobacteriota;c__Methanobacteria;o__Methanobacteriales;f__Methanobacteriaceae;g__Methanobrevibacter;s__	99.6	0.08	reference genome						
GCA_030266405.1_ASM3026640v1_genomic	GCA_030266405.1	GB	d__Archaea;p__Methanobacteriota;c__Methanobacteria;o__Methanobacteriales;f__Methanobacteriaceae	JAHKLT01	JAHKLT01 sp030266405	d__Archaea;p__Methanobacteriota;c__Methanobacteria;o__Methanobacteriales;f__Methanobacteriaceae;g__Methanobrevibacter;s__	74.26	0	reference genome						
GCF_046197865.1_117978_genomic	GCF_046197865.1	RS	d__Archaea;p__Methanobacteriota;c__Methanobacteria;o__Methanobacteriales;f__Methanobacteriaceae	JAHKLT01	JAHKLT01 sp046197865	d__Archaea;p__Methanobacteriota;c__Methanobacteria;o__Methanobacteriales;f__Methanobacteriaceae;g__Methanobrevibacter;s__	97.38	0.31	reference genome						
GCA_020854915.1_ASM2085491v1_genomic	GCA_020854915.1	GB	d__Archaea;p__Methanobacteriota;c__Methanobacteria;o__Methanobacteriales;f__Methanobacteriaceae	JAHKLT01	JAHKLT01 sp020854915	d__Archaea;p__Methanobacteriota;c__Methanobacteria;o__Methanobacteriales;f__Methanobacteriaceae;g__;s__	90.16	0.07	reference genome						
GCA_031261915.1_ASM3126191v1_genomic	GCA_031261915.1	GB	d__Archaea;p__Methanobacteriota;c__Methanobacteria;o__Methanobacteriales;f__Methanobacteriaceae	Methanoflexus	Methanoflexus mossambicus	d__Archaea;p__Methanobacteriota;c__Methanobacteria;o__Methanobacteriales;f__Methanobacteriaceae;g__Candidatus Methanoflexus;s__Candidatus Methanoflexus mossambicus	94.14	7.97	reference genome						
GCA_031261945.1_ASM3126194v1_genomic	GCA_031261945.1	GB	d__Archaea;p__Methanobacteriota;c__Methanobacteria;o__Methanobacteriales;f__Methanobacteriaceae	Methanobaculum	Methanobaculum sp031261945	d__Archaea;p__Methanobacteriota;c__Methanobacteria;o__Methanobacteriales;f__Methanobacteriaceae;g__Methanobrevibacter;s__	67.49	0	reference genome						
GCF_034928265.1_ASM3492826v1_genomic	GCF_034928265.1	RS	d__Archaea;p__Methanobacteriota;c__Methanobacteria;o__Methanobacteriales;f__Methanobacteriaceae	Methanobinarius	Methanobinarius sp937881195	d__Archaea;p__Methanobacteriota;c__Methanobacteria;o__Methanobacteriales;f__Methanobacteriaceae;g__Methanobrevibacter;s__	99.86	0.02	reference genome						
GCA_023440905.1_ASM2344090v1_genomic	GCA_023440905.1	GB	d__Archaea;p__Methanobacteriota;c__Methanobacteria;o__Methanobacteriales;f__Methanobacteriaceae	Methanosphaera	Methanosphaera stadtmanae	d__Archaea;p__Methanobacteriota;c__;o__;f__;g__;s__	99.93	0.01	reference genome						
GCF_015351715.1_ASM1535171v1_genomic	GCF_015351715.1	RS	d__Archaea;p__Methanobacteriota;c__Methanobacteria;o__Methanobacteriales;f__Methanobacteriaceae	Methanobinarius	Methanobinarius arboriphilus_A	d__Archaea;p__Methanobacteriota;c__Methanobacteria;o__Methanobacteriales;f__Methanobacteriaceae;g__Methanobrevibacter;s__Methanobrevibacter arboriphilus	99.41	0.02	reference genome						
GCA_003315655.1_ASM331565v1_genomic	GCA_003315655.1	GB	d__Archaea;p__Methanobacteriota;c__Methanobacteria;o__Methanobacteriales;f__Methanobacteriaceae	Methanobinarius	Methanobinarius endosymbioticus	d__Archaea;p__Methanobacteriota;c__Methanobacteria;o__Methanobacteriales;f__Methanobacteriaceae;g__Candidatus Methanobinarius;s__Candidatus Methanobinarius endosymbioticus	86.62	0.14	reference genome						
GCF_020148105.1_ASM2014810v1_genomic	GCF_020148105.1	RS	d__Archaea;p__Methanobacteriota;c__Methanobacteria;o__Methanobacteriales;f__Methanobacteriaceae	Methanobinarius	Methanobinarius sp020148105	d__Archaea;p__Methanobacteriota;c__Methanobacteria;o__Methanobacteriales;f__Methanobacteriaceae;g__Methanobrevibacter;s__	96.64	0.19	reference genome						
GCA_009784145.1_ASM978414v1_genomic	GCA_009784145.1	GB	d__Archaea;p__Methanobacteriota;c__Methanobacteria;o__Methanobacteriales;f__Methanobacteriaceae	Methanobinarius	Methanobinarius sp009784145	d__Archaea;p__Methanobacteriota;c__Methanobacteria;o__Methanobacteriales;f__Methanobacteriaceae;g__Methanobrevibacter;s__	64.96	0.08	reference genome						
GCA_030691365.1_ASM3069136v1_genomic	GCA_030691365.1	GB	d__Archaea;p__Methanobacteriota;c__Methanobacteria;o__Methanobacteriales;f__Methanobacteriaceae	UBA349	UBA349 sp023249725	d__Archaea;p__Methanobacteriota;c__Methanobacteria;o__Methanobacteriales;f__Methanobacteriaceae;g__;s__	98.43	1.16	reference genome						
GCA_030656015.1_ASM3065601v1_genomic	GCA_030656015.1	GB	d__Archaea;p__Methanobacteriota;c__Methanobacteria;o__Methanobacteriales;f__Methanobacteriaceae	UBA349	UBA349 sp002509745	d__Archaea;p__Methanobacteriota;c__Methanobacteria;o__Methanobacteriales;f__Methanobacteriaceae;g__;s__	98.66	0.88	reference genome						
GCA_002839705.1_ASM283970v1_genomic	GCA_002839705.1	GB	d__Archaea;p__Methanobacteriota;c__Methanobacteria;o__Methanobacteriales;f__Methanobacteriaceae	UBA349	UBA349 sp002839705	d__Archaea;p__Methanobacteriota;c__Methanobacteria;o__Methanobacteriales;f__;g__;s__	98.09	0.24	reference genome						
GCA_964444115.1_SRP302447_co3_217_genomic	GCA_964444115.1	GB	d__Archaea;p__Methanobacteriota;c__Methanobacteria;o__Methanobacteriales;f__Methanobacteriaceae	UBA349	UBA349 sp964444115	d__Archaea;p__Methanobacteriota;c__Methanobacteria;o__Methanobacteriales;f__Methanobacteriaceae;g__;s__	91.61	0.45	reference genome						
GCA_963698135.1_MFD00032.bin.1.135_genomic	GCA_963698135.1	GB	d__Archaea;p__Methanobacteriota;c__Methanobacteria;o__Methanobacteriales;f__Methanobacteriaceae	UBA349	UBA349 sp963698135	d__Archaea;p__Methanobacteriota;c__Methanobacteria;o__Methanobacteriales;f__Methanobacteriaceae;g__;s__	99.25	2.49	reference genome						
GCA_963774795.1_MFD04716.bin.2.169_genomic	GCA_963774795.1	GB	d__Archaea;p__Methanobacteriota;c__Methanobacteria;o__Methanobacteriales;f__Methanobacteriaceae	UBA349	UBA349 sp963774795	d__Archaea;p__Methanobacteriota;c__Methanobacteria;o__Methanobacteriales;f__Methanobacteriaceae;g__;s__	73.86	1.7	reference genome						
GCA_964399835.1_SRP329715_co1_343_genomic	GCA_964399835.1	GB	d__Archaea;p__Methanobacteriota;c__Methanobacteria;o__Methanobacteriales;f__Methanobacteriaceae	Methanosphaera	Methanosphaera sp964399835	d__Archaea;p__Methanobacteriota;c__Methanobacteria;o__Methanobacteriales;f__Methanobacteriaceae;g__;s__	98.05	0.17	reference genome						
GCF_001729965.1_ASM172996v1_genomic	GCF_001729965.1	RS	d__Archaea;p__Methanobacteriota;c__Methanobacteria;o__Methanobacteriales;f__Methanobacteriaceae	Methanosphaera	Methanosphaera sp001729965	d__Archaea;p__Methanobacteriota;c__Methanobacteria;o__Methanobacteriales;f__Methanobacteriaceae;g__Methanosphaera;s__	99.97	0.21	reference genome						
GCA_030681145.1_ASM3068114v1_genomic	GCA_030681145.1	GB	d__Archaea;p__Methanobacteriota;c__Methanobacteria;o__Methanobacteriales;f__Methanobacteriaceae	JAUXXK01	JAUXXK01 sp030681145	d__Archaea;p__Methanobacteriota;c__Methanobacteria;o__Methanobacteriales;f__Methanobacteriaceae;g__;s__	95.54	0.27	reference genome						
GCA_002504725.1_ASM250472v1_genomic	GCA_002504725.1	GB	d__Archaea;p__Methanobacteriota;c__Methanobacteria;o__Methanobacteriales;f__Methanobacteriaceae	UBA587	UBA587 sp002504725	d__Archaea;p__Methanobacteriota;c__Methanobacteria;o__Methanobacteriales;f__Methanobacteriaceae;g__;s__	89.54	0.26	reference genome						
GCF_023227715.1_ASM2322771v1_genomic	GCF_023227715.1	RS	d__Archaea;p__Methanobacteriota;c__Methanobacteria;o__Methanobacteriales;f__Methanobacteriaceae	Methanobacterium_E	Methanobacterium_E alcaliphilum	d__Archaea;p__Methanobacteriota;c__Methanobacteria;o__Methanobacteriales;f__Methanobacteriaceae;g__Methanobacterium;s__Methanobacterium alcaliphilum	99.98	0.35	reference genome						
GCA_040772645.1_ASM4077264v1_genomic	GCA_040772645.1	GB	d__Archaea;p__Methanobacteriota;c__Methanobacteria;o__Methanobacteriales;f__Methanobacteriaceae	Methanobacterium_A	Methanobacterium_A sp002494495	d__Archaea;p__Methanobacteriota;c__Methanobacteria;o__Methanobacteriales;f__Methanobacteriaceae;g__Methanobacterium;s__	99.85	0	reference genome						
GCA_011620845.1_ASM1162084v1_genomic	GCA_011620845.1	GB	d__Archaea;p__Methanobacteriota;c__Methanobacteria;o__Methanobacteriales;f__Methanobacteriaceae	Methanobacterium_A	Methanobacterium_A sp011620845	d__Archaea;p__Methanobacteriota;c__Methanobacteria;o__Methanobacteriales;f__Methanobacteriaceae;g__;s__	96.28	0.22	reference genome						
GCA_002504505.1_ASM250450v1_genomic	GCA_002504505.1	GB	d__Archaea;p__Methanobacteriota;c__Methanobacteria;o__Methanobacteriales;f__Methanobacteriaceae	Methanobacterium_A	Methanobacterium_A sp002495625	d__Archaea;p__Methanobacteriota;c__Methanobacteria;o__Methanobacteriales;f__Methanobacteriaceae;g__Methanobacterium;s__	99.97	1.38	reference genome						
GCA_002502855.1_ASM250285v1_genomic	GCA_002502855.1	GB	d__Archaea;p__Methanobacteriota;c__Methanobacteria;o__Methanobacteriales;f__Methanobacteriaceae	Methanobacterium_A	Methanobacterium_A sp002502855	d__Archaea;p__Methanobacteriota;c__Methanobacteria;o__Methanobacteriales;f__Methanobacteriaceae;g__Methanobacterium;s__	97.83	0.24	reference genome						
GCA_018263005.1_ASM1826300v1_genomic	GCA_018263005.1	GB	d__Archaea;p__Methanobacteriota;c__Methanobacteria;o__Methanobacteriales;f__Methanobacteriaceae	Methanobacterium_A	Methanobacterium_A sp018263005	d__Archaea;p__Methanobacteriota;c__Methanobacteria;o__Methanobacteriales;f__Methanobacteriaceae;g__Methanobacterium;s__	92.26	0	reference genome						
GCA_021372715.1_ASM2137271v1_genomic	GCA_021372715.1	GB	d__Archaea;p__Methanobacteriota;c__Methanobacteria;o__Methanobacteriales;f__Methanobacteriaceae	Methanobacterium_A	Methanobacterium_A sp021372715	d__Archaea;p__Methanobacteriota;c__Methanobacteria;o__Methanobacteriales;f__Methanobacteriaceae;g__Methanobacterium;s__	91.5	0.41	reference genome						
GCA_028682985.1_ASM2868298v1_genomic	GCA_028682985.1	GB	d__Archaea;p__Methanobacteriota;c__Methanobacteria;o__Methanobacteriales;f__Methanobacteriaceae	Methanobacterium_A	Methanobacterium_A sp028682985	d__Archaea;p__Methanobacteriota;c__Methanobacteria;o__Methanobacteriales;f__Methanobacteriaceae;g__Methanobacterium;s__	77.57	2.33	reference genome						
GCA_964530785.1_SRP222994_co1_512_genomic	GCA_964530785.1	GB	d__Archaea;p__Methanobacteriota;c__Methanobacteria;o__Methanobacteriales;f__Methanobacteriaceae	Methanosphaera	Methanosphaera sp964530785	d__Archaea;p__Methanobacteriota;c__Methanobacteria;o__Methanobacteriales;f__Methanobacteriaceae;g__;s__	98.52	4.22	reference genome						
GCA_002067565.1_ASM206756v1_genomic	GCA_002067565.1	GB	d__Archaea;p__Methanobacteriota;c__Methanobacteria;o__Methanobacteriales;f__Methanobacteriaceae	Methanobacterium_A	Methanobacterium_A sp002067565	d__Archaea;p__Methanobacteriota;c__Methanobacteria;o__Methanobacteriales;f__Methanobacteriaceae;g__Methanobacterium;s__	64.59	1.32	reference genome						
GCA_964399685.1_binchicken_co190_441_genomic	GCA_964399685.1	GB	d__Archaea;p__Methanobacteriota;c__Methanobacteria;o__Methanobacteriales;f__Methanobacteriaceae	Methanobacterium_A	Methanobacterium_A sp964399685	d__Archaea;p__Methanobacteriota;c__Methanobacteria;o__Methanobacteriales;f__Methanobacteriaceae;g__Methanobacterium;s__	81.55	2.48	reference genome						
GCA_017883605.1_ASM1788360v1_genomic	GCA_017883605.1	GB	d__Archaea;p__Methanobacteriota;c__Methanobacteria;o__Methanobacteriales;f__Methanobacteriaceae	Methanobacterium_A	Methanobacterium_A sp017883605	d__Archaea;p__Methanobacteriota;c__Methanobacteria;o__Methanobacteriales;f__Methanobacteriaceae;g__;s__	95.16	0	reference genome						
GCA_020855015.1_ASM2085501v1_genomic	GCA_020855015.1	GB	d__Archaea;p__Methanobacteriota;c__Methanobacteria;o__Methanobacteriales;f__Methanobacteriaceae	Methanobacterium	Methanobacterium sp020855015	d__Archaea;p__Methanobacteriota;c__Methanobacteria;o__Methanobacteriales;f__Methanobacteriaceae;g__Methanobacterium;s__	86.21	0.19	reference genome						
GCF_047786645.1_ASM4778664v1_genomic	GCF_047786645.1	RS	d__Archaea;p__Methanobacteriota;c__Methanobacteria;o__Methanobacteriales;f__Methanobacteriaceae	Methanobacterium	Methanobacterium sp012838205	d__Archaea;p__Methanobacteriota;c__Methanobacteria;o__Methanobacteriales;f__Methanobacteriaceae;g__Methanobacterium;s__	99.75	0.07	reference genome						
GCA_036807545.1_ASM3680754v1_genomic	GCA_036807545.1	GB	d__Archaea;p__Methanobacteriota;c__Methanobacteria;o__Methanobacteriales;f__Methanobacteriaceae	Methanobacterium	Methanobacterium sp002496805	d__Archaea;p__Methanobacteriota;c__Methanobacteria;o__Methanobacteriales;f__Methanobacteriaceae;g__;s__	96.44	0.22	reference genome						
GCA_013403005.1_ASM1340300v1_genomic	GCA_013403005.1	GB	d__Archaea;p__Methanobacteriota;c__Methanobacteria;o__Methanobacteriales;f__Methanobacteriaceae	Methanobacterium	Methanobacterium sp013403005	d__Archaea;p__Methanobacteriota;c__Methanobacteria;o__Methanobacteriales;f__Methanobacteriaceae;g__;s__	99.76	1.59	reference genome						
GCA_020854975.1_ASM2085497v1_genomic	GCA_020854975.1	GB	d__Archaea;p__Methanobacteriota;c__Methanobacteria;o__Methanobacteriales;f__Methanobacteriaceae	Methanobacterium	Methanobacterium ferruginis	d__Archaea;p__Methanobacteriota;c__Methanobacteria;o__Methanobacteriales;f__Methanobacteriaceae;g__Methanobacterium;s__	87.44	1.08	reference genome						
GCF_017873625.1_ASM1787362v1_genomic	GCF_017873625.1	RS	d__Archaea;p__Methanobacteriota;c__Methanobacteria;o__Methanobacteriales;f__Methanobacteriaceae	Methanobacterium	Methanobacterium petrolearium	d__Archaea;p__Methanobacteriota;c__Methanobacteria;o__Methanobacteriales;f__Methanobacteriaceae;g__Methanobacterium;s__Methanobacterium petrolearium	99.63	1	reference genome						
GCA_002067065.1_ASM206706v1_genomic	GCA_002067065.1	GB	d__Archaea;p__Methanobacteriota;c__Methanobacteria;o__Methanobacteriales;f__Methanobacteriaceae	Methanobacterium	Methanobacterium sp002067065	d__Archaea;p__Methanobacteriota;c__Methanobacteria;o__Methanobacteriales;f__Methanobacteriaceae;g__Methanobacterium;s__	96.96	2.55	reference genome						
GCA_021199865.1_ASM2119986v1_genomic	GCA_021199865.1	GB	d__Archaea;p__Methanobacteriota;c__Methanobacteria;o__Methanobacteriales;f__Methanobacteriaceae	Methanosphaera	Methanosphaera sp021199865	d__Archaea;p__Methanobacteriota;c__Methanobacteria;o__Methanobacteriales;f__Methanobacteriaceae;g__Methanosphaera;s__	85.19	0.12	reference genome						
GCA_964447785.1_binchicken_co269_42_genomic	GCA_964447785.1	GB	d__Archaea;p__Methanobacteriota;c__Methanobacteria;o__Methanobacteriales;f__Methanobacteriaceae	Methanobacterium	Methanobacterium sp964447785	d__Archaea;p__Methanobacteriota;c__Methanobacteria;o__Methanobacteriales;f__Methanobacteriaceae;g__Methanobacterium;s__	87.17	0.04	reference genome						
GCA_964452085.1_SRP302447_co4_100_genomic	GCA_964452085.1	GB	d__Archaea;p__Methanobacteriota;c__Methanobacteria;o__Methanobacteriales;f__Methanobacteriaceae	Methanobacterium	Methanobacterium sp964452085	d__Archaea;p__Methanobacteriota;c__Methanobacteria;o__Methanobacteriales;f__Methanobacteriaceae;g__Methanobacterium;s__	98.12	0.14	reference genome						
GCF_050950605.1_ASM5095060v1_genomic	GCF_050950605.1	RS	d__Archaea;p__Methanobacteriota;c__Methanobacteria;o__Methanobacteriales;f__Methanobacteriaceae	Methanobacterium	Methanobacterium sp000499765	d__Archaea;p__Methanobacteriota;c__Methanobacteria;o__Methanobacteriales;f__Methanobacteriaceae;g__Methanobacterium;s__	99.98	0.1	reference genome						
GCA_000953115.1_DSM1535_genomic	GCA_000953115.1	GB	d__Archaea;p__Methanobacteriota;c__Methanobacteria;o__Methanobacteriales;f__Methanobacteriaceae	Methanobacterium	Methanobacterium formicicum	d__Archaea;p__Methanobacteriota;c__Methanobacteria;o__Methanobacteriales;f__Methanobacteriaceae;g__Methanobacterium;s__Methanobacterium formicicum	99.9	0.08	reference genome						
GCA_019351055.1_ASM1935105v1_genomic	GCA_019351055.1	GB	d__Archaea;p__Methanobacteriota;c__Methanobacteria;o__Methanobacteriales;f__Methanobacteriaceae	Methanobacterium	Methanobacterium subterraneum	d__Archaea;p__Methanobacteriota;c__Methanobacteria;o__Methanobacteriales;f__Methanobacteriaceae;g__Methanobacterium;s__	99.74	0.15	reference genome						
GCA_964655325.1_binchicken_co190_35_genomic	GCA_964655325.1	GB	d__Archaea;p__Methanobacteriota;c__Methanobacteria;o__Methanobacteriales;f__Methanobacteriaceae	Methanobacterium	Methanobacterium sp964655325	d__Archaea;p__Methanobacteriota;c__Methanobacteria;o__Methanobacteriales;f__Methanobacteriaceae;g__Methanobacterium;s__	80.84	0.85	reference genome						
GCA_030539815.1_ASM3053981v1_genomic	GCA_030539815.1	GB	d__Archaea;p__Methanobacteriota;c__Methanobacteria;o__Methanobacteriales;f__Methanobacteriaceae	Methanobacterium	Methanobacterium sp030539815	d__Archaea;p__Methanobacteriota;c__Methanobacteria;o__Methanobacteriales;f__Methanobacteriaceae;g__Methanobacterium;s__	94.3	0.1	reference genome						
GCF_000302455.1_ASM30245v1_genomic	GCF_000302455.1	RS	d__Archaea;p__Methanobacteriota;c__Methanobacteria;o__Methanobacteriales;f__Methanobacteriaceae	Methanobacterium	Methanobacterium formicicum_A	d__Archaea;p__Methanobacteriota;c__Methanobacteria;o__Methanobacteriales;f__Methanobacteriaceae;g__Methanobacterium;s__Methanobacterium formicicum	99.29	0.44	reference genome						
GCF_963665055.2_piHetPala1.Methanobacterium_sp_1.2_genomic	GCF_963665055.2	RS	d__Archaea;p__Methanobacteriota;c__Methanobacteria;o__Methanobacteriales;f__Methanobacteriaceae	Methanobacterium	Methanobacterium sp963665055	d__Archaea;p__Methanobacteriota;c__Methanobacteria;o__Methanobacteriales;f__Methanobacteriaceae;g__Methanobacterium;s__	99.95	2.45	reference genome						
GCA_963666025.1_piHetPala1.Methanobacterium_sp_2.1_genomic	GCA_963666025.1	GB	d__Archaea;p__Methanobacteriota;c__Methanobacteria;o__Methanobacteriales;f__Methanobacteriaceae	Methanobacterium	Methanobacterium sp963666025	d__Archaea;p__Methanobacteriota;c__Methanobacteria;o__Methanobacteriales;f__Methanobacteriaceae;g__Methanobacterium;s__	99.81	0.41	reference genome						
GCF_028890305.1_ASM2889030v1_genomic	GCF_028890305.1	RS	d__Archaea;p__Methanobacteriota;c__Methanobacteria;o__Methanobacteriales;f__Methanobacteriaceae	Methanosphaera	Methanosphaera massiliense	d__Archaea;p__Methanobacteriota;c__Methanobacteria;o__Methanobacteriales;f__Methanobacteriaceae;g__Methanosphaera;s__Candidatus Methanosphaera massiliense	99.88	0.23	reference genome						
GCF_034331145.1_ASM3433114v1_genomic	GCF_034331145.1	RS	d__Archaea;p__Methanobacteriota;c__Methanobacteria;o__Methanobacteriales;f__Methanobacteriaceae	Methanobacterium	Methanobacterium sp016217785	d__Archaea;p__Methanobacteriota;c__Methanobacteria;o__Methanobacteriales;f__Methanobacteriaceae;g__Methanobacterium;s__	97.43	0.42	reference genome						
GCA_000309865.1_MMad_1.0_genomic	GCA_000309865.1	GB	d__Archaea;p__Methanobacteriota;c__Methanobacteria;o__Methanobacteriales;f__Methanobacteriaceae	Methanobacterium	Methanobacterium sp000309865	d__Archaea;p__Methanobacteriota;c__Methanobacteria;o__Methanobacteriales;f__Methanobacteriaceae;g__Methanobacterium;s__	97.52	0.13	reference genome						
GCA_036787415.1_ASM3678741v1_genomic	GCA_036787415.1	GB	d__Archaea;p__Methanobacteriota;c__Methanobacteria;o__Methanobacteriales;f__Methanobacteriaceae	Methanobacterium	Methanobacterium sp029556335	d__Archaea;p__Methanobacteriota;c__Methanobacteria;o__Methanobacteriales;f__Methanobacteriaceae;g__;s__	99.14	0.27	reference genome						
GCA_027318585.1_ASM2731858v1_genomic	GCA_027318585.1	GB	d__Archaea;p__Methanobacteriota;c__Methanobacteria;o__Methanobacteriales;f__Methanobacteriaceae	Methanobacterium	Methanobacterium sp027318585	d__Archaea;p__Methanobacteriota;c__Methanobacteria;o__Methanobacteriales;f__Methanobacteriaceae;g__;s__	96.88	0	reference genome						
GCA_964508435.1_binchicken_co22_99_genomic	GCA_964508435.1	GB	d__Archaea;p__Methanobacteriota;c__Methanobacteria;o__Methanobacteriales;f__Methanobacteriaceae	Methanobacterium	Methanobacterium sp964508435	d__Archaea;p__Methanobacteriota;c__Methanobacteria;o__Methanobacteriales;f__Methanobacteriaceae;g__Methanobacterium;s__	89.77	1.36	reference genome						
GCA_039679285.1_ASM3967928v1_genomic	GCA_039679285.1	GB	d__Archaea;p__Methanobacteriota;c__Methanobacteria;o__Methanobacteriales;f__Methanobacteriaceae	Methanobacterium	Methanobacterium sp039679285	d__Archaea;p__Methanobacteriota;c__Methanobacteria;o__Methanobacteriales;f__Methanobacteriaceae;g__;s__	87.55	0	reference genome						
GCF_030323845.1_ASM3032384v1_genomic	GCF_030323845.1	RS	d__Archaea;p__Methanobacteriota;c__Methanobacteria;o__Methanobacteriales;f__Methanobacteriaceae	Methanobacterium	Methanobacterium aridiramus	d__Archaea;p__Methanobacteriota;c__Methanobacteria;o__Methanobacteriales;f__Methanobacteriaceae;g__Methanobacterium;s__Methanobacterium aridiramus	99.7	0.12	reference genome						
GCA_036677945.1_ASM3667794v1_genomic	GCA_036677945.1	GB	d__Archaea;p__Methanobacteriota;c__Methanobacteria;o__Methanobacteriales;f__Methanobacteriaceae	Methanobacterium	Methanobacterium sp030693105	d__Archaea;p__Methanobacteriota;c__Methanobacteria;o__Methanobacteriales;f__;g__;s__	93.05	0	reference genome						
GCA_035319165.1_ASM3531916v1_genomic	GCA_035319165.1	GB	d__Archaea;p__Methanobacteriota;c__Methanobacteria;o__Methanobacteriales;f__Methanobacteriaceae	Methanobacterium	Methanobacterium sp035319165	d__Archaea;p__Methanobacteriota;c__Methanobacteria;o__Methanobacteriales;f__Methanobacteriaceae;g__;s__	93.82	0.05	reference genome						
GCA_016874685.1_JGI_2017-08-21_genomic	GCA_016874685.1	GB	d__Archaea;p__Methanobacteriota;c__Methanobacteria;o__Methanobacteriales;f__Methanobacteriaceae	VGTM01	VGTM01 sp016874685	d__Archaea;p__Methanobacteriota;c__;o__;f__;g__;s__	96.7	0.12	reference genome						
GCA_015062815.1_ASM1506281v1_genomic	GCA_015062815.1	GB	d__Archaea;p__Methanobacteriota;c__Methanobacteria;o__Methanobacteriales;f__Methanobacteriaceae	Methanosphaera	Methanosphaera stadtmanae_B	d__Archaea;p__Methanobacteriota;c__Methanobacteria;o__Methanobacteriales;f__Methanobacteriaceae;g__Methanosphaera;s__Methanosphaera stadtmanae	87.77	0.05	reference genome						
GCF_027110435.1_ASM2711043v1_genomic	GCF_027110435.1	RS	d__Archaea;p__Methanobacteriota;c__Methanobacteria;o__Methanobacteriales;f__Methanobacteriaceae	Methanobacterium_D	Methanobacterium_D veterum	d__Archaea;p__Methanobacteriota;c__Methanobacteria;o__Methanobacteriales;f__Methanobacteriaceae;g__Methanobacterium;s__Methanobacterium veterum	100	2.59	reference genome						
GCF_001729285.1_ASM172928v1_genomic	GCF_001729285.1	RS	d__Archaea;p__Methanobacteriota;c__Methanobacteria;o__Methanobacteriales;f__Methanobacteriaceae	Methanobacterium_D	Methanobacterium_D bryantii	d__Archaea;p__Methanobacteriota;c__Methanobacteria;o__Methanobacteriales;f__Methanobacteriaceae;g__Methanobacterium;s__	99.99	2.9	reference genome						
GCF_038562635.1_ASM3856263v1_genomic	GCF_038562635.1	RS	d__Archaea;p__Methanobacteriota;c__Methanobacteria;o__Methanobacteriales;f__Methanobacteriaceae	Methanobacterium_D	Methanobacterium_D sp038562635	d__Archaea;p__Methanobacteriota;c__Methanobacteria;o__Methanobacteriales;f__Methanobacteriaceae;g__Methanobacterium;s__	99.97	3.44	reference genome						
GCA_002509665.1_ASM250966v1_genomic	GCA_002509665.1	GB	d__Archaea;p__Methanobacteriota;c__Methanobacteria;o__Methanobacteriales;f__Methanobacteriaceae	Methanobacterium_D	Methanobacterium_D sp002509665	d__Archaea;p__Methanobacteriota;c__Methanobacteria;o__Methanobacteriales;f__Methanobacteriaceae;g__Methanobacterium;s__	80.1	2.58	reference genome						
GCA_023409695.1_ASM2340969v1_genomic	GCA_023409695.1	GB	d__Archaea;p__Methanobacteriota;c__Methanobacteria;o__Methanobacteriales;f__Methanobacteriaceae	Methanobacterium_D	Methanobacterium_D sp023409695	d__Archaea;p__Methanobacteriota;c__;o__;f__;g__;s__	91.28	0.67	reference genome						
GCF_049723875.1_ASM4972387v1_genomic	GCF_049723875.1	RS	d__Archaea;p__Methanobacteriota;c__Methanobacteria;o__Methanobacteriales;f__Methanobacteriaceae	Methanobacterium_D	Methanobacterium_D sp049723875	d__Archaea;p__Methanobacteriota;c__Methanobacteria;o__Methanobacteriales;f__Methanobacteriaceae;g__Methanobacterium;s__	97.86	3.18	reference genome						
GCA_023436175.1_ASM2343617v1_genomic	GCA_023436175.1	GB	d__Archaea;p__Methanobacteriota;c__Methanobacteria;o__Methanobacteriales;f__Methanobacteriaceae	Methanobacterium_D	Methanobacterium_D sp023436175	d__Archaea;p__Methanobacteriota;c__;o__;f__;g__;s__	92.33	5.66	reference genome						
GCA_023411115.1_ASM2341111v1_genomic	GCA_023411115.1	GB	d__Archaea;p__Methanobacteriota;c__Methanobacteria;o__Methanobacteriales;f__Methanobacteriaceae	Methanobacterium_D	Methanobacterium_D sp023411115	d__Archaea;p__Methanobacteriota;c__;o__;f__;g__;s__	99.33	1.56	reference genome						
GCA_002505765.1_ASM250576v1_genomic	GCA_002505765.1	GB	d__Archaea;p__Methanobacteriota;c__Methanobacteria;o__Methanobacteriales;f__Methanobacteriaceae	Methanobacterium_D	Methanobacterium_D sp002505765	d__Archaea;p__Methanobacteriota;c__Methanobacteria;o__Methanobacteriales;f__Methanobacteriaceae;g__Methanobacterium;s__	99.69	0.05	reference genome						
GCA_002494885.1_ASM249488v1_genomic	GCA_002494885.1	GB	d__Archaea;p__Methanobacteriota;c__Methanobacteria;o__Methanobacteriales;f__Methanobacteriaceae	Methanobacterium_D	Methanobacterium_D sp002494885	d__Archaea;p__Methanobacteriota;c__Methanobacteria;o__Methanobacteriales;f__Methanobacteriaceae;g__Methanobacterium;s__	99.94	0.29	reference genome						
GCA_030539615.1_ASM3053961v1_genomic	GCA_030539615.1	GB	d__Archaea;p__Methanobacteriota;c__Methanobacteria;o__Methanobacteriales;f__Methanobacteriaceae	Methanosphaera	Methanosphaera sp030539615	d__Archaea;p__Methanobacteriota;c__Methanobacteria;o__Methanobacteriales;f__Methanobacteriaceae;g__;s__	94.02	0.02	reference genome						
GCA_030017655.1_ASM3001765v1_genomic	GCA_030017655.1	GB	d__Archaea;p__Methanobacteriota;c__Methanobacteria;o__Methanobacteriales;f__Methanobacteriaceae	Methanobacterium_D	Methanobacterium_D sp030017655	d__Archaea;p__Methanobacteriota;c__Methanobacteria;o__Methanobacteriales;f__Methanobacteriaceae;g__Methanobacterium;s__	95.67	0.81	reference genome						
GCA_963785285.1_MFD03899.bin.1.103_genomic	GCA_963785285.1	GB	d__Archaea;p__Methanobacteriota;c__Methanobacteria;o__Methanobacteriales;f__Methanobacteriaceae	Methanobacterium_D	Methanobacterium_D sp963785285	d__Archaea;p__Methanobacteriota;c__Methanobacteria;o__Methanobacteriales;f__Methanobacteriaceae;g__;s__	95.41	0.71	reference genome						
GCF_050433505.1_ASM5043350v1_genomic	GCF_050433505.1	RS	d__Archaea;p__Methanobacteriota;c__Methanobacteria;o__Methanobacteriales;f__Methanobacteriaceae	Methanobacterium_D	Methanobacterium_D oryzae	d__Archaea;p__Methanobacteriota;c__Methanobacteria;o__Methanobacteriales;f__Methanobacteriaceae;g__Methanobacterium;s__Methanobacterium oryzae	99.99	0.51	reference genome						
GCF_016222945.1_ASM1622294v1_genomic	GCF_016222945.1	RS	d__Archaea;p__Methanobacteriota;c__Methanobacteria;o__Methanobacteriales;f__Methanobacteriaceae	Methanobacterium_D	Methanobacterium_D sp016222945	d__Archaea;p__Methanobacteriota;c__Methanobacteria;o__Methanobacteriales;f__Methanobacteriaceae;g__Methanobacterium;s__	96.09	0.16	reference genome						
GCF_047495555.1_ASM4749555v1_genomic	GCF_047495555.1	RS	d__Archaea;p__Methanobacteriota;c__Methanobacteria;o__Methanobacteriales;f__Methanobacteriaceae	Methanobacterium_D	Methanobacterium_D sp040373355	d__Archaea;p__Methanobacteriota;c__Methanobacteria;o__Methanobacteriales;f__Methanobacteriaceae;g__Methanobacterium;s__	99.53	0.74	reference genome						
GCA_049706655.1_ASM4970665v1_genomic	GCA_049706655.1	GB	d__Archaea;p__Methanobacteriota;c__Methanobacteria;o__Methanobacteriales;f__Methanobacteriaceae	Methanobacterium_D	Methanobacterium_D sp049706655	d__Archaea;p__Methanobacteriota;c__Methanobacteria;o__Methanobacteriales;f__Methanobacteriaceae;g__Methanobacterium;s__	88.99	1.13	reference genome						
GCA_023434825.1_ASM2343482v1_genomic	GCA_023434825.1	GB	d__Archaea;p__Methanobacteriota;c__Methanobacteria;o__Methanobacteriales;f__Methanobacteriaceae	Methanobacterium_D	Methanobacterium_D sp023434825	d__Archaea;p__Methanobacteriota;c__;o__;f__;g__;s__	93.79	1.64	reference genome						
GCA_035319465.1_ASM3531946v1_genomic	GCA_035319465.1	GB	d__Archaea;p__Methanobacteriota;c__Methanobacteria;o__Methanobacteriales;f__Methanobacteriaceae	Methanobacterium_D	Methanobacterium_D sp035319465	d__Archaea;p__Methanobacteriota;c__Methanobacteria;o__Methanobacteriales;f__Methanobacteriaceae;g__Methanobacterium;s__	75.66	4.2	reference genome						
GCA_039666455.1_ASM3966645v1_genomic	GCA_039666455.1	GB	d__Archaea;p__Methanobacteriota;c__Methanobacteria;o__Methanobacteriales;f__Methanobacteriaceae	Methanobacterium_D	Methanobacterium_D sp039666455	d__Archaea;p__Methanobacteriota;c__Methanobacteria;o__Methanobacteriales;f__Methanobacteriaceae;g__Methanobacterium;s__	98.38	0.27	reference genome						
GCA_039666435.1_ASM3966643v1_genomic	GCA_039666435.1	GB	d__Archaea;p__Methanobacteriota;c__Methanobacteria;o__Methanobacteriales;f__Methanobacteriaceae	Methanobacterium_D	Methanobacterium_D sp039666535	d__Archaea;p__Methanobacteriota;c__Methanobacteria;o__Methanobacteriales;f__Methanobacteriaceae;g__;s__	90.59	0.17	reference genome						
GCA_009777005.1_ASM977700v1_genomic	GCA_009777005.1	GB	d__Archaea;p__Methanobacteriota;c__Methanobacteria;o__Methanobacteriales;f__Methanobacteriaceae	Methanorudis	Methanorudis sp009777005	d__Archaea;p__Methanobacteriota;c__Methanobacteria;o__Methanobacteriales;f__Methanobacteriaceae;g__Methanobrevibacter;s__	87.49	0.97	reference genome						
GCA_963787255.1_MFD02809.bin.1.56_genomic	GCA_963787255.1	GB	d__Archaea;p__Methanobacteriota;c__Methanobacteria;o__Methanobacteriales;f__Methanobacteriaceae	Methanobacterium_D	Methanobacterium_D sp963787255	d__Archaea;p__Methanobacteriota;c__;o__;f__;g__;s__	95.05	4.57	reference genome						
GCA_963718335.1_MFD00032.bin.1.54_genomic	GCA_963718335.1	GB	d__Archaea;p__Methanobacteriota;c__Methanobacteria;o__Methanobacteriales;f__Methanobacteriaceae	Methanobacterium_D	Methanobacterium_D sp963718335	d__Archaea;p__Methanobacteriota;c__;o__;f__;g__;s__	96.5	1.71	reference genome						
GCA_963785515.1_MFD01112.bin.1.15_genomic	GCA_963785515.1	GB	d__Archaea;p__Methanobacteriota;c__Methanobacteria;o__Methanobacteriales;f__Methanobacteriaceae	Methanobacterium_A	Methanobacterium_A sp963785515	d__Archaea;p__Methanobacteriota;c__Methanobacteria;o__Methanobacteriales;f__Methanobacteriaceae;g__;s__	98.99	0.91	reference genome						
GCA_049516135.1_ASM4951613v1_genomic	GCA_049516135.1	GB	d__Archaea;p__Methanobacteriota;c__Methanobacteria;o__Methanobacteriales;f__Methanobacteriaceae	Methanobacterium_A	Methanobacterium_A sp015661405	d__Archaea;p__Methanobacteriota;c__Methanobacteria;o__Methanobacteriales;f__Methanobacteriaceae;g__Methanobacterium;s__	95.63	0.25	reference genome						
GCA_963707035.1_MFD00082.bin.1.130_genomic	GCA_963707035.1	GB	d__Archaea;p__Methanobacteriota;c__Methanobacteria;o__Methanobacteriales;f__Methanobacteriaceae	Methanobacterium_A	Methanobacterium_A sp963707035	d__Archaea;p__Methanobacteriota;c__Methanobacteria;o__Methanobacteriales;f__Methanobacteriaceae;g__;s__	97.6	4.55	reference genome						
GCA_003166335.1_20110700_S2D_genomic	GCA_003166335.1	GB	d__Archaea;p__Methanobacteriota;c__Methanobacteria;o__Methanobacteriales;f__Methanobacteriaceae	Methanobacterium_A	Methanobacterium_A sp003166335	d__Archaea;p__Methanobacteriota;c__Methanobacteria;o__Methanobacteriales;f__Methanobacteriaceae;g__Methanobacterium;s__	99.43	0.15	reference genome						
GCA_963739415.1_MFD02138.bin.1.8_genomic	GCA_963739415.1	GB	d__Archaea;p__Methanobacteriota;c__Methanobacteria;o__Methanobacteriales;f__Methanobacteriaceae	Methanobacterium_A	Methanobacterium_A sp963739415	d__Archaea;p__Methanobacteriota;c__Methanobacteria;o__Methanobacteriales;f__Methanobacteriaceae;g__;s__	99.74	0.65	reference genome						
GCA_003161815.1_20100900_E3D_genomic	GCA_003161815.1	GB	d__Archaea;p__Methanobacteriota;c__Methanobacteria;o__Methanobacteriales;f__Methanobacteriaceae	Methanobacterium_A	Methanobacterium_A sp003161815	d__Archaea;p__Methanobacteriota;c__Methanobacteria;o__Methanobacteriales;f__Methanobacteriaceae;g__Methanobacterium;s__	67.61	0.48	reference genome						
GCA_963719565.1_MFD03323.bin.1.25_genomic	GCA_963719565.1	GB	d__Archaea;p__Methanobacteriota;c__Methanobacteria;o__Methanobacteriales;f__Methanobacteriaceae	Methanobacterium_A	Methanobacterium_A sp963719565	d__Archaea;p__Methanobacteriota;c__Methanobacteria;o__Methanobacteriales;f__Methanobacteriaceae;g__;s__	96.27	2.38	reference genome						
GCA_003491285.1_ASM349128v1_genomic	GCA_003491285.1	GB	d__Archaea;p__Methanobacteriota;c__Methanobacteria;o__Methanobacteriales;f__Methanobacteriaceae	UBA117	UBA117 sp002494785	d__Archaea;p__Methanobacteriota;c__Methanobacteria;o__Methanobacteriales;f__Methanobacteriaceae;g__Methanobacterium;s__	99.87	0.13	reference genome						
GCA_031286225.1_ASM3128622v1_genomic	GCA_031286225.1	GB	d__Archaea;p__Methanobacteriota;c__Methanobacteria;o__Methanobacteriales;f__Methanobacteriaceae	Methanorudis	Methanorudis spinitermitis	d__Archaea;p__Methanobacteriota;c__Methanobacteria;o__Methanobacteriales;f__Methanobacteriaceae;g__Candidatus Methanorudis;s__Candidatus Methanorudis spinitermitis	93.91	0.04	reference genome						
GCA_049975245.1_ASM4997524v1_genomic	GCA_049975245.1	GB	d__Archaea;p__Methanobacteriota;c__Methanobacteria;o__Methanobacteriales;f__Methanobacteriaceae	UBA117	UBA117 sp049975245	d__Archaea;p__Methanobacteriota;c__Methanomicrobia;o__Methanomicrobiales;f__;g__;s__	99.83	0.15	reference genome						
GCA_030016715.1_ASM3001671v1_genomic	GCA_030016715.1	GB	d__Archaea;p__Methanobacteriota;c__Methanobacteria;o__Methanobacteriales;f__Methanobacteriaceae	UBA117	UBA117 sp030016715	d__Archaea;p__Methanobacteriota;c__Methanobacteria;o__Methanobacteriales;f__Methanobacteriaceae;g__;s__	91.72	0.37	reference genome						
GCA_964559295.1_binchicken_co193_104_genomic	GCA_964559295.1	GB	d__Archaea;p__Methanobacteriota;c__Methanobacteria;o__Methanobacteriales;f__Methanobacteriaceae	CAZLGO01	CAZLGO01 sp964559295	d__Archaea;p__Methanobacteriota;c__Methanobacteria;o__Methanobacteriales;f__Methanobacteriaceae;g__;s__	94.24	0.2	reference genome						
GCA_019084405.1_ASM1908440v1_genomic	GCA_019084405.1	GB	d__Archaea;p__Methanobacteriota;c__Methanobacteria;o__Methanobacteriales;f__Methanobacteriaceae	Methanobacterium_F	Methanobacterium_F sp019084405	d__Archaea;p__Methanobacteriota;c__Methanobacteria;o__Methanobacteriales;f__Methanobacteriaceae;g__Methanobacterium;s__	97.43	0.11	reference genome						
GCF_018141185.1_ASM1814118v1_genomic	GCF_018141185.1	RS	d__Archaea;p__Methanobacteriota;c__Methanobacteria;o__Methanobacteriales;f__Methanobacteriaceae	Methanobacterium_F	Methanobacterium_F alkalithermotolerans	d__Archaea;p__Methanobacteriota;c__Methanobacteria;o__Methanobacteriales;f__Methanobacteriaceae;g__Methanobacterium;s__Methanobacterium alkalithermotolerans	99.92	0.03	reference genome						
GCA_947259185.1_ERZ12284522_genomic	GCA_947259185.1	GB	d__Archaea;p__Methanobacteriota;c__Methanobacteria;o__Methanobacteriales;f__Methanobacteriaceae	Methanobacterium_F	Methanobacterium_F sp947259185	d__Archaea;p__Methanobacteriota;c__Methanobacteria;o__Methanobacteriales;f__Methanobacteriaceae;g__;s__	87.54	0.2	reference genome						
GCA_003558085.1_ASM355808v1_genomic	GCA_003558085.1	GB	d__Archaea;p__Methanobacteriota;c__Methanobacteria;o__Methanobacteriales;f__Methanobacteriaceae	Methanobacterium_F	Methanobacterium_F sp003558085	d__Archaea;p__Methanobacteriota;c__Methanobacteria;o__Methanobacteriales;f__Methanobacteriaceae;g__;s__	95.87	0.73	reference genome						
GCF_017874455.1_ASM1787445v1_genomic	GCF_017874455.1	RS	d__Archaea;p__Methanobacteriota;c__Methanobacteria;o__Methanobacteriales;f__Methanobacteriaceae	Methanobacterium_C	Methanobacterium_C aggregans	d__Archaea;p__Methanobacteriota;c__Methanobacteria;o__Methanobacteriales;f__Methanobacteriaceae;g__Methanobacterium;s__Methanobacterium aggregans	99.79	0.22	reference genome						
GCF_900095295.1_MCBB_genomic	GCF_900095295.1	RS	d__Archaea;p__Methanobacteriota;c__Methanobacteria;o__Methanobacteriales;f__Methanobacteriaceae	Methanobacterium_C	Methanobacterium_C congolense	d__Archaea;p__Methanobacteriota;c__Methanobacteria;o__Methanobacteriales;f__Methanobacteriaceae;g__Methanobacterium;s__Methanobacterium congolense	99.95	0.13	reference genome						
GCA_002495365.1_ASM249536v1_genomic	GCA_002495365.1	GB	d__Archaea;p__Methanobacteriota;c__Methanobacteria;o__Methanobacteriales;f__Methanobacteriaceae	Methanobacterium_C	Methanobacterium_C sp002498385	d__Archaea;p__Methanobacteriota;c__Methanobacteria;o__Methanobacteriales;f__Methanobacteriaceae;g__Methanobacterium;s__	99.96	0.01	reference genome						
GCA_009776495.1_ASM977649v1_genomic	GCA_009776495.1	GB	d__Archaea;p__Methanobacteriota;c__Methanobacteria;o__Methanobacteriales;f__Methanobacteriaceae	Methanorudis	Methanorudis sp009776495	d__Archaea;p__Methanobacteriota;c__Methanobacteria;o__Methanobacteriales;f__Methanobacteriaceae;g__Methanobrevibacter;s__	68.67	2.88	reference genome						
GCA_963845285.1_MFD01299.bin.2.199_genomic	GCA_963845285.1	GB	d__Archaea;p__Methanobacteriota;c__Methanobacteria;o__Methanobacteriales;f__Methanobacteriaceae	Methanobacterium_C	Methanobacterium_C sp963845285	d__Archaea;p__Methanobacteriota;c__Methanobacteria;o__Methanobacteriales;f__Methanobacteriaceae;g__;s__	86.33	3.12	reference genome						
GCF_000214725.1_ASM21472v1_genomic	GCF_000214725.1	RS	d__Archaea;p__Methanobacteriota;c__Methanobacteria;o__Methanobacteriales;f__Methanobacteriaceae	Methanobacterium_C	Methanobacterium_C paludis	d__Archaea;p__Methanobacteriota;c__Methanobacteria;o__Methanobacteriales;f__Methanobacteriaceae;g__Methanobacterium;s__Methanobacterium paludis	99.94	0.3	reference genome						
GCA_023430285.1_ASM2343028v1_genomic	GCA_023430285.1	GB	d__Archaea;p__Methanobacteriota;c__Methanobacteria;o__Methanobacteriales;f__Methanobacteriaceae	Methanobacterium_B	Methanobacterium_B sp023430285	d__Archaea;p__Methanobacteriota;c__;o__;f__;g__;s__	82.57	0.98	reference genome						
GCF_000191585.1_ASM19158v1_genomic	GCF_000191585.1	RS	d__Archaea;p__Methanobacteriota;c__Methanobacteria;o__Methanobacteriales;f__Methanobacteriaceae	Methanobacterium_B	Methanobacterium_B lacus	d__Archaea;p__Methanobacteriota;c__Methanobacteria;o__Methanobacteriales;f__Methanobacteriaceae;g__Methanobacterium;s__Methanobacterium lacus	99.88	0.22	reference genome						
GCA_024167805.1_ASM2416780v1_genomic	GCA_024167805.1	GB	d__Archaea;p__Methanobacteriota;c__Methanobacteria;o__Methanobacteriales;f__Methanobacteriaceae	Methanobacterium_B	Methanobacterium_B sp024167805	d__Archaea;p__Methanobacteriota;c__Methanobacteria;o__Methanobacteriales;f__Methanobacteriaceae;g__Methanobacterium;s__	93.94	2.16	reference genome						
GCA_963703015.1_MFD04716.bin.c.1_genomic	GCA_963703015.1	GB	d__Archaea;p__Methanobacteriota;c__Methanobacteria;o__Methanobacteriales;f__Methanobacteriaceae	Methanobacterium_B	Methanobacterium_B sp963703015	d__Archaea;p__Methanobacteriota;c__Methanobacteria;o__Methanobacteriales;f__Methanobacteriaceae;g__;s__	99.91	0.74	reference genome						
GCA_009712615.1_ASM971261v1_genomic	GCA_009712615.1	GB	d__Archaea;p__Methanobacteriota;c__Methanobacteria;o__Methanobacteriales;f__Methanobacteriaceae	Methanobacterium_B	Methanobacterium_B sp009712615	d__Archaea;p__Methanobacteriota;c__Methanobacteria;o__Methanobacteriales;f__Methanobacteriaceae;g__Methanobacterium;s__	92.05	0.24	reference genome						
GCA_963704525.1_MFD02416.bin.1.248_genomic	GCA_963704525.1	GB	d__Archaea;p__Methanobacteriota;c__Methanobacteria;o__Methanobacteriales;f__Methanobacteriaceae	Methanobacterium_B	Methanobacterium_B sp963704525	d__Archaea;p__Methanobacteriota;c__Methanobacteria;o__Methanobacteriales;f__Methanobacteriaceae;g__;s__	95.64	0.24	reference genome						
GCA_963788665.1_MFD08203.bin.3.40_genomic	GCA_963788665.1	GB	d__Archaea;p__Methanobacteriota;c__Methanobacteria;o__Methanobacteriales;f__Methanobacteriaceae	Methanobacterium_B	Methanobacterium_B sp963788665	d__Archaea;p__Methanobacteriota;c__Methanobacteria;o__Methanobacteriales;f__Methanobacteriaceae;g__;s__	55.74	1.08	reference genome						
GCA_963825335.1_MFD05512.bin.1.236_genomic	GCA_963825335.1	GB	d__Archaea;p__Methanobacteriota;c__Methanobacteria;o__Methanobacteriales;f__Methanobacteriaceae	Methanobacterium_B	Methanobacterium_B sp963825335	d__Archaea;p__Methanobacteriota;c__Methanobacteria;o__Methanobacteriales;f__Methanobacteriaceae;g__;s__	99.17	0.43	reference genome						
GCA_031272765.1_ASM3127276v1_genomic	GCA_031272765.1	GB	d__Archaea;p__Methanobacteriota;c__Methanobacteria;o__Methanobacteriales;f__Methanobacteriaceae	Methanovirga	Methanovirga australis	d__Archaea;p__Methanobacteriota;c__Methanobacteria;o__Methanobacteriales;f__Methanobacteriaceae;g__Candidatus Methanovirga;s__Candidatus Methanovirga australis	93.51	1.84	reference genome						
GCA_963704695.1_MFD09286.bin.c.5_genomic	GCA_963704695.1	GB	d__Archaea;p__Methanobacteriota;c__Methanobacteria;o__Methanobacteriales;f__Methanobacteriaceae	Methanobacterium_B	Methanobacterium_B sp963704695	d__Archaea;p__Methanobacteriota;c__Methanobacteria;o__Methanobacteriales;f__Methanobacteriaceae;g__;s__	97.11	0.33	reference genome						
GCA_963765255.1_MFD06435.bin.2.182_genomic	GCA_963765255.1	GB	d__Archaea;p__Methanobacteriota;c__Methanobacteria;o__Methanobacteriales;f__Methanobacteriaceae	Methanobacterium_B	Methanobacterium_B sp963765255	d__Archaea;p__Methanobacteriota;c__Methanobacteria;o__Methanobacteriales;f__Methanobacteriaceae;g__;s__	71.62	0	reference genome						
GCA_963776515.1_MFD06435.bin.4.368_genomic	GCA_963776515.1	GB	d__Archaea;p__Methanobacteriota;c__Methanobacteria;o__Methanobacteriales;f__Methanobacteriaceae	Methanobacterium_B	Methanobacterium_B sp963776515	d__Archaea;p__Methanobacteriota;c__Methanobacteria;o__Methanobacteriales;f__Methanobacteriaceae;g__;s__	69.47	0	reference genome						
GCF_049697495.1_ASM4969749v1_genomic	GCF_049697495.1	RS	d__Archaea;p__Methanobacteriota;c__Methanobacteria;o__Methanobacteriales;f__Methanobacteriaceae	Methanobacterium_B	Methanobacterium_B sp049688275	d__Archaea;p__Methanobacteriota;c__Methanobacteria;o__Methanobacteriales;f__Methanobacteriaceae;g__Methanobacterium;s__	94.24	0.25	reference genome						
GCA_003158115.1_20120600_S2D_genomic	GCA_003158115.1	GB	d__Archaea;p__Methanobacteriota;c__Methanobacteria;o__Methanobacteriales;f__Methanobacteriaceae	Methanobacterium_B	Methanobacterium_B sp003158115	d__Archaea;p__Methanobacteriota;c__Methanobacteria;o__Methanobacteriales;f__Methanobacteriaceae;g__Methanobacterium;s__	93.67	0.13	reference genome						
GCA_003164415.1_20120700_S1D_genomic	GCA_003164415.1	GB	d__Archaea;p__Methanobacteriota;c__Methanobacteria;o__Methanobacteriales;f__Methanobacteriaceae	Methanobacterium_B	Methanobacterium_B sp003164415	d__Archaea;p__Methanobacteriota;c__Methanobacteria;o__Methanobacteriales;f__Methanobacteriaceae;g__Methanobacterium;s__	76.66	1.27	reference genome						
GCA_003151535.1_20120700_P3D_genomic	GCA_003151535.1	GB	d__Archaea;p__Methanobacteriota;c__Methanobacteria;o__Methanobacteriales;f__Methanobacteriaceae	Methanobacterium_B	Methanobacterium_B sp003151535	d__Archaea;p__Methanobacteriota;c__Methanobacteria;o__Methanobacteriales;f__Methanobacteriaceae;g__Methanobacterium;s__	95.53	1.45	reference genome						
GCA_963775495.1_MFD01716.bin.1.165_genomic	GCA_963775495.1	GB	d__Archaea;p__Methanobacteriota;c__Methanobacteria;o__Methanobacteriales;f__Methanobacteriaceae	Methanobacterium_B	Methanobacterium_B sp963775495	d__Archaea;p__Methanobacteriota;c__Methanobacteria;o__Methanobacteriales;f__Methanobacteriaceae;g__;s__	96.71	0.24	reference genome						
GCA_963763925.1_MFD05502.bin.2.123_genomic	GCA_963763925.1	GB	d__Archaea;p__Methanobacteriota;c__Methanobacteria;o__Methanobacteriales;f__Methanobacteriaceae	Methanobacterium_B	Methanobacterium_B sp963763925	d__Archaea;p__Methanobacteriota;c__Methanobacteria;o__Methanobacteriales;f__Methanobacteriaceae;g__;s__	78.8	1.46	reference genome						
GCA_049282035.1_MFD02790_ilm_asm_bin3_genomic	GCA_049282035.1	GB	d__Archaea;p__Methanobacteriota;c__Methanobacteria;o__Methanobacteriales;f__Methanobacteriaceae	Methanobacterium_B	Methanobacterium_B sp963829125	d__Archaea;p__Methanobacteriota;c__Methanobacteria;o__Methanobacteriales;f__Methanobacteriaceae;g__Methanobacterium;s__	93.4	0.37	reference genome						
GCA_030539755.1_ASM3053975v1_genomic	GCA_030539755.1	GB	d__Archaea;p__Methanobacteriota;c__Methanobacteria;o__Methanobacteriales;f__Methanobacteriaceae	Methanosphaera	Methanosphaera sp003266065	d__Archaea;p__Methanobacteriota;c__Methanobacteria;o__Methanobacteriales;f__Methanobacteriaceae;g__Methanosphaera;s__	89.64	0.12	reference genome						
GCA_031280375.1_ASM3128037v1_genomic	GCA_031280375.1	GB	d__Archaea;p__Methanobacteriota;c__Methanobacteria;o__Methanobacteriales;f__Methanobacteriaceae	Methanovirga	Methanovirga procula	d__Archaea;p__Methanobacteriota;c__Methanobacteria;o__Methanobacteriales;f__Methanobacteriaceae;g__Candidatus Methanovirga;s__Candidatus Methanovirga procula	84.78	0.47	reference genome						
GCA_963819205.1_MFD05377.bin.2.136_genomic	GCA_963819205.1	GB	d__Archaea;p__Methanobacteriota;c__Methanobacteria;o__Methanobacteriales;f__Methanobacteriaceae	Methanobacterium_B	Methanobacterium_B sp963819205	d__Archaea;p__Methanobacteriota;c__Methanobacteria;o__Methanobacteriales;f__Methanobacteriaceae;g__;s__	79.72	3.66	reference genome						
GCA_003162115.1_20100900_E2D_genomic	GCA_003162115.1	GB	d__Archaea;p__Methanobacteriota;c__Methanobacteria;o__Methanobacteriales;f__Methanobacteriaceae	Methanobacterium_B	Methanobacterium_B sp003162115	d__Archaea;p__Methanobacteriota;c__Methanobacteria;o__Methanobacteriales;f__Methanobacteriaceae;g__Methanobacterium;s__	87.27	0.05	reference genome						
GCA_003162655.1_20100900_E2S_genomic	GCA_003162655.1	GB	d__Archaea;p__Methanobacteriota;c__Methanobacteria;o__Methanobacteriales;f__Methanobacteriaceae	Methanobacterium_B	Methanobacterium_B sp003162655	d__Archaea;p__Methanobacteriota;c__Methanobacteria;o__Methanobacteriales;f__Methanobacteriaceae;g__Methanobacterium;s__	68.39	0.97	reference genome						
GCA_963733445.1_MFD01188.bin.1.48_genomic	GCA_963733445.1	GB	d__Archaea;p__Methanobacteriota;c__Methanobacteria;o__Methanobacteriales;f__Methanobacteriaceae	Methanobacterium_B	Methanobacterium_B sp963733445	d__Archaea;p__Methanobacteriota;c__Methanobacteria;o__Methanobacteriales;f__Methanobacteriaceae;g__;s__	93.44	0.5	reference genome						
GCA_963768755.1_MFD01476.bin.1.202_genomic	GCA_963768755.1	GB	d__Archaea;p__Methanobacteriota;c__Methanobacteria;o__Methanobacteriales;f__Methanobacteriaceae	Methanobacterium_B	Methanobacterium_B sp963768755	d__Archaea;p__Methanobacteriota;c__Methanobacteria;o__Methanobacteriales;f__Methanobacteriaceae;g__;s__	95.95	0.82	reference genome						
GCA_963740435.1_MFD02809.bin.1.192_genomic	GCA_963740435.1	GB	d__Archaea;p__Methanobacteriota;c__Methanobacteria;o__Methanobacteriales;f__Methanobacteriaceae	Methanobacterium_B	Methanobacterium_B sp963740435	d__Archaea;p__Methanobacteriota;c__Methanobacteria;o__Methanobacteriales;f__Methanobacteriaceae;g__;s__	96.12	0.29	reference genome						
GCF_000744455.1_ASM74445v1_genomic	GCF_000744455.1	RS	d__Archaea;p__Methanobacteriota;c__Methanobacteria;o__Methanobacteriales;f__Methanobacteriaceae	Methanobacterium_B	Methanobacterium_B sp000744455	d__Archaea;p__Methanobacteriota;c__Methanobacteria;o__Methanobacteriales;f__Methanobacteriaceae;g__Methanobacterium;s__	97.24	0.07	reference genome						
GCA_028700095.1_ASM2870009v1_genomic	GCA_028700095.1	GB	d__Archaea;p__Methanobacteriota;c__Methanobacteria;o__Methanobacteriales;f__Methanobacteriaceae	Methanobacterium_B	Methanobacterium_B sp028700095	d__Archaea;p__Methanobacteriota;c__Methanobacteria;o__Methanobacteriales;f__Methanobacteriaceae;g__Methanobacterium;s__	89.41	0.52	reference genome						
GCA_963831915.1_MFD05674.bin.1.100_genomic	GCA_963831915.1	GB	d__Archaea;p__Methanobacteriota;c__Methanobacteria;o__Methanobacteriales;f__Methanobacteriaceae	Methanobacterium_B	Methanobacterium_B sp963831915	d__Archaea;p__Methanobacteriota;c__Methanobacteria;o__Methanobacteriales;f__Methanobacteriaceae;g__;s__	95.43	1.77	reference genome						
GCA_963741475.1_MFD04716.bin.1.234_genomic	GCA_963741475.1	GB	d__Archaea;p__Methanobacteriota;c__Methanobacteria;o__Methanobacteriales;f__Methanobacteriaceae	Methanobacterium_B	Methanobacterium_B sp963741475	d__Archaea;p__Methanobacteriota;c__Methanobacteria;o__Methanobacteriales;f__Methanobacteriaceae;g__;s__	95.31	2.49	reference genome						
GCA_031289325.1_ASM3128932v1_genomic	GCA_031289325.1	GB	d__Archaea;p__Methanobacteriota;c__Methanobacteria;o__Methanobacteriales;f__Methanobacteriaceae	Methanovirga	Methanovirga meridionalis	d__Archaea;p__Methanobacteriota;c__Methanobacteria;o__Methanobacteriales;f__Methanobacteriaceae;g__Candidatus Methanovirga;s__Candidatus Methanovirga meridionalis	92.51	0.14	reference genome						
GCA_963814425.1_MFD04716.bin.1.246_genomic	GCA_963814425.1	GB	d__Archaea;p__Methanobacteriota;c__Methanobacteria;o__Methanobacteriales;f__Methanobacteriaceae	Methanobacterium_B	Methanobacterium_B sp963814425	d__Archaea;p__Methanobacteriota;c__Methanobacteria;o__Methanobacteriales;f__Methanobacteriaceae;g__;s__	92.31	4.14	reference genome						
GCA_036803605.1_ASM3680360v1_genomic	GCA_036803605.1	GB	d__Archaea;p__Methanobacteriota;c__Methanobacteria;o__Methanobacteriales;f__Methanobacteriaceae	Methanobacterium_B	Methanobacterium_B sp036803605	d__Archaea;p__Methanobacteriota;c__Methanobacteria;o__Methanobacteriales;f__Methanobacteriaceae;g__Methanobacterium;s__	71.61	0.36	reference genome						
GCA_963771995.1_MFD01476.bin.2.82_genomic	GCA_963771995.1	GB	d__Archaea;p__Methanobacteriota;c__Methanobacteria;o__Methanobacteriales;f__Methanobacteriaceae	Methanobacterium_B	Methanobacterium_B sp963771995	d__Archaea;p__Methanobacteriota;c__Methanobacteria;o__Methanobacteriales;f__Methanobacteriaceae;g__;s__	87.98	2.44	reference genome						
GCA_031289975.1_ASM3128997v1_genomic	GCA_031289975.1	GB	d__Archaea;p__Methanobacteriota;c__Methanobacteria;o__Methanobacteriales;f__Methanobacteriaceae	Methanovirga	Methanovirga sp031289975	d__Archaea;p__Methanobacteriota;c__Methanobacteria;o__Methanobacteriales;f__Methanobacteriaceae;g__Methanobrevibacter;s__	84.6	0.05	reference genome						
GCA_031282205.1_ASM3128220v1_genomic	GCA_031282205.1	GB	d__Archaea;p__Methanobacteriota;c__Methanobacteria;o__Methanobacteriales;f__Methanobacteriaceae	Methanovirga	Methanovirga aequatorialis	d__Archaea;p__Methanobacteriota;c__Methanobacteria;o__Methanobacteriales;f__Methanobacteriaceae;g__Candidatus Methanovirga;s__Candidatus Methanovirga aequatorialis	85.51	0.2	reference genome						
GCA_031284445.1_ASM3128444v1_genomic	GCA_031284445.1	GB	d__Archaea;p__Methanobacteriota;c__Methanobacteria;o__Methanobacteriales;f__Methanobacteriaceae	Methanovirga	Methanovirga basalitermitum	d__Archaea;p__Methanobacteriota;c__Methanobacteria;o__Methanobacteriales;f__Methanobacteriaceae;g__Candidatus Methanovirga;s__Candidatus Methanovirga basalitermitum	84.93	0.53	reference genome						
GCA_031284925.1_ASM3128492v1_genomic	GCA_031284925.1	GB	d__Archaea;p__Methanobacteriota;c__Methanobacteria;o__Methanobacteriales;f__Methanobacteriaceae	Methanovirga	Methanovirga sp031284925	d__Archaea;p__Methanobacteriota;c__Methanobacteria;o__Methanobacteriales;f__Methanobacteriaceae;g__Methanobrevibacter;s__	63.6	0	reference genome						
GCF_001639265.1_ASM163926v1_genomic	GCF_001639265.1	RS	d__Archaea;p__Methanobacteriota;c__Methanobacteria;o__Methanobacteriales;f__Methanobacteriaceae	Methanacia	Methanacia filiformis	d__Archaea;p__Methanobacteriota;c__Methanobacteria;o__Methanobacteriales;f__Methanobacteriaceae;g__Methanobrevibacter;s__Methanobrevibacter filiformis	92.85	0	reference genome						
GCF_001639285.1_ASM163928v1_genomic	GCF_001639285.1	RS	d__Archaea;p__Methanobacteriota;c__Methanobacteria;o__Methanobacteriales;f__Methanobacteriaceae	Methanobaculum	Methanobaculum cuticulare	d__Archaea;p__Methanobacteriota;c__Methanobacteria;o__Methanobacteriales;f__Methanobacteriaceae;g__Methanobrevibacter;s__Methanobrevibacter cuticularis	94.69	0.33	reference genome						
GCF_001639295.1_ASM163929v1_genomic	GCF_001639295.1	RS	d__Archaea;p__Methanobacteriota;c__Methanobacteria;o__Methanobacteriales;f__Methanobacteriaceae	Methanoflexus	Methanoflexus curvatus	d__Archaea;p__Methanobacteriota;c__Methanobacteria;o__Methanobacteriales;f__Methanobacteriaceae;g__Methanobrevibacter;s__Methanobrevibacter curvatus	94.89	0	reference genome						
GCA_964431035.1_SRP278969_co2_34_genomic	GCA_964431035.1	GB	d__Archaea;p__Methanobacteriota;c__Methanobacteria;o__Methanobacteriales;f__Methanobacteriaceae	Methanobrevibacter_A	Methanobrevibacter_A sp964431035	d__Archaea;p__Methanobacteriota;c__Methanobacteria;o__Methanobacteriales;f__Methanobacteriaceae;g__;s__	92.77	0.06	reference genome						
GCA_003266145.1_ASM326614v1_genomic	GCA_003266145.1	GB	d__Archaea;p__Methanobacteriota;c__Methanobacteria;o__Methanobacteriales;f__Methanobacteriaceae	Methanosphaera	Methanosphaera sp003266145	d__Archaea;p__Methanobacteriota;c__Methanobacteria;o__Methanobacteriales;f__Methanobacteriaceae;g__Methanosphaera;s__	86.27	0.5	reference genome						
GCA_964547125.1_SRP278969_co2_620_genomic	GCA_964547125.1	GB	d__Archaea;p__Methanobacteriota;c__Methanobacteria;o__Methanobacteriales;f__Methanobacteriaceae	Methanobrevibacter_A	Methanobrevibacter_A sp964547125	d__Archaea;p__Methanobacteriota;c__Methanobacteria;o__Methanobacteriales;f__Methanobacteriaceae;g__;s__	85.22	0.07	reference genome						
GCA_900314635.1_Rumen_uncultured_genome_RUG020_genomic	GCA_900314635.1	GB	d__Archaea;p__Methanobacteriota;c__Methanobacteria;o__Methanobacteriales;f__Methanobacteriaceae	Methanobrevibacter	Methanobrevibacter sp900314635	d__Archaea;p__Methanobacteriota;c__Methanobacteria;o__Methanobacteriales;f__Methanobacteriaceae;g__Methanobrevibacter;s__	96.84	0.51	reference genome						
GCA_900321995.1_Rumen_uncultured_genome_RUG748_genomic	GCA_900321995.1	GB	d__Archaea;p__Methanobacteriota;c__Methanobacteria;o__Methanobacteriales;f__Methanobacteriaceae	Methanobrevibacter	Methanobrevibacter sp900321995	d__Archaea;p__Methanobacteriota;c__Methanobacteria;o__Methanobacteriales;f__Methanobacteriaceae;g__Methanobrevibacter;s__	77.54	3.23	reference genome						
GCA_946611495.1_SRR873602_bin.12_metaWRAP_v1.3_MAG_genomic	GCA_946611495.1	GB	d__Archaea;p__Methanobacteriota;c__Methanobacteria;o__Methanobacteriales;f__Methanobacteriaceae	Methanobrevibacter	Methanobrevibacter sp946611495	d__Archaea;p__Methanobacteriota;c__Methanobacteria;o__Methanobacteriales;f__Methanobacteriaceae;g__Methanobrevibacter;s__	62.84	1.49	reference genome						
GCF_001563245.1_ASM156324v1_genomic	GCF_001563245.1	RS	d__Archaea;p__Methanobacteriota;c__Methanobacteria;o__Methanobacteriales;f__Methanobacteriaceae	Methanobrevibacter	Methanobrevibacter olleyae	d__Archaea;p__Methanobacteriota;c__Methanobacteria;o__Methanobacteriales;f__Methanobacteriaceae;g__Methanobrevibacter;s__Methanobrevibacter olleyae	99.83	0.29	reference genome						
GCA_016838945.1_ASM1683894v1_genomic	GCA_016838945.1	GB	d__Archaea;p__Methanobacteriota;c__Methanobacteria;o__Methanobacteriales;f__Methanobacteriaceae	Methanobrevibacter	Methanobrevibacter sp016838945	d__Archaea;p__Methanobacteriota;c__Methanobacteria;o__Methanobacteriales;f__Methanobacteriaceae;g__Methanobrevibacter;s__	99.55	1.22	reference genome						
GCA_024413795.1_ASM2441379v1_genomic	GCA_024413795.1	GB	d__Archaea;p__Methanobacteriota;c__Methanobacteria;o__Methanobacteriales;f__Methanobacteriaceae	Methanobrevibacter	Methanobrevibacter sp902774685	d__Archaea;p__;c__;o__;f__;g__;s__	93.31	0.55	reference genome						
GCF_045577275.1_ASM4557727v1_genomic	GCF_045577275.1	RS	d__Archaea;p__Methanobacteriota;c__Methanobacteria;o__Methanobacteriales;f__Methanobacteriaceae	Methanobrevibacter	Methanobrevibacter sp045577275	d__Archaea;p__Methanobacteriota;c__Methanobacteria;o__Methanobacteriales;f__Methanobacteriaceae;g__Methanobrevibacter;s__	92.45	1.96	reference genome						
GCA_905235495.1_RUG30241_genomic	GCA_905235495.1	GB	d__Archaea;p__Methanobacteriota;c__Methanobacteria;o__Methanobacteriales;f__Methanobacteriaceae	Methanobrevibacter	Methanobrevibacter sp905235495	d__Archaea;p__Methanobacteriota;c__Methanobacteria;o__Methanobacteriales;f__Methanobacteriaceae;g__Methanobrevibacter;s__	73.22	2.28	reference genome						
GCA_016291275.1_ASM1629127v1_genomic	GCA_016291275.1	GB	d__Archaea;p__Methanobacteriota;c__Methanobacteria;o__Methanobacteriales;f__Methanobacteriaceae	Methanobrevibacter	Methanobrevibacter sp016291275	d__Archaea;p__Methanobacteriota;c__Methanobacteria;o__Methanobacteriales;f__Methanobacteriaceae;g__Methanobrevibacter;s__	72.99	1.69	reference genome						
GCF_003268005.1_ASM326800v1_genomic	GCF_003268005.1	RS	d__Archaea;p__Methanobacteriota;c__Methanobacteria;o__Methanobacteriales;f__Methanobacteriaceae	Methanosphaera	Methanosphaera sp003268005	d__Archaea;p__Methanobacteriota;c__Methanobacteria;o__Methanobacteriales;f__Methanobacteriaceae;g__Methanosphaera;s__	99.96	0.19	reference genome						
GCF_937898925.1_SRR6425803_bin.102_CONCOCT_v1.1_MAG_genomic	GCF_937898925.1	RS	d__Archaea;p__Methanobacteriota;c__Methanobacteria;o__Methanobacteriales;f__Methanobacteriaceae	Methanobrevibacter	Methanobrevibacter sp937898925	d__Archaea;p__Methanobacteriota;c__Methanobacteria;o__Methanobacteriales;f__Methanobacteriaceae;g__Methanobrevibacter;s__	95.44	0.3	reference genome						
GCA_045590695.1_ASM4559069v1_genomic	GCA_045590695.1	GB	d__Archaea;p__Methanobacteriota;c__Methanobacteria;o__Methanobacteriales;f__Methanobacteriaceae	Methanobrevibacter	Methanobrevibacter sp045590695	d__Archaea;p__Methanobacteriota;c__Methanobacteria;o__Methanobacteriales;f__Methanobacteriaceae;g__Methanobrevibacter;s__	87.14	0.07	reference genome						
GCF_051877175.1_ASM5187717v1_genomic	GCF_051877175.1	RS	d__Archaea;p__Methanobacteriota;c__Methanobacteria;o__Methanobacteriales;f__Methanobacteriaceae	Methanobrevibacter	Methanobrevibacter ruminantium_A	d__Archaea;p__Methanobacteriota;c__Methanobacteria;o__Methanobacteriales;f__Methanobacteriaceae;g__Methanobrevibacter;s__Methanobrevibacter ruminantium	99.57	0	reference genome						
GCF_902784195.1_Rumen_uncultured_genome_RUG12946_genomic	GCF_902784195.1	RS	d__Archaea;p__Methanobacteriota;c__Methanobacteria;o__Methanobacteriales;f__Methanobacteriaceae	Methanobrevibacter	Methanobrevibacter sp902784195	d__Archaea;p__Methanobacteriota;c__Methanobacteria;o__Methanobacteriales;f__Methanobacteriaceae;g__Methanobrevibacter;s__	99.77	0.25	reference genome						
GCA_015063035.1_ASM1506303v1_genomic	GCA_015063035.1	GB	d__Archaea;p__Methanobacteriota;c__Methanobacteria;o__Methanobacteriales;f__Methanobacteriaceae	Methanobrevibacter	Methanobrevibacter olleyae_A	d__Archaea;p__Methanobacteriota;c__Methanobacteria;o__Methanobacteriales;f__Methanobacteriaceae;g__Methanobrevibacter;s__Methanobrevibacter olleyae	95.56	1.74	reference genome						
GCF_017432245.1_ASM1743224v1_genomic	GCF_017432245.1	RS	d__Archaea;p__Methanobacteriota;c__Methanobacteria;o__Methanobacteriales;f__Methanobacteriaceae	Methanobrevibacter	Methanobrevibacter sp017432245	d__Archaea;p__Methanobacteriota;c__Methanobacteria;o__Methanobacteriales;f__Methanobacteriaceae;g__Methanobrevibacter;s__	86.91	0.89	reference genome						
GCF_017410345.1_ASM1741034v1_genomic	GCF_017410345.1	RS	d__Archaea;p__Methanobacteriota;c__Methanobacteria;o__Methanobacteriales;f__Methanobacteriaceae	Methanobrevibacter	Methanobrevibacter sp017410345	d__Archaea;p__Methanobacteriota;c__Methanobacteria;o__Methanobacteriales;f__Methanobacteriaceae;g__Methanobrevibacter;s__	95.75	0.04	reference genome						
GCA_017404125.1_ASM1740412v1_genomic	GCA_017404125.1	GB	d__Archaea;p__Methanobacteriota;c__Methanobacteria;o__Methanobacteriales;f__Methanobacteriaceae	Methanobrevibacter	Methanobrevibacter sp017404125	d__Archaea;p__Methanobacteriota;c__Methanobacteria;o__Methanobacteriales;f__Methanobacteriaceae;g__Methanobrevibacter;s__	68.43	3.01	reference genome						
GCA_030539935.1_ASM3053993v1_genomic	GCA_030539935.1	GB	d__Archaea;p__Methanobacteriota;c__Methanobacteria;o__Methanobacteriales;f__Methanobacteriaceae	Methanobrevibacter	Methanobrevibacter sp030539935	d__Archaea;p__Methanobacteriota;c__Methanobacteria;o__Methanobacteriales;f__Methanobacteriaceae;g__Methanobrevibacter;s__	75.07	0.01	reference genome						
GCF_902769175.1_Rumen_uncultured_genome_RUG11428_genomic	GCF_902769175.1	RS	d__Archaea;p__Methanobacteriota;c__Methanobacteria;o__Methanobacteriales;f__Methanobacteriaceae	Methanobrevibacter	Methanobrevibacter sp902769175	d__Archaea;p__Methanobacteriota;c__Methanobacteria;o__Methanobacteriales;f__Methanobacteriaceae;g__Methanobrevibacter;s__	88.46	0.89	reference genome						
GCA_015062825.1_ASM1506282v1_genomic	GCA_015062825.1	GB	d__Archaea;p__Methanobacteriota;c__Methanobacteria;o__Methanobacteriales;f__Methanobacteriaceae	Methanosphaera	Methanosphaera stadtmanae_A	d__Archaea;p__Methanobacteriota;c__Methanobacteria;o__Methanobacteriales;f__Methanobacteriaceae;g__Methanosphaera;s__Methanosphaera stadtmanae	99.9	1.72	reference genome						
GCF_000024185.1_ASM2418v1_genomic	GCF_000024185.1	RS	d__Archaea;p__Methanobacteriota;c__Methanobacteria;o__Methanobacteriales;f__Methanobacteriaceae	Methanobrevibacter	Methanobrevibacter ruminantium	d__Archaea;p__Methanobacteriota;c__Methanobacteria;o__Methanobacteriales;f__Methanobacteriaceae;g__Methanobrevibacter;s__Methanobrevibacter ruminantium	99.84	0.36	reference genome						
GCF_937906425.1_ERR1278103_bin.200_CONCOCT_v1.1_MAG_genomic	GCF_937906425.1	RS	d__Archaea;p__Methanobacteriota;c__Methanobacteria;o__Methanobacteriales;f__Methanobacteriaceae	Methanobrevibacter	Methanobrevibacter sp937906425	d__Archaea;p__Methanobacteriota;c__Methanobacteria;o__Methanobacteriales;f__Methanobacteriaceae;g__Methanobrevibacter;s__	93.45	0.16	reference genome						
GCA_900315655.1_Rumen_uncultured_genome_RUG120_genomic	GCA_900315655.1	GB	d__Archaea;p__Methanobacteriota;c__Methanobacteria;o__Methanobacteriales;f__Methanobacteriaceae	Methanarmilla	Methanarmilla sp900314605	d__Archaea;p__Methanobacteriota;c__Methanobacteria;o__Methanobacteriales;f__Methanobacteriaceae;g__Methanobrevibacter;s__	99.04	0.72	reference genome						
GCF_905235195.1_RUG30209_genomic	GCF_905235195.1	RS	d__Archaea;p__Methanobacteriota;c__Methanobacteria;o__Methanobacteriales;f__Methanobacteriaceae	Methanarmilla	Methanarmilla sp905235195	d__Archaea;p__Methanobacteriota;c__Methanobacteria;o__Methanobacteriales;f__Methanobacteriaceae;g__Methanobrevibacter;s__	96.26	1.17	reference genome						
GCA_964418715.1_SRP278969_co1_116_genomic	GCA_964418715.1	GB	d__Archaea;p__Methanobacteriota;c__Methanobacteria;o__Methanobacteriales;f__Methanobacteriaceae	Methanarmilla	Methanarmilla sp964418715	d__Archaea;p__Methanobacteriota;c__Methanobacteria;o__Methanobacteriales;f__Methanobacteriaceae;g__Methanobrevibacter;s__	90.95	2.09	reference genome						
GCF_000404165.1_ASM40416v1_genomic	GCF_000404165.1	RS	d__Archaea;p__Methanobacteriota;c__Methanobacteria;o__Methanobacteriales;f__Methanobacteriaceae	Methanarmilla	Methanarmilla boviskoreani	d__Archaea;p__Methanobacteriota;c__Methanobacteria;o__Methanobacteriales;f__Methanobacteriaceae;g__Methanobrevibacter;s__	99.9	0.47	reference genome						
GCA_051876995.1_ASM5187699v1_genomic	GCA_051876995.1	GB	d__Archaea;p__Methanobacteriota;c__Methanobacteria;o__Methanobacteriales;f__Methanobacteriaceae	Methanarmilla	Methanarmilla sp051876995	d__Archaea;p__Methanobacteriota;c__Methanobacteria;o__Methanobacteriales;f__Methanobacteriaceae;g__Methanobrevibacter;s__	84.91	0.48	reference genome						
GCA_029012665.1_ASM2901266v1_genomic	GCA_029012665.1	GB	d__Archaea;p__Methanobacteriota;c__Methanobacteria;o__Methanobacteriales;f__Methanobacteriaceae	Methanarmilla	Methanarmilla wolinii	d__Archaea;p__Methanobacteriota;c__Methanobacteria;o__Methanobacteriales;f__Methanobacteriaceae;g__Methanobrevibacter;s__Methanobrevibacter wolinii	99.82	0.07	reference genome						
GCA_051892775.1_ASM5189277v1_genomic	GCA_051892775.1	GB	d__Archaea;p__Methanobacteriota;c__Methanobacteria;o__Methanobacteriales;f__Methanobacteriaceae	Methanarmilla	Methanarmilla sp051892775	d__Archaea;p__Methanobacteriota;c__Methanobacteria;o__Methanobacteriales;f__Methanobacteriaceae;g__Methanobrevibacter;s__	95.35	0.16	reference genome						
GCF_002208625.1_ASM220862v1_genomic	GCF_002208625.1	RS	d__Archaea;p__Methanobacteriota;c__Methanobacteria;o__Methanobacteriales;f__Methanobacteriaceae	Methanarmilla	Methanarmilla sp002208625	d__Archaea;p__Methanobacteriota;c__Methanobacteria;o__Methanobacteriales;f__Methanobacteriaceae;g__Methanobrevibacter;s__	99.95	0.1	reference genome						
GCA_003266075.1_ASM326607v1_genomic	GCA_003266075.1	GB	d__Archaea;p__Methanobacteriota;c__Methanobacteria;o__Methanobacteriales;f__Methanobacteriaceae	Methanosphaera	Methanosphaera sp003266075	d__Archaea;p__Methanobacteriota;c__Methanobacteria;o__Methanobacteriales;f__Methanobacteriaceae;g__Methanosphaera;s__	70.81	0.83	reference genome						
GCF_963082475.1_Q8282_genomic	GCF_963082475.1	RS	d__Archaea;p__Methanobacteriota;c__Methanobacteria;o__Methanobacteriales;f__Methanobacteriaceae	Methanocatella	Methanocatella sp963082495	d__Archaea;p__Methanobacteriota;c__Methanobacteria;o__Methanobacteriales;f__Methanobacteriaceae;g__Methanobrevibacter;s__	99.93	0.2	reference genome						
GCA_045628665.1_ASM4562866v1_genomic	GCA_045628665.1	GB	d__Archaea;p__Methanobacteriota;c__Methanobacteria;o__Methanobacteriales;f__Methanobacteriaceae	Methanocatella	Methanocatella sp024413395	d__Archaea;p__Methanobacteriota;c__Methanobacteria;o__Methanobacteriales;f__Methanobacteriaceae;g__Methanobrevibacter;s__	81.92	0	reference genome						
GCF_902406285.1_UHGG_MGYG-HGUT-04283_genomic	GCF_902406285.1	RS	d__Archaea;p__Methanobacteriota;c__Methanobacteria;o__Methanobacteriales;f__Methanobacteriaceae	Methanocatella	Methanocatella woesei	d__Archaea;p__Methanobacteriota;c__Methanobacteria;o__Methanobacteriales;f__Methanobacteriaceae;g__Methanobrevibacter;s__	99.32	0.3	reference genome						
GCF_959607185.1_SRR16280058_bin.44_MetaWRAP_v1.3_MAG_genomic	GCF_959607185.1	RS	d__Archaea;p__Methanobacteriota;c__Methanobacteria;o__Methanobacteriales;f__Methanobacteriaceae	Methanocatella	Methanocatella sp900766745	d__Archaea;p__Methanobacteriota;c__Methanobacteria;o__Methanobacteriales;f__Methanobacteriaceae;g__Methanobrevibacter;s__	98.05	0.03	reference genome						
GCA_002496065.1_ASM249606v1_genomic	GCA_002496065.1	GB	d__Archaea;p__Methanobacteriota;c__Methanobacteria;o__Methanobacteriales;f__Methanobacteriaceae	Methanocatella	Methanocatella sp002496065	d__Archaea;p__Methanobacteriota;c__Methanobacteria;o__Methanobacteriales;f__Methanobacteriaceae;g__Methanobrevibacter;s__	66.4	1.79	reference genome						
GCF_030539665.1_ASM3053966v1_genomic	GCF_030539665.1	RS	d__Archaea;p__Methanobacteriota;c__Methanobacteria;o__Methanobacteriales;f__Methanobacteriaceae	Methanocatella	Methanocatella sp030539665	d__Archaea;p__Methanobacteriota;c__Methanobacteria;o__Methanobacteriales;f__Methanobacteriaceae;g__Methanobrevibacter;s__	95.33	0.47	reference genome						
GCA_021442885.1_ASM2144288v1_genomic	GCA_021442885.1	GB	d__Archaea;p__Methanobacteriota;c__Methanobacteria;o__Methanobacteriales;f__Methanobacteriaceae	Methanocatella	Methanocatella sp021442885	d__Archaea;p__Methanobacteriota;c__Methanobacteria;o__Methanobacteriales;f__Methanobacteriaceae;g__Methanobrevibacter;s__	77.48	0.1	reference genome						
GCA_964411035.1_SRP330255_co2_57_genomic	GCA_964411035.1	GB	d__Archaea;p__Methanobacteriota;c__Methanobacteria;o__Methanobacteriales;f__Methanobacteriaceae	Methanocatella	Methanocatella sp964411035	d__Archaea;p__Methanobacteriota;c__Methanobacteria;o__Methanobacteriales;f__Methanobacteriaceae;g__Methanobrevibacter;s__	76.27	1.28	reference genome						
GCA_946542835.1_SRR1267595_bin.3_metaWRAP_v1.3_MAG_genomic	GCA_946542835.1	GB	d__Archaea;p__Methanobacteriota;c__Methanobacteria;o__Methanobacteriales;f__Methanobacteriaceae	Methanosphaera	Methanosphaera sp11921u	d__Archaea;p__Methanobacteriota;c__Methanobacteria;o__Methanobacteriales;f__Methanobacteriaceae;g__;s__	95.09	0.1	reference genome						
GCA_965147715.1_SRR20550318_binner12_Refined_50_genomic	GCA_965147715.1	GB	d__Archaea;p__Methanobacteriota;c__Methanobacteria;o__Methanobacteriales;f__Methanobacteriaceae	Methanocatella	Methanocatella intestini	d__Archaea;p__Methanobacteriota;c__Methanobacteria;o__Methanobacteriales;f__Methanobacteriaceae;g__Methanobrevibacter;s__Methanobrevibacter smithii	99.81	0.15	reference genome						
GCF_000151225.1_ASM15122v1_genomic	GCF_000151225.1	RS	d__Archaea;p__Methanobacteriota;c__Methanobacteria;o__Methanobacteriales;f__Methanobacteriaceae	Methanocatella	Methanocatella smithii	d__Archaea;p__Methanobacteriota;c__Methanobacteria;o__Methanobacteriales;f__Methanobacteriaceae;g__Methanobrevibacter;s__Methanobrevibacter smithii	99.86	0.07	reference genome						
GCA_963606955.1_SRR8978220_cleanbin_000001_GreatApes_genomic	GCA_963606955.1	GB	d__Archaea;p__Methanobacteriota;c__Methanobacteria;o__Methanobacteriales;f__Methanobacteriaceae	Methanocatella	Methanocatella sp963606955	d__Bacteria;p__Bacteroidota;c__Bacteroidia;o__Bacteroidales;f__Bacteroidaceae;g__;s__	99.87	0.26	reference genome						
GCF_934746965.1_ERR7738205_bin.119_genomic	GCF_934746965.1	RS	d__Archaea;p__Methanobacteriota;c__Methanobacteria;o__Methanobacteriales;f__Methanobacteriaceae	Methanocatella	Methanocatella sp934746965	d__Archaea;p__Methanobacteriota;c__Methanobacteria;o__Methanobacteriales;f__Methanobacteriaceae;g__Methanobrevibacter;s__	99.75	0.51	reference genome						
GCF_902759285.1_Rumen_uncultured_genome_RUG10452_genomic	GCF_902759285.1	RS	d__Archaea;p__Methanobacteriota;c__Methanobacteria;o__Methanobacteriales;f__Methanobacteriaceae	Methanocatella	Methanocatella sp900317865	d__Archaea;p__Methanobacteriota;c__Methanobacteria;o__Methanobacteriales;f__Methanobacteriaceae;g__Methanobrevibacter;s__	99.63	0.47	reference genome						
GCF_045646045.1_ASM4564604v1_genomic	GCF_045646045.1	RS	d__Archaea;p__Methanobacteriota;c__Methanobacteria;o__Methanobacteriales;f__Methanobacteriaceae	Methanocatella	Methanocatella sp045646045	d__Archaea;p__Methanobacteriota;c__Methanobacteria;o__Methanobacteriales;f__Methanobacteriaceae;g__Methanobrevibacter;s__	98.52	2.53	reference genome						
GCF_045636185.1_ASM4563618v1_genomic	GCF_045636185.1	RS	d__Archaea;p__Methanobacteriota;c__Methanobacteria;o__Methanobacteriales;f__Methanobacteriaceae	Methanocatella	Methanocatella sp045636185	d__Archaea;p__Methanobacteriota;c__Methanobacteria;o__Methanobacteriales;f__Methanobacteriaceae;g__Methanobrevibacter;s__	96.51	4.55	reference genome						
GCA_036309685.1_ASM3630968v1_genomic	GCA_036309685.1	GB	d__Archaea;p__Methanobacteriota;c__Methanobacteria;o__Methanobacteriales;f__Methanobacteriaceae	Methanocatella	Methanocatella sp902777885	d__Archaea;p__Methanobacteriota;c__Methanobacteria;o__Methanobacteriales;f__Methanobacteriaceae;g__Methanobrevibacter;s__	84.36	1.83	reference genome						
GCF_015063065.1_ASM1506306v1_genomic	GCF_015063065.1	RS	d__Archaea;p__Methanobacteriota;c__Methanobacteria;o__Methanobacteriales;f__Methanobacteriaceae	Methanocatella	Methanocatella sp017434555	d__Archaea;p__Methanobacteriota;c__Methanobacteria;o__Methanobacteriales;f__Methanobacteriaceae;g__Methanobrevibacter;s__Methanobrevibacter millerae	96.84	0.73	reference genome						
GCA_045639105.1_ASM4563910v1_genomic	GCA_045639105.1	GB	d__Archaea;p__Methanobacteriota;c__Methanobacteria;o__Methanobacteriales;f__Methanobacteriaceae	Methanosphaera	Methanosphaera sp045639105	d__Archaea;p__Methanobacteriota;c__Methanobacteria;o__Methanobacteriales;f__Methanobacteriaceae;g__Methanosphaera;s__	97.71	0.19	reference genome						
GCF_045646205.1_ASM4564620v1_genomic	GCF_045646205.1	RS	d__Archaea;p__Methanobacteriota;c__Methanobacteria;o__Methanobacteriales;f__Methanobacteriaceae	Methanocatella	Methanocatella sp045646205	d__Archaea;p__Methanobacteriota;c__Methanobacteria;o__Methanobacteriales;f__Methanobacteriaceae;g__Methanobrevibacter;s__	99.49	4.91	reference genome						
GCF_902770085.1_Rumen_uncultured_genome_RUG11531_genomic	GCF_902770085.1	RS	d__Archaea;p__Methanobacteriota;c__Methanobacteria;o__Methanobacteriales;f__Methanobacteriaceae	Methanocatella	Methanocatella sp900319535	d__Archaea;p__Methanobacteriota;c__Methanobacteria;o__Methanobacteriales;f__Methanobacteriaceae;g__Methanobrevibacter;s__	96.25	0.71	reference genome						
GCA_017553445.1_ASM1755344v1_genomic	GCA_017553445.1	GB	d__Archaea;p__Methanobacteriota;c__Methanobacteria;o__Methanobacteriales;f__Methanobacteriaceae	Methanocatella	Methanocatella sp017553445	d__Archaea;p__Methanobacteriota;c__Methanobacteria;o__Methanobacteriales;f__Methanobacteriaceae;g__Methanobrevibacter;s__	91.21	2.72	reference genome						
GCF_017447225.1_ASM1744722v1_genomic	GCF_017447225.1	RS	d__Archaea;p__Methanobacteriota;c__Methanobacteria;o__Methanobacteriales;f__Methanobacteriaceae	Methanocatella	Methanocatella sp017447225	d__Archaea;p__Methanobacteriota;c__Methanobacteria;o__Methanobacteriales;f__Methanobacteriaceae;g__Methanobrevibacter;s__	96.65	0.88	reference genome						
GCF_045603845.1_ASM4560384v1_genomic	GCF_045603845.1	RS	d__Archaea;p__Methanobacteriota;c__Methanobacteria;o__Methanobacteriales;f__Methanobacteriaceae	Methanocatella	Methanocatella sp045603845	d__Archaea;p__Methanobacteriota;c__Methanobacteria;o__Methanobacteriales;f__Methanobacteriaceae;g__Methanobrevibacter;s__	93.62	4.14	reference genome						
GCA_017460025.1_ASM1746002v1_genomic	GCA_017460025.1	GB	d__Archaea;p__Methanobacteriota;c__Methanobacteria;o__Methanobacteriales;f__Methanobacteriaceae	Methanocatella	Methanocatella sp017460025	d__Archaea;p__Methanobacteriota;c__Methanobacteria;o__Methanobacteriales;f__Methanobacteriaceae;g__Methanobrevibacter;s__	86.32	2.67	reference genome						
GCA_015063005.1_ASM1506300v1_genomic	GCA_015063005.1	GB	d__Archaea;p__Methanobacteriota;c__Methanobacteria;o__Methanobacteriales;f__Methanobacteriaceae	Methanocatella	Methanocatella millerae_B	d__Archaea;p__Methanobacteriota;c__Methanobacteria;o__Methanobacteriales;f__Methanobacteriaceae;g__Methanobrevibacter;s__Methanobrevibacter millerae	89.54	1.54	reference genome						
GCF_001477655.1_ASM147765v1_genomic	GCF_001477655.1	RS	d__Archaea;p__Methanobacteriota;c__Methanobacteria;o__Methanobacteriales;f__Methanobacteriaceae	Methanocatella	Methanocatella millerae_A	d__Archaea;p__Methanobacteriota;c__Methanobacteria;o__Methanobacteriales;f__Methanobacteriaceae;g__Methanobrevibacter;s__Methanobrevibacter millerae	99.99	0.62	reference genome						
GCA_024689425.1_ASM2468942v1_genomic	GCA_024689425.1	GB	d__Archaea;p__Methanobacteriota;c__Methanobacteria;o__Methanobacteriales;f__Methanobacteriaceae	Methanocatella	Methanocatella sp024689425	d__Archaea;p__Methanobacteriota;c__Methanobacteria;o__Methanobacteriales;f__Methanobacteriaceae;g__Methanobrevibacter;s__	94.2	0.74	reference genome						
GCF_900103415.1_IMG-taxon_2593339167_annotated_assembly_genomic	GCF_900103415.1	RS	d__Archaea;p__Methanobacteriota;c__Methanobacteria;o__Methanobacteriales;f__Methanobacteriaceae	Methanocatella	Methanocatella millerae	d__Archaea;p__Methanobacteriota;c__Methanobacteria;o__Methanobacteriales;f__Methanobacteriaceae;g__Methanobrevibacter;s__Methanobrevibacter millerae	99.99	0.94	reference genome						
GCF_001639275.1_ASM163927v1_genomic	GCF_001639275.1	RS	d__Archaea;p__Methanobacteriota;c__Methanobacteria;o__Methanobacteriales;f__Methanobacteriaceae	Methanocatella	Methanocatella oralis	d__Archaea;p__Methanobacteriota;c__Methanobacteria;o__Methanobacteriales;f__Methanobacteriaceae;g__Methanobrevibacter;s__Methanobrevibacter oralis	99.84	0.53	reference genome						
SRS6212649-megahit_002	SRS6212649.bin.r.2			1187	SRS6212649.bin.r.2				Ancient human	SRS6212649.bin.r.2	230	Japan	Asia	Ancient	1187
ERS2985769-megahit_011	ERS2985769.bin.r.11			1188	ERS2985769.bin.r.11				Ancient human	ERS2985769.bin.r.11	200	England	Europe	Ancient	1188
ERS6256708-megahit_004	ERS6256708.bin.r.4			1189	ERS6256708.bin.r.4				Ancient human	ERS6256708.bin.r.4	7100	Serbia	Europe	Ancient	1189
SRS3078195-megahit_019	SRS3078195.bin.r.19			1190	SRS3078195.bin.r.19				Ancient human	SRS3078195.bin.r.19	4400	Mongolia	Asia	Ancient	1190
