Bin	Base	mean_damage	Study	primary_cluster	SampleID	library_treatment	library_polymerase
ERS11702722.bin.r.1	0	0.0241306532663317	Velsko2022	1188	ERS11702722	Half	PfuTurbo Cx Hotstart DNA
ERS11702722.bin.r.1	1	0.00673701842546064	Velsko2022	1188	ERS11702722	Half	PfuTurbo Cx Hotstart DNA
ERS11702722.bin.r.1	2	0.00523283082077052	Velsko2022	1188	ERS11702722	Half	PfuTurbo Cx Hotstart DNA
ERS11702722.bin.r.1	3	0.00457788944723618	Velsko2022	1188	ERS11702722	Half	PfuTurbo Cx Hotstart DNA
ERS11702722.bin.r.1	4	0.00457621440536013	Velsko2022	1188	ERS11702722	Half	PfuTurbo Cx Hotstart DNA
ERS11702722.bin.r.1	5	0.00249748743718593	Velsko2022	1188	ERS11702722	Half	PfuTurbo Cx Hotstart DNA
ERS11702724.bin.r.1	0	0.0206439024390244	Velsko2022	1188	ERS11702724	Half	PfuTurbo Cx Hotstart DNA
ERS11702724.bin.r.1	1	0.00724227642276423	Velsko2022	1188	ERS11702724	Half	PfuTurbo Cx Hotstart DNA
ERS11702724.bin.r.1	2	0.00357886178861789	Velsko2022	1188	ERS11702724	Half	PfuTurbo Cx Hotstart DNA
ERS11702724.bin.r.1	3	0.00638861788617886	Velsko2022	1188	ERS11702724	Half	PfuTurbo Cx Hotstart DNA
ERS11702724.bin.r.1	4	0.00518048780487805	Velsko2022	1188	ERS11702724	Half	PfuTurbo Cx Hotstart DNA
ERS11702724.bin.r.1	5	0.00279349593495935	Velsko2022	1188	ERS11702724	Half	PfuTurbo Cx Hotstart DNA
ERS11702729.bin.r.3	0	0.0426274509803922	Velsko2022	1187	ERS11702729	Half	PfuTurbo Cx Hotstart DNA
ERS11702729.bin.r.3	1	0.00695098039215686	Velsko2022	1187	ERS11702729	Half	PfuTurbo Cx Hotstart DNA
ERS11702729.bin.r.3	2	0.00497058823529412	Velsko2022	1187	ERS11702729	Half	PfuTurbo Cx Hotstart DNA
ERS11702729.bin.r.3	3	0.00487254901960784	Velsko2022	1187	ERS11702729	Half	PfuTurbo Cx Hotstart DNA
ERS11702729.bin.r.3	4	0.00343137254901961	Velsko2022	1187	ERS11702729	Half	PfuTurbo Cx Hotstart DNA
ERS11702729.bin.r.3	5	0.00287254901960784	Velsko2022	1187	ERS11702729	Half	PfuTurbo Cx Hotstart DNA
ERS11702731.bin.r.1	0	0.0271953488372093	Velsko2022	1187	ERS11702731	Half	PfuTurbo Cx Hotstart DNA
ERS11702731.bin.r.1	1	0.00381240310077519	Velsko2022	1187	ERS11702731	Half	PfuTurbo Cx Hotstart DNA
ERS11702731.bin.r.1	2	0.0029922480620155	Velsko2022	1187	ERS11702731	Half	PfuTurbo Cx Hotstart DNA
ERS11702731.bin.r.1	3	0.00296279069767442	Velsko2022	1187	ERS11702731	Half	PfuTurbo Cx Hotstart DNA
ERS11702731.bin.r.1	4	0.00281860465116279	Velsko2022	1187	ERS11702731	Half	PfuTurbo Cx Hotstart DNA
ERS11702731.bin.r.1	5	0.00186511627906977	Velsko2022	1187	ERS11702731	Half	PfuTurbo Cx Hotstart DNA
ERS11702732.bin.r.6	0	0.0216206322795341	Velsko2022	1187	ERS11702732	Half	PfuTurbo Cx Hotstart DNA
ERS11702732.bin.r.6	1	0.00459567387687188	Velsko2022	1187	ERS11702732	Half	PfuTurbo Cx Hotstart DNA
ERS11702732.bin.r.6	2	0.00257237936772047	Velsko2022	1187	ERS11702732	Half	PfuTurbo Cx Hotstart DNA
ERS11702732.bin.r.6	3	0.00317637271214642	Velsko2022	1187	ERS11702732	Half	PfuTurbo Cx Hotstart DNA
ERS11702732.bin.r.6	4	0.0019567387687188	Velsko2022	1187	ERS11702732	Half	PfuTurbo Cx Hotstart DNA
ERS11702732.bin.r.6	5	0.0015973377703827	Velsko2022	1187	ERS11702732	Half	PfuTurbo Cx Hotstart DNA
ERS11702739.bin.r.1	0	0.013801094890511	Velsko2022	1188	ERS11702739	Half	PfuTurbo Cx Hotstart DNA
ERS11702739.bin.r.1	1	0.0016514598540146	Velsko2022	1188	ERS11702739	Half	PfuTurbo Cx Hotstart DNA
ERS11702739.bin.r.1	2	0.00122262773722628	Velsko2022	1188	ERS11702739	Half	PfuTurbo Cx Hotstart DNA
ERS11702739.bin.r.1	3	0.0011514598540146	Velsko2022	1188	ERS11702739	Half	PfuTurbo Cx Hotstart DNA
ERS11702739.bin.r.1	4	0.000673357664233577	Velsko2022	1188	ERS11702739	Half	PfuTurbo Cx Hotstart DNA
ERS11702739.bin.r.1	5	0.000916058394160584	Velsko2022	1188	ERS11702739	Half	PfuTurbo Cx Hotstart DNA
ERS11702742.bin.r.1	0	0.0221157407407407	Velsko2022	1188	ERS11702742	Half	PfuTurbo Cx Hotstart DNA
ERS11702742.bin.r.1	1	0.00483333333333333	Velsko2022	1188	ERS11702742	Half	PfuTurbo Cx Hotstart DNA
ERS11702742.bin.r.1	2	0.00263888888888889	Velsko2022	1188	ERS11702742	Half	PfuTurbo Cx Hotstart DNA
ERS11702742.bin.r.1	3	0.00315740740740741	Velsko2022	1188	ERS11702742	Half	PfuTurbo Cx Hotstart DNA
ERS11702742.bin.r.1	4	0.0024537037037037	Velsko2022	1188	ERS11702742	Half	PfuTurbo Cx Hotstart DNA
ERS11702742.bin.r.1	5	0.00234722222222222	Velsko2022	1188	ERS11702742	Half	PfuTurbo Cx Hotstart DNA
ERS11702746.bin.r.1	0	0.0210904522613065	Velsko2022	1188	ERS11702746	Half	PfuTurbo Cx Hotstart DNA
ERS11702746.bin.r.1	1	0.00490954773869347	Velsko2022	1188	ERS11702746	Half	PfuTurbo Cx Hotstart DNA
ERS11702746.bin.r.1	2	0.00191457286432161	Velsko2022	1188	ERS11702746	Half	PfuTurbo Cx Hotstart DNA
ERS11702746.bin.r.1	3	0.00303015075376884	Velsko2022	1188	ERS11702746	Half	PfuTurbo Cx Hotstart DNA
ERS11702746.bin.r.1	4	0.00231155778894472	Velsko2022	1188	ERS11702746	Half	PfuTurbo Cx Hotstart DNA
ERS11702746.bin.r.1	5	0.00290452261306533	Velsko2022	1188	ERS11702746	Half	PfuTurbo Cx Hotstart DNA
ERS11702747.bin.r.1	0	0.0207113043478261	Velsko2022	1188	ERS11702747	Half	PfuTurbo Cx Hotstart DNA
ERS11702747.bin.r.1	1	0.00333739130434783	Velsko2022	1188	ERS11702747	Half	PfuTurbo Cx Hotstart DNA
ERS11702747.bin.r.1	2	0.00222782608695652	Velsko2022	1188	ERS11702747	Half	PfuTurbo Cx Hotstart DNA
ERS11702747.bin.r.1	3	0.00318086956521739	Velsko2022	1188	ERS11702747	Half	PfuTurbo Cx Hotstart DNA
ERS11702747.bin.r.1	4	0.00233565217391304	Velsko2022	1188	ERS11702747	Half	PfuTurbo Cx Hotstart DNA
ERS11702747.bin.r.1	5	0.00212347826086957	Velsko2022	1188	ERS11702747	Half	PfuTurbo Cx Hotstart DNA
ERS11702748.bin.r.1	0	0.0145605700712589	Velsko2022	1188	ERS11702748	Half	PfuTurbo Cx Hotstart DNA
ERS11702748.bin.r.1	1	0.00286223277909739	Velsko2022	1188	ERS11702748	Half	PfuTurbo Cx Hotstart DNA
ERS11702748.bin.r.1	2	0.00161995249406176	Velsko2022	1188	ERS11702748	Half	PfuTurbo Cx Hotstart DNA
ERS11702748.bin.r.1	3	0.0017624703087886	Velsko2022	1188	ERS11702748	Half	PfuTurbo Cx Hotstart DNA
ERS11702748.bin.r.1	4	0.00131591448931116	Velsko2022	1188	ERS11702748	Half	PfuTurbo Cx Hotstart DNA
ERS11702748.bin.r.1	5	0.00138242280285036	Velsko2022	1188	ERS11702748	Half	PfuTurbo Cx Hotstart DNA
ERS11702749.bin.r.3	0	0.0235047619047619	Velsko2022	1188	ERS11702749	Half	PfuTurbo Cx Hotstart DNA
ERS11702749.bin.r.3	1	0.00384761904761905	Velsko2022	1188	ERS11702749	Half	PfuTurbo Cx Hotstart DNA
ERS11702749.bin.r.3	2	0.00215238095238095	Velsko2022	1188	ERS11702749	Half	PfuTurbo Cx Hotstart DNA
ERS11702749.bin.r.3	3	0.00240952380952381	Velsko2022	1188	ERS11702749	Half	PfuTurbo Cx Hotstart DNA
ERS11702749.bin.r.3	4	0.00182857142857143	Velsko2022	1188	ERS11702749	Half	PfuTurbo Cx Hotstart DNA
ERS11702749.bin.r.3	5	0.0015047619047619	Velsko2022	1188	ERS11702749	Half	PfuTurbo Cx Hotstart DNA
ERS11702750.bin.r.1	0	0.0253566878980892	Velsko2022	1188	ERS11702750	Half	PfuTurbo Cx Hotstart DNA
ERS11702750.bin.r.1	1	0.00826114649681529	Velsko2022	1188	ERS11702750	Half	PfuTurbo Cx Hotstart DNA
ERS11702750.bin.r.1	2	0.0034140127388535	Velsko2022	1188	ERS11702750	Half	PfuTurbo Cx Hotstart DNA
ERS11702750.bin.r.1	3	0.00378343949044586	Velsko2022	1188	ERS11702750	Half	PfuTurbo Cx Hotstart DNA
ERS11702750.bin.r.1	4	0.00389808917197452	Velsko2022	1188	ERS11702750	Half	PfuTurbo Cx Hotstart DNA
ERS11702750.bin.r.1	5	0.00304458598726115	Velsko2022	1188	ERS11702750	Half	PfuTurbo Cx Hotstart DNA
ERS11702751.bin.r.4	0	0.0205328467153285	Velsko2022	1188	ERS11702751	Half	PfuTurbo Cx Hotstart DNA
ERS11702751.bin.r.4	1	0.00891970802919708	Velsko2022	1188	ERS11702751	Half	PfuTurbo Cx Hotstart DNA
ERS11702751.bin.r.4	2	0.00597810218978102	Velsko2022	1188	ERS11702751	Half	PfuTurbo Cx Hotstart DNA
ERS11702751.bin.r.4	3	0.00578832116788321	Velsko2022	1188	ERS11702751	Half	PfuTurbo Cx Hotstart DNA
ERS11702751.bin.r.4	4	0.00604379562043796	Velsko2022	1188	ERS11702751	Half	PfuTurbo Cx Hotstart DNA
ERS11702751.bin.r.4	5	0.00509489051094891	Velsko2022	1188	ERS11702751	Half	PfuTurbo Cx Hotstart DNA
ERS11702752_24.0.refbinned	0	0.0151043194784026	Velsko2022	1187	ERS11702752	Half	PfuTurbo Cx Hotstart DNA
ERS11702752_24.0.refbinned	1	0.00484596577017115	Velsko2022	1187	ERS11702752	Half	PfuTurbo Cx Hotstart DNA
ERS11702752_24.0.refbinned	2	0.00276935615321923	Velsko2022	1187	ERS11702752	Half	PfuTurbo Cx Hotstart DNA
ERS11702752_24.0.refbinned	3	0.00329421352893236	Velsko2022	1187	ERS11702752	Half	PfuTurbo Cx Hotstart DNA
ERS11702752_24.0.refbinned	4	0.00161939690301549	Velsko2022	1187	ERS11702752	Half	PfuTurbo Cx Hotstart DNA
ERS11702752_24.0.refbinned	5	0.00132355338223309	Velsko2022	1187	ERS11702752	Half	PfuTurbo Cx Hotstart DNA
ERS11702754.bin.r.1	0	0.0348805460750853	Velsko2022	1188	ERS11702754	Half	PfuTurbo Cx Hotstart DNA
ERS11702754.bin.r.1	1	0.0044641638225256	Velsko2022	1188	ERS11702754	Half	PfuTurbo Cx Hotstart DNA
ERS11702754.bin.r.1	2	0.00214675767918089	Velsko2022	1188	ERS11702754	Half	PfuTurbo Cx Hotstart DNA
ERS11702754.bin.r.1	3	0.00339931740614334	Velsko2022	1188	ERS11702754	Half	PfuTurbo Cx Hotstart DNA
ERS11702754.bin.r.1	4	0.00245733788395904	Velsko2022	1188	ERS11702754	Half	PfuTurbo Cx Hotstart DNA
ERS11702754.bin.r.1	5	0.00243003412969283	Velsko2022	1188	ERS11702754	Half	PfuTurbo Cx Hotstart DNA
ERS11702757.bin.r.1	0	0.0334820717131474	Velsko2022	1188	ERS11702757	Half	PfuTurbo Cx Hotstart DNA
ERS11702757.bin.r.1	1	0.00317131474103586	Velsko2022	1188	ERS11702757	Half	PfuTurbo Cx Hotstart DNA
ERS11702757.bin.r.1	2	0.00213545816733068	Velsko2022	1188	ERS11702757	Half	PfuTurbo Cx Hotstart DNA
ERS11702757.bin.r.1	3	0.00203585657370518	Velsko2022	1188	ERS11702757	Half	PfuTurbo Cx Hotstart DNA
ERS11702757.bin.r.1	4	0.00222310756972112	Velsko2022	1188	ERS11702757	Half	PfuTurbo Cx Hotstart DNA
ERS11702757.bin.r.1	5	0.00142231075697211	Velsko2022	1188	ERS11702757	Half	PfuTurbo Cx Hotstart DNA
ERS11702758.bin.r.1	0	0.0291772151898734	Velsko2022	1188	ERS11702758	Half	PfuTurbo Cx Hotstart DNA
ERS11702758.bin.r.1	1	0.00263291139240506	Velsko2022	1188	ERS11702758	Half	PfuTurbo Cx Hotstart DNA
ERS11702758.bin.r.1	2	0.00119409282700422	Velsko2022	1188	ERS11702758	Half	PfuTurbo Cx Hotstart DNA
ERS11702758.bin.r.1	3	0.00128270042194093	Velsko2022	1188	ERS11702758	Half	PfuTurbo Cx Hotstart DNA
ERS11702758.bin.r.1	4	0.000932489451476793	Velsko2022	1188	ERS11702758	Half	PfuTurbo Cx Hotstart DNA
ERS11702758.bin.r.1	5	0.000763713080168776	Velsko2022	1188	ERS11702758	Half	PfuTurbo Cx Hotstart DNA
ERS11702760.bin.r.1	0	0.047112	Velsko2022	1188	ERS11702760	Half	PfuTurbo Cx Hotstart DNA
ERS11702760.bin.r.1	1	0.0031472	Velsko2022	1188	ERS11702760	Half	PfuTurbo Cx Hotstart DNA
ERS11702760.bin.r.1	2	0.0019376	Velsko2022	1188	ERS11702760	Half	PfuTurbo Cx Hotstart DNA
ERS11702760.bin.r.1	3	0.0018256	Velsko2022	1188	ERS11702760	Half	PfuTurbo Cx Hotstart DNA
ERS11702760.bin.r.1	4	0.0011072	Velsko2022	1188	ERS11702760	Half	PfuTurbo Cx Hotstart DNA
ERS11702760.bin.r.1	5	0.00084	Velsko2022	1188	ERS11702760	Half	PfuTurbo Cx Hotstart DNA
ERS11702762.bin.r.4	0	0.0582721518987342	Velsko2022	1188	ERS11702762	Half	PfuTurbo Cx Hotstart DNA
ERS11702762.bin.r.4	1	0.00358227848101266	Velsko2022	1188	ERS11702762	Half	PfuTurbo Cx Hotstart DNA
ERS11702762.bin.r.4	2	0.00201898734177215	Velsko2022	1188	ERS11702762	Half	PfuTurbo Cx Hotstart DNA
ERS11702762.bin.r.4	3	0.00168354430379747	Velsko2022	1188	ERS11702762	Half	PfuTurbo Cx Hotstart DNA
ERS11702762.bin.r.4	4	0.00151898734177215	Velsko2022	1188	ERS11702762	Half	PfuTurbo Cx Hotstart DNA
ERS11702762.bin.r.4	5	0.00139240506329114	Velsko2022	1188	ERS11702762	Half	PfuTurbo Cx Hotstart DNA
ERS11702763.bin.r.1	0	0.0534818181818182	Velsko2022	1188	ERS11702763	Half	PfuTurbo Cx Hotstart DNA
ERS11702763.bin.r.1	1	0.00730909090909091	Velsko2022	1188	ERS11702763	Half	PfuTurbo Cx Hotstart DNA
ERS11702763.bin.r.1	2	0.00392727272727273	Velsko2022	1188	ERS11702763	Half	PfuTurbo Cx Hotstart DNA
ERS11702763.bin.r.1	3	0.00461818181818182	Velsko2022	1188	ERS11702763	Half	PfuTurbo Cx Hotstart DNA
ERS11702763.bin.r.1	4	0.0032	Velsko2022	1188	ERS11702763	Half	PfuTurbo Cx Hotstart DNA
ERS11702763.bin.r.1	5	0.00393636363636364	Velsko2022	1188	ERS11702763	Half	PfuTurbo Cx Hotstart DNA
ERS11702764.bin.r.1	0	0.0312390317700454	Velsko2022	1187	ERS11702764	Half	PfuTurbo Cx Hotstart DNA
ERS11702764.bin.r.1	1	0.00329349470499244	Velsko2022	1187	ERS11702764	Half	PfuTurbo Cx Hotstart DNA
ERS11702764.bin.r.1	2	0.00221331316187595	Velsko2022	1187	ERS11702764	Half	PfuTurbo Cx Hotstart DNA
ERS11702764.bin.r.1	3	0.00168532526475038	Velsko2022	1187	ERS11702764	Half	PfuTurbo Cx Hotstart DNA
ERS11702764.bin.r.1	4	0.0016142208774584	Velsko2022	1187	ERS11702764	Half	PfuTurbo Cx Hotstart DNA
ERS11702764.bin.r.1	5	0.00136157337367625	Velsko2022	1187	ERS11702764	Half	PfuTurbo Cx Hotstart DNA
ERS11702765.bin.r.3	0	0.0726679841897233	Velsko2022	1188	ERS11702765	Half	PfuTurbo Cx Hotstart DNA
ERS11702765.bin.r.3	1	0.00429841897233202	Velsko2022	1188	ERS11702765	Half	PfuTurbo Cx Hotstart DNA
ERS11702765.bin.r.3	2	0.00185770750988142	Velsko2022	1188	ERS11702765	Half	PfuTurbo Cx Hotstart DNA
ERS11702765.bin.r.3	3	0.00201778656126482	Velsko2022	1188	ERS11702765	Half	PfuTurbo Cx Hotstart DNA
ERS11702765.bin.r.3	4	0.0021699604743083	Velsko2022	1188	ERS11702765	Half	PfuTurbo Cx Hotstart DNA
ERS11702765.bin.r.3	5	0.00163241106719368	Velsko2022	1188	ERS11702765	Half	PfuTurbo Cx Hotstart DNA
ERS11702766.bin.r.2	0	0.0199710884353742	Velsko2022	1188	ERS11702766	Half	PfuTurbo Cx Hotstart DNA
ERS11702766.bin.r.2	1	0.00513095238095238	Velsko2022	1188	ERS11702766	Half	PfuTurbo Cx Hotstart DNA
ERS11702766.bin.r.2	2	0.00295578231292517	Velsko2022	1188	ERS11702766	Half	PfuTurbo Cx Hotstart DNA
ERS11702766.bin.r.2	3	0.00416326530612245	Velsko2022	1188	ERS11702766	Half	PfuTurbo Cx Hotstart DNA
ERS11702766.bin.r.2	4	0.00345578231292517	Velsko2022	1188	ERS11702766	Half	PfuTurbo Cx Hotstart DNA
ERS11702766.bin.r.2	5	0.00279761904761905	Velsko2022	1188	ERS11702766	Half	PfuTurbo Cx Hotstart DNA
ERS11702767.bin.r.4	0	0.022780701754386	Velsko2022	1188	ERS11702767	Half	PfuTurbo Cx Hotstart DNA
ERS11702767.bin.r.4	1	0.00326315789473684	Velsko2022	1188	ERS11702767	Half	PfuTurbo Cx Hotstart DNA
ERS11702767.bin.r.4	2	0.00156140350877193	Velsko2022	1188	ERS11702767	Half	PfuTurbo Cx Hotstart DNA
ERS11702767.bin.r.4	3	0.00203508771929825	Velsko2022	1188	ERS11702767	Half	PfuTurbo Cx Hotstart DNA
ERS11702767.bin.r.4	4	0.00180701754385965	Velsko2022	1188	ERS11702767	Half	PfuTurbo Cx Hotstart DNA
ERS11702767.bin.r.4	5	0.00166666666666667	Velsko2022	1188	ERS11702767	Half	PfuTurbo Cx Hotstart DNA
ERS11702769.bin.r.5	0	0.0308227848101266	Velsko2022	1188	ERS11702769	Half	PfuTurbo Cx Hotstart DNA
ERS11702769.bin.r.5	1	0.00237658227848101	Velsko2022	1188	ERS11702769	Half	PfuTurbo Cx Hotstart DNA
ERS11702769.bin.r.5	2	0.00149683544303797	Velsko2022	1188	ERS11702769	Half	PfuTurbo Cx Hotstart DNA
ERS11702769.bin.r.5	3	0.00206645569620253	Velsko2022	1188	ERS11702769	Half	PfuTurbo Cx Hotstart DNA
ERS11702769.bin.r.5	4	0.00187974683544304	Velsko2022	1188	ERS11702769	Half	PfuTurbo Cx Hotstart DNA
ERS11702769.bin.r.5	5	0.00102215189873418	Velsko2022	1188	ERS11702769	Half	PfuTurbo Cx Hotstart DNA
ERS11702770.bin.r.1	0	0.0192435897435897	Velsko2022	1188	ERS11702770	Half	PfuTurbo Cx Hotstart DNA
ERS11702770.bin.r.1	1	0.00466025641025641	Velsko2022	1188	ERS11702770	Half	PfuTurbo Cx Hotstart DNA
ERS11702770.bin.r.1	2	0.00255128205128205	Velsko2022	1188	ERS11702770	Half	PfuTurbo Cx Hotstart DNA
ERS11702770.bin.r.1	3	0.00323076923076923	Velsko2022	1188	ERS11702770	Half	PfuTurbo Cx Hotstart DNA
ERS11702770.bin.r.1	4	0.00285897435897436	Velsko2022	1188	ERS11702770	Half	PfuTurbo Cx Hotstart DNA
ERS11702770.bin.r.1	5	0.00253846153846154	Velsko2022	1188	ERS11702770	Half	PfuTurbo Cx Hotstart DNA
ERS11702771_24.0.refbinned	0	0.0119311740890688	Velsko2022	1187	ERS11702771	Half	PfuTurbo Cx Hotstart DNA
ERS11702771_24.0.refbinned	1	0.00276113360323887	Velsko2022	1187	ERS11702771	Half	PfuTurbo Cx Hotstart DNA
ERS11702771_24.0.refbinned	2	0.00273441295546559	Velsko2022	1187	ERS11702771	Half	PfuTurbo Cx Hotstart DNA
ERS11702771_24.0.refbinned	3	0.00267692307692308	Velsko2022	1187	ERS11702771	Half	PfuTurbo Cx Hotstart DNA
ERS11702771_24.0.refbinned	4	0.00178785425101215	Velsko2022	1187	ERS11702771	Half	PfuTurbo Cx Hotstart DNA
ERS11702771_24.0.refbinned	5	0.0022412955465587	Velsko2022	1187	ERS11702771	Half	PfuTurbo Cx Hotstart DNA
ERS11702772.bin.r.1	0	0.0230068728522337	Velsko2022	1188	ERS11702772	Half	PfuTurbo Cx Hotstart DNA
ERS11702772.bin.r.1	1	0.00398969072164948	Velsko2022	1188	ERS11702772	Half	PfuTurbo Cx Hotstart DNA
ERS11702772.bin.r.1	2	0.00189003436426117	Velsko2022	1188	ERS11702772	Half	PfuTurbo Cx Hotstart DNA
ERS11702772.bin.r.1	3	0.00273883161512028	Velsko2022	1188	ERS11702772	Half	PfuTurbo Cx Hotstart DNA
ERS11702772.bin.r.1	4	0.00218900343642612	Velsko2022	1188	ERS11702772	Half	PfuTurbo Cx Hotstart DNA
ERS11702772.bin.r.1	5	0.00189347079037801	Velsko2022	1188	ERS11702772	Half	PfuTurbo Cx Hotstart DNA
ERS11702774.bin.r.9	0	0.0213150684931507	Velsko2022	1188	ERS11702774	Half	PfuTurbo Cx Hotstart DNA
ERS11702774.bin.r.9	1	0.00282191780821918	Velsko2022	1188	ERS11702774	Half	PfuTurbo Cx Hotstart DNA
ERS11702774.bin.r.9	2	0.00228767123287671	Velsko2022	1188	ERS11702774	Half	PfuTurbo Cx Hotstart DNA
ERS11702774.bin.r.9	3	0.00250684931506849	Velsko2022	1188	ERS11702774	Half	PfuTurbo Cx Hotstart DNA
ERS11702774.bin.r.9	4	0.00267945205479452	Velsko2022	1188	ERS11702774	Half	PfuTurbo Cx Hotstart DNA
ERS11702774.bin.r.9	5	0.00255342465753425	Velsko2022	1188	ERS11702774	Half	PfuTurbo Cx Hotstart DNA
ERS11702775.bin.r.1	0	0.0262094594594595	Velsko2022	1188	ERS11702775	Half	PfuTurbo Cx Hotstart DNA
ERS11702775.bin.r.1	1	0.00363851351351351	Velsko2022	1188	ERS11702775	Half	PfuTurbo Cx Hotstart DNA
ERS11702775.bin.r.1	2	0.00186824324324324	Velsko2022	1188	ERS11702775	Half	PfuTurbo Cx Hotstart DNA
ERS11702775.bin.r.1	3	0.00214527027027027	Velsko2022	1188	ERS11702775	Half	PfuTurbo Cx Hotstart DNA
ERS11702775.bin.r.1	4	0.00147297297297297	Velsko2022	1188	ERS11702775	Half	PfuTurbo Cx Hotstart DNA
ERS11702775.bin.r.1	5	0.00172972972972973	Velsko2022	1188	ERS11702775	Half	PfuTurbo Cx Hotstart DNA
ERS11702775.bin.r.7	0	0.0173452380952381	Velsko2022	1187	ERS11702775	Half	PfuTurbo Cx Hotstart DNA
ERS11702775.bin.r.7	1	0.00200793650793651	Velsko2022	1187	ERS11702775	Half	PfuTurbo Cx Hotstart DNA
ERS11702775.bin.r.7	2	0.00109920634920635	Velsko2022	1187	ERS11702775	Half	PfuTurbo Cx Hotstart DNA
ERS11702775.bin.r.7	3	0.00188690476190476	Velsko2022	1187	ERS11702775	Half	PfuTurbo Cx Hotstart DNA
ERS11702775.bin.r.7	4	0.00053968253968254	Velsko2022	1187	ERS11702775	Half	PfuTurbo Cx Hotstart DNA
ERS11702775.bin.r.7	5	0.000555555555555556	Velsko2022	1187	ERS11702775	Half	PfuTurbo Cx Hotstart DNA
ERS11702776.bin.r.3	0	0.0220835913312694	Velsko2022	1187	ERS11702776	Half	PfuTurbo Cx Hotstart DNA
ERS11702776.bin.r.3	1	0.00275232198142415	Velsko2022	1187	ERS11702776	Half	PfuTurbo Cx Hotstart DNA
ERS11702776.bin.r.3	2	0.00206501547987616	Velsko2022	1187	ERS11702776	Half	PfuTurbo Cx Hotstart DNA
ERS11702776.bin.r.3	3	0.00194736842105263	Velsko2022	1187	ERS11702776	Half	PfuTurbo Cx Hotstart DNA
ERS11702776.bin.r.3	4	0.00186377708978328	Velsko2022	1187	ERS11702776	Half	PfuTurbo Cx Hotstart DNA
ERS11702776.bin.r.3	5	0.0015015479876161	Velsko2022	1187	ERS11702776	Half	PfuTurbo Cx Hotstart DNA
ERS11702777.bin.r.1	0	0.0246796116504854	Velsko2022	1188	ERS11702777	Half	PfuTurbo Cx Hotstart DNA
ERS11702777.bin.r.1	1	0.00145145631067961	Velsko2022	1188	ERS11702777	Half	PfuTurbo Cx Hotstart DNA
ERS11702777.bin.r.1	2	0.00101941747572816	Velsko2022	1188	ERS11702777	Half	PfuTurbo Cx Hotstart DNA
ERS11702777.bin.r.1	3	0.00150970873786408	Velsko2022	1188	ERS11702777	Half	PfuTurbo Cx Hotstart DNA
ERS11702777.bin.r.1	4	0.000951456310679612	Velsko2022	1188	ERS11702777	Half	PfuTurbo Cx Hotstart DNA
ERS11702777.bin.r.1	5	0.000893203883495146	Velsko2022	1188	ERS11702777	Half	PfuTurbo Cx Hotstart DNA
ERS11702779.bin.r.1	0	0.0184777777777778	Velsko2022	1188	ERS11702779	Half	PfuTurbo Cx Hotstart DNA
ERS11702779.bin.r.1	1	0.00368611111111111	Velsko2022	1188	ERS11702779	Half	PfuTurbo Cx Hotstart DNA
ERS11702779.bin.r.1	2	0.00259166666666667	Velsko2022	1188	ERS11702779	Half	PfuTurbo Cx Hotstart DNA
ERS11702779.bin.r.1	3	0.00257222222222222	Velsko2022	1188	ERS11702779	Half	PfuTurbo Cx Hotstart DNA
ERS11702779.bin.r.1	4	0.00305555555555556	Velsko2022	1188	ERS11702779	Half	PfuTurbo Cx Hotstart DNA
ERS11702779.bin.r.1	5	0.00196944444444444	Velsko2022	1188	ERS11702779	Half	PfuTurbo Cx Hotstart DNA
ERS11702780.bin.r.7	0	0.0302241379310345	Velsko2022	1187	ERS11702780	Half	PfuTurbo Cx Hotstart DNA
ERS11702780.bin.r.7	1	0.00424137931034483	Velsko2022	1187	ERS11702780	Half	PfuTurbo Cx Hotstart DNA
ERS11702780.bin.r.7	2	0.0024051724137931	Velsko2022	1187	ERS11702780	Half	PfuTurbo Cx Hotstart DNA
ERS11702780.bin.r.7	3	0.00237068965517241	Velsko2022	1187	ERS11702780	Half	PfuTurbo Cx Hotstart DNA
ERS11702780.bin.r.7	4	0.00253448275862069	Velsko2022	1187	ERS11702780	Half	PfuTurbo Cx Hotstart DNA
ERS11702780.bin.r.7	5	0.002125	Velsko2022	1187	ERS11702780	Half	PfuTurbo Cx Hotstart DNA
ERS11702780.bin.r.9	0	0.0286977886977887	Velsko2022	1188	ERS11702780	Half	PfuTurbo Cx Hotstart DNA
ERS11702780.bin.r.9	1	0.00193366093366093	Velsko2022	1188	ERS11702780	Half	PfuTurbo Cx Hotstart DNA
ERS11702780.bin.r.9	2	0.000992628992628993	Velsko2022	1188	ERS11702780	Half	PfuTurbo Cx Hotstart DNA
ERS11702780.bin.r.9	3	0.00104422604422604	Velsko2022	1188	ERS11702780	Half	PfuTurbo Cx Hotstart DNA
ERS11702780.bin.r.9	4	0.00105896805896806	Velsko2022	1188	ERS11702780	Half	PfuTurbo Cx Hotstart DNA
ERS11702780.bin.r.9	5	0.000727272727272727	Velsko2022	1188	ERS11702780	Half	PfuTurbo Cx Hotstart DNA
ERS11702781.bin.r.4	0	0.0471731843575419	Velsko2022	1188	ERS11702781	Half	PfuTurbo Cx Hotstart DNA
ERS11702781.bin.r.4	1	0.00378212290502793	Velsko2022	1188	ERS11702781	Half	PfuTurbo Cx Hotstart DNA
ERS11702781.bin.r.4	2	0.00258659217877095	Velsko2022	1188	ERS11702781	Half	PfuTurbo Cx Hotstart DNA
ERS11702781.bin.r.4	3	0.00227374301675978	Velsko2022	1188	ERS11702781	Half	PfuTurbo Cx Hotstart DNA
ERS11702781.bin.r.4	4	0.00279888268156425	Velsko2022	1188	ERS11702781	Half	PfuTurbo Cx Hotstart DNA
ERS11702781.bin.r.4	5	0.00200558659217877	Velsko2022	1188	ERS11702781	Half	PfuTurbo Cx Hotstart DNA
ERS11702782.bin.r.2	0	0.0326121842496285	Velsko2022	1188	ERS11702782	Half	PfuTurbo Cx Hotstart DNA
ERS11702782.bin.r.2	1	0.00287369985141159	Velsko2022	1188	ERS11702782	Half	PfuTurbo Cx Hotstart DNA
ERS11702782.bin.r.2	2	0.00174591381872214	Velsko2022	1188	ERS11702782	Half	PfuTurbo Cx Hotstart DNA
ERS11702782.bin.r.2	3	0.00170876671619614	Velsko2022	1188	ERS11702782	Half	PfuTurbo Cx Hotstart DNA
ERS11702782.bin.r.2	4	0.00102377414561664	Velsko2022	1188	ERS11702782	Half	PfuTurbo Cx Hotstart DNA
ERS11702782.bin.r.2	5	0.000952451708766716	Velsko2022	1188	ERS11702782	Half	PfuTurbo Cx Hotstart DNA
ERS11702783.bin.r.6	0	0.0189495412844037	Velsko2022	1188	ERS11702783	Half	PfuTurbo Cx Hotstart DNA
ERS11702783.bin.r.6	1	0.00190137614678899	Velsko2022	1188	ERS11702783	Half	PfuTurbo Cx Hotstart DNA
ERS11702783.bin.r.6	2	0.00153440366972477	Velsko2022	1188	ERS11702783	Half	PfuTurbo Cx Hotstart DNA
ERS11702783.bin.r.6	3	0.00117660550458716	Velsko2022	1188	ERS11702783	Half	PfuTurbo Cx Hotstart DNA
ERS11702783.bin.r.6	4	0.00100917431192661	Velsko2022	1188	ERS11702783	Half	PfuTurbo Cx Hotstart DNA
ERS11702783.bin.r.6	5	0.00100688073394495	Velsko2022	1188	ERS11702783	Half	PfuTurbo Cx Hotstart DNA
ERS11702787.bin.r.4	0	0.0132218370883882	Velsko2022	1188	ERS11702787	Half	PfuTurbo Cx Hotstart DNA
ERS11702787.bin.r.4	1	0.00299653379549393	Velsko2022	1188	ERS11702787	Half	PfuTurbo Cx Hotstart DNA
ERS11702787.bin.r.4	2	0.00208838821490468	Velsko2022	1188	ERS11702787	Half	PfuTurbo Cx Hotstart DNA
ERS11702787.bin.r.4	3	0.00215424610051993	Velsko2022	1188	ERS11702787	Half	PfuTurbo Cx Hotstart DNA
ERS11702787.bin.r.4	4	0.00184575389948007	Velsko2022	1188	ERS11702787	Half	PfuTurbo Cx Hotstart DNA
ERS11702787.bin.r.4	5	0.00205892547660312	Velsko2022	1188	ERS11702787	Half	PfuTurbo Cx Hotstart DNA
ERS11702789.bin.r.3	0	0.0272529411764706	Velsko2022	1188	ERS11702789	Half	PfuTurbo Cx Hotstart DNA
ERS11702789.bin.r.3	1	0.00232058823529412	Velsko2022	1188	ERS11702789	Half	PfuTurbo Cx Hotstart DNA
ERS11702789.bin.r.3	2	0.00134705882352941	Velsko2022	1188	ERS11702789	Half	PfuTurbo Cx Hotstart DNA
ERS11702789.bin.r.3	3	0.00147647058823529	Velsko2022	1188	ERS11702789	Half	PfuTurbo Cx Hotstart DNA
ERS11702789.bin.r.3	4	0.00115294117647059	Velsko2022	1188	ERS11702789	Half	PfuTurbo Cx Hotstart DNA
ERS11702789.bin.r.3	5	0.000894117647058824	Velsko2022	1188	ERS11702789	Half	PfuTurbo Cx Hotstart DNA
ERS11702790.bin.r.2	0	0.0193783783783784	Velsko2022	1188	ERS11702790	Half	PfuTurbo Cx Hotstart DNA
ERS11702790.bin.r.2	1	0.00205945945945946	Velsko2022	1188	ERS11702790	Half	PfuTurbo Cx Hotstart DNA
ERS11702790.bin.r.2	2	0.00124864864864865	Velsko2022	1188	ERS11702790	Half	PfuTurbo Cx Hotstart DNA
ERS11702790.bin.r.2	3	0.00133783783783784	Velsko2022	1188	ERS11702790	Half	PfuTurbo Cx Hotstart DNA
ERS11702790.bin.r.2	4	0.00117027027027027	Velsko2022	1188	ERS11702790	Half	PfuTurbo Cx Hotstart DNA
ERS11702790.bin.r.2	5	0.00105135135135135	Velsko2022	1188	ERS11702790	Half	PfuTurbo Cx Hotstart DNA
ERS11702792.bin.r.4	0	0.0438256	Velsko2022	1188	ERS11702792	Half	PfuTurbo Cx Hotstart DNA
ERS11702792.bin.r.4	1	0.004424	Velsko2022	1188	ERS11702792	Half	PfuTurbo Cx Hotstart DNA
ERS11702792.bin.r.4	2	0.003184	Velsko2022	1188	ERS11702792	Half	PfuTurbo Cx Hotstart DNA
ERS11702792.bin.r.4	3	0.0022832	Velsko2022	1188	ERS11702792	Half	PfuTurbo Cx Hotstart DNA
ERS11702792.bin.r.4	4	0.0031088	Velsko2022	1188	ERS11702792	Half	PfuTurbo Cx Hotstart DNA
ERS11702792.bin.r.4	5	0.0017312	Velsko2022	1188	ERS11702792	Half	PfuTurbo Cx Hotstart DNA
ERS11702793.bin.r.1	0	0.024970297029703	Velsko2022	1188	ERS11702793	Half	PfuTurbo Cx Hotstart DNA
ERS11702793.bin.r.1	1	0.00337425742574257	Velsko2022	1188	ERS11702793	Half	PfuTurbo Cx Hotstart DNA
ERS11702793.bin.r.1	2	0.00224356435643564	Velsko2022	1188	ERS11702793	Half	PfuTurbo Cx Hotstart DNA
ERS11702793.bin.r.1	3	0.00231683168316832	Velsko2022	1188	ERS11702793	Half	PfuTurbo Cx Hotstart DNA
ERS11702793.bin.r.1	4	0.00181980198019802	Velsko2022	1188	ERS11702793	Half	PfuTurbo Cx Hotstart DNA
ERS11702793.bin.r.1	5	0.00173267326732673	Velsko2022	1188	ERS11702793	Half	PfuTurbo Cx Hotstart DNA
ERS11702795.bin.r.2	0	0.0194692556634304	Velsko2022	1188	ERS11702795	Half	PfuTurbo Cx Hotstart DNA
ERS11702795.bin.r.2	1	0.00336245954692557	Velsko2022	1188	ERS11702795	Half	PfuTurbo Cx Hotstart DNA
ERS11702795.bin.r.2	2	0.00218608414239482	Velsko2022	1188	ERS11702795	Half	PfuTurbo Cx Hotstart DNA
ERS11702795.bin.r.2	3	0.00194660194174757	Velsko2022	1188	ERS11702795	Half	PfuTurbo Cx Hotstart DNA
ERS11702795.bin.r.2	4	0.00211488673139159	Velsko2022	1188	ERS11702795	Half	PfuTurbo Cx Hotstart DNA
ERS11702795.bin.r.2	5	0.00233171521035599	Velsko2022	1188	ERS11702795	Half	PfuTurbo Cx Hotstart DNA
ERS11702798.bin.r.4	0	0.0314585741811175	Velsko2022	1188	ERS11702798	Half	PfuTurbo Cx Hotstart DNA
ERS11702798.bin.r.4	1	0.00202504816955684	Velsko2022	1188	ERS11702798	Half	PfuTurbo Cx Hotstart DNA
ERS11702798.bin.r.4	2	0.000897880539499037	Velsko2022	1188	ERS11702798	Half	PfuTurbo Cx Hotstart DNA
ERS11702798.bin.r.4	3	0.00169364161849711	Velsko2022	1188	ERS11702798	Half	PfuTurbo Cx Hotstart DNA
ERS11702798.bin.r.4	4	0.000932562620423892	Velsko2022	1188	ERS11702798	Half	PfuTurbo Cx Hotstart DNA
ERS11702798.bin.r.4	5	0.000680154142581888	Velsko2022	1188	ERS11702798	Half	PfuTurbo Cx Hotstart DNA
ERS11702799.bin.r.2	0	0.0200206489675516	Velsko2022	1188	ERS11702799	Half	PfuTurbo Cx Hotstart DNA
ERS11702799.bin.r.2	1	0.00208554572271386	Velsko2022	1188	ERS11702799	Half	PfuTurbo Cx Hotstart DNA
ERS11702799.bin.r.2	2	0.000292035398230089	Velsko2022	1188	ERS11702799	Half	PfuTurbo Cx Hotstart DNA
ERS11702799.bin.r.2	3	0.0012330383480826	Velsko2022	1188	ERS11702799	Half	PfuTurbo Cx Hotstart DNA
ERS11702799.bin.r.2	4	0.000578171091445428	Velsko2022	1188	ERS11702799	Half	PfuTurbo Cx Hotstart DNA
ERS11702799.bin.r.2	5	0.000557522123893805	Velsko2022	1188	ERS11702799	Half	PfuTurbo Cx Hotstart DNA
ERS11702800_24.0.refbinned	0	0.0377847682119205	Velsko2022	1187	ERS11702800	Half	PfuTurbo Cx Hotstart DNA
ERS11702800_24.0.refbinned	1	0.00563162251655629	Velsko2022	1187	ERS11702800	Half	PfuTurbo Cx Hotstart DNA
ERS11702800_24.0.refbinned	2	0.00375496688741722	Velsko2022	1187	ERS11702800	Half	PfuTurbo Cx Hotstart DNA
ERS11702800_24.0.refbinned	3	0.00378394039735099	Velsko2022	1187	ERS11702800	Half	PfuTurbo Cx Hotstart DNA
ERS11702800_24.0.refbinned	4	0.00371192052980132	Velsko2022	1187	ERS11702800	Half	PfuTurbo Cx Hotstart DNA
ERS11702800_24.0.refbinned	5	0.00374917218543046	Velsko2022	1187	ERS11702800	Half	PfuTurbo Cx Hotstart DNA
ERS11702801.bin.r.2	0	0.0192555910543131	Velsko2022	1188	ERS11702801	Half	PfuTurbo Cx Hotstart DNA
ERS11702801.bin.r.2	1	0.00252715654952077	Velsko2022	1188	ERS11702801	Half	PfuTurbo Cx Hotstart DNA
ERS11702801.bin.r.2	2	0.00166453674121406	Velsko2022	1188	ERS11702801	Half	PfuTurbo Cx Hotstart DNA
ERS11702801.bin.r.2	3	0.00250798722044728	Velsko2022	1188	ERS11702801	Half	PfuTurbo Cx Hotstart DNA
ERS11702801.bin.r.2	4	0.00130670926517572	Velsko2022	1188	ERS11702801	Half	PfuTurbo Cx Hotstart DNA
ERS11702801.bin.r.2	5	0.00146006389776358	Velsko2022	1188	ERS11702801	Half	PfuTurbo Cx Hotstart DNA
ERS11702805.bin.r.4	0	0.0150790513833992	Velsko2022	1188	ERS11702805	Half	PfuTurbo Cx Hotstart DNA
ERS11702805.bin.r.4	1	0.00216205533596838	Velsko2022	1188	ERS11702805	Half	PfuTurbo Cx Hotstart DNA
ERS11702805.bin.r.4	2	0.00158498023715415	Velsko2022	1188	ERS11702805	Half	PfuTurbo Cx Hotstart DNA
ERS11702805.bin.r.4	3	0.00217391304347826	Velsko2022	1188	ERS11702805	Half	PfuTurbo Cx Hotstart DNA
ERS11702805.bin.r.4	4	0.00166798418972332	Velsko2022	1188	ERS11702805	Half	PfuTurbo Cx Hotstart DNA
ERS11702805.bin.r.4	5	0.00134782608695652	Velsko2022	1188	ERS11702805	Half	PfuTurbo Cx Hotstart DNA
ERS11702806.bin.r.1	0	0.0363262195121951	Velsko2022	1188	ERS11702806	Half	PfuTurbo Cx Hotstart DNA
ERS11702806.bin.r.1	1	0.00376524390243902	Velsko2022	1188	ERS11702806	Half	PfuTurbo Cx Hotstart DNA
ERS11702806.bin.r.1	2	0.00247256097560976	Velsko2022	1188	ERS11702806	Half	PfuTurbo Cx Hotstart DNA
ERS11702806.bin.r.1	3	0.00175304878048781	Velsko2022	1188	ERS11702806	Half	PfuTurbo Cx Hotstart DNA
ERS11702806.bin.r.1	4	0.00217987804878049	Velsko2022	1188	ERS11702806	Half	PfuTurbo Cx Hotstart DNA
ERS11702806.bin.r.1	5	0.00165853658536585	Velsko2022	1188	ERS11702806	Half	PfuTurbo Cx Hotstart DNA
ERS11702808.bin.r.3	0	0.0512242424242424	Velsko2022	1188	ERS11702808	Half	PfuTurbo Cx Hotstart DNA
ERS11702808.bin.r.3	1	0.00313939393939394	Velsko2022	1188	ERS11702808	Half	PfuTurbo Cx Hotstart DNA
ERS11702808.bin.r.3	2	0.00165454545454545	Velsko2022	1188	ERS11702808	Half	PfuTurbo Cx Hotstart DNA
ERS11702808.bin.r.3	3	0.00218181818181818	Velsko2022	1188	ERS11702808	Half	PfuTurbo Cx Hotstart DNA
ERS11702808.bin.r.3	4	0.00164242424242424	Velsko2022	1188	ERS11702808	Half	PfuTurbo Cx Hotstart DNA
ERS11702808.bin.r.3	5	0.0012969696969697	Velsko2022	1188	ERS11702808	Half	PfuTurbo Cx Hotstart DNA
ERS11702809_24.0.refbinned	0	0.0136062767475036	Velsko2022	1187	ERS11702809	Half	PfuTurbo Cx Hotstart DNA
ERS11702809_24.0.refbinned	1	0.00306562054208274	Velsko2022	1187	ERS11702809	Half	PfuTurbo Cx Hotstart DNA
ERS11702809_24.0.refbinned	2	0.00248502139800285	Velsko2022	1187	ERS11702809	Half	PfuTurbo Cx Hotstart DNA
ERS11702809_24.0.refbinned	3	0.00312125534950071	Velsko2022	1187	ERS11702809	Half	PfuTurbo Cx Hotstart DNA
ERS11702809_24.0.refbinned	4	0.00199429386590585	Velsko2022	1187	ERS11702809	Half	PfuTurbo Cx Hotstart DNA
ERS11702809_24.0.refbinned	5	0.00218830242510699	Velsko2022	1187	ERS11702809	Half	PfuTurbo Cx Hotstart DNA
ERS11702809_25.0.refbinned	0	0.0121665014866204	Velsko2022	1188	ERS11702809	Half	PfuTurbo Cx Hotstart DNA
ERS11702809_25.0.refbinned	1	0.0030782953419227	Velsko2022	1188	ERS11702809	Half	PfuTurbo Cx Hotstart DNA
ERS11702809_25.0.refbinned	2	0.0018790882061447	Velsko2022	1188	ERS11702809	Half	PfuTurbo Cx Hotstart DNA
ERS11702809_25.0.refbinned	3	0.00176709613478692	Velsko2022	1188	ERS11702809	Half	PfuTurbo Cx Hotstart DNA
ERS11702809_25.0.refbinned	4	0.00179385530227948	Velsko2022	1188	ERS11702809	Half	PfuTurbo Cx Hotstart DNA
ERS11702809_25.0.refbinned	5	0.00150743310208127	Velsko2022	1188	ERS11702809	Half	PfuTurbo Cx Hotstart DNA
ERS11702810.bin.r.8	0	0.00544878048780488	Velsko2022	1188	ERS11702810	Half	PfuTurbo Cx Hotstart DNA
ERS11702810.bin.r.8	1	0.00262439024390244	Velsko2022	1188	ERS11702810	Half	PfuTurbo Cx Hotstart DNA
ERS11702810.bin.r.8	2	0.00188292682926829	Velsko2022	1188	ERS11702810	Half	PfuTurbo Cx Hotstart DNA
ERS11702810.bin.r.8	3	0.00255121951219512	Velsko2022	1188	ERS11702810	Half	PfuTurbo Cx Hotstart DNA
ERS11702810.bin.r.8	4	0.00118536585365854	Velsko2022	1188	ERS11702810	Half	PfuTurbo Cx Hotstart DNA
ERS11702810.bin.r.8	5	0.00136585365853659	Velsko2022	1188	ERS11702810	Half	PfuTurbo Cx Hotstart DNA
ERS11702811.bin.r.1	0	0.00365905631659056	Velsko2022	1188	ERS11702811	Half	PfuTurbo Cx Hotstart DNA
ERS11702811.bin.r.1	1	0.00232876712328767	Velsko2022	1188	ERS11702811	Half	PfuTurbo Cx Hotstart DNA
ERS11702811.bin.r.1	2	0.00186301369863014	Velsko2022	1188	ERS11702811	Half	PfuTurbo Cx Hotstart DNA
ERS11702811.bin.r.1	3	0.00165144596651446	Velsko2022	1188	ERS11702811	Half	PfuTurbo Cx Hotstart DNA
ERS11702811.bin.r.1	4	0.00112024353120244	Velsko2022	1188	ERS11702811	Half	PfuTurbo Cx Hotstart DNA
ERS11702811.bin.r.1	5	0.000765601217656012	Velsko2022	1188	ERS11702811	Half	PfuTurbo Cx Hotstart DNA
ERS11702812.bin.r.7	0	0.00671086956521739	Velsko2022	1188	ERS11702812	Half	PfuTurbo Cx Hotstart DNA
ERS11702812.bin.r.7	1	0.00251521739130435	Velsko2022	1188	ERS11702812	Half	PfuTurbo Cx Hotstart DNA
ERS11702812.bin.r.7	2	0.00199782608695652	Velsko2022	1188	ERS11702812	Half	PfuTurbo Cx Hotstart DNA
ERS11702812.bin.r.7	3	0.00217608695652174	Velsko2022	1188	ERS11702812	Half	PfuTurbo Cx Hotstart DNA
ERS11702812.bin.r.7	4	0.00181304347826087	Velsko2022	1188	ERS11702812	Half	PfuTurbo Cx Hotstart DNA
ERS11702812.bin.r.7	5	0.00096304347826087	Velsko2022	1188	ERS11702812	Half	PfuTurbo Cx Hotstart DNA
ERS11702814.bin.r.3	0	0.00400460829493088	Velsko2022	1188	ERS11702814	Half	PfuTurbo Cx Hotstart DNA
ERS11702814.bin.r.3	1	0.00311520737327189	Velsko2022	1188	ERS11702814	Half	PfuTurbo Cx Hotstart DNA
ERS11702814.bin.r.3	2	0.00241013824884793	Velsko2022	1188	ERS11702814	Half	PfuTurbo Cx Hotstart DNA
ERS11702814.bin.r.3	3	0.00230414746543779	Velsko2022	1188	ERS11702814	Half	PfuTurbo Cx Hotstart DNA
ERS11702814.bin.r.3	4	0.00178801843317972	Velsko2022	1188	ERS11702814	Half	PfuTurbo Cx Hotstart DNA
ERS11702814.bin.r.3	5	0.00125806451612903	Velsko2022	1188	ERS11702814	Half	PfuTurbo Cx Hotstart DNA
ERS15409340.bin.r.4	0	0.00985152838427948	Velsko2024	1188	ERS15409340	Half	PfuTurbo Cx Hotstart DNA
ERS15409340.bin.r.4	1	0.00276637554585153	Velsko2024	1188	ERS15409340	Half	PfuTurbo Cx Hotstart DNA
ERS15409340.bin.r.4	2	0.00159825327510917	Velsko2024	1188	ERS15409340	Half	PfuTurbo Cx Hotstart DNA
ERS15409340.bin.r.4	3	0.00190393013100437	Velsko2024	1188	ERS15409340	Half	PfuTurbo Cx Hotstart DNA
ERS15409340.bin.r.4	4	0.00103493449781659	Velsko2024	1188	ERS15409340	Half	PfuTurbo Cx Hotstart DNA
ERS15409340.bin.r.4	5	0.000648471615720524	Velsko2024	1188	ERS15409340	Half	PfuTurbo Cx Hotstart DNA
ERS15409341.bin.r.9	0	0.0251790540540541	Velsko2024	1188	ERS15409341	Half	PfuTurbo Cx Hotstart DNA
ERS15409341.bin.r.9	1	0.00298648648648649	Velsko2024	1188	ERS15409341	Half	PfuTurbo Cx Hotstart DNA
ERS15409341.bin.r.9	2	0.0019222972972973	Velsko2024	1188	ERS15409341	Half	PfuTurbo Cx Hotstart DNA
ERS15409341.bin.r.9	3	0.00193581081081081	Velsko2024	1188	ERS15409341	Half	PfuTurbo Cx Hotstart DNA
ERS15409341.bin.r.9	4	0.00168243243243243	Velsko2024	1188	ERS15409341	Half	PfuTurbo Cx Hotstart DNA
ERS15409341.bin.r.9	5	0.00114189189189189	Velsko2024	1188	ERS15409341	Half	PfuTurbo Cx Hotstart DNA
ERS15409344.bin.r.2	0	0.0428019047619048	Velsko2024	1188	ERS15409344	Half	PfuTurbo Cx Hotstart DNA
ERS15409344.bin.r.2	1	0.00219238095238095	Velsko2024	1188	ERS15409344	Half	PfuTurbo Cx Hotstart DNA
ERS15409344.bin.r.2	2	0.00149714285714286	Velsko2024	1188	ERS15409344	Half	PfuTurbo Cx Hotstart DNA
ERS15409344.bin.r.2	3	0.00162285714285714	Velsko2024	1188	ERS15409344	Half	PfuTurbo Cx Hotstart DNA
ERS15409344.bin.r.2	4	0.00112571428571429	Velsko2024	1188	ERS15409344	Half	PfuTurbo Cx Hotstart DNA
ERS15409344.bin.r.2	5	0.000944761904761905	Velsko2024	1188	ERS15409344	Half	PfuTurbo Cx Hotstart DNA
ERS15409351.bin.r.1	0	0.00962931034482759	Velsko2024	1188	ERS15409351	Half	PfuTurbo Cx Hotstart DNA
ERS15409351.bin.r.1	1	0.00285560344827586	Velsko2024	1188	ERS15409351	Half	PfuTurbo Cx Hotstart DNA
ERS15409351.bin.r.1	2	0.00171120689655172	Velsko2024	1188	ERS15409351	Half	PfuTurbo Cx Hotstart DNA
ERS15409351.bin.r.1	3	0.0019051724137931	Velsko2024	1188	ERS15409351	Half	PfuTurbo Cx Hotstart DNA
ERS15409351.bin.r.1	4	0.00155387931034483	Velsko2024	1188	ERS15409351	Half	PfuTurbo Cx Hotstart DNA
ERS15409351.bin.r.1	5	0.00143103448275862	Velsko2024	1188	ERS15409351	Half	PfuTurbo Cx Hotstart DNA
ERS15409355.bin.r.6	0	0.10114859437751	Velsko2024	1188	ERS15409355	None	PfuTurbo Cx Hotstart DNA
ERS15409355.bin.r.6	1	0.00538152610441767	Velsko2024	1188	ERS15409355	None	PfuTurbo Cx Hotstart DNA
ERS15409355.bin.r.6	2	0.00335341365461847	Velsko2024	1188	ERS15409355	None	PfuTurbo Cx Hotstart DNA
ERS15409355.bin.r.6	3	0.00285542168674699	Velsko2024	1188	ERS15409355	None	PfuTurbo Cx Hotstart DNA
ERS15409355.bin.r.6	4	0.00225502008032129	Velsko2024	1188	ERS15409355	None	PfuTurbo Cx Hotstart DNA
ERS15409355.bin.r.6	5	0.00234538152610442	Velsko2024	1188	ERS15409355	None	PfuTurbo Cx Hotstart DNA
ERS15409361.bin.r.3	0	0.026377358490566	Velsko2024	1188	ERS15409361	Half	PfuTurbo Cx Hotstart DNA
ERS15409361.bin.r.3	1	0.00518238993710692	Velsko2024	1188	ERS15409361	Half	PfuTurbo Cx Hotstart DNA
ERS15409361.bin.r.3	2	0.0030041928721174	Velsko2024	1188	ERS15409361	Half	PfuTurbo Cx Hotstart DNA
ERS15409361.bin.r.3	3	0.002958071278826	Velsko2024	1188	ERS15409361	Half	PfuTurbo Cx Hotstart DNA
ERS15409361.bin.r.3	4	0.00210482180293501	Velsko2024	1188	ERS15409361	Half	PfuTurbo Cx Hotstart DNA
ERS15409361.bin.r.3	5	0.00161635220125786	Velsko2024	1188	ERS15409361	Half	PfuTurbo Cx Hotstart DNA
ERS15409370_24.0.refbinned	0	0.419342379958246	Velsko2024	1187	ERS15409370	None	PfuTurbo Cx Hotstart DNA
ERS15409370_24.0.refbinned	1	0.269820459290188	Velsko2024	1187	ERS15409370	None	PfuTurbo Cx Hotstart DNA
ERS15409370_24.0.refbinned	2	0.152548016701461	Velsko2024	1187	ERS15409370	None	PfuTurbo Cx Hotstart DNA
ERS15409370_24.0.refbinned	3	0.100687891440501	Velsko2024	1187	ERS15409370	None	PfuTurbo Cx Hotstart DNA
ERS15409370_24.0.refbinned	4	0.0740073068893528	Velsko2024	1187	ERS15409370	None	PfuTurbo Cx Hotstart DNA
ERS15409370_24.0.refbinned	5	0.0544217118997912	Velsko2024	1187	ERS15409370	None	PfuTurbo Cx Hotstart DNA
ERS15409397.bin.r.5	0	0.015273570324575	Velsko2024	1188	ERS15409397	Half	PfuTurbo Cx Hotstart DNA
ERS15409397.bin.r.5	1	0.0053338485316847	Velsko2024	1188	ERS15409397	Half	PfuTurbo Cx Hotstart DNA
ERS15409397.bin.r.5	2	0.00446058732612056	Velsko2024	1188	ERS15409397	Half	PfuTurbo Cx Hotstart DNA
ERS15409397.bin.r.5	3	0.0031870170015456	Velsko2024	1188	ERS15409397	Half	PfuTurbo Cx Hotstart DNA
ERS15409397.bin.r.5	4	0.00258114374034003	Velsko2024	1188	ERS15409397	Half	PfuTurbo Cx Hotstart DNA
ERS15409397.bin.r.5	5	0.00225656877897991	Velsko2024	1188	ERS15409397	Half	PfuTurbo Cx Hotstart DNA
ERS15409403.bin.r.7	0	0.0222079772079772	Velsko2024	1188	ERS15409403	Half	PfuTurbo Cx Hotstart DNA
ERS15409403.bin.r.7	1	0.00764102564102564	Velsko2024	1188	ERS15409403	Half	PfuTurbo Cx Hotstart DNA
ERS15409403.bin.r.7	2	0.00571225071225071	Velsko2024	1188	ERS15409403	Half	PfuTurbo Cx Hotstart DNA
ERS15409403.bin.r.7	3	0.0048974358974359	Velsko2024	1188	ERS15409403	Half	PfuTurbo Cx Hotstart DNA
ERS15409403.bin.r.7	4	0.00384900284900285	Velsko2024	1188	ERS15409403	Half	PfuTurbo Cx Hotstart DNA
ERS15409403.bin.r.7	5	0.00336752136752137	Velsko2024	1188	ERS15409403	Half	PfuTurbo Cx Hotstart DNA
ERS15409408.bin.r.3	0	0.254864532019704	Velsko2024	1187	ERS15409408	Half	PfuTurbo Cx Hotstart DNA
ERS15409408.bin.r.3	1	0.00629556650246305	Velsko2024	1187	ERS15409408	Half	PfuTurbo Cx Hotstart DNA
ERS15409408.bin.r.3	2	0.00287684729064039	Velsko2024	1187	ERS15409408	Half	PfuTurbo Cx Hotstart DNA
ERS15409408.bin.r.3	3	0.00301724137931035	Velsko2024	1187	ERS15409408	Half	PfuTurbo Cx Hotstart DNA
ERS15409408.bin.r.3	4	0.00209605911330049	Velsko2024	1187	ERS15409408	Half	PfuTurbo Cx Hotstart DNA
ERS15409408.bin.r.3	5	0.00186699507389163	Velsko2024	1187	ERS15409408	Half	PfuTurbo Cx Hotstart DNA
ERS15409409.bin.r.4	0	0.21539	Velsko2024	1187	ERS15409409	Half	PfuTurbo Cx Hotstart DNA
ERS15409409.bin.r.4	1	0.00603333333333333	Velsko2024	1187	ERS15409409	Half	PfuTurbo Cx Hotstart DNA
ERS15409409.bin.r.4	2	0.00224666666666667	Velsko2024	1187	ERS15409409	Half	PfuTurbo Cx Hotstart DNA
ERS15409409.bin.r.4	3	0.00226333333333333	Velsko2024	1187	ERS15409409	Half	PfuTurbo Cx Hotstart DNA
ERS15409409.bin.r.4	4	0.00154	Velsko2024	1187	ERS15409409	Half	PfuTurbo Cx Hotstart DNA
ERS15409409.bin.r.4	5	0.00107333333333333	Velsko2024	1187	ERS15409409	Half	PfuTurbo Cx Hotstart DNA
ERS15409413.bin.r.1	0	0.0317735849056604	Velsko2024	1190	ERS15409413	Half	PfuTurbo Cx Hotstart DNA
ERS15409413.bin.r.1	1	0.00405283018867925	Velsko2024	1190	ERS15409413	Half	PfuTurbo Cx Hotstart DNA
ERS15409413.bin.r.1	2	0.00193207547169811	Velsko2024	1190	ERS15409413	Half	PfuTurbo Cx Hotstart DNA
ERS15409413.bin.r.1	3	0.00261132075471698	Velsko2024	1190	ERS15409413	Half	PfuTurbo Cx Hotstart DNA
ERS15409413.bin.r.1	4	0.00279245283018868	Velsko2024	1190	ERS15409413	Half	PfuTurbo Cx Hotstart DNA
ERS15409413.bin.r.1	5	0.00223396226415094	Velsko2024	1190	ERS15409413	Half	PfuTurbo Cx Hotstart DNA
ERS15409414.bin.r.1	0	0.0342173913043478	Velsko2024	1188	ERS15409414	Half	PfuTurbo Cx Hotstart DNA
ERS15409414.bin.r.1	1	0.00415652173913044	Velsko2024	1188	ERS15409414	Half	PfuTurbo Cx Hotstart DNA
ERS15409414.bin.r.1	2	0.00233913043478261	Velsko2024	1188	ERS15409414	Half	PfuTurbo Cx Hotstart DNA
ERS15409414.bin.r.1	3	0.00294782608695652	Velsko2024	1188	ERS15409414	Half	PfuTurbo Cx Hotstart DNA
ERS15409414.bin.r.1	4	0.00208260869565217	Velsko2024	1188	ERS15409414	Half	PfuTurbo Cx Hotstart DNA
ERS15409414.bin.r.1	5	0.0015304347826087	Velsko2024	1188	ERS15409414	Half	PfuTurbo Cx Hotstart DNA
ERS15409415.bin.r.1	0	0.0286688741721854	Velsko2024	1188	ERS15409415	Half	PfuTurbo Cx Hotstart DNA
ERS15409415.bin.r.1	1	0.00319205298013245	Velsko2024	1188	ERS15409415	Half	PfuTurbo Cx Hotstart DNA
ERS15409415.bin.r.1	2	0.00196688741721854	Velsko2024	1188	ERS15409415	Half	PfuTurbo Cx Hotstart DNA
ERS15409415.bin.r.1	3	0.00209271523178808	Velsko2024	1188	ERS15409415	Half	PfuTurbo Cx Hotstart DNA
ERS15409415.bin.r.1	4	0.0015364238410596	Velsko2024	1188	ERS15409415	Half	PfuTurbo Cx Hotstart DNA
ERS15409415.bin.r.1	5	0.00109271523178808	Velsko2024	1188	ERS15409415	Half	PfuTurbo Cx Hotstart DNA
ERS15409416.bin.r.1	0	0.0215691318327974	Velsko2024	1188	ERS15409416	Half	PfuTurbo Cx Hotstart DNA
ERS15409416.bin.r.1	1	0.00866881028938907	Velsko2024	1188	ERS15409416	Half	PfuTurbo Cx Hotstart DNA
ERS15409416.bin.r.1	2	0.00603215434083601	Velsko2024	1188	ERS15409416	Half	PfuTurbo Cx Hotstart DNA
ERS15409416.bin.r.1	3	0.00568488745980707	Velsko2024	1188	ERS15409416	Half	PfuTurbo Cx Hotstart DNA
ERS15409416.bin.r.1	4	0.00446945337620579	Velsko2024	1188	ERS15409416	Half	PfuTurbo Cx Hotstart DNA
ERS15409416.bin.r.1	5	0.0042443729903537	Velsko2024	1188	ERS15409416	Half	PfuTurbo Cx Hotstart DNA
ERS15409431.bin.r.4	0	0.0264873737373737	Velsko2024	1188	ERS15409431	Half	PfuTurbo Cx Hotstart DNA
ERS15409431.bin.r.4	1	0.00553030303030303	Velsko2024	1188	ERS15409431	Half	PfuTurbo Cx Hotstart DNA
ERS15409431.bin.r.4	2	0.00442424242424242	Velsko2024	1188	ERS15409431	Half	PfuTurbo Cx Hotstart DNA
ERS15409431.bin.r.4	3	0.00367929292929293	Velsko2024	1188	ERS15409431	Half	PfuTurbo Cx Hotstart DNA
ERS15409431.bin.r.4	4	0.00239646464646465	Velsko2024	1188	ERS15409431	Half	PfuTurbo Cx Hotstart DNA
ERS15409431.bin.r.4	5	0.00245454545454545	Velsko2024	1188	ERS15409431	Half	PfuTurbo Cx Hotstart DNA
ERS15409432.bin.r.4	0	0.0237877358490566	Velsko2024	1188	ERS15409432	Half	PfuTurbo Cx Hotstart DNA
ERS15409432.bin.r.4	1	0.0080188679245283	Velsko2024	1188	ERS15409432	Half	PfuTurbo Cx Hotstart DNA
ERS15409432.bin.r.4	2	0.00626415094339623	Velsko2024	1188	ERS15409432	Half	PfuTurbo Cx Hotstart DNA
ERS15409432.bin.r.4	3	0.00572169811320755	Velsko2024	1188	ERS15409432	Half	PfuTurbo Cx Hotstart DNA
ERS15409432.bin.r.4	4	0.00460849056603774	Velsko2024	1188	ERS15409432	Half	PfuTurbo Cx Hotstart DNA
ERS15409432.bin.r.4	5	0.00395754716981132	Velsko2024	1188	ERS15409432	Half	PfuTurbo Cx Hotstart DNA
ERS22873782.bin.r.41	0	0.0936616541353384	RIII2023	1187	ERS22873782	None	
ERS22873782.bin.r.41	1	0.0544436090225564	RIII2023	1187	ERS22873782	None	
ERS22873782.bin.r.41	2	0.0445112781954887	RIII2023	1187	ERS22873782	None	
ERS22873782.bin.r.41	3	0.0463383458646617	RIII2023	1187	ERS22873782	None	
ERS22873782.bin.r.41	4	0.0486541353383459	RIII2023	1187	ERS22873782	None	
ERS22873782.bin.r.41	5	0.0498270676691729	RIII2023	1187	ERS22873782	None	
ERS22873794.bin.r.22	0	0.0209868073878628	RIII2023	1187	ERS22873794	Mixed	
ERS22873794.bin.r.22	1	0.0121213720316623	RIII2023	1187	ERS22873794	Mixed	
ERS22873794.bin.r.22	2	0.020868073878628	RIII2023	1187	ERS22873794	Mixed	
ERS22873794.bin.r.22	3	0.00612928759894459	RIII2023	1187	ERS22873794	Mixed	
ERS22873794.bin.r.22	4	0.0150316622691293	RIII2023	1187	ERS22873794	Mixed	
ERS22873794.bin.r.22	5	0.00854353562005277	RIII2023	1187	ERS22873794	Mixed	
ERS22873795.bin.r.21	0	0.0131678832116788	RIII2023	1190	ERS22873795	Mixed	
ERS22873795.bin.r.21	1	0.00855474452554745	RIII2023	1190	ERS22873795	Mixed	
ERS22873795.bin.r.21	2	0.014985401459854	RIII2023	1190	ERS22873795	Mixed	
ERS22873795.bin.r.21	3	0.00462043795620438	RIII2023	1190	ERS22873795	Mixed	
ERS22873795.bin.r.21	4	0.00957664233576642	RIII2023	1190	ERS22873795	Mixed	
ERS22873795.bin.r.21	5	0.00582481751824818	RIII2023	1190	ERS22873795	Mixed	
ERS22873795.bin.r.6	0	0.0110135135135135	RIII2023	1187	ERS22873795	Mixed	
ERS22873795.bin.r.6	1	0.00866216216216216	RIII2023	1187	ERS22873795	Mixed	
ERS22873795.bin.r.6	2	0.0169797297297297	RIII2023	1187	ERS22873795	Mixed	
ERS22873795.bin.r.6	3	0.00495945945945946	RIII2023	1187	ERS22873795	Mixed	
ERS22873795.bin.r.6	4	0.0103581081081081	RIII2023	1187	ERS22873795	Mixed	
ERS22873795.bin.r.6	5	0.00710135135135135	RIII2023	1187	ERS22873795	Mixed	
ERS22873796.bin.r.35	0	0.0061588785046729	RIII2023	1187	ERS22873796	Mixed	
ERS22873796.bin.r.35	1	0.00558878504672897	RIII2023	1187	ERS22873796	Mixed	
ERS22873796.bin.r.35	2	0.00783177570093458	RIII2023	1187	ERS22873796	Mixed	
ERS22873796.bin.r.35	3	0.00360747663551402	RIII2023	1187	ERS22873796	Mixed	
ERS22873796.bin.r.35	4	0.00558878504672897	RIII2023	1187	ERS22873796	Mixed	
ERS22873796.bin.r.35	5	0.00418691588785047	RIII2023	1187	ERS22873796	Mixed	
ERS26854147.bin.r.1	0	0.0923533026113671	Velsko2024	1187	ERS26854147	Half	
ERS26854147.bin.r.1	1	0.0110337941628264	Velsko2024	1187	ERS26854147	Half	
ERS26854147.bin.r.1	2	0.00729185867895545	Velsko2024	1187	ERS26854147	Half	
ERS26854147.bin.r.1	3	0.00630721966205837	Velsko2024	1187	ERS26854147	Half	
ERS26854147.bin.r.1	4	0.00393241167434716	Velsko2024	1187	ERS26854147	Half	
ERS26854147.bin.r.1	5	0.00389247311827957	Velsko2024	1187	ERS26854147	Half	
ERS26854150.bin.r.29	0	0.231425925925926	""	1190	ERS26854150	None	
ERS26854150.bin.r.29	1	0.134	""	1190	ERS26854150	None	
ERS26854150.bin.r.29	2	0.0779444444444444	""	1190	ERS26854150	None	
ERS26854150.bin.r.29	3	0.0595987654320988	""	1190	ERS26854150	None	
ERS26854150.bin.r.29	4	0.0483765432098765	""	1190	ERS26854150	None	
ERS26854150.bin.r.29	5	0.039462962962963	""	1190	ERS26854150	None	
ERS2985743.bin.r.6	0	0.0326372549019608	Velsko2019	1188	ERS2985743	Proof-reading enzyme	AccuPrime Pfx DNA
ERS2985743.bin.r.6	1	0.0236960784313726	Velsko2019	1188	ERS2985743	Proof-reading enzyme	AccuPrime Pfx DNA
ERS2985743.bin.r.6	2	0.0191960784313726	Velsko2019	1188	ERS2985743	Proof-reading enzyme	AccuPrime Pfx DNA
ERS2985743.bin.r.6	3	0.0169705882352941	Velsko2019	1188	ERS2985743	Proof-reading enzyme	AccuPrime Pfx DNA
ERS2985743.bin.r.6	4	0.0167745098039216	Velsko2019	1188	ERS2985743	Proof-reading enzyme	AccuPrime Pfx DNA
ERS2985743.bin.r.6	5	0.0153725490196078	Velsko2019	1188	ERS2985743	Proof-reading enzyme	AccuPrime Pfx DNA
ERS2985744.bin.r.3	0	0.0542330097087379	Velsko2019	1188	ERS2985744	Proof-reading enzyme	AccuPrime Pfx DNA
ERS2985744.bin.r.3	1	0.0431165048543689	Velsko2019	1188	ERS2985744	Proof-reading enzyme	AccuPrime Pfx DNA
ERS2985744.bin.r.3	2	0.0337184466019417	Velsko2019	1188	ERS2985744	Proof-reading enzyme	AccuPrime Pfx DNA
ERS2985744.bin.r.3	3	0.0310291262135922	Velsko2019	1188	ERS2985744	Proof-reading enzyme	AccuPrime Pfx DNA
ERS2985744.bin.r.3	4	0.0295145631067961	Velsko2019	1188	ERS2985744	Proof-reading enzyme	AccuPrime Pfx DNA
ERS2985744.bin.r.3	5	0.0257766990291262	Velsko2019	1188	ERS2985744	Proof-reading enzyme	AccuPrime Pfx DNA
ERS2985746.bin.r.2	0	0.0479858757062147	Velsko2019	1187	ERS2985746	Proof-reading enzyme	AccuPrime Pfx DNA
ERS2985746.bin.r.2	1	0.0342853107344633	Velsko2019	1187	ERS2985746	Proof-reading enzyme	AccuPrime Pfx DNA
ERS2985746.bin.r.2	2	0.0269717514124294	Velsko2019	1187	ERS2985746	Proof-reading enzyme	AccuPrime Pfx DNA
ERS2985746.bin.r.2	3	0.0257598870056497	Velsko2019	1187	ERS2985746	Proof-reading enzyme	AccuPrime Pfx DNA
ERS2985746.bin.r.2	4	0.0247146892655367	Velsko2019	1187	ERS2985746	Proof-reading enzyme	AccuPrime Pfx DNA
ERS2985746.bin.r.2	5	0.0230310734463277	Velsko2019	1187	ERS2985746	Proof-reading enzyme	AccuPrime Pfx DNA
ERS2985748.bin.r.12	0	0.0482436974789916	Velsko2019	1188	ERS2985748	Proof-reading enzyme	AccuPrime Pfx DNA
ERS2985748.bin.r.12	1	0.0384117647058824	Velsko2019	1188	ERS2985748	Proof-reading enzyme	AccuPrime Pfx DNA
ERS2985748.bin.r.12	2	0.0337563025210084	Velsko2019	1188	ERS2985748	Proof-reading enzyme	AccuPrime Pfx DNA
ERS2985748.bin.r.12	3	0.0334957983193277	Velsko2019	1188	ERS2985748	Proof-reading enzyme	AccuPrime Pfx DNA
ERS2985748.bin.r.12	4	0.0303109243697479	Velsko2019	1188	ERS2985748	Proof-reading enzyme	AccuPrime Pfx DNA
ERS2985748.bin.r.12	5	0.0283529411764706	Velsko2019	1188	ERS2985748	Proof-reading enzyme	AccuPrime Pfx DNA
ERS2985750.bin.r.19	0	0.0351274509803922	Velsko2019	1188	ERS2985750	Proof-reading enzyme	AccuPrime Pfx DNA
ERS2985750.bin.r.19	1	0.0197843137254902	Velsko2019	1188	ERS2985750	Proof-reading enzyme	AccuPrime Pfx DNA
ERS2985750.bin.r.19	2	0.0156372549019608	Velsko2019	1188	ERS2985750	Proof-reading enzyme	AccuPrime Pfx DNA
ERS2985750.bin.r.19	3	0.0136666666666667	Velsko2019	1188	ERS2985750	Proof-reading enzyme	AccuPrime Pfx DNA
ERS2985750.bin.r.19	4	0.0128333333333333	Velsko2019	1188	ERS2985750	Proof-reading enzyme	AccuPrime Pfx DNA
ERS2985750.bin.r.19	5	0.0111666666666667	Velsko2019	1188	ERS2985750	Proof-reading enzyme	AccuPrime Pfx DNA
ERS2985751.bin.r.4	0	0.03275	Velsko2019	1188	ERS2985751	Proof-reading enzyme	AccuPrime Pfx DNA
ERS2985751.bin.r.4	1	0.0244285714285714	Velsko2019	1188	ERS2985751	Proof-reading enzyme	AccuPrime Pfx DNA
ERS2985751.bin.r.4	2	0.0205892857142857	Velsko2019	1188	ERS2985751	Proof-reading enzyme	AccuPrime Pfx DNA
ERS2985751.bin.r.4	3	0.01925	Velsko2019	1188	ERS2985751	Proof-reading enzyme	AccuPrime Pfx DNA
ERS2985751.bin.r.4	4	0.0200089285714286	Velsko2019	1188	ERS2985751	Proof-reading enzyme	AccuPrime Pfx DNA
ERS2985751.bin.r.4	5	0.0167232142857143	Velsko2019	1188	ERS2985751	Proof-reading enzyme	AccuPrime Pfx DNA
ERS2985752.bin.r.4	0	0.0551063291139241	Velsko2019	1188	ERS2985752	Proof-reading enzyme	AccuPrime Pfx DNA
ERS2985752.bin.r.4	1	0.0299949367088608	Velsko2019	1188	ERS2985752	Proof-reading enzyme	AccuPrime Pfx DNA
ERS2985752.bin.r.4	2	0.0239417721518987	Velsko2019	1188	ERS2985752	Proof-reading enzyme	AccuPrime Pfx DNA
ERS2985752.bin.r.4	3	0.0232227848101266	Velsko2019	1188	ERS2985752	Proof-reading enzyme	AccuPrime Pfx DNA
ERS2985752.bin.r.4	4	0.0205367088607595	Velsko2019	1188	ERS2985752	Proof-reading enzyme	AccuPrime Pfx DNA
ERS2985752.bin.r.4	5	0.0227949367088608	Velsko2019	1188	ERS2985752	Proof-reading enzyme	AccuPrime Pfx DNA
ERS2985756.bin.r.7	0	0.0459316770186335	Velsko2019	1188	ERS2985756	Proof-reading enzyme	AccuPrime Pfx DNA
ERS2985756.bin.r.7	1	0.0310931677018634	Velsko2019	1188	ERS2985756	Proof-reading enzyme	AccuPrime Pfx DNA
ERS2985756.bin.r.7	2	0.0265403726708075	Velsko2019	1188	ERS2985756	Proof-reading enzyme	AccuPrime Pfx DNA
ERS2985756.bin.r.7	3	0.0264347826086957	Velsko2019	1188	ERS2985756	Proof-reading enzyme	AccuPrime Pfx DNA
ERS2985756.bin.r.7	4	0.0265155279503106	Velsko2019	1188	ERS2985756	Proof-reading enzyme	AccuPrime Pfx DNA
ERS2985756.bin.r.7	5	0.0224223602484472	Velsko2019	1188	ERS2985756	Proof-reading enzyme	AccuPrime Pfx DNA
ERS2985759.bin.r.6	0	0.0714166666666667	Velsko2019	1188	ERS2985759	Proof-reading enzyme	AccuPrime Pfx DNA
ERS2985759.bin.r.6	1	0.0482685185185185	Velsko2019	1188	ERS2985759	Proof-reading enzyme	AccuPrime Pfx DNA
ERS2985759.bin.r.6	2	0.0338888888888889	Velsko2019	1188	ERS2985759	Proof-reading enzyme	AccuPrime Pfx DNA
ERS2985759.bin.r.6	3	0.0294259259259259	Velsko2019	1188	ERS2985759	Proof-reading enzyme	AccuPrime Pfx DNA
ERS2985759.bin.r.6	4	0.0251481481481482	Velsko2019	1188	ERS2985759	Proof-reading enzyme	AccuPrime Pfx DNA
ERS2985759.bin.r.6	5	0.0210648148148148	Velsko2019	1188	ERS2985759	Proof-reading enzyme	AccuPrime Pfx DNA
ERS2985760.bin.r.1	0	0.0677747747747748	Velsko2019	1187	ERS2985760	Proof-reading enzyme	AccuPrime Pfx DNA
ERS2985760.bin.r.1	1	0.0462342342342342	Velsko2019	1187	ERS2985760	Proof-reading enzyme	AccuPrime Pfx DNA
ERS2985760.bin.r.1	2	0.0325945945945946	Velsko2019	1187	ERS2985760	Proof-reading enzyme	AccuPrime Pfx DNA
ERS2985760.bin.r.1	3	0.0292522522522523	Velsko2019	1187	ERS2985760	Proof-reading enzyme	AccuPrime Pfx DNA
ERS2985760.bin.r.1	4	0.0273963963963964	Velsko2019	1187	ERS2985760	Proof-reading enzyme	AccuPrime Pfx DNA
ERS2985760.bin.r.1	5	0.0247837837837838	Velsko2019	1187	ERS2985760	Proof-reading enzyme	AccuPrime Pfx DNA
ERS2985761.bin.r.1	0	0.0408224299065421	Velsko2019	1188	ERS2985761	Proof-reading enzyme	AccuPrime Pfx DNA
ERS2985761.bin.r.1	1	0.0277009345794393	Velsko2019	1188	ERS2985761	Proof-reading enzyme	AccuPrime Pfx DNA
ERS2985761.bin.r.1	2	0.0213364485981308	Velsko2019	1188	ERS2985761	Proof-reading enzyme	AccuPrime Pfx DNA
ERS2985761.bin.r.1	3	0.019803738317757	Velsko2019	1188	ERS2985761	Proof-reading enzyme	AccuPrime Pfx DNA
ERS2985761.bin.r.1	4	0.0153177570093458	Velsko2019	1188	ERS2985761	Proof-reading enzyme	AccuPrime Pfx DNA
ERS2985761.bin.r.1	5	0.0133738317757009	Velsko2019	1188	ERS2985761	Proof-reading enzyme	AccuPrime Pfx DNA
ERS2985765.bin.r.1	0	0.0832483069977427	Velsko2019	1188	ERS2985765	Proof-reading enzyme	AccuPrime Pfx DNA
ERS2985765.bin.r.1	1	0.0602167042889391	Velsko2019	1188	ERS2985765	Proof-reading enzyme	AccuPrime Pfx DNA
ERS2985765.bin.r.1	2	0.0461422121896163	Velsko2019	1188	ERS2985765	Proof-reading enzyme	AccuPrime Pfx DNA
ERS2985765.bin.r.1	3	0.0468758465011287	Velsko2019	1188	ERS2985765	Proof-reading enzyme	AccuPrime Pfx DNA
ERS2985765.bin.r.1	4	0.0437155756207675	Velsko2019	1188	ERS2985765	Proof-reading enzyme	AccuPrime Pfx DNA
ERS2985765.bin.r.1	5	0.037313769751693	Velsko2019	1188	ERS2985765	Proof-reading enzyme	AccuPrime Pfx DNA
ERS2985766.bin.r.3	0	0.060968253968254	Velsko2019	1188	ERS2985766	Proof-reading enzyme	AccuPrime Pfx DNA
ERS2985766.bin.r.3	1	0.0471825396825397	Velsko2019	1188	ERS2985766	Proof-reading enzyme	AccuPrime Pfx DNA
ERS2985766.bin.r.3	2	0.0378730158730159	Velsko2019	1188	ERS2985766	Proof-reading enzyme	AccuPrime Pfx DNA
ERS2985766.bin.r.3	3	0.0353015873015873	Velsko2019	1188	ERS2985766	Proof-reading enzyme	AccuPrime Pfx DNA
ERS2985766.bin.r.3	4	0.0345476190476191	Velsko2019	1188	ERS2985766	Proof-reading enzyme	AccuPrime Pfx DNA
ERS2985766.bin.r.3	5	0.0299365079365079	Velsko2019	1188	ERS2985766	Proof-reading enzyme	AccuPrime Pfx DNA
ERS2985769.bin.r.11	0	0.0092972972972973	Velsko2019	1188	ERS2985769	Proof-reading enzyme	AccuPrime Pfx DNA
ERS2985769.bin.r.11	1	0.00744594594594595	Velsko2019	1188	ERS2985769	Proof-reading enzyme	AccuPrime Pfx DNA
ERS2985769.bin.r.11	2	0.00628378378378378	Velsko2019	1188	ERS2985769	Proof-reading enzyme	AccuPrime Pfx DNA
ERS2985769.bin.r.11	3	0.00618918918918919	Velsko2019	1188	ERS2985769	Proof-reading enzyme	AccuPrime Pfx DNA
ERS2985769.bin.r.11	4	0.00532432432432433	Velsko2019	1188	ERS2985769	Proof-reading enzyme	AccuPrime Pfx DNA
ERS2985769.bin.r.11	5	0.00516216216216216	Velsko2019	1188	ERS2985769	Proof-reading enzyme	AccuPrime Pfx DNA
ERS2985770.bin.r.6	0	0.0300860215053763	Velsko2019	1188	ERS2985770	Proof-reading enzyme	AccuPrime Pfx DNA
ERS2985770.bin.r.6	1	0.0252795698924731	Velsko2019	1188	ERS2985770	Proof-reading enzyme	AccuPrime Pfx DNA
ERS2985770.bin.r.6	2	0.0229354838709677	Velsko2019	1188	ERS2985770	Proof-reading enzyme	AccuPrime Pfx DNA
ERS2985770.bin.r.6	3	0.0201075268817204	Velsko2019	1188	ERS2985770	Proof-reading enzyme	AccuPrime Pfx DNA
ERS2985770.bin.r.6	4	0.020010752688172	Velsko2019	1188	ERS2985770	Proof-reading enzyme	AccuPrime Pfx DNA
ERS2985770.bin.r.6	5	0.0182258064516129	Velsko2019	1188	ERS2985770	Proof-reading enzyme	AccuPrime Pfx DNA
ERS2985773.bin.r.5	0	0.0471550387596899	Velsko2019	1188	ERS2985773	Proof-reading enzyme	AccuPrime Pfx DNA
ERS2985773.bin.r.5	1	0.0377906976744186	Velsko2019	1188	ERS2985773	Proof-reading enzyme	AccuPrime Pfx DNA
ERS2985773.bin.r.5	2	0.0289457364341085	Velsko2019	1188	ERS2985773	Proof-reading enzyme	AccuPrime Pfx DNA
ERS2985773.bin.r.5	3	0.0253720930232558	Velsko2019	1188	ERS2985773	Proof-reading enzyme	AccuPrime Pfx DNA
ERS2985773.bin.r.5	4	0.0240232558139535	Velsko2019	1188	ERS2985773	Proof-reading enzyme	AccuPrime Pfx DNA
ERS2985773.bin.r.5	5	0.0214883720930233	Velsko2019	1188	ERS2985773	Proof-reading enzyme	AccuPrime Pfx DNA
ERS2985774.bin.r.2	0	0.0541002331002331	Velsko2019	1188	ERS2985774	Proof-reading enzyme	AccuPrime Pfx DNA
ERS2985774.bin.r.2	1	0.0447179487179487	Velsko2019	1188	ERS2985774	Proof-reading enzyme	AccuPrime Pfx DNA
ERS2985774.bin.r.2	2	0.0361375291375291	Velsko2019	1188	ERS2985774	Proof-reading enzyme	AccuPrime Pfx DNA
ERS2985774.bin.r.2	3	0.0346083916083916	Velsko2019	1188	ERS2985774	Proof-reading enzyme	AccuPrime Pfx DNA
ERS2985774.bin.r.2	4	0.0304149184149184	Velsko2019	1188	ERS2985774	Proof-reading enzyme	AccuPrime Pfx DNA
ERS2985774.bin.r.2	5	0.027946386946387	Velsko2019	1188	ERS2985774	Proof-reading enzyme	AccuPrime Pfx DNA
ERS2985775.bin.r.5	0	0.0163663366336634	Velsko2019	1188	ERS2985775	Proof-reading enzyme	AccuPrime Pfx DNA
ERS2985775.bin.r.5	1	0.012960396039604	Velsko2019	1188	ERS2985775	Proof-reading enzyme	AccuPrime Pfx DNA
ERS2985775.bin.r.5	2	0.0116930693069307	Velsko2019	1188	ERS2985775	Proof-reading enzyme	AccuPrime Pfx DNA
ERS2985775.bin.r.5	3	0.0108514851485149	Velsko2019	1188	ERS2985775	Proof-reading enzyme	AccuPrime Pfx DNA
ERS2985775.bin.r.5	4	0.00928712871287129	Velsko2019	1188	ERS2985775	Proof-reading enzyme	AccuPrime Pfx DNA
ERS2985775.bin.r.5	5	0.00913861386138614	Velsko2019	1188	ERS2985775	Proof-reading enzyme	AccuPrime Pfx DNA
ERS2985776.bin.r.6	0	0.048479079497908	Velsko2019	1188	ERS2985776	Proof-reading enzyme	AccuPrime Pfx DNA
ERS2985776.bin.r.6	1	0.0319748953974895	Velsko2019	1188	ERS2985776	Proof-reading enzyme	AccuPrime Pfx DNA
ERS2985776.bin.r.6	2	0.0275376569037657	Velsko2019	1188	ERS2985776	Proof-reading enzyme	AccuPrime Pfx DNA
ERS2985776.bin.r.6	3	0.0251987447698745	Velsko2019	1188	ERS2985776	Proof-reading enzyme	AccuPrime Pfx DNA
ERS2985776.bin.r.6	4	0.0222238493723849	Velsko2019	1188	ERS2985776	Proof-reading enzyme	AccuPrime Pfx DNA
ERS2985776.bin.r.6	5	0.0204958158995816	Velsko2019	1188	ERS2985776	Proof-reading enzyme	AccuPrime Pfx DNA
ERS2985777.bin.r.4	0	0.0378558558558559	Velsko2019	1188	ERS2985777	Proof-reading enzyme	AccuPrime Pfx DNA
ERS2985777.bin.r.4	1	0.0283693693693694	Velsko2019	1188	ERS2985777	Proof-reading enzyme	AccuPrime Pfx DNA
ERS2985777.bin.r.4	2	0.0247477477477477	Velsko2019	1188	ERS2985777	Proof-reading enzyme	AccuPrime Pfx DNA
ERS2985777.bin.r.4	3	0.021972972972973	Velsko2019	1188	ERS2985777	Proof-reading enzyme	AccuPrime Pfx DNA
ERS2985777.bin.r.4	4	0.0201171171171171	Velsko2019	1188	ERS2985777	Proof-reading enzyme	AccuPrime Pfx DNA
ERS2985777.bin.r.4	5	0.0193783783783784	Velsko2019	1188	ERS2985777	Proof-reading enzyme	AccuPrime Pfx DNA
ERS2985779.bin.r.3	0	0.050208	Velsko2019	1188	ERS2985779	Proof-reading enzyme	AccuPrime Pfx DNA
ERS2985779.bin.r.3	1	0.041672	Velsko2019	1188	ERS2985779	Proof-reading enzyme	AccuPrime Pfx DNA
ERS2985779.bin.r.3	2	0.035152	Velsko2019	1188	ERS2985779	Proof-reading enzyme	AccuPrime Pfx DNA
ERS2985779.bin.r.3	3	0.03116	Velsko2019	1188	ERS2985779	Proof-reading enzyme	AccuPrime Pfx DNA
ERS2985779.bin.r.3	4	0.03096	Velsko2019	1188	ERS2985779	Proof-reading enzyme	AccuPrime Pfx DNA
ERS2985779.bin.r.3	5	0.02808	Velsko2019	1188	ERS2985779	Proof-reading enzyme	AccuPrime Pfx DNA
ERS2985780.bin.r.1	0	0.0600467289719626	Velsko2019	1188	ERS2985780	Proof-reading enzyme	AccuPrime Pfx DNA
ERS2985780.bin.r.1	1	0.0438317757009346	Velsko2019	1188	ERS2985780	Proof-reading enzyme	AccuPrime Pfx DNA
ERS2985780.bin.r.1	2	0.0336728971962617	Velsko2019	1188	ERS2985780	Proof-reading enzyme	AccuPrime Pfx DNA
ERS2985780.bin.r.1	3	0.0318971962616822	Velsko2019	1188	ERS2985780	Proof-reading enzyme	AccuPrime Pfx DNA
ERS2985780.bin.r.1	4	0.0314299065420561	Velsko2019	1188	ERS2985780	Proof-reading enzyme	AccuPrime Pfx DNA
ERS2985780.bin.r.1	5	0.0273457943925234	Velsko2019	1188	ERS2985780	Proof-reading enzyme	AccuPrime Pfx DNA
ERS2985784.bin.r.16	0	0.0793157894736842	Velsko2019	1188	ERS2985784	Proof-reading enzyme	AccuPrime Pfx DNA
ERS2985784.bin.r.16	1	0.0601526315789474	Velsko2019	1188	ERS2985784	Proof-reading enzyme	AccuPrime Pfx DNA
ERS2985784.bin.r.16	2	0.0414842105263158	Velsko2019	1188	ERS2985784	Proof-reading enzyme	AccuPrime Pfx DNA
ERS2985784.bin.r.16	3	0.0352684210526316	Velsko2019	1188	ERS2985784	Proof-reading enzyme	AccuPrime Pfx DNA
ERS2985784.bin.r.16	4	0.0327421052631579	Velsko2019	1188	ERS2985784	Proof-reading enzyme	AccuPrime Pfx DNA
ERS2985784.bin.r.16	5	0.0279473684210526	Velsko2019	1188	ERS2985784	Proof-reading enzyme	AccuPrime Pfx DNA
ERS3636092.bin.r.3	0	0.146343511450382	Neukamm2020	1187	ERS3636092	None	Phusion Hot Start High-Fidelity DNA
ERS3636092.bin.r.3	1	0.100171755725191	Neukamm2020	1187	ERS3636092	None	Phusion Hot Start High-Fidelity DNA
ERS3636092.bin.r.3	2	0.0639083969465649	Neukamm2020	1187	ERS3636092	None	Phusion Hot Start High-Fidelity DNA
ERS3636092.bin.r.3	3	0.047206106870229	Neukamm2020	1187	ERS3636092	None	Phusion Hot Start High-Fidelity DNA
ERS3636092.bin.r.3	4	0.0403969465648855	Neukamm2020	1187	ERS3636092	None	Phusion Hot Start High-Fidelity DNA
ERS3636092.bin.r.3	5	0.0335419847328244	Neukamm2020	1187	ERS3636092	None	Phusion Hot Start High-Fidelity DNA
ERS3774422.bin.r.18	0	0.0577157894736842	FellowsYates2021	1188	ERS3774422	Mixed	PfuTurbo Cx Hotstart DNA
ERS3774422.bin.r.18	0	0.0577157894736842	FellowsYates2021	1188	ERS3774422	Mixed	PfuTurbo Cx Hotstart DNA
ERS3774422.bin.r.18	1	0.0573157894736842	FellowsYates2021	1188	ERS3774422	Mixed	PfuTurbo Cx Hotstart DNA
ERS3774422.bin.r.18	1	0.0573157894736842	FellowsYates2021	1188	ERS3774422	Mixed	PfuTurbo Cx Hotstart DNA
ERS3774422.bin.r.18	2	0.0391263157894737	FellowsYates2021	1188	ERS3774422	Mixed	PfuTurbo Cx Hotstart DNA
ERS3774422.bin.r.18	2	0.0391263157894737	FellowsYates2021	1188	ERS3774422	Mixed	PfuTurbo Cx Hotstart DNA
ERS3774422.bin.r.18	3	0.0529368421052632	FellowsYates2021	1188	ERS3774422	Mixed	PfuTurbo Cx Hotstart DNA
ERS3774422.bin.r.18	3	0.0529368421052632	FellowsYates2021	1188	ERS3774422	Mixed	PfuTurbo Cx Hotstart DNA
ERS3774422.bin.r.18	4	0.0404105263157895	FellowsYates2021	1188	ERS3774422	Mixed	PfuTurbo Cx Hotstart DNA
ERS3774422.bin.r.18	4	0.0404105263157895	FellowsYates2021	1188	ERS3774422	Mixed	PfuTurbo Cx Hotstart DNA
ERS3774422.bin.r.18	5	0.0412736842105263	FellowsYates2021	1188	ERS3774422	Mixed	PfuTurbo Cx Hotstart DNA
ERS3774422.bin.r.18	5	0.0412736842105263	FellowsYates2021	1188	ERS3774422	Mixed	PfuTurbo Cx Hotstart DNA
ERS3774436.bin.r.2	0	0.460166189111748	FellowsYates2021	1189	ERS3774436	None	PfuTurbo Cx Hotstart DNA
ERS3774436.bin.r.2	1	0.268879656160458	FellowsYates2021	1189	ERS3774436	None	PfuTurbo Cx Hotstart DNA
ERS3774436.bin.r.2	2	0.156787965616046	FellowsYates2021	1189	ERS3774436	None	PfuTurbo Cx Hotstart DNA
ERS3774436.bin.r.2	3	0.124767908309456	FellowsYates2021	1189	ERS3774436	None	PfuTurbo Cx Hotstart DNA
ERS3774436.bin.r.2	4	0.0875272206303725	FellowsYates2021	1189	ERS3774436	None	PfuTurbo Cx Hotstart DNA
ERS3774436.bin.r.2	5	0.0707363896848138	FellowsYates2021	1189	ERS3774436	None	PfuTurbo Cx Hotstart DNA
ERS3774436.bin.r.3	0	0.423171597633136	FellowsYates2021	1190	ERS3774436	None	PfuTurbo Cx Hotstart DNA
ERS3774436.bin.r.3	1	0.262485207100592	FellowsYates2021	1190	ERS3774436	None	PfuTurbo Cx Hotstart DNA
ERS3774436.bin.r.3	2	0.163189349112426	FellowsYates2021	1190	ERS3774436	None	PfuTurbo Cx Hotstart DNA
ERS3774436.bin.r.3	3	0.134177514792899	FellowsYates2021	1190	ERS3774436	None	PfuTurbo Cx Hotstart DNA
ERS3774436.bin.r.3	4	0.10110650887574	FellowsYates2021	1190	ERS3774436	None	PfuTurbo Cx Hotstart DNA
ERS3774436.bin.r.3	5	0.0813195266272189	FellowsYates2021	1190	ERS3774436	None	PfuTurbo Cx Hotstart DNA
ERS3774441.bin.r.7	0	0.359425531914894	FellowsYates2021	1189	ERS3774441	Mixed	PfuTurbo Cx Hotstart DNA
ERS3774441.bin.r.7	0	0.359425531914894	FellowsYates2021	1189	ERS3774441	Mixed	PfuTurbo Cx Hotstart DNA
ERS3774441.bin.r.7	1	0.192015957446809	FellowsYates2021	1189	ERS3774441	Mixed	PfuTurbo Cx Hotstart DNA
ERS3774441.bin.r.7	1	0.192015957446809	FellowsYates2021	1189	ERS3774441	Mixed	PfuTurbo Cx Hotstart DNA
ERS3774441.bin.r.7	2	0.110284574468085	FellowsYates2021	1189	ERS3774441	Mixed	PfuTurbo Cx Hotstart DNA
ERS3774441.bin.r.7	2	0.110284574468085	FellowsYates2021	1189	ERS3774441	Mixed	PfuTurbo Cx Hotstart DNA
ERS3774441.bin.r.7	3	0.0905824468085106	FellowsYates2021	1189	ERS3774441	Mixed	PfuTurbo Cx Hotstart DNA
ERS3774441.bin.r.7	3	0.0905824468085106	FellowsYates2021	1189	ERS3774441	Mixed	PfuTurbo Cx Hotstart DNA
ERS3774441.bin.r.7	4	0.0668377659574468	FellowsYates2021	1189	ERS3774441	Mixed	PfuTurbo Cx Hotstart DNA
ERS3774441.bin.r.7	4	0.0668377659574468	FellowsYates2021	1189	ERS3774441	Mixed	PfuTurbo Cx Hotstart DNA
ERS3774441.bin.r.7	5	0.0605797872340426	FellowsYates2021	1189	ERS3774441	Mixed	PfuTurbo Cx Hotstart DNA
ERS3774441.bin.r.7	5	0.0605797872340426	FellowsYates2021	1189	ERS3774441	Mixed	PfuTurbo Cx Hotstart DNA
ERS3774458.bin.r.1	0	0.523873857404022	FellowsYates2021	1187	ERS3774458	Mixed	PfuTurbo Cx Hotstart DNA
ERS3774458.bin.r.1	0	0.523873857404022	FellowsYates2021	1187	ERS3774458	Mixed	PfuTurbo Cx Hotstart DNA
ERS3774458.bin.r.1	1	0.372990859232176	FellowsYates2021	1187	ERS3774458	Mixed	PfuTurbo Cx Hotstart DNA
ERS3774458.bin.r.1	1	0.372990859232176	FellowsYates2021	1187	ERS3774458	Mixed	PfuTurbo Cx Hotstart DNA
ERS3774458.bin.r.1	2	0.247367458866545	FellowsYates2021	1187	ERS3774458	Mixed	PfuTurbo Cx Hotstart DNA
ERS3774458.bin.r.1	2	0.247367458866545	FellowsYates2021	1187	ERS3774458	Mixed	PfuTurbo Cx Hotstart DNA
ERS3774458.bin.r.1	3	0.184685557586837	FellowsYates2021	1187	ERS3774458	Mixed	PfuTurbo Cx Hotstart DNA
ERS3774458.bin.r.1	3	0.184685557586837	FellowsYates2021	1187	ERS3774458	Mixed	PfuTurbo Cx Hotstart DNA
ERS3774458.bin.r.1	4	0.140877513711152	FellowsYates2021	1187	ERS3774458	Mixed	PfuTurbo Cx Hotstart DNA
ERS3774458.bin.r.1	4	0.140877513711152	FellowsYates2021	1187	ERS3774458	Mixed	PfuTurbo Cx Hotstart DNA
ERS3774458.bin.r.1	5	0.111639853747715	FellowsYates2021	1187	ERS3774458	Mixed	PfuTurbo Cx Hotstart DNA
ERS3774458.bin.r.1	5	0.111639853747715	FellowsYates2021	1187	ERS3774458	Mixed	PfuTurbo Cx Hotstart DNA
ERS3774460.bin.r.1	0	0.502459459459459	FellowsYates2021	1187	ERS3774460	Mixed	PfuTurbo Cx Hotstart DNA
ERS3774460.bin.r.1	0	0.502459459459459	FellowsYates2021	1187	ERS3774460	Mixed	PfuTurbo Cx Hotstart DNA
ERS3774460.bin.r.1	0	0.502459459459459	FellowsYates2021	1187	ERS3774460	Mixed	PfuTurbo Cx Hotstart DNA
ERS3774460.bin.r.1	1	0.368824324324324	FellowsYates2021	1187	ERS3774460	Mixed	PfuTurbo Cx Hotstart DNA
ERS3774460.bin.r.1	1	0.368824324324324	FellowsYates2021	1187	ERS3774460	Mixed	PfuTurbo Cx Hotstart DNA
ERS3774460.bin.r.1	1	0.368824324324324	FellowsYates2021	1187	ERS3774460	Mixed	PfuTurbo Cx Hotstart DNA
ERS3774460.bin.r.1	2	0.237640540540541	FellowsYates2021	1187	ERS3774460	Mixed	PfuTurbo Cx Hotstart DNA
ERS3774460.bin.r.1	2	0.237640540540541	FellowsYates2021	1187	ERS3774460	Mixed	PfuTurbo Cx Hotstart DNA
ERS3774460.bin.r.1	2	0.237640540540541	FellowsYates2021	1187	ERS3774460	Mixed	PfuTurbo Cx Hotstart DNA
ERS3774460.bin.r.1	3	0.174472972972973	FellowsYates2021	1187	ERS3774460	Mixed	PfuTurbo Cx Hotstart DNA
ERS3774460.bin.r.1	3	0.174472972972973	FellowsYates2021	1187	ERS3774460	Mixed	PfuTurbo Cx Hotstart DNA
ERS3774460.bin.r.1	3	0.174472972972973	FellowsYates2021	1187	ERS3774460	Mixed	PfuTurbo Cx Hotstart DNA
ERS3774460.bin.r.1	4	0.136116216216216	FellowsYates2021	1187	ERS3774460	Mixed	PfuTurbo Cx Hotstart DNA
ERS3774460.bin.r.1	4	0.136116216216216	FellowsYates2021	1187	ERS3774460	Mixed	PfuTurbo Cx Hotstart DNA
ERS3774460.bin.r.1	4	0.136116216216216	FellowsYates2021	1187	ERS3774460	Mixed	PfuTurbo Cx Hotstart DNA
ERS3774460.bin.r.1	5	0.110686486486486	FellowsYates2021	1187	ERS3774460	Mixed	PfuTurbo Cx Hotstart DNA
ERS3774460.bin.r.1	5	0.110686486486486	FellowsYates2021	1187	ERS3774460	Mixed	PfuTurbo Cx Hotstart DNA
ERS3774460.bin.r.1	5	0.110686486486486	FellowsYates2021	1187	ERS3774460	Mixed	PfuTurbo Cx Hotstart DNA
ERS3774463.bin.r.1	0	0.527704861111111	FellowsYates2021	1187	ERS3774463	Mixed	PfuTurbo Cx Hotstart DNA
ERS3774463.bin.r.1	0	0.527704861111111	FellowsYates2021	1187	ERS3774463	Mixed	PfuTurbo Cx Hotstart DNA
ERS3774463.bin.r.1	1	0.379289930555556	FellowsYates2021	1187	ERS3774463	Mixed	PfuTurbo Cx Hotstart DNA
ERS3774463.bin.r.1	1	0.379289930555556	FellowsYates2021	1187	ERS3774463	Mixed	PfuTurbo Cx Hotstart DNA
ERS3774463.bin.r.1	2	0.247868055555556	FellowsYates2021	1187	ERS3774463	Mixed	PfuTurbo Cx Hotstart DNA
ERS3774463.bin.r.1	2	0.247868055555556	FellowsYates2021	1187	ERS3774463	Mixed	PfuTurbo Cx Hotstart DNA
ERS3774463.bin.r.1	3	0.178942708333333	FellowsYates2021	1187	ERS3774463	Mixed	PfuTurbo Cx Hotstart DNA
ERS3774463.bin.r.1	3	0.178942708333333	FellowsYates2021	1187	ERS3774463	Mixed	PfuTurbo Cx Hotstart DNA
ERS3774463.bin.r.1	4	0.138751736111111	FellowsYates2021	1187	ERS3774463	Mixed	PfuTurbo Cx Hotstart DNA
ERS3774463.bin.r.1	4	0.138751736111111	FellowsYates2021	1187	ERS3774463	Mixed	PfuTurbo Cx Hotstart DNA
ERS3774463.bin.r.1	5	0.11084375	FellowsYates2021	1187	ERS3774463	Mixed	PfuTurbo Cx Hotstart DNA
ERS3774463.bin.r.1	5	0.11084375	FellowsYates2021	1187	ERS3774463	Mixed	PfuTurbo Cx Hotstart DNA
ERS3774464.bin.r.12	0	0.287416901408451	FellowsYates2021	1187	ERS3774464	Mixed	PfuTurbo Cx Hotstart DNA
ERS3774464.bin.r.12	0	0.287416901408451	FellowsYates2021	1187	ERS3774464	Mixed	PfuTurbo Cx Hotstart DNA
ERS3774464.bin.r.12	1	0.172845070422535	FellowsYates2021	1187	ERS3774464	Mixed	PfuTurbo Cx Hotstart DNA
ERS3774464.bin.r.12	1	0.172845070422535	FellowsYates2021	1187	ERS3774464	Mixed	PfuTurbo Cx Hotstart DNA
ERS3774464.bin.r.12	2	0.0967915492957746	FellowsYates2021	1187	ERS3774464	Mixed	PfuTurbo Cx Hotstart DNA
ERS3774464.bin.r.12	2	0.0967915492957746	FellowsYates2021	1187	ERS3774464	Mixed	PfuTurbo Cx Hotstart DNA
ERS3774464.bin.r.12	3	0.0720281690140845	FellowsYates2021	1187	ERS3774464	Mixed	PfuTurbo Cx Hotstart DNA
ERS3774464.bin.r.12	3	0.0720281690140845	FellowsYates2021	1187	ERS3774464	Mixed	PfuTurbo Cx Hotstart DNA
ERS3774464.bin.r.12	4	0.0583492957746479	FellowsYates2021	1187	ERS3774464	Mixed	PfuTurbo Cx Hotstart DNA
ERS3774464.bin.r.12	4	0.0583492957746479	FellowsYates2021	1187	ERS3774464	Mixed	PfuTurbo Cx Hotstart DNA
ERS3774464.bin.r.12	5	0.0494450704225352	FellowsYates2021	1187	ERS3774464	Mixed	PfuTurbo Cx Hotstart DNA
ERS3774464.bin.r.12	5	0.0494450704225352	FellowsYates2021	1187	ERS3774464	Mixed	PfuTurbo Cx Hotstart DNA
ERS3774468.bin.r.3	0	0.0950729537366548	FellowsYates2021	1187	ERS3774468	Mixed	PfuTurbo Cx Hotstart DNA
ERS3774468.bin.r.3	0	0.0950729537366548	FellowsYates2021	1187	ERS3774468	Mixed	PfuTurbo Cx Hotstart DNA
ERS3774468.bin.r.3	1	0.0614252669039146	FellowsYates2021	1187	ERS3774468	Mixed	PfuTurbo Cx Hotstart DNA
ERS3774468.bin.r.3	1	0.0614252669039146	FellowsYates2021	1187	ERS3774468	Mixed	PfuTurbo Cx Hotstart DNA
ERS3774468.bin.r.3	2	0.0379875444839858	FellowsYates2021	1187	ERS3774468	Mixed	PfuTurbo Cx Hotstart DNA
ERS3774468.bin.r.3	2	0.0379875444839858	FellowsYates2021	1187	ERS3774468	Mixed	PfuTurbo Cx Hotstart DNA
ERS3774468.bin.r.3	3	0.0315355871886121	FellowsYates2021	1187	ERS3774468	Mixed	PfuTurbo Cx Hotstart DNA
ERS3774468.bin.r.3	3	0.0315355871886121	FellowsYates2021	1187	ERS3774468	Mixed	PfuTurbo Cx Hotstart DNA
ERS3774468.bin.r.3	4	0.0247099644128114	FellowsYates2021	1187	ERS3774468	Mixed	PfuTurbo Cx Hotstart DNA
ERS3774468.bin.r.3	4	0.0247099644128114	FellowsYates2021	1187	ERS3774468	Mixed	PfuTurbo Cx Hotstart DNA
ERS3774468.bin.r.3	5	0.0272686832740214	FellowsYates2021	1187	ERS3774468	Mixed	PfuTurbo Cx Hotstart DNA
ERS3774468.bin.r.3	5	0.0272686832740214	FellowsYates2021	1187	ERS3774468	Mixed	PfuTurbo Cx Hotstart DNA
ERS3774469.bin.r.13	0	0.215022935779817	FellowsYates2021	1190	ERS3774469	Mixed	PfuTurbo Cx Hotstart DNA
ERS3774469.bin.r.13	0	0.215022935779817	FellowsYates2021	1190	ERS3774469	Mixed	PfuTurbo Cx Hotstart DNA
ERS3774469.bin.r.13	1	0.110866972477064	FellowsYates2021	1190	ERS3774469	Mixed	PfuTurbo Cx Hotstart DNA
ERS3774469.bin.r.13	1	0.110866972477064	FellowsYates2021	1190	ERS3774469	Mixed	PfuTurbo Cx Hotstart DNA
ERS3774469.bin.r.13	2	0.0664174311926606	FellowsYates2021	1190	ERS3774469	Mixed	PfuTurbo Cx Hotstart DNA
ERS3774469.bin.r.13	2	0.0664174311926606	FellowsYates2021	1190	ERS3774469	Mixed	PfuTurbo Cx Hotstart DNA
ERS3774469.bin.r.13	3	0.051	FellowsYates2021	1190	ERS3774469	Mixed	PfuTurbo Cx Hotstart DNA
ERS3774469.bin.r.13	3	0.051	FellowsYates2021	1190	ERS3774469	Mixed	PfuTurbo Cx Hotstart DNA
ERS3774469.bin.r.13	4	0.0418577981651376	FellowsYates2021	1190	ERS3774469	Mixed	PfuTurbo Cx Hotstart DNA
ERS3774469.bin.r.13	4	0.0418577981651376	FellowsYates2021	1190	ERS3774469	Mixed	PfuTurbo Cx Hotstart DNA
ERS3774469.bin.r.13	5	0.0359403669724771	FellowsYates2021	1190	ERS3774469	Mixed	PfuTurbo Cx Hotstart DNA
ERS3774469.bin.r.13	5	0.0359403669724771	FellowsYates2021	1190	ERS3774469	Mixed	PfuTurbo Cx Hotstart DNA
ERS3774470.bin.r.13	0	0.224623655913979	FellowsYates2021	1190	ERS3774470	Mixed	PfuTurbo Cx Hotstart DNA
ERS3774470.bin.r.13	0	0.224623655913979	FellowsYates2021	1190	ERS3774470	Mixed	PfuTurbo Cx Hotstart DNA
ERS3774470.bin.r.13	1	0.130716845878136	FellowsYates2021	1190	ERS3774470	Mixed	PfuTurbo Cx Hotstart DNA
ERS3774470.bin.r.13	1	0.130716845878136	FellowsYates2021	1190	ERS3774470	Mixed	PfuTurbo Cx Hotstart DNA
ERS3774470.bin.r.13	2	0.0800286738351255	FellowsYates2021	1190	ERS3774470	Mixed	PfuTurbo Cx Hotstart DNA
ERS3774470.bin.r.13	2	0.0800286738351255	FellowsYates2021	1190	ERS3774470	Mixed	PfuTurbo Cx Hotstart DNA
ERS3774470.bin.r.13	3	0.0632437275985663	FellowsYates2021	1190	ERS3774470	Mixed	PfuTurbo Cx Hotstart DNA
ERS3774470.bin.r.13	3	0.0632437275985663	FellowsYates2021	1190	ERS3774470	Mixed	PfuTurbo Cx Hotstart DNA
ERS3774470.bin.r.13	4	0.0529856630824373	FellowsYates2021	1190	ERS3774470	Mixed	PfuTurbo Cx Hotstart DNA
ERS3774470.bin.r.13	4	0.0529856630824373	FellowsYates2021	1190	ERS3774470	Mixed	PfuTurbo Cx Hotstart DNA
ERS3774470.bin.r.13	5	0.0424623655913979	FellowsYates2021	1190	ERS3774470	Mixed	PfuTurbo Cx Hotstart DNA
ERS3774470.bin.r.13	5	0.0424623655913979	FellowsYates2021	1190	ERS3774470	Mixed	PfuTurbo Cx Hotstart DNA
ERS3774470.bin.r.3	0	0.23620145631068	FellowsYates2021	1189	ERS3774470	Mixed	PfuTurbo Cx Hotstart DNA
ERS3774470.bin.r.3	0	0.23620145631068	FellowsYates2021	1189	ERS3774470	Mixed	PfuTurbo Cx Hotstart DNA
ERS3774470.bin.r.3	1	0.143541262135922	FellowsYates2021	1189	ERS3774470	Mixed	PfuTurbo Cx Hotstart DNA
ERS3774470.bin.r.3	1	0.143541262135922	FellowsYates2021	1189	ERS3774470	Mixed	PfuTurbo Cx Hotstart DNA
ERS3774470.bin.r.3	2	0.0872766990291262	FellowsYates2021	1189	ERS3774470	Mixed	PfuTurbo Cx Hotstart DNA
ERS3774470.bin.r.3	2	0.0872766990291262	FellowsYates2021	1189	ERS3774470	Mixed	PfuTurbo Cx Hotstart DNA
ERS3774470.bin.r.3	3	0.0695606796116505	FellowsYates2021	1189	ERS3774470	Mixed	PfuTurbo Cx Hotstart DNA
ERS3774470.bin.r.3	3	0.0695606796116505	FellowsYates2021	1189	ERS3774470	Mixed	PfuTurbo Cx Hotstart DNA
ERS3774470.bin.r.3	4	0.0582839805825243	FellowsYates2021	1189	ERS3774470	Mixed	PfuTurbo Cx Hotstart DNA
ERS3774470.bin.r.3	4	0.0582839805825243	FellowsYates2021	1189	ERS3774470	Mixed	PfuTurbo Cx Hotstart DNA
ERS3774470.bin.r.3	5	0.0472572815533981	FellowsYates2021	1189	ERS3774470	Mixed	PfuTurbo Cx Hotstart DNA
ERS3774470.bin.r.3	5	0.0472572815533981	FellowsYates2021	1189	ERS3774470	Mixed	PfuTurbo Cx Hotstart DNA
ERS3774474.bin.r.2	0	0.0400283911671924	FellowsYates2021	1188	ERS3774474	None	PfuTurbo Cx Hotstart DNA
ERS3774474.bin.r.2	1	0.0338627760252366	FellowsYates2021	1188	ERS3774474	None	PfuTurbo Cx Hotstart DNA
ERS3774474.bin.r.2	2	0.0246041009463722	FellowsYates2021	1188	ERS3774474	None	PfuTurbo Cx Hotstart DNA
ERS3774474.bin.r.2	3	0.0221214511041009	FellowsYates2021	1188	ERS3774474	None	PfuTurbo Cx Hotstart DNA
ERS3774474.bin.r.2	4	0.0178501577287066	FellowsYates2021	1188	ERS3774474	None	PfuTurbo Cx Hotstart DNA
ERS3774474.bin.r.2	5	0.0161403785488959	FellowsYates2021	1188	ERS3774474	None	PfuTurbo Cx Hotstart DNA
ERS3774482.bin.r.2	0	0.147322422258592	FellowsYates2021	1187	ERS3774482	None	PfuTurbo Cx Hotstart DNA
ERS3774482.bin.r.2	1	0.11676759410802	FellowsYates2021	1187	ERS3774482	None	PfuTurbo Cx Hotstart DNA
ERS3774482.bin.r.2	2	0.094037643207856	FellowsYates2021	1187	ERS3774482	None	PfuTurbo Cx Hotstart DNA
ERS3774482.bin.r.2	3	0.091962356792144	FellowsYates2021	1187	ERS3774482	None	PfuTurbo Cx Hotstart DNA
ERS3774482.bin.r.2	4	0.0851718494271686	FellowsYates2021	1187	ERS3774482	None	PfuTurbo Cx Hotstart DNA
ERS3774482.bin.r.2	5	0.0797545008183306	FellowsYates2021	1187	ERS3774482	None	PfuTurbo Cx Hotstart DNA
ERS3887047.bin.r.1	0	0.0537137870855148	Ottoni2019	1187	ERS3887047	None	AmpliTaq Gold DNA
ERS3887047.bin.r.1	1	0.0408167539267016	Ottoni2019	1187	ERS3887047	None	AmpliTaq Gold DNA
ERS3887047.bin.r.1	2	0.0275689354275742	Ottoni2019	1187	ERS3887047	None	AmpliTaq Gold DNA
ERS3887047.bin.r.1	3	0.0222233856893543	Ottoni2019	1187	ERS3887047	None	AmpliTaq Gold DNA
ERS3887047.bin.r.1	4	0.0203856893542757	Ottoni2019	1187	ERS3887047	None	AmpliTaq Gold DNA
ERS3887047.bin.r.1	5	0.0171815008726003	Ottoni2019	1187	ERS3887047	None	AmpliTaq Gold DNA
ERS4042406.bin.r.13	0	0.0414597014925373	Fagernas2020	1187	ERS4042406	Half	PfuTurbo Cx Hotstart DNA
ERS4042406.bin.r.13	1	0.0103492537313433	Fagernas2020	1187	ERS4042406	Half	PfuTurbo Cx Hotstart DNA
ERS4042406.bin.r.13	2	0.00737910447761194	Fagernas2020	1187	ERS4042406	Half	PfuTurbo Cx Hotstart DNA
ERS4042406.bin.r.13	3	0.00789253731343284	Fagernas2020	1187	ERS4042406	Half	PfuTurbo Cx Hotstart DNA
ERS4042406.bin.r.13	4	0.00660597014925373	Fagernas2020	1187	ERS4042406	Half	PfuTurbo Cx Hotstart DNA
ERS4042406.bin.r.13	5	0.00553432835820896	Fagernas2020	1187	ERS4042406	Half	PfuTurbo Cx Hotstart DNA
ERS4042423.bin.r.17	0	0.0507377938517179	Fagernas2020	1187	ERS4042423	Half	PfuTurbo Cx Hotstart DNA
ERS4042423.bin.r.17	1	0.00823508137432188	Fagernas2020	1187	ERS4042423	Half	PfuTurbo Cx Hotstart DNA
ERS4042423.bin.r.17	2	0.005875226039783	Fagernas2020	1187	ERS4042423	Half	PfuTurbo Cx Hotstart DNA
ERS4042423.bin.r.17	3	0.00504701627486438	Fagernas2020	1187	ERS4042423	Half	PfuTurbo Cx Hotstart DNA
ERS4042423.bin.r.17	4	0.00447377938517179	Fagernas2020	1187	ERS4042423	Half	PfuTurbo Cx Hotstart DNA
ERS4042423.bin.r.17	5	0.00413019891500904	Fagernas2020	1187	ERS4042423	Half	PfuTurbo Cx Hotstart DNA
ERS4042427.bin.r.9	0	0.0467843137254902	Fagernas2020	1187	ERS4042427	Half	PfuTurbo Cx Hotstart DNA
ERS4042427.bin.r.9	1	0.0102679738562091	Fagernas2020	1187	ERS4042427	Half	PfuTurbo Cx Hotstart DNA
ERS4042427.bin.r.9	2	0.00662091503267974	Fagernas2020	1187	ERS4042427	Half	PfuTurbo Cx Hotstart DNA
ERS4042427.bin.r.9	3	0.0062483660130719	Fagernas2020	1187	ERS4042427	Half	PfuTurbo Cx Hotstart DNA
ERS4042427.bin.r.9	4	0.00434640522875817	Fagernas2020	1187	ERS4042427	Half	PfuTurbo Cx Hotstart DNA
ERS4042427.bin.r.9	5	0.00398039215686275	Fagernas2020	1187	ERS4042427	Half	PfuTurbo Cx Hotstart DNA
ERS5113011_24.0.refbinned	0	0.0435819209039548	Fotakis2020	1187	ERS5113011	None	KAPA HiFi Uracil+
ERS5113011_24.0.refbinned	1	0.0293399246704331	Fotakis2020	1187	ERS5113011	None	KAPA HiFi Uracil+
ERS5113011_24.0.refbinned	2	0.024225988700565	Fotakis2020	1187	ERS5113011	None	KAPA HiFi Uracil+
ERS5113011_24.0.refbinned	3	0.0256892655367232	Fotakis2020	1187	ERS5113011	None	KAPA HiFi Uracil+
ERS5113011_24.0.refbinned	4	0.0226224105461394	Fotakis2020	1187	ERS5113011	None	KAPA HiFi Uracil+
ERS5113011_24.0.refbinned	5	0.0216271186440678	Fotakis2020	1187	ERS5113011	None	KAPA HiFi Uracil+
ERS6205384_24.0.refbinned	0	0.151672981878089	Granehall2021	1187	ERS6205384	None	Phusion Hot Start High-Fidelity DNA
ERS6205384_24.0.refbinned	1	0.0988723228995058	Granehall2021	1187	ERS6205384	None	Phusion Hot Start High-Fidelity DNA
ERS6205384_24.0.refbinned	2	0.0633459637561779	Granehall2021	1187	ERS6205384	None	Phusion Hot Start High-Fidelity DNA
ERS6205384_24.0.refbinned	3	0.0475288303130148	Granehall2021	1187	ERS6205384	None	Phusion Hot Start High-Fidelity DNA
ERS6205384_24.0.refbinned	4	0.0385535420098847	Granehall2021	1187	ERS6205384	None	Phusion Hot Start High-Fidelity DNA
ERS6205384_24.0.refbinned	5	0.030497528830313	Granehall2021	1187	ERS6205384	None	Phusion Hot Start High-Fidelity DNA
ERS6205385.bin.r.4	0	0.0783788546255507	Granehall2021	1190	ERS6205385	None	Phusion Hot Start High-Fidelity DNA
ERS6205385.bin.r.4	1	0.0537929515418502	Granehall2021	1190	ERS6205385	None	Phusion Hot Start High-Fidelity DNA
ERS6205385.bin.r.4	2	0.0329118942731278	Granehall2021	1190	ERS6205385	None	Phusion Hot Start High-Fidelity DNA
ERS6205385.bin.r.4	3	0.0295286343612335	Granehall2021	1190	ERS6205385	None	Phusion Hot Start High-Fidelity DNA
ERS6205385.bin.r.4	4	0.0241101321585903	Granehall2021	1190	ERS6205385	None	Phusion Hot Start High-Fidelity DNA
ERS6205385.bin.r.4	5	0.0202775330396476	Granehall2021	1190	ERS6205385	None	Phusion Hot Start High-Fidelity DNA
ERS6205387.bin.r.6	0	0.136155555555556	Granehall2021	1187	ERS6205387	None	Phusion Hot Start High-Fidelity DNA
ERS6205387.bin.r.6	1	0.0983259259259259	Granehall2021	1187	ERS6205387	None	Phusion Hot Start High-Fidelity DNA
ERS6205387.bin.r.6	2	0.0641259259259259	Granehall2021	1187	ERS6205387	None	Phusion Hot Start High-Fidelity DNA
ERS6205387.bin.r.6	3	0.0493851851851852	Granehall2021	1187	ERS6205387	None	Phusion Hot Start High-Fidelity DNA
ERS6205387.bin.r.6	4	0.0381185185185185	Granehall2021	1187	ERS6205387	None	Phusion Hot Start High-Fidelity DNA
ERS6205387.bin.r.6	5	0.0289185185185185	Granehall2021	1187	ERS6205387	None	Phusion Hot Start High-Fidelity DNA
ERS6205388.bin.r.4	0	0.103306451612903	Granehall2021	1190	ERS6205388	None	Phusion Hot Start High-Fidelity DNA
ERS6205388.bin.r.4	1	0.078241935483871	Granehall2021	1190	ERS6205388	None	Phusion Hot Start High-Fidelity DNA
ERS6205388.bin.r.4	2	0.0530161290322581	Granehall2021	1190	ERS6205388	None	Phusion Hot Start High-Fidelity DNA
ERS6205388.bin.r.4	3	0.0427983870967742	Granehall2021	1190	ERS6205388	None	Phusion Hot Start High-Fidelity DNA
ERS6205388.bin.r.4	4	0.0349677419354839	Granehall2021	1190	ERS6205388	None	Phusion Hot Start High-Fidelity DNA
ERS6205388.bin.r.4	5	0.0275725806451613	Granehall2021	1190	ERS6205388	None	Phusion Hot Start High-Fidelity DNA
ERS6205390_24.0.refbinned	0	0.117972222222222	Granehall2021	1187	ERS6205390	None	Phusion Hot Start High-Fidelity DNA
ERS6205390_24.0.refbinned	1	0.0826977124183007	Granehall2021	1187	ERS6205390	None	Phusion Hot Start High-Fidelity DNA
ERS6205390_24.0.refbinned	2	0.0449640522875817	Granehall2021	1187	ERS6205390	None	Phusion Hot Start High-Fidelity DNA
ERS6205390_24.0.refbinned	3	0.0377401960784314	Granehall2021	1187	ERS6205390	None	Phusion Hot Start High-Fidelity DNA
ERS6205390_24.0.refbinned	4	0.0260228758169935	Granehall2021	1187	ERS6205390	None	Phusion Hot Start High-Fidelity DNA
ERS6205390_24.0.refbinned	5	0.024891339869281	Granehall2021	1187	ERS6205390	None	Phusion Hot Start High-Fidelity DNA
ERS6205391.bin.r.8	0	0.124855172413793	Granehall2021	1187	ERS6205391	None	Phusion Hot Start High-Fidelity DNA
ERS6205391.bin.r.8	1	0.112393103448276	Granehall2021	1187	ERS6205391	None	Phusion Hot Start High-Fidelity DNA
ERS6205391.bin.r.8	2	0.0884137931034483	Granehall2021	1187	ERS6205391	None	Phusion Hot Start High-Fidelity DNA
ERS6205391.bin.r.8	3	0.0790758620689655	Granehall2021	1187	ERS6205391	None	Phusion Hot Start High-Fidelity DNA
ERS6205391.bin.r.8	4	0.0675724137931035	Granehall2021	1187	ERS6205391	None	Phusion Hot Start High-Fidelity DNA
ERS6205391.bin.r.8	5	0.0555586206896552	Granehall2021	1187	ERS6205391	None	Phusion Hot Start High-Fidelity DNA
ERS6205392.bin.r.3	0	0.150700564971751	Granehall2021	1187	ERS6205392	None	Phusion Hot Start High-Fidelity DNA
ERS6205392.bin.r.3	1	0.130389830508475	Granehall2021	1187	ERS6205392	None	Phusion Hot Start High-Fidelity DNA
ERS6205392.bin.r.3	2	0.0625197740112994	Granehall2021	1187	ERS6205392	None	Phusion Hot Start High-Fidelity DNA
ERS6205392.bin.r.3	3	0.0469887005649718	Granehall2021	1187	ERS6205392	None	Phusion Hot Start High-Fidelity DNA
ERS6205392.bin.r.3	4	0.0347005649717514	Granehall2021	1187	ERS6205392	None	Phusion Hot Start High-Fidelity DNA
ERS6205392.bin.r.3	5	0.0280790960451977	Granehall2021	1187	ERS6205392	None	Phusion Hot Start High-Fidelity DNA
ERS6205394.bin.r.3	0	0.132302521008403	Granehall2021	1187	ERS6205394	None	Phusion Hot Start High-Fidelity DNA
ERS6205394.bin.r.3	1	0.131226890756303	Granehall2021	1187	ERS6205394	None	Phusion Hot Start High-Fidelity DNA
ERS6205394.bin.r.3	2	0.0717478991596639	Granehall2021	1187	ERS6205394	None	Phusion Hot Start High-Fidelity DNA
ERS6205394.bin.r.3	3	0.0568991596638655	Granehall2021	1187	ERS6205394	None	Phusion Hot Start High-Fidelity DNA
ERS6205394.bin.r.3	4	0.0444453781512605	Granehall2021	1187	ERS6205394	None	Phusion Hot Start High-Fidelity DNA
ERS6205394.bin.r.3	5	0.0338571428571429	Granehall2021	1187	ERS6205394	None	Phusion Hot Start High-Fidelity DNA
ERS6205395.bin.r.5	0	0.0869469026548673	Granehall2021	1187	ERS6205395	None	Phusion Hot Start High-Fidelity DNA
ERS6205395.bin.r.5	1	0.0718672566371681	Granehall2021	1187	ERS6205395	None	Phusion Hot Start High-Fidelity DNA
ERS6205395.bin.r.5	2	0.056787610619469	Granehall2021	1187	ERS6205395	None	Phusion Hot Start High-Fidelity DNA
ERS6205395.bin.r.5	3	0.0498318584070796	Granehall2021	1187	ERS6205395	None	Phusion Hot Start High-Fidelity DNA
ERS6205395.bin.r.5	4	0.0459026548672566	Granehall2021	1187	ERS6205395	None	Phusion Hot Start High-Fidelity DNA
ERS6205395.bin.r.5	5	0.0432743362831858	Granehall2021	1187	ERS6205395	None	Phusion Hot Start High-Fidelity DNA
ERS6205396.bin.r.4	0	0.0845806451612903	Granehall2021	1187	ERS6205396	None	Phusion Hot Start High-Fidelity DNA
ERS6205396.bin.r.4	1	0.0664354838709677	Granehall2021	1187	ERS6205396	None	Phusion Hot Start High-Fidelity DNA
ERS6205396.bin.r.4	2	0.0452016129032258	Granehall2021	1187	ERS6205396	None	Phusion Hot Start High-Fidelity DNA
ERS6205396.bin.r.4	3	0.0442096774193548	Granehall2021	1187	ERS6205396	None	Phusion Hot Start High-Fidelity DNA
ERS6205396.bin.r.4	4	0.0362661290322581	Granehall2021	1187	ERS6205396	None	Phusion Hot Start High-Fidelity DNA
ERS6205396.bin.r.4	5	0.03	Granehall2021	1187	ERS6205396	None	Phusion Hot Start High-Fidelity DNA
ERS6205397.bin.r.3	0	0.0894166666666667	Granehall2021	1187	ERS6205397	None	Phusion Hot Start High-Fidelity DNA
ERS6205397.bin.r.3	1	0.0792685185185185	Granehall2021	1187	ERS6205397	None	Phusion Hot Start High-Fidelity DNA
ERS6205397.bin.r.3	2	0.0435833333333333	Granehall2021	1187	ERS6205397	None	Phusion Hot Start High-Fidelity DNA
ERS6205397.bin.r.3	3	0.0330277777777778	Granehall2021	1187	ERS6205397	None	Phusion Hot Start High-Fidelity DNA
ERS6205397.bin.r.3	4	0.0264259259259259	Granehall2021	1187	ERS6205397	None	Phusion Hot Start High-Fidelity DNA
ERS6205397.bin.r.3	5	0.0204907407407407	Granehall2021	1187	ERS6205397	None	Phusion Hot Start High-Fidelity DNA
ERS6205398.bin.r.9	0	0.0670867346938776	Granehall2021	1187	ERS6205398	None	Phusion Hot Start High-Fidelity DNA
ERS6205398.bin.r.9	1	0.052734693877551	Granehall2021	1187	ERS6205398	None	Phusion Hot Start High-Fidelity DNA
ERS6205398.bin.r.9	2	0.0358137755102041	Granehall2021	1187	ERS6205398	None	Phusion Hot Start High-Fidelity DNA
ERS6205398.bin.r.9	3	0.0335739795918367	Granehall2021	1187	ERS6205398	None	Phusion Hot Start High-Fidelity DNA
ERS6205398.bin.r.9	4	0.0260459183673469	Granehall2021	1187	ERS6205398	None	Phusion Hot Start High-Fidelity DNA
ERS6205398.bin.r.9	5	0.0229770408163265	Granehall2021	1187	ERS6205398	None	Phusion Hot Start High-Fidelity DNA
ERS6205399.bin.r.4	0	0.0719083333333333	Granehall2021	1187	ERS6205399	None	Phusion Hot Start High-Fidelity DNA
ERS6205399.bin.r.4	1	0.0582333333333333	Granehall2021	1187	ERS6205399	None	Phusion Hot Start High-Fidelity DNA
ERS6205399.bin.r.4	2	0.0405083333333333	Granehall2021	1187	ERS6205399	None	Phusion Hot Start High-Fidelity DNA
ERS6205399.bin.r.4	3	0.036975	Granehall2021	1187	ERS6205399	None	Phusion Hot Start High-Fidelity DNA
ERS6205399.bin.r.4	4	0.0326666666666667	Granehall2021	1187	ERS6205399	None	Phusion Hot Start High-Fidelity DNA
ERS6205399.bin.r.4	5	0.02715	Granehall2021	1187	ERS6205399	None	Phusion Hot Start High-Fidelity DNA
ERS6205401.bin.r.2	0	0.112538461538462	Granehall2021	1188	ERS6205401	None	Phusion Hot Start High-Fidelity DNA
ERS6205401.bin.r.2	1	0.0949919028340081	Granehall2021	1188	ERS6205401	None	Phusion Hot Start High-Fidelity DNA
ERS6205401.bin.r.2	2	0.0488866396761134	Granehall2021	1188	ERS6205401	None	Phusion Hot Start High-Fidelity DNA
ERS6205401.bin.r.2	3	0.0419716599190283	Granehall2021	1188	ERS6205401	None	Phusion Hot Start High-Fidelity DNA
ERS6205401.bin.r.2	4	0.0303036437246964	Granehall2021	1188	ERS6205401	None	Phusion Hot Start High-Fidelity DNA
ERS6205401.bin.r.2	5	0.0223238866396761	Granehall2021	1188	ERS6205401	None	Phusion Hot Start High-Fidelity DNA
ERS6205401.bin.r.3	0	0.119663900414938	Granehall2021	1187	ERS6205401	None	Phusion Hot Start High-Fidelity DNA
ERS6205401.bin.r.3	1	0.105639004149378	Granehall2021	1187	ERS6205401	None	Phusion Hot Start High-Fidelity DNA
ERS6205401.bin.r.3	2	0.0562199170124481	Granehall2021	1187	ERS6205401	None	Phusion Hot Start High-Fidelity DNA
ERS6205401.bin.r.3	3	0.045896265560166	Granehall2021	1187	ERS6205401	None	Phusion Hot Start High-Fidelity DNA
ERS6205401.bin.r.3	4	0.0336639004149378	Granehall2021	1187	ERS6205401	None	Phusion Hot Start High-Fidelity DNA
ERS6205401.bin.r.3	5	0.0257095435684647	Granehall2021	1187	ERS6205401	None	Phusion Hot Start High-Fidelity DNA
ERS6205402.bin.r.2	0	0.169017350157729	Granehall2021	1187	ERS6205402	None	Phusion Hot Start High-Fidelity DNA
ERS6205402.bin.r.2	1	0.159973186119874	Granehall2021	1187	ERS6205402	None	Phusion Hot Start High-Fidelity DNA
ERS6205402.bin.r.2	2	0.0799258675078864	Granehall2021	1187	ERS6205402	None	Phusion Hot Start High-Fidelity DNA
ERS6205402.bin.r.2	3	0.0590867507886435	Granehall2021	1187	ERS6205402	None	Phusion Hot Start High-Fidelity DNA
ERS6205402.bin.r.2	4	0.0410788643533123	Granehall2021	1187	ERS6205402	None	Phusion Hot Start High-Fidelity DNA
ERS6205402.bin.r.2	5	0.0325946372239748	Granehall2021	1187	ERS6205402	None	Phusion Hot Start High-Fidelity DNA
ERS6205403.bin.r.3	0	0.113476979742173	Granehall2021	1187	ERS6205403	None	Phusion Hot Start High-Fidelity DNA
ERS6205403.bin.r.3	1	0.0892817679558011	Granehall2021	1187	ERS6205403	None	Phusion Hot Start High-Fidelity DNA
ERS6205403.bin.r.3	2	0.0613093922651934	Granehall2021	1187	ERS6205403	None	Phusion Hot Start High-Fidelity DNA
ERS6205403.bin.r.3	3	0.0510552486187845	Granehall2021	1187	ERS6205403	None	Phusion Hot Start High-Fidelity DNA
ERS6205403.bin.r.3	4	0.0396151012891344	Granehall2021	1187	ERS6205403	None	Phusion Hot Start High-Fidelity DNA
ERS6205403.bin.r.3	5	0.0327034990791897	Granehall2021	1187	ERS6205403	None	Phusion Hot Start High-Fidelity DNA
ERS6256686.bin.r.5	0	0.198821428571429	Ottoni2021	1190	ERS6256686	None	PfuTurbo Cx Hotstart DNA
ERS6256686.bin.r.5	1	0.134238095238095	Ottoni2021	1190	ERS6256686	None	PfuTurbo Cx Hotstart DNA
ERS6256686.bin.r.5	2	0.0787738095238095	Ottoni2021	1190	ERS6256686	None	PfuTurbo Cx Hotstart DNA
ERS6256686.bin.r.5	3	0.0664880952380952	Ottoni2021	1190	ERS6256686	None	PfuTurbo Cx Hotstart DNA
ERS6256686.bin.r.5	4	0.0546785714285714	Ottoni2021	1190	ERS6256686	None	PfuTurbo Cx Hotstart DNA
ERS6256686.bin.r.5	5	0.0504166666666667	Ottoni2021	1190	ERS6256686	None	PfuTurbo Cx Hotstart DNA
ERS6256687_22.0.refbinned	0	0.233977859778598	Ottoni2021	1190	ERS6256687	None	PfuTurbo Cx Hotstart DNA
ERS6256687_22.0.refbinned	1	0.149734317343173	Ottoni2021	1190	ERS6256687	None	PfuTurbo Cx Hotstart DNA
ERS6256687_22.0.refbinned	2	0.0949729397293973	Ottoni2021	1190	ERS6256687	None	PfuTurbo Cx Hotstart DNA
ERS6256687_22.0.refbinned	3	0.0729471094710947	Ottoni2021	1190	ERS6256687	None	PfuTurbo Cx Hotstart DNA
ERS6256687_22.0.refbinned	4	0.0637429274292743	Ottoni2021	1190	ERS6256687	None	PfuTurbo Cx Hotstart DNA
ERS6256687_22.0.refbinned	5	0.0533763837638376	Ottoni2021	1190	ERS6256687	None	PfuTurbo Cx Hotstart DNA
ERS6256687_24.0.refbinned	0	0.269391156462585	Ottoni2021	1187	ERS6256687	None	PfuTurbo Cx Hotstart DNA
ERS6256687_24.0.refbinned	1	0.174289115646259	Ottoni2021	1187	ERS6256687	None	PfuTurbo Cx Hotstart DNA
ERS6256687_24.0.refbinned	2	0.116690476190476	Ottoni2021	1187	ERS6256687	None	PfuTurbo Cx Hotstart DNA
ERS6256687_24.0.refbinned	3	0.0988945578231293	Ottoni2021	1187	ERS6256687	None	PfuTurbo Cx Hotstart DNA
ERS6256687_24.0.refbinned	4	0.0778809523809524	Ottoni2021	1187	ERS6256687	None	PfuTurbo Cx Hotstart DNA
ERS6256687_24.0.refbinned	5	0.0680510204081633	Ottoni2021	1187	ERS6256687	None	PfuTurbo Cx Hotstart DNA
ERS6256688.bin.r.5	0	0.054764192139738	Ottoni2021	1188	ERS6256688	None	PfuTurbo Cx Hotstart DNA
ERS6256688.bin.r.5	1	0.0504366812227074	Ottoni2021	1188	ERS6256688	None	PfuTurbo Cx Hotstart DNA
ERS6256688.bin.r.5	2	0.0352532751091703	Ottoni2021	1188	ERS6256688	None	PfuTurbo Cx Hotstart DNA
ERS6256688.bin.r.5	3	0.0358296943231441	Ottoni2021	1188	ERS6256688	None	PfuTurbo Cx Hotstart DNA
ERS6256688.bin.r.5	4	0.0294235807860262	Ottoni2021	1188	ERS6256688	None	PfuTurbo Cx Hotstart DNA
ERS6256688.bin.r.5	5	0.0299301310043668	Ottoni2021	1188	ERS6256688	None	PfuTurbo Cx Hotstart DNA
ERS6256688.bin.r.8	0	0.0641705202312139	Ottoni2021	1187	ERS6256688	None	PfuTurbo Cx Hotstart DNA
ERS6256688.bin.r.8	1	0.0674421965317919	Ottoni2021	1187	ERS6256688	None	PfuTurbo Cx Hotstart DNA
ERS6256688.bin.r.8	2	0.0501531791907514	Ottoni2021	1187	ERS6256688	None	PfuTurbo Cx Hotstart DNA
ERS6256688.bin.r.8	3	0.052485549132948	Ottoni2021	1187	ERS6256688	None	PfuTurbo Cx Hotstart DNA
ERS6256688.bin.r.8	4	0.0419682080924856	Ottoni2021	1187	ERS6256688	None	PfuTurbo Cx Hotstart DNA
ERS6256688.bin.r.8	5	0.0400838150289017	Ottoni2021	1187	ERS6256688	None	PfuTurbo Cx Hotstart DNA
ERS6256689.bin.r.1	0	0.230932330827068	Ottoni2021	1190	ERS6256689	None	PfuTurbo Cx Hotstart DNA
ERS6256689.bin.r.1	1	0.147601503759399	Ottoni2021	1190	ERS6256689	None	PfuTurbo Cx Hotstart DNA
ERS6256689.bin.r.1	2	0.0893684210526316	Ottoni2021	1190	ERS6256689	None	PfuTurbo Cx Hotstart DNA
ERS6256689.bin.r.1	3	0.0748195488721805	Ottoni2021	1190	ERS6256689	None	PfuTurbo Cx Hotstart DNA
ERS6256689.bin.r.1	4	0.0585112781954887	Ottoni2021	1190	ERS6256689	None	PfuTurbo Cx Hotstart DNA
ERS6256689.bin.r.1	5	0.0507593984962406	Ottoni2021	1190	ERS6256689	None	PfuTurbo Cx Hotstart DNA
ERS6256692.bin.r.10	0	0.251722627737226	Ottoni2021	1190	ERS6256692	None	PfuTurbo Cx Hotstart DNA
ERS6256692.bin.r.10	1	0.154204379562044	Ottoni2021	1190	ERS6256692	None	PfuTurbo Cx Hotstart DNA
ERS6256692.bin.r.10	2	0.0911094890510949	Ottoni2021	1190	ERS6256692	None	PfuTurbo Cx Hotstart DNA
ERS6256692.bin.r.10	3	0.0724890510948905	Ottoni2021	1190	ERS6256692	None	PfuTurbo Cx Hotstart DNA
ERS6256692.bin.r.10	4	0.0588467153284672	Ottoni2021	1190	ERS6256692	None	PfuTurbo Cx Hotstart DNA
ERS6256692.bin.r.10	5	0.0528467153284672	Ottoni2021	1190	ERS6256692	None	PfuTurbo Cx Hotstart DNA
ERS6256693.bin.r.10	0	0.288767441860465	Ottoni2021	1189	ERS6256693	None	PfuTurbo Cx Hotstart DNA
ERS6256693.bin.r.10	1	0.174308970099668	Ottoni2021	1189	ERS6256693	None	PfuTurbo Cx Hotstart DNA
ERS6256693.bin.r.10	2	0.100119601328904	Ottoni2021	1189	ERS6256693	None	PfuTurbo Cx Hotstart DNA
ERS6256693.bin.r.10	3	0.0744318936877076	Ottoni2021	1189	ERS6256693	None	PfuTurbo Cx Hotstart DNA
ERS6256693.bin.r.10	4	0.0588637873754153	Ottoni2021	1189	ERS6256693	None	PfuTurbo Cx Hotstart DNA
ERS6256693.bin.r.10	5	0.0520963455149502	Ottoni2021	1189	ERS6256693	None	PfuTurbo Cx Hotstart DNA
ERS6256693.bin.r.8	0	0.274598290598291	Ottoni2021	1190	ERS6256693	None	PfuTurbo Cx Hotstart DNA
ERS6256693.bin.r.8	1	0.165837606837607	Ottoni2021	1190	ERS6256693	None	PfuTurbo Cx Hotstart DNA
ERS6256693.bin.r.8	2	0.0965384615384616	Ottoni2021	1190	ERS6256693	None	PfuTurbo Cx Hotstart DNA
ERS6256693.bin.r.8	3	0.0710683760683761	Ottoni2021	1190	ERS6256693	None	PfuTurbo Cx Hotstart DNA
ERS6256693.bin.r.8	4	0.0577863247863248	Ottoni2021	1190	ERS6256693	None	PfuTurbo Cx Hotstart DNA
ERS6256693.bin.r.8	5	0.0496239316239316	Ottoni2021	1190	ERS6256693	None	PfuTurbo Cx Hotstart DNA
ERS6256694.bin.r.4	0	0.2844453125	Ottoni2021	1190	ERS6256694	None	PfuTurbo Cx Hotstart DNA
ERS6256694.bin.r.4	1	0.2005625	Ottoni2021	1190	ERS6256694	None	PfuTurbo Cx Hotstart DNA
ERS6256694.bin.r.4	2	0.129953125	Ottoni2021	1190	ERS6256694	None	PfuTurbo Cx Hotstart DNA
ERS6256694.bin.r.4	3	0.1034296875	Ottoni2021	1190	ERS6256694	None	PfuTurbo Cx Hotstart DNA
ERS6256694.bin.r.4	4	0.0858515625	Ottoni2021	1190	ERS6256694	None	PfuTurbo Cx Hotstart DNA
ERS6256694.bin.r.4	5	0.0731640625	Ottoni2021	1190	ERS6256694	None	PfuTurbo Cx Hotstart DNA
ERS6256698_24.0.refbinned	0	0.258473640167364	Ottoni2021	1187	ERS6256698	None	PfuTurbo Cx Hotstart DNA
ERS6256698_24.0.refbinned	1	0.178882845188285	Ottoni2021	1187	ERS6256698	None	PfuTurbo Cx Hotstart DNA
ERS6256698_24.0.refbinned	2	0.111587447698745	Ottoni2021	1187	ERS6256698	None	PfuTurbo Cx Hotstart DNA
ERS6256698_24.0.refbinned	3	0.0895765690376569	Ottoni2021	1187	ERS6256698	None	PfuTurbo Cx Hotstart DNA
ERS6256698_24.0.refbinned	4	0.0695774058577406	Ottoni2021	1187	ERS6256698	None	PfuTurbo Cx Hotstart DNA
ERS6256698_24.0.refbinned	5	0.062560669456067	Ottoni2021	1187	ERS6256698	None	PfuTurbo Cx Hotstart DNA
ERS6256698_26.0.refbinned	0	0.251706088992974	Ottoni2021	1189	ERS6256698	None	PfuTurbo Cx Hotstart DNA
ERS6256698_26.0.refbinned	1	0.175489461358314	Ottoni2021	1189	ERS6256698	None	PfuTurbo Cx Hotstart DNA
ERS6256698_26.0.refbinned	2	0.108933255269321	Ottoni2021	1189	ERS6256698	None	PfuTurbo Cx Hotstart DNA
ERS6256698_26.0.refbinned	3	0.0825351288056206	Ottoni2021	1189	ERS6256698	None	PfuTurbo Cx Hotstart DNA
ERS6256698_26.0.refbinned	4	0.0627728337236534	Ottoni2021	1189	ERS6256698	None	PfuTurbo Cx Hotstart DNA
ERS6256698_26.0.refbinned	5	0.0579274004683841	Ottoni2021	1189	ERS6256698	None	PfuTurbo Cx Hotstart DNA
ERS6256699.bin.r.18	0	0.243182389937107	Ottoni2021	1187	ERS6256699	None	PfuTurbo Cx Hotstart DNA
ERS6256699.bin.r.18	1	0.161471698113208	Ottoni2021	1187	ERS6256699	None	PfuTurbo Cx Hotstart DNA
ERS6256699.bin.r.18	2	0.10111320754717	Ottoni2021	1187	ERS6256699	None	PfuTurbo Cx Hotstart DNA
ERS6256699.bin.r.18	3	0.0849937106918239	Ottoni2021	1187	ERS6256699	None	PfuTurbo Cx Hotstart DNA
ERS6256699.bin.r.18	4	0.0621509433962264	Ottoni2021	1187	ERS6256699	None	PfuTurbo Cx Hotstart DNA
ERS6256699.bin.r.18	5	0.0529559748427673	Ottoni2021	1187	ERS6256699	None	PfuTurbo Cx Hotstart DNA
ERS6256699.bin.r.3	0	0.228896103896104	Ottoni2021	1189	ERS6256699	None	PfuTurbo Cx Hotstart DNA
ERS6256699.bin.r.3	1	0.156675324675325	Ottoni2021	1189	ERS6256699	None	PfuTurbo Cx Hotstart DNA
ERS6256699.bin.r.3	2	0.102619047619048	Ottoni2021	1189	ERS6256699	None	PfuTurbo Cx Hotstart DNA
ERS6256699.bin.r.3	3	0.0823376623376623	Ottoni2021	1189	ERS6256699	None	PfuTurbo Cx Hotstart DNA
ERS6256699.bin.r.3	4	0.0642337662337662	Ottoni2021	1189	ERS6256699	None	PfuTurbo Cx Hotstart DNA
ERS6256699.bin.r.3	5	0.0547965367965368	Ottoni2021	1189	ERS6256699	None	PfuTurbo Cx Hotstart DNA
ERS6256700.bin.r.8	0	0.23739608801956	Ottoni2021	1187	ERS6256700	None	PfuTurbo Cx Hotstart DNA
ERS6256700.bin.r.8	1	0.16879217603912	Ottoni2021	1187	ERS6256700	None	PfuTurbo Cx Hotstart DNA
ERS6256700.bin.r.8	2	0.121511002444988	Ottoni2021	1187	ERS6256700	None	PfuTurbo Cx Hotstart DNA
ERS6256700.bin.r.8	3	0.109053789731051	Ottoni2021	1187	ERS6256700	None	PfuTurbo Cx Hotstart DNA
ERS6256700.bin.r.8	4	0.0878044009779951	Ottoni2021	1187	ERS6256700	None	PfuTurbo Cx Hotstart DNA
ERS6256700.bin.r.8	5	0.076	Ottoni2021	1187	ERS6256700	None	PfuTurbo Cx Hotstart DNA
ERS6256701.bin.r.3	0	0.191796352583587	Ottoni2021	1189	ERS6256701	None	PfuTurbo Cx Hotstart DNA
ERS6256701.bin.r.3	1	0.144449848024316	Ottoni2021	1189	ERS6256701	None	PfuTurbo Cx Hotstart DNA
ERS6256701.bin.r.3	2	0.101744680851064	Ottoni2021	1189	ERS6256701	None	PfuTurbo Cx Hotstart DNA
ERS6256701.bin.r.3	3	0.0841246200607903	Ottoni2021	1189	ERS6256701	None	PfuTurbo Cx Hotstart DNA
ERS6256701.bin.r.3	4	0.0616200607902736	Ottoni2021	1189	ERS6256701	None	PfuTurbo Cx Hotstart DNA
ERS6256701.bin.r.3	5	0.0553951367781155	Ottoni2021	1189	ERS6256701	None	PfuTurbo Cx Hotstart DNA
ERS6256701.bin.r.8	0	0.218207070707071	Ottoni2021	1187	ERS6256701	None	PfuTurbo Cx Hotstart DNA
ERS6256701.bin.r.8	1	0.162699494949495	Ottoni2021	1187	ERS6256701	None	PfuTurbo Cx Hotstart DNA
ERS6256701.bin.r.8	2	0.112477272727273	Ottoni2021	1187	ERS6256701	None	PfuTurbo Cx Hotstart DNA
ERS6256701.bin.r.8	3	0.0961439393939394	Ottoni2021	1187	ERS6256701	None	PfuTurbo Cx Hotstart DNA
ERS6256701.bin.r.8	4	0.0757348484848485	Ottoni2021	1187	ERS6256701	None	PfuTurbo Cx Hotstart DNA
ERS6256701.bin.r.8	5	0.0656944444444445	Ottoni2021	1187	ERS6256701	None	PfuTurbo Cx Hotstart DNA
ERS6256702.bin.r.1	0	0.240469534050179	Ottoni2021	1189	ERS6256702	None	PfuTurbo Cx Hotstart DNA
ERS6256702.bin.r.1	1	0.155462365591398	Ottoni2021	1189	ERS6256702	None	PfuTurbo Cx Hotstart DNA
ERS6256702.bin.r.1	2	0.0911326164874552	Ottoni2021	1189	ERS6256702	None	PfuTurbo Cx Hotstart DNA
ERS6256702.bin.r.1	3	0.0699964157706093	Ottoni2021	1189	ERS6256702	None	PfuTurbo Cx Hotstart DNA
ERS6256702.bin.r.1	4	0.0555878136200717	Ottoni2021	1189	ERS6256702	None	PfuTurbo Cx Hotstart DNA
ERS6256702.bin.r.1	5	0.0478853046594982	Ottoni2021	1189	ERS6256702	None	PfuTurbo Cx Hotstart DNA
ERS6256704.bin.r.11	0	0.20555910543131	Ottoni2021	1189	ERS6256704	None	PfuTurbo Cx Hotstart DNA
ERS6256704.bin.r.11	1	0.155575079872204	Ottoni2021	1189	ERS6256704	None	PfuTurbo Cx Hotstart DNA
ERS6256704.bin.r.11	2	0.106038338658147	Ottoni2021	1189	ERS6256704	None	PfuTurbo Cx Hotstart DNA
ERS6256704.bin.r.11	3	0.0891884984025559	Ottoni2021	1189	ERS6256704	None	PfuTurbo Cx Hotstart DNA
ERS6256704.bin.r.11	4	0.0687507987220447	Ottoni2021	1189	ERS6256704	None	PfuTurbo Cx Hotstart DNA
ERS6256704.bin.r.11	5	0.0589009584664537	Ottoni2021	1189	ERS6256704	None	PfuTurbo Cx Hotstart DNA
ERS6256704.bin.r.17	0	0.195474137931035	Ottoni2021	1187	ERS6256704	None	PfuTurbo Cx Hotstart DNA
ERS6256704.bin.r.17	1	0.150943965517241	Ottoni2021	1187	ERS6256704	None	PfuTurbo Cx Hotstart DNA
ERS6256704.bin.r.17	2	0.103823275862069	Ottoni2021	1187	ERS6256704	None	PfuTurbo Cx Hotstart DNA
ERS6256704.bin.r.17	3	0.0900818965517241	Ottoni2021	1187	ERS6256704	None	PfuTurbo Cx Hotstart DNA
ERS6256704.bin.r.17	4	0.0682844827586207	Ottoni2021	1187	ERS6256704	None	PfuTurbo Cx Hotstart DNA
ERS6256704.bin.r.17	5	0.0614353448275862	Ottoni2021	1187	ERS6256704	None	PfuTurbo Cx Hotstart DNA
ERS6256706_24.0.refbinned	0	0.219941649899396	Ottoni2021	1187	ERS6256706	None	PfuTurbo Cx Hotstart DNA
ERS6256706_24.0.refbinned	1	0.162541247484909	Ottoni2021	1187	ERS6256706	None	PfuTurbo Cx Hotstart DNA
ERS6256706_24.0.refbinned	2	0.112458752515091	Ottoni2021	1187	ERS6256706	None	PfuTurbo Cx Hotstart DNA
ERS6256706_24.0.refbinned	3	0.0997746478873239	Ottoni2021	1187	ERS6256706	None	PfuTurbo Cx Hotstart DNA
ERS6256706_24.0.refbinned	4	0.0754486921529175	Ottoni2021	1187	ERS6256706	None	PfuTurbo Cx Hotstart DNA
ERS6256706_24.0.refbinned	5	0.0710160965794769	Ottoni2021	1187	ERS6256706	None	PfuTurbo Cx Hotstart DNA
ERS6256706_26.0.refbinned	0	0.220657012195122	Ottoni2021	1189	ERS6256706	None	PfuTurbo Cx Hotstart DNA
ERS6256706_26.0.refbinned	1	0.163756097560976	Ottoni2021	1189	ERS6256706	None	PfuTurbo Cx Hotstart DNA
ERS6256706_26.0.refbinned	2	0.108466463414634	Ottoni2021	1189	ERS6256706	None	PfuTurbo Cx Hotstart DNA
ERS6256706_26.0.refbinned	3	0.0933262195121951	Ottoni2021	1189	ERS6256706	None	PfuTurbo Cx Hotstart DNA
ERS6256706_26.0.refbinned	4	0.0729420731707317	Ottoni2021	1189	ERS6256706	None	PfuTurbo Cx Hotstart DNA
ERS6256706_26.0.refbinned	5	0.0633826219512195	Ottoni2021	1189	ERS6256706	None	PfuTurbo Cx Hotstart DNA
ERS6256708.bin.r.4	0	0.257706422018349	Ottoni2021	1189	ERS6256708	None	PfuTurbo Cx Hotstart DNA
ERS6256708.bin.r.4	1	0.17137003058104	Ottoni2021	1189	ERS6256708	None	PfuTurbo Cx Hotstart DNA
ERS6256708.bin.r.4	2	0.107577981651376	Ottoni2021	1189	ERS6256708	None	PfuTurbo Cx Hotstart DNA
ERS6256708.bin.r.4	3	0.0893180428134557	Ottoni2021	1189	ERS6256708	None	PfuTurbo Cx Hotstart DNA
ERS6256708.bin.r.4	4	0.0717889908256881	Ottoni2021	1189	ERS6256708	None	PfuTurbo Cx Hotstart DNA
ERS6256708.bin.r.4	5	0.0572599388379205	Ottoni2021	1189	ERS6256708	None	PfuTurbo Cx Hotstart DNA
ERS6256709_24.0.refbinned	0	0.132656862745098	Ottoni2021	1187	ERS6256709	None	PfuTurbo Cx Hotstart DNA
ERS6256709_24.0.refbinned	1	0.0849536541889483	Ottoni2021	1187	ERS6256709	None	PfuTurbo Cx Hotstart DNA
ERS6256709_24.0.refbinned	2	0.0545793226381462	Ottoni2021	1187	ERS6256709	None	PfuTurbo Cx Hotstart DNA
ERS6256709_24.0.refbinned	3	0.0441693404634581	Ottoni2021	1187	ERS6256709	None	PfuTurbo Cx Hotstart DNA
ERS6256709_24.0.refbinned	4	0.0380891265597148	Ottoni2021	1187	ERS6256709	None	PfuTurbo Cx Hotstart DNA
ERS6256709_24.0.refbinned	5	0.0315142602495544	Ottoni2021	1187	ERS6256709	None	PfuTurbo Cx Hotstart DNA
ERS6256713.bin.r.10	0	0.112692640692641	Ottoni2021	1187	ERS6256713	None	PfuTurbo Cx Hotstart DNA
ERS6256713.bin.r.10	1	0.0856320346320346	Ottoni2021	1187	ERS6256713	None	PfuTurbo Cx Hotstart DNA
ERS6256713.bin.r.10	2	0.0600952380952381	Ottoni2021	1187	ERS6256713	None	PfuTurbo Cx Hotstart DNA
ERS6256713.bin.r.10	3	0.051525974025974	Ottoni2021	1187	ERS6256713	None	PfuTurbo Cx Hotstart DNA
ERS6256713.bin.r.10	4	0.0459848484848485	Ottoni2021	1187	ERS6256713	None	PfuTurbo Cx Hotstart DNA
ERS6256713.bin.r.10	5	0.0396190476190476	Ottoni2021	1187	ERS6256713	None	PfuTurbo Cx Hotstart DNA
ERS6256716.bin.r.12	0	0.202866125760649	Ottoni2021	1189	ERS6256716	None	PfuTurbo Cx Hotstart DNA
ERS6256716.bin.r.12	1	0.133878296146045	Ottoni2021	1189	ERS6256716	None	PfuTurbo Cx Hotstart DNA
ERS6256716.bin.r.12	2	0.1016369168357	Ottoni2021	1189	ERS6256716	None	PfuTurbo Cx Hotstart DNA
ERS6256716.bin.r.12	3	0.0775963488843813	Ottoni2021	1189	ERS6256716	None	PfuTurbo Cx Hotstart DNA
ERS6256716.bin.r.12	4	0.0633245436105477	Ottoni2021	1189	ERS6256716	None	PfuTurbo Cx Hotstart DNA
ERS6256716.bin.r.12	5	0.0582129817444219	Ottoni2021	1189	ERS6256716	None	PfuTurbo Cx Hotstart DNA
ERS6256718.bin.r.6	0	0.192574229691877	Ottoni2021	1189	ERS6256718	None	PfuTurbo Cx Hotstart DNA
ERS6256718.bin.r.6	1	0.123683473389356	Ottoni2021	1189	ERS6256718	None	PfuTurbo Cx Hotstart DNA
ERS6256718.bin.r.6	2	0.0815070028011204	Ottoni2021	1189	ERS6256718	None	PfuTurbo Cx Hotstart DNA
ERS6256718.bin.r.6	3	0.0616946778711485	Ottoni2021	1189	ERS6256718	None	PfuTurbo Cx Hotstart DNA
ERS6256718.bin.r.6	4	0.0554285714285714	Ottoni2021	1189	ERS6256718	None	PfuTurbo Cx Hotstart DNA
ERS6256718.bin.r.6	5	0.0453865546218487	Ottoni2021	1189	ERS6256718	None	PfuTurbo Cx Hotstart DNA
ERS6256719_24.0.refbinned	0	0.216568755085435	Ottoni2021	1187	ERS6256719	None	PfuTurbo Cx Hotstart DNA
ERS6256719_24.0.refbinned	1	0.150794141578519	Ottoni2021	1187	ERS6256719	None	PfuTurbo Cx Hotstart DNA
ERS6256719_24.0.refbinned	2	0.112786818551668	Ottoni2021	1187	ERS6256719	None	PfuTurbo Cx Hotstart DNA
ERS6256719_24.0.refbinned	3	0.0963262815296989	Ottoni2021	1187	ERS6256719	None	PfuTurbo Cx Hotstart DNA
ERS6256719_24.0.refbinned	4	0.0817404393816111	Ottoni2021	1187	ERS6256719	None	PfuTurbo Cx Hotstart DNA
ERS6256719_24.0.refbinned	5	0.0743181448331977	Ottoni2021	1187	ERS6256719	None	PfuTurbo Cx Hotstart DNA
ERS6256726.bin.r.4	0	0.281786516853933	Ottoni2021	1187	ERS6256726	None	PfuTurbo Cx Hotstart DNA
ERS6256726.bin.r.4	1	0.173859550561798	Ottoni2021	1187	ERS6256726	None	PfuTurbo Cx Hotstart DNA
ERS6256726.bin.r.4	2	0.110056179775281	Ottoni2021	1187	ERS6256726	None	PfuTurbo Cx Hotstart DNA
ERS6256726.bin.r.4	3	0.0774606741573034	Ottoni2021	1187	ERS6256726	None	PfuTurbo Cx Hotstart DNA
ERS6256726.bin.r.4	4	0.0575112359550562	Ottoni2021	1187	ERS6256726	None	PfuTurbo Cx Hotstart DNA
ERS6256726.bin.r.4	5	0.0505561797752809	Ottoni2021	1187	ERS6256726	None	PfuTurbo Cx Hotstart DNA
ERS6256727.bin.r.3	0	0.219154838709677	Ottoni2021	1187	ERS6256727	None	PfuTurbo Cx Hotstart DNA
ERS6256727.bin.r.3	1	0.153535483870968	Ottoni2021	1187	ERS6256727	None	PfuTurbo Cx Hotstart DNA
ERS6256727.bin.r.3	2	0.116161290322581	Ottoni2021	1187	ERS6256727	None	PfuTurbo Cx Hotstart DNA
ERS6256727.bin.r.3	3	0.094258064516129	Ottoni2021	1187	ERS6256727	None	PfuTurbo Cx Hotstart DNA
ERS6256727.bin.r.3	4	0.0763483870967742	Ottoni2021	1187	ERS6256727	None	PfuTurbo Cx Hotstart DNA
ERS6256727.bin.r.3	5	0.0689161290322581	Ottoni2021	1187	ERS6256727	None	PfuTurbo Cx Hotstart DNA
ERS6636085.bin.r.10	0	0.134563440860215	Fagernas2022	1187	ERS6636085	Half	PfuTurbo Cx Hotstart DNA
ERS6636085.bin.r.10	1	0.0083763440860215	Fagernas2022	1187	ERS6636085	Half	PfuTurbo Cx Hotstart DNA
ERS6636085.bin.r.10	2	0.00482150537634409	Fagernas2022	1187	ERS6636085	Half	PfuTurbo Cx Hotstart DNA
ERS6636085.bin.r.10	3	0.00418709677419355	Fagernas2022	1187	ERS6636085	Half	PfuTurbo Cx Hotstart DNA
ERS6636085.bin.r.10	4	0.00340215053763441	Fagernas2022	1187	ERS6636085	Half	PfuTurbo Cx Hotstart DNA
ERS6636085.bin.r.10	5	0.00246451612903226	Fagernas2022	1187	ERS6636085	Half	PfuTurbo Cx Hotstart DNA
ERS6636090.bin.r.6	0	0.0650180586907449	Fagernas2022	1190	ERS6636090	Half	PfuTurbo Cx Hotstart DNA
ERS6636090.bin.r.6	1	0.0073431151241535	Fagernas2022	1190	ERS6636090	Half	PfuTurbo Cx Hotstart DNA
ERS6636090.bin.r.6	2	0.00467494356659142	Fagernas2022	1190	ERS6636090	Half	PfuTurbo Cx Hotstart DNA
ERS6636090.bin.r.6	3	0.00391422121896163	Fagernas2022	1190	ERS6636090	Half	PfuTurbo Cx Hotstart DNA
ERS6636090.bin.r.6	4	0.00325959367945824	Fagernas2022	1190	ERS6636090	Half	PfuTurbo Cx Hotstart DNA
ERS6636090.bin.r.6	5	0.0023431151241535	Fagernas2022	1190	ERS6636090	Half	PfuTurbo Cx Hotstart DNA
ERS6636099.bin.r.15	0	0.0936779661016949	Fagernas2022	1187	ERS6636099	Half	PfuTurbo Cx Hotstart DNA
ERS6636099.bin.r.15	1	0.00679152542372881	Fagernas2022	1187	ERS6636099	Half	PfuTurbo Cx Hotstart DNA
ERS6636099.bin.r.15	2	0.00466949152542373	Fagernas2022	1187	ERS6636099	Half	PfuTurbo Cx Hotstart DNA
ERS6636099.bin.r.15	3	0.00559322033898305	Fagernas2022	1187	ERS6636099	Half	PfuTurbo Cx Hotstart DNA
ERS6636099.bin.r.15	4	0.00317627118644068	Fagernas2022	1187	ERS6636099	Half	PfuTurbo Cx Hotstart DNA
ERS6636099.bin.r.15	5	0.00317627118644068	Fagernas2022	1187	ERS6636099	Half	PfuTurbo Cx Hotstart DNA
ERS6636154.bin.r.1	0	0.100558139534884	Fagernas2022	1187	ERS6636154	Half	PfuTurbo Cx Hotstart DNA
ERS6636154.bin.r.1	1	0.00663178294573643	Fagernas2022	1187	ERS6636154	Half	PfuTurbo Cx Hotstart DNA
ERS6636154.bin.r.1	2	0.00546124031007752	Fagernas2022	1187	ERS6636154	Half	PfuTurbo Cx Hotstart DNA
ERS6636154.bin.r.1	3	0.00443798449612403	Fagernas2022	1187	ERS6636154	Half	PfuTurbo Cx Hotstart DNA
ERS6636154.bin.r.1	4	0.00314922480620155	Fagernas2022	1187	ERS6636154	Half	PfuTurbo Cx Hotstart DNA
ERS6636154.bin.r.1	5	0.00284302325581395	Fagernas2022	1187	ERS6636154	Half	PfuTurbo Cx Hotstart DNA
SRS11653538.bin.r.5	0	0.331115843270869	Quagliariello2022	1187	SRS11653538	None	AmpliTaq Gold DNA
SRS11653538.bin.r.5	1	0.226856899488927	Quagliariello2022	1187	SRS11653538	None	AmpliTaq Gold DNA
SRS11653538.bin.r.5	2	0.131023850085179	Quagliariello2022	1187	SRS11653538	None	AmpliTaq Gold DNA
SRS11653538.bin.r.5	3	0.0989114139693356	Quagliariello2022	1187	SRS11653538	None	AmpliTaq Gold DNA
SRS11653538.bin.r.5	4	0.0779710391822828	Quagliariello2022	1187	SRS11653538	None	AmpliTaq Gold DNA
SRS11653538.bin.r.5	5	0.0634974446337308	Quagliariello2022	1187	SRS11653538	None	AmpliTaq Gold DNA
SRS11653539.bin.r.1	0	0.391822259136213	Quagliariello2022	1187	SRS11653539	None	AmpliTaq Gold DNA
SRS11653539.bin.r.1	1	0.248174418604651	Quagliariello2022	1187	SRS11653539	None	AmpliTaq Gold DNA
SRS11653539.bin.r.1	2	0.148174418604651	Quagliariello2022	1187	SRS11653539	None	AmpliTaq Gold DNA
SRS11653539.bin.r.1	3	0.108599667774086	Quagliariello2022	1187	SRS11653539	None	AmpliTaq Gold DNA
SRS11653539.bin.r.1	4	0.0852873754152824	Quagliariello2022	1187	SRS11653539	None	AmpliTaq Gold DNA
SRS11653539.bin.r.1	5	0.0679202657807309	Quagliariello2022	1187	SRS11653539	None	AmpliTaq Gold DNA
SRS11653539.bin.r.4	0	0.332751072961373	Quagliariello2022	1190	SRS11653539	None	AmpliTaq Gold DNA
SRS11653539.bin.r.4	1	0.216	Quagliariello2022	1190	SRS11653539	None	AmpliTaq Gold DNA
SRS11653539.bin.r.4	2	0.125334763948498	Quagliariello2022	1190	SRS11653539	None	AmpliTaq Gold DNA
SRS11653539.bin.r.4	3	0.0890429184549356	Quagliariello2022	1190	SRS11653539	None	AmpliTaq Gold DNA
SRS11653539.bin.r.4	4	0.0707961373390558	Quagliariello2022	1190	SRS11653539	None	AmpliTaq Gold DNA
SRS11653539.bin.r.4	5	0.0594957081545064	Quagliariello2022	1190	SRS11653539	None	AmpliTaq Gold DNA
SRS11653545_22.0.refbinned	0	0.4918418230563	Quagliariello2022	1190	SRS11653545	None	AmpliTaq Gold DNA
SRS11653545_22.0.refbinned	1	0.325445040214477	Quagliariello2022	1190	SRS11653545	None	AmpliTaq Gold DNA
SRS11653545_22.0.refbinned	2	0.203301608579088	Quagliariello2022	1190	SRS11653545	None	AmpliTaq Gold DNA
SRS11653545_22.0.refbinned	3	0.144872654155496	Quagliariello2022	1190	SRS11653545	None	AmpliTaq Gold DNA
SRS11653545_22.0.refbinned	4	0.107242627345844	Quagliariello2022	1190	SRS11653545	None	AmpliTaq Gold DNA
SRS11653545_22.0.refbinned	5	0.0869678284182306	Quagliariello2022	1190	SRS11653545	None	AmpliTaq Gold DNA
SRS11653551.bin.r.3	0	0.403973509933775	Quagliariello2022	1190	SRS11653551	None	AmpliTaq Gold DNA
SRS11653551.bin.r.3	1	0.261112582781457	Quagliariello2022	1190	SRS11653551	None	AmpliTaq Gold DNA
SRS11653551.bin.r.3	2	0.160587196467991	Quagliariello2022	1190	SRS11653551	None	AmpliTaq Gold DNA
SRS11653551.bin.r.3	3	0.112498896247241	Quagliariello2022	1190	SRS11653551	None	AmpliTaq Gold DNA
SRS11653551.bin.r.3	4	0.0872207505518764	Quagliariello2022	1190	SRS11653551	None	AmpliTaq Gold DNA
SRS11653551.bin.r.3	5	0.0691699779249448	Quagliariello2022	1190	SRS11653551	None	AmpliTaq Gold DNA
SRS11653562.bin.r.1	0	0.489866228070175	Quagliariello2022	1190	SRS11653562	None	AmpliTaq Gold DNA
SRS11653562.bin.r.1	1	0.348149122807018	Quagliariello2022	1190	SRS11653562	None	AmpliTaq Gold DNA
SRS11653562.bin.r.1	2	0.228260964912281	Quagliariello2022	1190	SRS11653562	None	AmpliTaq Gold DNA
SRS11653562.bin.r.1	3	0.164701754385965	Quagliariello2022	1190	SRS11653562	None	AmpliTaq Gold DNA
SRS11653562.bin.r.1	4	0.131723684210526	Quagliariello2022	1190	SRS11653562	None	AmpliTaq Gold DNA
SRS11653562.bin.r.1	5	0.102243421052632	Quagliariello2022	1190	SRS11653562	None	AmpliTaq Gold DNA
SRS11653565.bin.r.1	0	0.456978494623656	Quagliariello2022	1190	SRS11653565	None	AmpliTaq Gold DNA
SRS11653565.bin.r.1	1	0.31905376344086	Quagliariello2022	1190	SRS11653565	None	AmpliTaq Gold DNA
SRS11653565.bin.r.1	2	0.202096774193548	Quagliariello2022	1190	SRS11653565	None	AmpliTaq Gold DNA
SRS11653565.bin.r.1	3	0.150806451612903	Quagliariello2022	1190	SRS11653565	None	AmpliTaq Gold DNA
SRS11653565.bin.r.1	4	0.120091397849462	Quagliariello2022	1190	SRS11653565	None	AmpliTaq Gold DNA
SRS11653565.bin.r.1	5	0.098989247311828	Quagliariello2022	1190	SRS11653565	None	AmpliTaq Gold DNA
SRS11653570.bin.r.1	0	0.292603846153846	Quagliariello2022	1190	SRS11653570	None	AmpliTaq Gold DNA
SRS11653570.bin.r.1	1	0.184853846153846	Quagliariello2022	1190	SRS11653570	None	AmpliTaq Gold DNA
SRS11653570.bin.r.1	2	0.1174	Quagliariello2022	1190	SRS11653570	None	AmpliTaq Gold DNA
SRS11653570.bin.r.1	3	0.0900038461538462	Quagliariello2022	1190	SRS11653570	None	AmpliTaq Gold DNA
SRS11653570.bin.r.1	4	0.0736076923076923	Quagliariello2022	1190	SRS11653570	None	AmpliTaq Gold DNA
SRS11653570.bin.r.1	5	0.0632807692307692	Quagliariello2022	1190	SRS11653570	None	AmpliTaq Gold DNA
SRS11653591.bin.r.2	0	0.462847006651885	Quagliariello2022	1190	SRS11653591	None	AmpliTaq Gold DNA
SRS11653591.bin.r.2	1	0.300880266075388	Quagliariello2022	1190	SRS11653591	None	AmpliTaq Gold DNA
SRS11653591.bin.r.2	2	0.19120177383592	Quagliariello2022	1190	SRS11653591	None	AmpliTaq Gold DNA
SRS11653591.bin.r.2	3	0.138884700665188	Quagliariello2022	1190	SRS11653591	None	AmpliTaq Gold DNA
SRS11653591.bin.r.2	4	0.10760310421286	Quagliariello2022	1190	SRS11653591	None	AmpliTaq Gold DNA
SRS11653591.bin.r.2	5	0.0897073170731707	Quagliariello2022	1190	SRS11653591	None	AmpliTaq Gold DNA
SRS11653594.bin.r.1	0	0.483229268292683	Quagliariello2022	1187	SRS11653594	None	AmpliTaq Gold DNA
SRS11653594.bin.r.1	1	0.332980487804878	Quagliariello2022	1187	SRS11653594	None	AmpliTaq Gold DNA
SRS11653594.bin.r.1	2	0.196136585365854	Quagliariello2022	1187	SRS11653594	None	AmpliTaq Gold DNA
SRS11653594.bin.r.1	3	0.139611382113821	Quagliariello2022	1187	SRS11653594	None	AmpliTaq Gold DNA
SRS11653594.bin.r.1	4	0.10670243902439	Quagliariello2022	1187	SRS11653594	None	AmpliTaq Gold DNA
SRS11653594.bin.r.1	5	0.0866065040650407	Quagliariello2022	1187	SRS11653594	None	AmpliTaq Gold DNA
SRS11653610.bin.r.3	0	0.463088628762542	Quagliariello2022	1187	SRS11653610	None	AmpliTaq Gold DNA
SRS11653610.bin.r.3	1	0.312765886287625	Quagliariello2022	1187	SRS11653610	None	AmpliTaq Gold DNA
SRS11653610.bin.r.3	2	0.199021739130435	Quagliariello2022	1187	SRS11653610	None	AmpliTaq Gold DNA
SRS11653610.bin.r.3	3	0.145229096989967	Quagliariello2022	1187	SRS11653610	None	AmpliTaq Gold DNA
SRS11653610.bin.r.3	4	0.11461872909699	Quagliariello2022	1187	SRS11653610	None	AmpliTaq Gold DNA
SRS11653610.bin.r.3	5	0.0946739130434783	Quagliariello2022	1187	SRS11653610	None	AmpliTaq Gold DNA
SRS15300786.bin.r.7	0	0.0347169312169312	Honap2023	1188	SRS15300786	Half	AmpliTaq Gold DNA
SRS15300786.bin.r.7	1	0.0034973544973545	Honap2023	1188	SRS15300786	Half	AmpliTaq Gold DNA
SRS15300786.bin.r.7	2	0.00303968253968254	Honap2023	1188	SRS15300786	Half	AmpliTaq Gold DNA
SRS15300786.bin.r.7	3	0.0025978835978836	Honap2023	1188	SRS15300786	Half	AmpliTaq Gold DNA
SRS15300786.bin.r.7	4	0.00178042328042328	Honap2023	1188	SRS15300786	Half	AmpliTaq Gold DNA
SRS15300786.bin.r.7	5	0.00201587301587302	Honap2023	1188	SRS15300786	Half	AmpliTaq Gold DNA
SRS15300787.bin.r.5	0	0.0456109725685786	Honap2023	1188	SRS15300787	Half	AmpliTaq Gold DNA
SRS15300787.bin.r.5	1	0.00356359102244389	Honap2023	1188	SRS15300787	Half	AmpliTaq Gold DNA
SRS15300787.bin.r.5	2	0.00322194513715711	Honap2023	1188	SRS15300787	Half	AmpliTaq Gold DNA
SRS15300787.bin.r.5	3	0.00260847880299252	Honap2023	1188	SRS15300787	Half	AmpliTaq Gold DNA
SRS15300787.bin.r.5	4	0.00195511221945137	Honap2023	1188	SRS15300787	Half	AmpliTaq Gold DNA
SRS15300787.bin.r.5	5	0.00197755610972569	Honap2023	1188	SRS15300787	Half	AmpliTaq Gold DNA
SRS15300788.bin.r.4	0	0.032843621399177	Honap2023	1188	SRS15300788	Half	AmpliTaq Gold DNA
SRS15300788.bin.r.4	1	0.00277777777777778	Honap2023	1188	SRS15300788	Half	AmpliTaq Gold DNA
SRS15300788.bin.r.4	2	0.00163786008230453	Honap2023	1188	SRS15300788	Half	AmpliTaq Gold DNA
SRS15300788.bin.r.4	3	0.00239506172839506	Honap2023	1188	SRS15300788	Half	AmpliTaq Gold DNA
SRS15300788.bin.r.4	4	0.00165843621399177	Honap2023	1188	SRS15300788	Half	AmpliTaq Gold DNA
SRS15300788.bin.r.4	5	0.00169135802469136	Honap2023	1188	SRS15300788	Half	AmpliTaq Gold DNA
SRS15300790.bin.r.1	0	0.0144733009708738	Honap2023	1188	SRS15300790	Half	AmpliTaq Gold DNA
SRS15300790.bin.r.1	1	0.00281553398058252	Honap2023	1188	SRS15300790	Half	AmpliTaq Gold DNA
SRS15300790.bin.r.1	2	0.0010752427184466	Honap2023	1188	SRS15300790	Half	AmpliTaq Gold DNA
SRS15300790.bin.r.1	3	0.00217961165048544	Honap2023	1188	SRS15300790	Half	AmpliTaq Gold DNA
SRS15300790.bin.r.1	4	0.000953883495145631	Honap2023	1188	SRS15300790	Half	AmpliTaq Gold DNA
SRS15300790.bin.r.1	5	0.00109708737864078	Honap2023	1188	SRS15300790	Half	AmpliTaq Gold DNA
SRS15300792.bin.r.2	0	0.0164666666666667	Honap2023	1187	SRS15300792	Half	AmpliTaq Gold DNA
SRS15300792.bin.r.2	1	0.00246666666666667	Honap2023	1187	SRS15300792	Half	AmpliTaq Gold DNA
SRS15300792.bin.r.2	2	0.00137777777777778	Honap2023	1187	SRS15300792	Half	AmpliTaq Gold DNA
SRS15300792.bin.r.2	3	0.00216666666666667	Honap2023	1187	SRS15300792	Half	AmpliTaq Gold DNA
SRS15300792.bin.r.2	4	0.00164444444444444	Honap2023	1187	SRS15300792	Half	AmpliTaq Gold DNA
SRS15300792.bin.r.2	5	0.00127777777777778	Honap2023	1187	SRS15300792	Half	AmpliTaq Gold DNA
SRS15300793.bin.r.2	0	0.0137096774193548	Honap2023	1188	SRS15300793	Half	AmpliTaq Gold DNA
SRS15300793.bin.r.2	1	0.00570967741935484	Honap2023	1188	SRS15300793	Half	AmpliTaq Gold DNA
SRS15300793.bin.r.2	2	0.00408602150537634	Honap2023	1188	SRS15300793	Half	AmpliTaq Gold DNA
SRS15300793.bin.r.2	3	0.00436559139784946	Honap2023	1188	SRS15300793	Half	AmpliTaq Gold DNA
SRS15300793.bin.r.2	4	0.00318279569892473	Honap2023	1188	SRS15300793	Half	AmpliTaq Gold DNA
SRS15300793.bin.r.2	5	0.0036236559139785	Honap2023	1188	SRS15300793	Half	AmpliTaq Gold DNA
SRS15300794.bin.r.1	0	0.0369484536082474	Honap2023	1188	SRS15300794	Half	AmpliTaq Gold DNA
SRS15300794.bin.r.1	1	0.00593814432989691	Honap2023	1188	SRS15300794	Half	AmpliTaq Gold DNA
SRS15300794.bin.r.1	2	0.00345360824742268	Honap2023	1188	SRS15300794	Half	AmpliTaq Gold DNA
SRS15300794.bin.r.1	3	0.0047319587628866	Honap2023	1188	SRS15300794	Half	AmpliTaq Gold DNA
SRS15300794.bin.r.1	4	0.00449484536082474	Honap2023	1188	SRS15300794	Half	AmpliTaq Gold DNA
SRS15300794.bin.r.1	5	0.00402061855670103	Honap2023	1188	SRS15300794	Half	AmpliTaq Gold DNA
SRS15300795.bin.r.10	0	0.0257295081967213	Honap2023	1188	SRS15300795	Half	AmpliTaq Gold DNA
SRS15300795.bin.r.10	1	0.00336065573770492	Honap2023	1188	SRS15300795	Half	AmpliTaq Gold DNA
SRS15300795.bin.r.10	2	0.00197540983606557	Honap2023	1188	SRS15300795	Half	AmpliTaq Gold DNA
SRS15300795.bin.r.10	3	0.00251639344262295	Honap2023	1188	SRS15300795	Half	AmpliTaq Gold DNA
SRS15300795.bin.r.10	4	0.00241803278688525	Honap2023	1188	SRS15300795	Half	AmpliTaq Gold DNA
SRS15300795.bin.r.10	5	0.00163114754098361	Honap2023	1188	SRS15300795	Half	AmpliTaq Gold DNA
SRS15300800.bin.r.2	0	0.0244328358208955	Honap2023	1187	SRS15300800	Half	AmpliTaq Gold DNA
SRS15300800.bin.r.2	1	0.00322388059701493	Honap2023	1187	SRS15300800	Half	AmpliTaq Gold DNA
SRS15300800.bin.r.2	2	0.00176119402985075	Honap2023	1187	SRS15300800	Half	AmpliTaq Gold DNA
SRS15300800.bin.r.2	3	0.00247761194029851	Honap2023	1187	SRS15300800	Half	AmpliTaq Gold DNA
SRS15300800.bin.r.2	4	0.00217910447761194	Honap2023	1187	SRS15300800	Half	AmpliTaq Gold DNA
SRS15300800.bin.r.2	5	0.002	Honap2023	1187	SRS15300800	Half	AmpliTaq Gold DNA
SRS15300800.bin.r.5	0	0.0226890756302521	Honap2023	1188	SRS15300800	Half	AmpliTaq Gold DNA
SRS15300800.bin.r.5	1	0.00321848739495798	Honap2023	1188	SRS15300800	Half	AmpliTaq Gold DNA
SRS15300800.bin.r.5	2	0.00154621848739496	Honap2023	1188	SRS15300800	Half	AmpliTaq Gold DNA
SRS15300800.bin.r.5	3	0.00226890756302521	Honap2023	1188	SRS15300800	Half	AmpliTaq Gold DNA
SRS15300800.bin.r.5	4	0.00208403361344538	Honap2023	1188	SRS15300800	Half	AmpliTaq Gold DNA
SRS15300800.bin.r.5	5	0.0013109243697479	Honap2023	1188	SRS15300800	Half	AmpliTaq Gold DNA
SRS15300801.bin.r.8	0	0.0227327586206897	Honap2023	1188	SRS15300801	Half	AmpliTaq Gold DNA
SRS15300801.bin.r.8	1	0.00349137931034483	Honap2023	1188	SRS15300801	Half	AmpliTaq Gold DNA
SRS15300801.bin.r.8	2	0.00181034482758621	Honap2023	1188	SRS15300801	Half	AmpliTaq Gold DNA
SRS15300801.bin.r.8	3	0.00229310344827586	Honap2023	1188	SRS15300801	Half	AmpliTaq Gold DNA
SRS15300801.bin.r.8	4	0.00186206896551724	Honap2023	1188	SRS15300801	Half	AmpliTaq Gold DNA
SRS15300801.bin.r.8	5	0.00161206896551724	Honap2023	1188	SRS15300801	Half	AmpliTaq Gold DNA
SRS15300802.bin.r.12	0	0.0601497005988024	Honap2023	1188	SRS15300802	Half	AmpliTaq Gold DNA
SRS15300802.bin.r.12	1	0.00478443113772455	Honap2023	1188	SRS15300802	Half	AmpliTaq Gold DNA
SRS15300802.bin.r.12	2	0.00378443113772455	Honap2023	1188	SRS15300802	Half	AmpliTaq Gold DNA
SRS15300802.bin.r.12	3	0.00284431137724551	Honap2023	1188	SRS15300802	Half	AmpliTaq Gold DNA
SRS15300802.bin.r.12	4	0.00309580838323353	Honap2023	1188	SRS15300802	Half	AmpliTaq Gold DNA
SRS15300802.bin.r.12	5	0.00253892215568862	Honap2023	1188	SRS15300802	Half	AmpliTaq Gold DNA
SRS15300802.bin.r.16	0	0.0604166666666667	Honap2023	1187	SRS15300802	Half	AmpliTaq Gold DNA
SRS15300802.bin.r.16	1	0.00198958333333333	Honap2023	1187	SRS15300802	Half	AmpliTaq Gold DNA
SRS15300802.bin.r.16	2	0.00128125	Honap2023	1187	SRS15300802	Half	AmpliTaq Gold DNA
SRS15300802.bin.r.16	3	0.00155555555555556	Honap2023	1187	SRS15300802	Half	AmpliTaq Gold DNA
SRS15300802.bin.r.16	4	0.00172569444444444	Honap2023	1187	SRS15300802	Half	AmpliTaq Gold DNA
SRS15300802.bin.r.16	5	0.00145486111111111	Honap2023	1187	SRS15300802	Half	AmpliTaq Gold DNA
SRS15300805.bin.r.15	0	0.0623333333333333	Honap2023	1188	SRS15300805	Half	AmpliTaq Gold DNA
SRS15300805.bin.r.15	1	0.00503030303030303	Honap2023	1188	SRS15300805	Half	AmpliTaq Gold DNA
SRS15300805.bin.r.15	2	0.00377777777777778	Honap2023	1188	SRS15300805	Half	AmpliTaq Gold DNA
SRS15300805.bin.r.15	3	0.00351515151515152	Honap2023	1188	SRS15300805	Half	AmpliTaq Gold DNA
SRS15300805.bin.r.15	4	0.00283838383838384	Honap2023	1188	SRS15300805	Half	AmpliTaq Gold DNA
SRS15300805.bin.r.15	5	0.00287878787878788	Honap2023	1188	SRS15300805	Half	AmpliTaq Gold DNA
SRS15300807.bin.r.6	0	0.0393218390804598	Honap2023	1188	SRS15300807	Half	AmpliTaq Gold DNA
SRS15300807.bin.r.6	1	0.00314942528735632	Honap2023	1188	SRS15300807	Half	AmpliTaq Gold DNA
SRS15300807.bin.r.6	2	0.00145689655172414	Honap2023	1188	SRS15300807	Half	AmpliTaq Gold DNA
SRS15300807.bin.r.6	3	0.00367816091954023	Honap2023	1188	SRS15300807	Half	AmpliTaq Gold DNA
SRS15300807.bin.r.6	4	0.00185057471264368	Honap2023	1188	SRS15300807	Half	AmpliTaq Gold DNA
SRS15300807.bin.r.6	5	0.000655172413793104	Honap2023	1188	SRS15300807	Half	AmpliTaq Gold DNA
SRS15300808.bin.r.3	0	0.0188877005347594	Honap2023	1188	SRS15300808	Half	AmpliTaq Gold DNA
SRS15300808.bin.r.3	1	0.0053903743315508	Honap2023	1188	SRS15300808	Half	AmpliTaq Gold DNA
SRS15300808.bin.r.3	2	0.00229946524064171	Honap2023	1188	SRS15300808	Half	AmpliTaq Gold DNA
SRS15300808.bin.r.3	3	0.00272727272727273	Honap2023	1188	SRS15300808	Half	AmpliTaq Gold DNA
SRS15300808.bin.r.3	4	0.0027379679144385	Honap2023	1188	SRS15300808	Half	AmpliTaq Gold DNA
SRS15300808.bin.r.3	5	0.00247058823529412	Honap2023	1188	SRS15300808	Half	AmpliTaq Gold DNA
SRS15300811.bin.r.16	0	0.0154	Honap2023	1188	SRS15300811	Half	AmpliTaq Gold DNA
SRS15300811.bin.r.16	1	0.00351	Honap2023	1188	SRS15300811	Half	AmpliTaq Gold DNA
SRS15300811.bin.r.16	2	0.00207	Honap2023	1188	SRS15300811	Half	AmpliTaq Gold DNA
SRS15300811.bin.r.16	3	0.00252	Honap2023	1188	SRS15300811	Half	AmpliTaq Gold DNA
SRS15300811.bin.r.16	4	0.00214	Honap2023	1188	SRS15300811	Half	AmpliTaq Gold DNA
SRS15300811.bin.r.16	5	0.00186	Honap2023	1188	SRS15300811	Half	AmpliTaq Gold DNA
SRS3078091.bin.r.1	0	0.146211796246649	Mann2018	1188	SRS3078091	None	PfuTurbo Cx Hotstart DNA
SRS3078091.bin.r.1	1	0.0893914209115281	Mann2018	1188	SRS3078091	None	PfuTurbo Cx Hotstart DNA
SRS3078091.bin.r.1	2	0.0534718498659517	Mann2018	1188	SRS3078091	None	PfuTurbo Cx Hotstart DNA
SRS3078091.bin.r.1	3	0.0439115281501341	Mann2018	1188	SRS3078091	None	PfuTurbo Cx Hotstart DNA
SRS3078091.bin.r.1	4	0.036798927613941	Mann2018	1188	SRS3078091	None	PfuTurbo Cx Hotstart DNA
SRS3078091.bin.r.1	5	0.032597855227882	Mann2018	1188	SRS3078091	None	PfuTurbo Cx Hotstart DNA
SRS3078091.bin.r.12	0	0.143557416267943	Mann2018	1190	SRS3078091	None	PfuTurbo Cx Hotstart DNA
SRS3078091.bin.r.12	1	0.092677033492823	Mann2018	1190	SRS3078091	None	PfuTurbo Cx Hotstart DNA
SRS3078091.bin.r.12	2	0.0527775119617225	Mann2018	1190	SRS3078091	None	PfuTurbo Cx Hotstart DNA
SRS3078091.bin.r.12	3	0.0435215311004785	Mann2018	1190	SRS3078091	None	PfuTurbo Cx Hotstart DNA
SRS3078091.bin.r.12	4	0.0389736842105263	Mann2018	1190	SRS3078091	None	PfuTurbo Cx Hotstart DNA
SRS3078091.bin.r.12	5	0.0305789473684211	Mann2018	1190	SRS3078091	None	PfuTurbo Cx Hotstart DNA
SRS3078097.bin.r.8	0	0.116280742459397	Mann2018	1190	SRS3078097	None	PfuTurbo Cx Hotstart DNA
SRS3078097.bin.r.8	1	0.0712180974477958	Mann2018	1190	SRS3078097	None	PfuTurbo Cx Hotstart DNA
SRS3078097.bin.r.8	2	0.0366798143851508	Mann2018	1190	SRS3078097	None	PfuTurbo Cx Hotstart DNA
SRS3078097.bin.r.8	3	0.026877030162413	Mann2018	1190	SRS3078097	None	PfuTurbo Cx Hotstart DNA
SRS3078097.bin.r.8	4	0.0228120649651972	Mann2018	1190	SRS3078097	None	PfuTurbo Cx Hotstart DNA
SRS3078097.bin.r.8	5	0.0189953596287703	Mann2018	1190	SRS3078097	None	PfuTurbo Cx Hotstart DNA
SRS3078158.bin.r.1	0	0.117445754716981	Mann2018	1188	SRS3078158	None	PfuTurbo Cx Hotstart DNA
SRS3078158.bin.r.1	1	0.0867594339622642	Mann2018	1188	SRS3078158	None	PfuTurbo Cx Hotstart DNA
SRS3078158.bin.r.1	2	0.0644410377358491	Mann2018	1188	SRS3078158	None	PfuTurbo Cx Hotstart DNA
SRS3078158.bin.r.1	3	0.0570872641509434	Mann2018	1188	SRS3078158	None	PfuTurbo Cx Hotstart DNA
SRS3078158.bin.r.1	4	0.0537075471698113	Mann2018	1188	SRS3078158	None	PfuTurbo Cx Hotstart DNA
SRS3078158.bin.r.1	5	0.046747641509434	Mann2018	1188	SRS3078158	None	PfuTurbo Cx Hotstart DNA
SRS3078160.bin.r.7	0	0.0272863534675615	Mann2018	1188	SRS3078160	None	KAPA HiFi Uracil+
SRS3078160.bin.r.7	1	0.0127360178970917	Mann2018	1188	SRS3078160	None	KAPA HiFi Uracil+
SRS3078160.bin.r.7	2	0.00668008948545861	Mann2018	1188	SRS3078160	None	KAPA HiFi Uracil+
SRS3078160.bin.r.7	3	0.00593959731543624	Mann2018	1188	SRS3078160	None	KAPA HiFi Uracil+
SRS3078160.bin.r.7	4	0.00770693512304251	Mann2018	1188	SRS3078160	None	KAPA HiFi Uracil+
SRS3078160.bin.r.7	5	0.00697986577181208	Mann2018	1188	SRS3078160	None	KAPA HiFi Uracil+
SRS3078163.bin.r.14	0	0.101757660167131	Mann2018	1187	SRS3078163	None	PfuTurbo Cx Hotstart DNA
SRS3078163.bin.r.14	1	0.078866295264624	Mann2018	1187	SRS3078163	None	PfuTurbo Cx Hotstart DNA
SRS3078163.bin.r.14	2	0.0588161559888579	Mann2018	1187	SRS3078163	None	PfuTurbo Cx Hotstart DNA
SRS3078163.bin.r.14	3	0.0513314763231198	Mann2018	1187	SRS3078163	None	PfuTurbo Cx Hotstart DNA
SRS3078163.bin.r.14	4	0.0427604456824513	Mann2018	1187	SRS3078163	None	PfuTurbo Cx Hotstart DNA
SRS3078163.bin.r.14	5	0.0398189415041783	Mann2018	1187	SRS3078163	None	PfuTurbo Cx Hotstart DNA
SRS3078181.bin.r.4	0	0.17671052631579	Mann2018	1190	SRS3078181	None	KAPA HiFi Uracil+
SRS3078181.bin.r.4	1	0.108642105263158	Mann2018	1190	SRS3078181	None	KAPA HiFi Uracil+
SRS3078181.bin.r.4	2	0.0675842105263158	Mann2018	1190	SRS3078181	None	KAPA HiFi Uracil+
SRS3078181.bin.r.4	3	0.0574684210526316	Mann2018	1190	SRS3078181	None	KAPA HiFi Uracil+
SRS3078181.bin.r.4	4	0.0473421052631579	Mann2018	1190	SRS3078181	None	KAPA HiFi Uracil+
SRS3078181.bin.r.4	5	0.0449894736842105	Mann2018	1190	SRS3078181	None	KAPA HiFi Uracil+
SRS3078195.bin.r.19	0	0.130964601769912	Mann2018	1190	SRS3078195	None	KAPA HiFi Uracil+
SRS3078195.bin.r.19	1	0.061070796460177	Mann2018	1190	SRS3078195	None	KAPA HiFi Uracil+
SRS3078195.bin.r.19	2	0.0420973451327434	Mann2018	1190	SRS3078195	None	KAPA HiFi Uracil+
SRS3078195.bin.r.19	3	0.0388141592920354	Mann2018	1190	SRS3078195	None	KAPA HiFi Uracil+
SRS3078195.bin.r.19	4	0.0325044247787611	Mann2018	1190	SRS3078195	None	KAPA HiFi Uracil+
SRS3078195.bin.r.19	5	0.0295044247787611	Mann2018	1190	SRS3078195	None	KAPA HiFi Uracil+
SRS3078197.bin.r.4	0	0.118417012448133	Mann2018	1190	SRS3078197	None	PfuTurbo Cx Hotstart DNA
SRS3078197.bin.r.4	1	0.0766078838174274	Mann2018	1190	SRS3078197	None	PfuTurbo Cx Hotstart DNA
SRS3078197.bin.r.4	2	0.0451348547717842	Mann2018	1190	SRS3078197	None	PfuTurbo Cx Hotstart DNA
SRS3078197.bin.r.4	3	0.0374792531120332	Mann2018	1190	SRS3078197	None	PfuTurbo Cx Hotstart DNA
SRS3078197.bin.r.4	4	0.0295995850622407	Mann2018	1190	SRS3078197	None	PfuTurbo Cx Hotstart DNA
SRS3078197.bin.r.4	5	0.0248775933609959	Mann2018	1190	SRS3078197	None	PfuTurbo Cx Hotstart DNA
SRS3078200.bin.r.1	0	0.264593333333333	Mann2018	1188	SRS3078200	None	KAPA HiFi Uracil+
SRS3078200.bin.r.1	1	0.16952	Mann2018	1188	SRS3078200	None	KAPA HiFi Uracil+
SRS3078200.bin.r.1	2	0.118853333333333	Mann2018	1188	SRS3078200	None	KAPA HiFi Uracil+
SRS3078200.bin.r.1	3	0.09132	Mann2018	1188	SRS3078200	None	KAPA HiFi Uracil+
SRS3078200.bin.r.1	4	0.07222	Mann2018	1188	SRS3078200	None	KAPA HiFi Uracil+
SRS3078200.bin.r.1	5	0.0620733333333333	Mann2018	1188	SRS3078200	None	KAPA HiFi Uracil+
SRS3078204.bin.r.13	0	0.092896	Mann2018	1187	SRS3078204	None	KAPA HiFi Uracil+
SRS3078204.bin.r.13	1	0.022552	Mann2018	1187	SRS3078204	None	KAPA HiFi Uracil+
SRS3078204.bin.r.13	2	0.006656	Mann2018	1187	SRS3078204	None	KAPA HiFi Uracil+
SRS3078204.bin.r.13	3	0.008296	Mann2018	1187	SRS3078204	None	KAPA HiFi Uracil+
SRS3078204.bin.r.13	4	0.010184	Mann2018	1187	SRS3078204	None	KAPA HiFi Uracil+
SRS3078204.bin.r.13	5	0.014544	Mann2018	1187	SRS3078204	None	KAPA HiFi Uracil+
SRS4625244.bin.r.3	0	0.0339554848966614	Ozga2019	1187	SRS4625244	Proof-reading enzyme	AmpliTaq Gold DNA
SRS4625244.bin.r.3	1	0.0300413354531002	Ozga2019	1187	SRS4625244	Proof-reading enzyme	AmpliTaq Gold DNA
SRS4625244.bin.r.3	2	0.0260572337042925	Ozga2019	1187	SRS4625244	Proof-reading enzyme	AmpliTaq Gold DNA
SRS4625244.bin.r.3	3	0.027241653418124	Ozga2019	1187	SRS4625244	Proof-reading enzyme	AmpliTaq Gold DNA
SRS4625244.bin.r.3	4	0.021818759936407	Ozga2019	1187	SRS4625244	Proof-reading enzyme	AmpliTaq Gold DNA
SRS4625244.bin.r.3	5	0.0231399046104928	Ozga2019	1187	SRS4625244	Proof-reading enzyme	AmpliTaq Gold DNA
SRS4625245.bin.r.11	0	0.0814475138121547	Ozga2019	1187	SRS4625245	Proof-reading enzyme	AmpliTaq Gold DNA
SRS4625245.bin.r.11	1	0.0688176795580111	Ozga2019	1187	SRS4625245	Proof-reading enzyme	AmpliTaq Gold DNA
SRS4625245.bin.r.11	2	0.0554806629834254	Ozga2019	1187	SRS4625245	Proof-reading enzyme	AmpliTaq Gold DNA
SRS4625245.bin.r.11	3	0.0522872928176796	Ozga2019	1187	SRS4625245	Proof-reading enzyme	AmpliTaq Gold DNA
SRS4625245.bin.r.11	4	0.0500883977900553	Ozga2019	1187	SRS4625245	Proof-reading enzyme	AmpliTaq Gold DNA
SRS4625245.bin.r.11	5	0.0453977900552486	Ozga2019	1187	SRS4625245	Proof-reading enzyme	AmpliTaq Gold DNA
SRS4625245.bin.r.24	0	0.0670641025641026	Ozga2019	1188	SRS4625245	Proof-reading enzyme	AmpliTaq Gold DNA
SRS4625245.bin.r.24	1	0.0518205128205128	Ozga2019	1188	SRS4625245	Proof-reading enzyme	AmpliTaq Gold DNA
SRS4625245.bin.r.24	2	0.0435470085470086	Ozga2019	1188	SRS4625245	Proof-reading enzyme	AmpliTaq Gold DNA
SRS4625245.bin.r.24	3	0.041974358974359	Ozga2019	1188	SRS4625245	Proof-reading enzyme	AmpliTaq Gold DNA
SRS4625245.bin.r.24	4	0.0376965811965812	Ozga2019	1188	SRS4625245	Proof-reading enzyme	AmpliTaq Gold DNA
SRS4625245.bin.r.24	5	0.0330128205128205	Ozga2019	1188	SRS4625245	Proof-reading enzyme	AmpliTaq Gold DNA
SRS4625248.bin.r.7	0	0.096695067264574	Ozga2019	1187	SRS4625248	Proof-reading enzyme	AmpliTaq Gold DNA
SRS4625248.bin.r.7	1	0.0836547085201794	Ozga2019	1187	SRS4625248	Proof-reading enzyme	AmpliTaq Gold DNA
SRS4625248.bin.r.7	2	0.0657331838565022	Ozga2019	1187	SRS4625248	Proof-reading enzyme	AmpliTaq Gold DNA
SRS4625248.bin.r.7	3	0.0659035874439462	Ozga2019	1187	SRS4625248	Proof-reading enzyme	AmpliTaq Gold DNA
SRS4625248.bin.r.7	4	0.063457399103139	Ozga2019	1187	SRS4625248	Proof-reading enzyme	AmpliTaq Gold DNA
SRS4625248.bin.r.7	5	0.0593452914798206	Ozga2019	1187	SRS4625248	Proof-reading enzyme	AmpliTaq Gold DNA
SRS4625250.bin.r.9	0	0.0595102040816327	Ozga2019	1187	SRS4625250	Proof-reading enzyme	AmpliTaq Gold DNA
SRS4625250.bin.r.9	1	0.0535510204081633	Ozga2019	1187	SRS4625250	Proof-reading enzyme	AmpliTaq Gold DNA
SRS4625250.bin.r.9	2	0.0466967930029155	Ozga2019	1187	SRS4625250	Proof-reading enzyme	AmpliTaq Gold DNA
SRS4625250.bin.r.9	3	0.043	Ozga2019	1187	SRS4625250	Proof-reading enzyme	AmpliTaq Gold DNA
SRS4625250.bin.r.9	4	0.0469795918367347	Ozga2019	1187	SRS4625250	Proof-reading enzyme	AmpliTaq Gold DNA
SRS4625250.bin.r.9	5	0.0439475218658892	Ozga2019	1187	SRS4625250	Proof-reading enzyme	AmpliTaq Gold DNA
SRS473746.bin.r.50	0	0.00853846153846154	Warinner2014	1187	SRS473746	Proof-reading enzyme	Phusion HS II DNA
SRS473746.bin.r.50	1	0.0168653846153846	Warinner2014	1187	SRS473746	Proof-reading enzyme	Phusion HS II DNA
SRS473746.bin.r.50	2	0.0172019230769231	Warinner2014	1187	SRS473746	Proof-reading enzyme	Phusion HS II DNA
SRS473746.bin.r.50	3	0.00872115384615385	Warinner2014	1187	SRS473746	Proof-reading enzyme	Phusion HS II DNA
SRS473746.bin.r.50	4	0.00824038461538462	Warinner2014	1187	SRS473746	Proof-reading enzyme	Phusion HS II DNA
SRS473746.bin.r.50	5	0.00845192307692308	Warinner2014	1187	SRS473746	Proof-reading enzyme	Phusion HS II DNA
SRS6212649.bin.r.2	0	0.0193690476190476	Eisenhofer2020	1187	SRS6212649	Proof-reading enzyme	Platinum Taq DNA-Polymerase High Fidelity
SRS6212649.bin.r.2	1	0.0119047619047619	Eisenhofer2020	1187	SRS6212649	Proof-reading enzyme	Platinum Taq DNA-Polymerase High Fidelity
SRS6212649.bin.r.2	2	0.00848809523809524	Eisenhofer2020	1187	SRS6212649	Proof-reading enzyme	Platinum Taq DNA-Polymerase High Fidelity
SRS6212649.bin.r.2	3	0.0074047619047619	Eisenhofer2020	1187	SRS6212649	Proof-reading enzyme	Platinum Taq DNA-Polymerase High Fidelity
SRS6212649.bin.r.2	4	0.00636904761904762	Eisenhofer2020	1187	SRS6212649	Proof-reading enzyme	Platinum Taq DNA-Polymerase High Fidelity
SRS6212649.bin.r.2	5	0.00642857142857143	Eisenhofer2020	1187	SRS6212649	Proof-reading enzyme	Platinum Taq DNA-Polymerase High Fidelity
SRS6212650.bin.r.4	0	0.0279802955665025	Eisenhofer2020	1188	SRS6212650	Proof-reading enzyme	Platinum Taq DNA-Polymerase High Fidelity
SRS6212650.bin.r.4	1	0.0173267651888342	Eisenhofer2020	1188	SRS6212650	Proof-reading enzyme	Platinum Taq DNA-Polymerase High Fidelity
SRS6212650.bin.r.4	2	0.0129195402298851	Eisenhofer2020	1188	SRS6212650	Proof-reading enzyme	Platinum Taq DNA-Polymerase High Fidelity
SRS6212650.bin.r.4	3	0.0118669950738916	Eisenhofer2020	1188	SRS6212650	Proof-reading enzyme	Platinum Taq DNA-Polymerase High Fidelity
SRS6212650.bin.r.4	4	0.00979967159277504	Eisenhofer2020	1188	SRS6212650	Proof-reading enzyme	Platinum Taq DNA-Polymerase High Fidelity
SRS6212650.bin.r.4	5	0.0102939244663383	Eisenhofer2020	1188	SRS6212650	Proof-reading enzyme	Platinum Taq DNA-Polymerase High Fidelity
SRS6212652.bin.r.6	0	0.0459802631578947	Eisenhofer2020	1188	SRS6212652	Proof-reading enzyme	Platinum Taq DNA-Polymerase High Fidelity
SRS6212652.bin.r.6	1	0.031280701754386	Eisenhofer2020	1188	SRS6212652	Proof-reading enzyme	Platinum Taq DNA-Polymerase High Fidelity
SRS6212652.bin.r.6	2	0.0181074561403509	Eisenhofer2020	1188	SRS6212652	Proof-reading enzyme	Platinum Taq DNA-Polymerase High Fidelity
SRS6212652.bin.r.6	3	0.0161074561403509	Eisenhofer2020	1188	SRS6212652	Proof-reading enzyme	Platinum Taq DNA-Polymerase High Fidelity
SRS6212652.bin.r.6	4	0.0138026315789474	Eisenhofer2020	1188	SRS6212652	Proof-reading enzyme	Platinum Taq DNA-Polymerase High Fidelity
SRS6212652.bin.r.6	5	0.0122456140350877	Eisenhofer2020	1188	SRS6212652	Proof-reading enzyme	Platinum Taq DNA-Polymerase High Fidelity
SRS6212654.bin.r.5	0	0.0437870036101083	Eisenhofer2020	1188	SRS6212654	Proof-reading enzyme	Platinum Taq DNA-Polymerase High Fidelity
SRS6212654.bin.r.5	1	0.0286173285198556	Eisenhofer2020	1188	SRS6212654	Proof-reading enzyme	Platinum Taq DNA-Polymerase High Fidelity
SRS6212654.bin.r.5	2	0.0170036101083033	Eisenhofer2020	1188	SRS6212654	Proof-reading enzyme	Platinum Taq DNA-Polymerase High Fidelity
SRS6212654.bin.r.5	3	0.0145198555956679	Eisenhofer2020	1188	SRS6212654	Proof-reading enzyme	Platinum Taq DNA-Polymerase High Fidelity
SRS6212654.bin.r.5	4	0.0135487364620939	Eisenhofer2020	1188	SRS6212654	Proof-reading enzyme	Platinum Taq DNA-Polymerase High Fidelity
SRS6212654.bin.r.5	5	0.011086642599278	Eisenhofer2020	1188	SRS6212654	Proof-reading enzyme	Platinum Taq DNA-Polymerase High Fidelity
SRS6212655.bin.r.1	0	0.023609907120743	Eisenhofer2020	1187	SRS6212655	Proof-reading enzyme	Platinum Taq DNA-Polymerase High Fidelity
SRS6212655.bin.r.1	1	0.0139876160990712	Eisenhofer2020	1187	SRS6212655	Proof-reading enzyme	Platinum Taq DNA-Polymerase High Fidelity
SRS6212655.bin.r.1	2	0.00937461300309598	Eisenhofer2020	1187	SRS6212655	Proof-reading enzyme	Platinum Taq DNA-Polymerase High Fidelity
SRS6212655.bin.r.1	3	0.00890712074303406	Eisenhofer2020	1187	SRS6212655	Proof-reading enzyme	Platinum Taq DNA-Polymerase High Fidelity
SRS6212655.bin.r.1	4	0.00688854489164087	Eisenhofer2020	1187	SRS6212655	Proof-reading enzyme	Platinum Taq DNA-Polymerase High Fidelity
SRS6212655.bin.r.1	5	0.00690092879256966	Eisenhofer2020	1187	SRS6212655	Proof-reading enzyme	Platinum Taq DNA-Polymerase High Fidelity
SRS6212656.bin.r.2	0	0.117745803357314	Eisenhofer2020	1187	SRS6212656	Proof-reading enzyme	Platinum Taq DNA-Polymerase High Fidelity
SRS6212656.bin.r.2	1	0.0712997601918465	Eisenhofer2020	1187	SRS6212656	Proof-reading enzyme	Platinum Taq DNA-Polymerase High Fidelity
SRS6212656.bin.r.2	2	0.0429112709832134	Eisenhofer2020	1187	SRS6212656	Proof-reading enzyme	Platinum Taq DNA-Polymerase High Fidelity
SRS6212656.bin.r.2	3	0.0350191846522782	Eisenhofer2020	1187	SRS6212656	Proof-reading enzyme	Platinum Taq DNA-Polymerase High Fidelity
SRS6212656.bin.r.2	4	0.0280263788968825	Eisenhofer2020	1187	SRS6212656	Proof-reading enzyme	Platinum Taq DNA-Polymerase High Fidelity
SRS6212656.bin.r.2	5	0.0253932853717026	Eisenhofer2020	1187	SRS6212656	Proof-reading enzyme	Platinum Taq DNA-Polymerase High Fidelity
SRS6212660_24.0.refbinned	0	0.0447757575757576	Eisenhofer2020	1187	SRS6212660	Proof-reading enzyme	Platinum Taq DNA-Polymerase High Fidelity
SRS6212660_24.0.refbinned	1	0.0366742424242424	Eisenhofer2020	1187	SRS6212660	Proof-reading enzyme	Platinum Taq DNA-Polymerase High Fidelity
SRS6212660_24.0.refbinned	2	0.0187863636363636	Eisenhofer2020	1187	SRS6212660	Proof-reading enzyme	Platinum Taq DNA-Polymerase High Fidelity
SRS6212660_24.0.refbinned	3	0.0165136363636364	Eisenhofer2020	1187	SRS6212660	Proof-reading enzyme	Platinum Taq DNA-Polymerase High Fidelity
SRS6212660_24.0.refbinned	4	0.014930303030303	Eisenhofer2020	1187	SRS6212660	Proof-reading enzyme	Platinum Taq DNA-Polymerase High Fidelity
SRS6212660_24.0.refbinned	5	0.0126878787878788	Eisenhofer2020	1187	SRS6212660	Proof-reading enzyme	Platinum Taq DNA-Polymerase High Fidelity
SRS6212660_25.0.refbinned	0	0.0359018286814245	Eisenhofer2020	1188	SRS6212660	Proof-reading enzyme	Platinum Taq DNA-Polymerase High Fidelity
SRS6212660_25.0.refbinned	1	0.0308960538979788	Eisenhofer2020	1188	SRS6212660	Proof-reading enzyme	Platinum Taq DNA-Polymerase High Fidelity
SRS6212660_25.0.refbinned	2	0.0185380173243503	Eisenhofer2020	1188	SRS6212660	Proof-reading enzyme	Platinum Taq DNA-Polymerase High Fidelity
SRS6212660_25.0.refbinned	3	0.0161087584215592	Eisenhofer2020	1188	SRS6212660	Proof-reading enzyme	Platinum Taq DNA-Polymerase High Fidelity
SRS6212660_25.0.refbinned	4	0.0140481231953802	Eisenhofer2020	1188	SRS6212660	Proof-reading enzyme	Platinum Taq DNA-Polymerase High Fidelity
SRS6212660_25.0.refbinned	5	0.0133272377285852	Eisenhofer2020	1188	SRS6212660	Proof-reading enzyme	Platinum Taq DNA-Polymerase High Fidelity
SRS6212661.bin.r.5	0	0.0290612244897959	Eisenhofer2020	1188	SRS6212661	Proof-reading enzyme	Platinum Taq DNA-Polymerase High Fidelity
SRS6212661.bin.r.5	1	0.0216989795918367	Eisenhofer2020	1188	SRS6212661	Proof-reading enzyme	Platinum Taq DNA-Polymerase High Fidelity
SRS6212661.bin.r.5	2	0.012780612244898	Eisenhofer2020	1188	SRS6212661	Proof-reading enzyme	Platinum Taq DNA-Polymerase High Fidelity
SRS6212661.bin.r.5	3	0.0115102040816327	Eisenhofer2020	1188	SRS6212661	Proof-reading enzyme	Platinum Taq DNA-Polymerase High Fidelity
SRS6212661.bin.r.5	4	0.0095	Eisenhofer2020	1188	SRS6212661	Proof-reading enzyme	Platinum Taq DNA-Polymerase High Fidelity
SRS6212661.bin.r.5	5	0.00830102040816326	Eisenhofer2020	1188	SRS6212661	Proof-reading enzyme	Platinum Taq DNA-Polymerase High Fidelity
SRS6212663.bin.r.5	0	0.0427284768211921	Eisenhofer2020	1187	SRS6212663	Proof-reading enzyme	Platinum Taq DNA-Polymerase High Fidelity
SRS6212663.bin.r.5	1	0.0244668874172185	Eisenhofer2020	1187	SRS6212663	Proof-reading enzyme	Platinum Taq DNA-Polymerase High Fidelity
SRS6212663.bin.r.5	2	0.0133675496688742	Eisenhofer2020	1187	SRS6212663	Proof-reading enzyme	Platinum Taq DNA-Polymerase High Fidelity
SRS6212663.bin.r.5	3	0.0118940397350993	Eisenhofer2020	1187	SRS6212663	Proof-reading enzyme	Platinum Taq DNA-Polymerase High Fidelity
SRS6212663.bin.r.5	4	0.0107814569536424	Eisenhofer2020	1187	SRS6212663	Proof-reading enzyme	Platinum Taq DNA-Polymerase High Fidelity
SRS6212663.bin.r.5	5	0.00963907284768212	Eisenhofer2020	1187	SRS6212663	Proof-reading enzyme	Platinum Taq DNA-Polymerase High Fidelity
SRS7212788.bin.r.2	0	0.0735333333333333	Jacobson2020	1187	SRS7212788	Half	Unknown
SRS7212788.bin.r.2	1	0.00303809523809524	Jacobson2020	1187	SRS7212788	Half	Unknown
SRS7212788.bin.r.2	2	0.0029047619047619	Jacobson2020	1187	SRS7212788	Half	Unknown
SRS7212788.bin.r.2	3	0.0024	Jacobson2020	1187	SRS7212788	Half	Unknown
SRS7212788.bin.r.2	4	0.00259047619047619	Jacobson2020	1187	SRS7212788	Half	Unknown
SRS7212788.bin.r.2	5	0.00240952380952381	Jacobson2020	1187	SRS7212788	Half	Unknown
SRS7212789.bin.r.6	0	0.052462962962963	Jacobson2020	1187	SRS7212789	Half	Unknown
SRS7212789.bin.r.6	1	0.00284567901234568	Jacobson2020	1187	SRS7212789	Half	Unknown
SRS7212789.bin.r.6	2	0.00166666666666667	Jacobson2020	1187	SRS7212789	Half	Unknown
SRS7212789.bin.r.6	3	0.00248148148148148	Jacobson2020	1187	SRS7212789	Half	Unknown
SRS7212789.bin.r.6	4	0.00266666666666667	Jacobson2020	1187	SRS7212789	Half	Unknown
SRS7212789.bin.r.6	5	0.00237448559670782	Jacobson2020	1187	SRS7212789	Half	Unknown
SRS7212790.bin.r.1	0	0.0110595238095238	Jacobson2020	1188	SRS7212790	Half	Unknown
SRS7212790.bin.r.1	1	0.00451488095238095	Jacobson2020	1188	SRS7212790	Half	Unknown
SRS7212790.bin.r.1	2	0.00324702380952381	Jacobson2020	1188	SRS7212790	Half	Unknown
SRS7212790.bin.r.1	3	0.00302380952380952	Jacobson2020	1188	SRS7212790	Half	Unknown
SRS7212790.bin.r.1	4	0.0023125	Jacobson2020	1188	SRS7212790	Half	Unknown
SRS7212790.bin.r.1	5	0.00247619047619048	Jacobson2020	1188	SRS7212790	Half	Unknown
SRS7212792.bin.r.4	0	0.0117740805604203	Jacobson2020	1188	SRS7212792	Half	Unknown
SRS7212792.bin.r.4	1	0.00702276707530648	Jacobson2020	1188	SRS7212792	Half	Unknown
SRS7212792.bin.r.4	2	0.00364798598949212	Jacobson2020	1188	SRS7212792	Half	Unknown
SRS7212792.bin.r.4	3	0.00400350262697023	Jacobson2020	1188	SRS7212792	Half	Unknown
SRS7212792.bin.r.4	4	0.00336077057793345	Jacobson2020	1188	SRS7212792	Half	Unknown
SRS7212792.bin.r.4	5	0.00243782837127846	Jacobson2020	1188	SRS7212792	Half	Unknown
SRS7212800.bin.r.1	0	0.0768106796116505	Jacobson2020	1187	SRS7212800	Half	Unknown
SRS7212800.bin.r.1	1	0.00556310679611651	Jacobson2020	1187	SRS7212800	Half	Unknown
SRS7212800.bin.r.1	2	0.00288834951456311	Jacobson2020	1187	SRS7212800	Half	Unknown
SRS7212800.bin.r.1	3	0.00403883495145631	Jacobson2020	1187	SRS7212800	Half	Unknown
SRS7212800.bin.r.1	4	0.00305339805825243	Jacobson2020	1187	SRS7212800	Half	Unknown
SRS7212800.bin.r.1	5	0.00273300970873786	Jacobson2020	1187	SRS7212800	Half	Unknown
SRS7212801.bin.r.7	0	0.0822094117647059	Jacobson2020	1187	SRS7212801	Half	Unknown
SRS7212801.bin.r.7	1	0.00504470588235294	Jacobson2020	1187	SRS7212801	Half	Unknown
SRS7212801.bin.r.7	2	0.00221411764705882	Jacobson2020	1187	SRS7212801	Half	Unknown
SRS7212801.bin.r.7	3	0.00267294117647059	Jacobson2020	1187	SRS7212801	Half	Unknown
SRS7212801.bin.r.7	4	0.00283764705882353	Jacobson2020	1187	SRS7212801	Half	Unknown
SRS7212801.bin.r.7	5	0.00207294117647059	Jacobson2020	1187	SRS7212801	Half	Unknown
SRS7212802.bin.r.1	0	0.0981043956043956	Jacobson2020	1187	SRS7212802	Half	Unknown
SRS7212802.bin.r.1	1	0.00189010989010989	Jacobson2020	1187	SRS7212802	Half	Unknown
SRS7212802.bin.r.1	2	0.00140934065934066	Jacobson2020	1187	SRS7212802	Half	Unknown
SRS7212802.bin.r.1	3	0.000903846153846154	Jacobson2020	1187	SRS7212802	Half	Unknown
SRS7212802.bin.r.1	4	0.00129945054945055	Jacobson2020	1187	SRS7212802	Half	Unknown
SRS7212802.bin.r.1	5	0.00124038461538462	Jacobson2020	1187	SRS7212802	Half	Unknown
SRS7212804.bin.r.3	0	0.110491124260355	Jacobson2020	1187	SRS7212804	Half	Unknown
SRS7212804.bin.r.3	1	0.00297633136094675	Jacobson2020	1187	SRS7212804	Half	Unknown
SRS7212804.bin.r.3	2	0.00265680473372781	Jacobson2020	1187	SRS7212804	Half	Unknown
SRS7212804.bin.r.3	3	0.00246153846153846	Jacobson2020	1187	SRS7212804	Half	Unknown
SRS7212804.bin.r.3	4	0.0022603550295858	Jacobson2020	1187	SRS7212804	Half	Unknown
SRS7212804.bin.r.3	5	0.00179881656804734	Jacobson2020	1187	SRS7212804	Half	Unknown
SRS7890498.bin.r.1	0	0.423008948545861	Weyrich2017	1190	SRS7890498	None	Unknown
SRS7890498.bin.r.1	1	0.243288590604027	Weyrich2017	1190	SRS7890498	None	Unknown
SRS7890498.bin.r.1	2	0.12178970917226	Weyrich2017	1190	SRS7890498	None	Unknown
SRS7890498.bin.r.1	3	0.0839530201342282	Weyrich2017	1190	SRS7890498	None	Unknown
SRS7890498.bin.r.1	4	0.0555704697986577	Weyrich2017	1190	SRS7890498	None	Unknown
SRS7890498.bin.r.1	5	0.0406487695749441	Weyrich2017	1190	SRS7890498	None	Unknown
SRS7967575.bin.r.2	0	0.109619496855346	Farrer2021	1187	SRS7967575	None	Unknown
SRS7967575.bin.r.2	1	0.0797767295597484	Farrer2021	1187	SRS7967575	None	Unknown
SRS7967575.bin.r.2	2	0.0540676100628931	Farrer2021	1187	SRS7967575	None	Unknown
SRS7967575.bin.r.2	3	0.0527893081761006	Farrer2021	1187	SRS7967575	None	Unknown
SRS7967575.bin.r.2	4	0.0424056603773585	Farrer2021	1187	SRS7967575	None	Unknown
SRS7967575.bin.r.2	5	0.0410566037735849	Farrer2021	1187	SRS7967575	None	Unknown
SRS7967576.bin.r.5	0	0.0923015873015873	Farrer2021	1187	SRS7967576	None	Unknown
SRS7967576.bin.r.5	1	0.0693650793650794	Farrer2021	1187	SRS7967576	None	Unknown
SRS7967576.bin.r.5	2	0.0526476190476191	Farrer2021	1187	SRS7967576	None	Unknown
SRS7967576.bin.r.5	3	0.0452968253968254	Farrer2021	1187	SRS7967576	None	Unknown
SRS7967576.bin.r.5	4	0.0375793650793651	Farrer2021	1187	SRS7967576	None	Unknown
SRS7967576.bin.r.5	5	0.0352380952380952	Farrer2021	1187	SRS7967576	None	Unknown
SRS9263822.bin.r.1	0	0.247241477272727	Modi2021	1190	SRS9263822	None	Phusion Hot Start High-Fidelity DNA
SRS9263822.bin.r.1	1	0.157230113636364	Modi2021	1190	SRS9263822	None	Phusion Hot Start High-Fidelity DNA
SRS9263822.bin.r.1	2	0.0898380681818182	Modi2021	1190	SRS9263822	None	Phusion Hot Start High-Fidelity DNA
SRS9263822.bin.r.1	3	0.06740625	Modi2021	1190	SRS9263822	None	Phusion Hot Start High-Fidelity DNA
SRS9263822.bin.r.1	4	0.0523380681818182	Modi2021	1190	SRS9263822	None	Phusion Hot Start High-Fidelity DNA
SRS9263822.bin.r.1	5	0.044125	Modi2021	1190	SRS9263822	None	Phusion Hot Start High-Fidelity DNA
