sample_binID	binner	pass.MIMAG_medium	pass.MIMAG_high	pass.GUNC	pass.Polyrate	GTDBlineage	SGBtype	SGBlineage	checkM.genome_size	checkM.GC	GUNC.n_contigs	checkM.N50_contigs	checkM.coding_density	meanCov	breadth	checkM.lineage	checkM.completeness	checkM.contamination	checkM.strain_heterogeneity	checkM2.completeness	checkM2.contamination	GUNC.divergence_level	GUNC.CSS	GUNC.contamination_portion	polyrate
CMC007.B-metaspades_001	binsAC	True	True	True	True	d__Bacteria;p__Actinomycetota;c__Coriobacteriia;o__Coriobacteriales;f__Atopobiaceae;g__Olsenella_F;s__Olsenella_F sp001189515	kSGB_14348	k__Bacteria|p__Actinobacteria|c__Coriobacteriia|o__Coriobacteriales|f__Atopobiaceae|g__Olsenella|s__Olsenella_sp_oral_taxon_807|t__SGB14348	2418973	61.5000	304	12414	84.3400	187.9623	0.9985	p__Actinobacteria (UID2112)	97.1100	0.4800	25.0000	86.7500	0.5300	phylum	0.2500	0.0200	0.0041
CMC007.B-metaspades_002	binsC	True	True	True	True	d__Bacteria;p__Actinomycetota;c__Coriobacteriia;o__Coriobacteriales;f__Atopobiaceae;g__Lancefieldella;s__Lancefieldella rimae	kSGB_985	k__Bacteria|p__Actinobacteria|c__Coriobacteriia|o__Coriobacteriales|f__Atopobiaceae|g__Atopobium|s__Atopobium_rimae|t__SGB985	1382542	50.0000	296	6000	90.2800	8.3095	0.9957	p__Actinobacteria (UID2112)	91.6000	3.2300	100.0000	86.0700	1.3200	kingdom	0.0000	0.0000	0.0026
CMC007.B-metaspades_003	binsAC	True	False	True	True	d__Bacteria;p__Pseudomonadota;c__Gammaproteobacteria;o__Cardiobacteriales;f__Cardiobacteriaceae;g__Cardiobacterium;s__Cardiobacterium sp916618745	uSGB_9415	k__Bacteria|p__Proteobacteria|c__Gammaproteobacteria|o__Cardiobacteriales|f__Cardiobacteriaceae|g__Cardiobacterium|s__Cardiobacterium_SGB9415|t__SGB9415	2408017	58.8000	94	37215	88.3800	24.4957	0.9994	k__Bacteria (UID203)	81.0300	0.0000	0.0000	96.6200	0.5800	class	0.1300	0.0600	0.0010
CMC007.B-metaspades_004	binsAB	True	False	True	True	d__Bacteria;p__Actinomycetota;c__Actinomycetia;o__Actinomycetales;f__Actinomycetaceae;g__Actinomyces;s__Actinomyces gerencseriae	kSGB_15874	k__Bacteria|p__Actinobacteria|c__Actinobacteria|o__Actinomycetales|f__Actinomycetaceae|g__Actinomyces|s__Actinomyces_gerencseriae|t__SGB15874	1578842	70.7000	282	6387	87.4700	145.2457	0.9986	k__Bacteria (UID203)	50.0000	0.0000	0.0000	49.0500	0.4600	kingdom	0.0000	0.0000	0.0035
CMC007.B-metaspades_005	binsC	True	False	True	True	d__Bacteria;p__Bacteroidota;c__Bacteroidia;o__Bacteroidales;f__Bacteroidaceae;g__Prevotella;s__Prevotella oulorum	kSGB_1520	k__Bacteria|p__Bacteroidetes|c__Bacteroidia|o__Bacteroidales|f__Prevotellaceae|g__Prevotella|s__Prevotella_oulorum|t__SGB1520	2213287	47.7000	297	7767	87.6800	65.0862	0.9976	g__Prevotella (UID2724)	89.2700	4.1700	95.2400	84.5900	2.3900	kingdom	0.0000	0.0000	0.0042
CMC007.B-metaspades_006	binsA	True	False	True	True	d__Bacteria;p__Spirochaetota;c__Spirochaetia;o__Treponematales;f__Treponemataceae;g__Treponema_D;s__Treponema_D buccale	uSGB_3585	k__Bacteria|p__Spirochaetes|c__Spirochaetia|o__Spirochaetales|f__Spirochaetaceae|g__Treponema|s__Treponema_SGB3585|t__SGB3585	2266027	50.0000	318	14439	90.2400	34.5824	0.9993	f__Spirochaetaceae (UID2535)	86.1200	1.1200	100.0000	88.7300	1.2800	kingdom	0.0000	0.0000	0.0022
CMC007.B-metaspades_007	binsBC	True	False	True	True	d__Bacteria;p__Fusobacteriota;c__Fusobacteriia;o__Fusobacteriales;f__Leptotrichiaceae;g__Leptotrichia;s__Leptotrichia sp002240055	kSGB_6053	k__Bacteria|p__Fusobacteria|c__Fusobacteriia|o__Fusobacteriales|f__Leptotrichiaceae|g__Leptotrichia|s__Leptotrichia_sp_oral_taxon_498|t__SGB6053	999769	29.6000	293	3672	90.0200	131.8218	0.9987	k__Bacteria (UID2329)	63.3700	0.5600	0.0000	56.0400	0.0400	kingdom	0.0000	0.0000	0.0033
CMC007.B-metaspades_008	binsC	True	True	True	True	d__Bacteria;p__Actinomycetota;c__Actinomycetia;o__Mycobacteriales;f__Mycobacteriaceae;g__Corynebacterium;s__Corynebacterium matruchotii	kSGB_17007	k__Bacteria|p__Actinobacteria|c__Actinobacteria|o__Corynebacteriales|f__Corynebacteriaceae|g__Corynebacterium|s__Corynebacterium_matruchotii|t__SGB17007	3359413	56.3000	536	8275	86.6900	1109.7302	0.9993	o__Actinomycetales (UID1812)	98.1200	4.5700	90.0000	99.9900	3.8100	kingdom	0.0000	0.0000	0.0042
CMC007.B-metaspades_009	binsB	True	False	True	True	d__Bacteria;p__Spirochaetota;c__Spirochaetia;o__Treponematales;f__Treponemataceae;g__Treponema_C;s__Treponema_C maltophilum	kSGB_3589	k__Bacteria|p__Spirochaetes|c__Spirochaetia|o__Spirochaetales|f__Spirochaetaceae|g__Treponema|s__Treponema_maltophilum|t__SGB3589	1582021	49.4000	439	3992	93.9800	6.1506	0.9962	f__Spirochaetaceae (UID2535)	69.8800	0.0700	50.0000	65.5000	1.1900	kingdom	0.0000	0.0000	0.0011
CMC007.B-metaspades_010	binsABC	True	True	True	True	d__Bacteria;p__Actinomycetota;c__Actinomycetia;o__Actinomycetales;f__Actinomycetaceae;g__Peptidiphaga;s__	uSGB_15893	k__Bacteria|p__Actinobacteria|c__Actinobacteria|o__Actinomycetales|f__Actinomycetaceae|g__Actinomyces|s__Actinomyces_SGB15893|t__SGB15893	2370732	60.0000	92	41199	85.8600	32.9413	0.9990	p__Actinobacteria (UID1454)	92.5000	0.8300	0.0000	92.8300	0.3200	genus	0.0400	0.0500	0.0011
CMC007.B-metaspades_011	binsBC	True	False	True	True	d__Bacteria;p__Bacillota_C;c__Negativicutes;o__Selenomonadales;f__Selenomonadaceae;g__Centipeda;s__Centipeda infelix	kSGB_5894	k__Bacteria|p__Firmicutes|c__Negativicutes|o__Selenomonadales|f__Selenomonadaceae|g__Selenomonas|s__Selenomonas_infelix|t__SGB5894	2026294	56.9000	100	34617	91.4400	28.0360	0.9994	f__Veillonellaceae (UID1033)	87.4200	5.8100	36.3600	86.7000	7.5900	genus	0.1000	0.0300	0.0009
CMC007.B-metaspades_012	binsBC	True	False	True	True	d__Bacteria;p__Bacteroidota;c__Bacteroidia;o__Bacteroidales;f__Porphyromonadaceae;g__Porphyromonas;s__Porphyromonas sp000467855	kSGB_2041	k__Bacteria|p__Bacteroidetes|c__Bacteroidia|o__Bacteroidales|f__Porphyromonadaceae|g__Porphyromonas|s__Porphyromonas_sp_oral_taxon_278|t__SGB2041	1682553	56.3000	252	8448	86.8800	10.3107	0.9977	f__Porphyromonadaceae (UID2622)	79.8200	2.1200	71.4300	77.4500	3.5100	kingdom	0.0000	0.0000	0.0021
CMC007.B-metaspades_013	binsABC	True	False	True	True	d__Bacteria;p__Spirochaetota;c__Spirochaetia;o__Treponematales;f__Treponemataceae;g__Treponema;s__	uSGB_3607	k__Bacteria|p__Spirochaetes|c__Spirochaetia|o__Spirochaetales|f__Spirochaetaceae|g__Treponema|s__Treponema_SGB3607|t__SGB3607	1942456	45.2000	180	15775	89.1600	34.7761	0.9995	f__Spirochaetaceae (UID2512)	81.4200	0.8100	0.0000	73.0700	0.2100	phylum	0.2900	0.0300	0.0006
CMC007.B-metaspades_014	binsC	True	True	True	True	d__Bacteria;p__Bacteroidota;c__Bacteroidia;o__Bacteroidales;f__Bacteroidaceae;g__Prevotella;s__Prevotella maculosa	kSGB_1524	k__Bacteria|p__Bacteroidetes|c__Bacteroidia|o__Bacteroidales|f__Prevotellaceae|g__Prevotella|s__Prevotella_maculosa|t__SGB1524	2786589	48.7000	294	9868	86.5700	45.1383	0.9982	g__Prevotella (UID2724)	92.1800	0.7400	85.7100	86.4800	0.7700	kingdom	0.0000	0.0000	0.0036
CMC007.B-metaspades_015	binsABC	True	True	True	True	d__Bacteria;p__Bacillota_A;c__Clostridia;o__Lachnospirales;f__Lachnospiraceae;g__F0428;s__F0428 sp003043955	kSGB_4479	k__Bacteria|p__Firmicutes|c__Clostridia|o__Clostridiales|f__Lachnospiraceae|g__Lachnospiraceae_unclassified|s__Lachnospiraceae_bacterium_oral_taxon_096|t__SGB4479	1858000	39.9000	92	28859	92.7300	81.0707	0.9998	o__Clostridiales (UID1226)	95.8900	0.0000	0.0000	99.7600	0.3600	genus	0.0600	0.7500	0.0000
CMC007.B-metaspades_016	binsAC	True	True	True	True	d__Bacteria;p__Spirochaetota;c__Spirochaetia;o__Treponematales;f__Treponemataceae;g__Treponema_C;s__Treponema_C lecithinolyticum	kSGB_3587	k__Bacteria|p__Spirochaetes|c__Spirochaetia|o__Spirochaetales|f__Spirochaetaceae|g__Treponema|s__Treponema_lecithinolyticum|t__SGB3587	2180191	44.1000	166	18848	94.2400	10.4488	0.9984	f__Spirochaetaceae (UID2535)	95.9200	0.7000	0.0000	96.4700	0.4800	kingdom	0.0000	0.0000	0.0002
CMC007.B-metaspades_017	binsAC	True	False	True	True	d__Bacteria;p__Bacillota_A;c__Clostridia;o__Peptostreptococcales;f__Anaerovoracaceae;g__Gallibacter;s__Gallibacter brachus	kSGB_3931	k__Bacteria|p__Firmicutes|c__Clostridia|o__Clostridiales|f__Clostridiales_Family_XIII_Incertae_Sedis|g__Clostridiales_Family_XIII_Incertae_Sedis_unclassified|s__Eubacterium_brachy|t__SGB3931	771551	39.4000	281	3225	90.4500	5.8324	0.9942	o__Clostridiales (UID1120)	60.3400	0.7100	100.0000	54.7000	1.0400	kingdom	0.0000	0.0000	0.0014
CMC007.B-metaspades_018	binsABC	True	True	True	True	d__Bacteria;p__Actinomycetota;c__Actinomycetia;o__Propionibacteriales;f__Propionibacteriaceae;g__Brooklawnia;s__	uSGB_61425	k__Bacteria|p__Actinobacteria|c__CFGB23278|o__OFGB23278|f__FGB23278|g__GGB44048|s__GGB44048_SGB61425|t__SGB61425	2891296	65.6000	45	109548	89.6400	189.3000	0.9997	o__Actinomycetales (UID1530)	97.5700	0.3300	0.0000	98.9300	0.5200	phylum	0.1100	0.0300	0.0001
CMC007.B-metaspades_019	binsAB	True	True	True	True	d__Bacteria;p__Campylobacterota;c__Campylobacteria;o__Campylobacterales;f__Campylobacteraceae;g__Campylobacter_A;s__	kSGB_19326	k__Bacteria|p__Proteobacteria|c__Epsilonproteobacteria|o__Campylobacterales|f__Campylobacteraceae|g__Campylobacter|s__Campylobacter_showae|t__SGB19326	1787323	46.1000	114	22162	87.3100	46.9526	0.9997	c__Epsilonproteobacteria (UID3065)	96.1100	0.8700	50.0000	94.7300	0.5000	kingdom	0.0000	0.0000	0.0002
CMC007.B-metaspades_020	binsAC	True	True	True	True	d__Bacteria;p__Spirochaetota;c__Spirochaetia;o__Treponematales;f__Treponemataceae;g__Treponema_B;s__Treponema_B denticola	kSGB_3613	k__Bacteria|p__Spirochaetes|c__Spirochaetia|o__Spirochaetales|f__Spirochaetaceae|g__Treponema|s__Treponema_denticola|t__SGB3613	2094361	38.9000	391	6909	93.2500	9.4010	0.9988	f__Spirochaetaceae (UID2512)	97.4700	0.0000	0.0000	88.4400	0.0100	kingdom	0.0000	0.0000	0.0002
CMC007.B-metaspades_021	binsC	True	True	True	True	d__Bacteria;p__Bacteroidota;c__Bacteroidia;o__Bacteroidales;f__Porphyromonadaceae;g__Porphyromonas;s__Porphyromonas sp018127745	uSGB_2040	k__Bacteria|p__Bacteroidetes|c__Bacteroidia|o__Bacteroidales|f__Porphyromonadaceae|g__GGB1474|s__GGB1474_SGB2040|t__SGB2040	1940336	61.6000	155	18269	85.9100	8.7445	0.9984	f__Porphyromonadaceae (UID2622)	96.3100	1.1000	33.3300	94.1400	0.5200	family	0.0800	0.0200	0.0001
CMC007.B-metaspades_022	binsAC	True	False	True	True	d__Bacteria;p__Patescibacteria;c__Saccharimonadia;o__Saccharimonadales;f__Saccharimonadaceae;g__Saccharimonas;s__	uSGB_19846	k__Bacteria|p__Candidatus_Saccharibacteria|c__CFGB4356|o__OFGB4356|f__FGB4356|g__GGB12790|s__GGB12790_SGB19846|t__SGB19846	714833	49.6000	86	15593	90.0900	36.7047	0.9991	k__Bacteria (UID1453)	51.6800	2.5600	0.0000	80.0300	1.6600	class	0.1000	0.0600	0.0019
CMC007.B-metaspades_023	binsAB	True	True	True	True	d__Bacteria;p__Actinomycetota;c__Actinomycetia;o__Actinomycetales;f__Actinomycetaceae;g__Pauljensenia;s__Pauljensenia sp000185285	kSGB_17151	k__Bacteria|p__Actinobacteria|c__Actinobacteria|o__Micrococcales|f__Dermacoccaceae|g__Kytococcus|s__Kytococcus_sedentarius|t__SGB17151	1977692	67.2000	253	10119	90.0700	25.8700	0.9980	f__Actinomycetaceae (UID1531)	91.0300	0.9500	0.0000	87.0100	0.2800	genus	0.0600	0.3500	0.0029
CMC007.B-metaspades_024	binsAC	True	True	True	True	d__Bacteria;p__Bacillota_A;c__Clostridia;o__Lachnospirales;f__Lachnospiraceae;g__Oribacterium;s__Oribacterium sp015258095	uSGB_5270	k__Bacteria|p__Firmicutes|c__Clostridia|o__Clostridiales|f__Lachnospiraceae|g__GGB3887|s__GGB3887_SGB5270|t__SGB5270	1663241	46.3000	480	4362	90.7400	6.2621	0.9955	o__Clostridiales (UID1226)	90.9900	2.7600	75.0000	94.6800	6.9600	kingdom	0.0000	0.0000	0.0011
CMC007.B-metaspades_025	binsABC	True	False	True	True	d__Bacteria;p__Pseudomonadota;c__Gammaproteobacteria;o__Enterobacterales_A;f__Pasteurellaceae;g__Rodentibacter;s__Rodentibacter sp901420285	uSGB_9727	k__Bacteria|p__Proteobacteria|c__Gammaproteobacteria|o__Pasteurellales|f__Pasteurellaceae|g__GGB6813|s__GGB6813_SGB9727|t__SGB9727	1102109	44.7000	266	4371	89.3500	9.5376	0.9965	k__Bacteria (UID203)	56.9000	0.0000	0.0000	66.7500	1.1300	genus	0.1100	0.3400	0.0024
CMC007.B-metaspades_026	binsC	True	False	True	True	d__Bacteria;p__Actinomycetota;c__Actinomycetia;o__Actinomycetales;f__Actinomycetaceae;g__Actinomyces;s__Actinomyces sp002999235	kSGB_15876	k__Bacteria|p__Actinobacteria|c__Actinobacteria|o__Actinomycetales|f__Actinomycetaceae|g__Actinomyces|s__Actinomyces_sp_oral_taxon_897|t__SGB15876	2643768	71.7000	597	5272	84.7100	67.9413	0.9982	f__Actinomycetaceae (UID1531)	82.7900	0.4300	100.0000	80.6700	0.5400	order	0.1000	0.0300	0.0014
CMC007.B-metaspades_028	binsAC	True	False	True	True	d__Bacteria;p__Actinomycetota;c__Actinomycetia;o__Actinomycetales;f__Micrococcaceae;g__Rothia;s__Rothia dentocariosa	kSGB_16988	k__Bacteria|p__Actinobacteria|c__Actinobacteria|o__Micrococcales|f__Micrococcaceae|g__Rothia|s__Rothia_dentocariosa|t__SGB16988	1856454	53.9000	293	9954	85.9200	145.0048	0.9996	o__Actinomycetales (UID1530)	89.1800	0.1300	100.0000	84.0800	0.3000	kingdom	0.0000	0.0000	0.0042
CMC007.B-metaspades_029	binsAC	True	False	True	False	d__Bacteria;p__Bacteroidota;c__Bacteroidia;o__Bacteroidales;f__Tannerellaceae;g__Tannerella;s__Tannerella sp002890585	kSGB_2047	k__Bacteria|p__Bacteroidetes|c__Bacteroidia|o__Bacteroidales|f__Tannerellaceae|g__Tannerella|s__Tannerella_sp_oral_taxon_808|t__SGB2047	1334535	59.1000	307	3784	85.7000	62.1436	0.9973	o__Bacteroidales (UID2621)	66.7500	0.2200	0.0000	58.3800	0.1800	kingdom	0.0000	0.0000	0.0052
CMC007.B-metaspades_030	binsBC	True	False	True	True	d__Bacteria;p__Bacillota_C;c__Negativicutes;o__Selenomonadales;f__Selenomonadaceae;g__AWVT01;s__AWVT01 sp916439735	uSGB_5895	k__Bacteria|p__Firmicutes|c__Negativicutes|o__Selenomonadales|f__Selenomonadaceae|g__GGB4308|s__GGB4308_SGB5895|t__SGB5895	896424	50.0000	42	25086	90.9400	35.8143	0.9992	f__Veillonellaceae (UID1032)	67.9800	1.4000	50.0000	47.6300	0.3800	genus	0.0100	0.3700	0.0031
CMC007.B-metaspades_031	binsA	True	False	True	True	d__Bacteria;p__Patescibacteria;c__Saccharimonadia;o__Saccharimonadales;f__Nanoperiomorbaceae;g__Nanoperiomorbus;s__	uSGB_19801	k__Bacteria|p__Candidatus_Saccharibacteria|c__Candidatus_Saccharibacteria_unclassified|o__Candidatus_Saccharibacteria_unclassified|f__Candidatus_Saccharibacteria_unclassified|g__Candidatus_Saccharibacteria_unclassified|s__Candidatus_Saccharibacteria_unclassified_SGB19801|t__SGB19801	821652	50.9000	13	114270	89.6200	41.9231	0.9998	k__Bacteria (UID1453)	62.9600	1.7100	0.0000	98.3100	1.5600	family	0.0800	0.0600	0.0000
CMC007.B-metaspades_032	binsAC	True	False	True	True	d__Bacteria;p__Actinomycetota;c__Actinomycetia;o__Mycobacteriales;f__Mycobacteriaceae;g__Corynebacterium;s__Corynebacterium durum	kSGB_17008	k__Bacteria|p__Actinobacteria|c__Actinobacteria|o__Corynebacteriales|f__Corynebacteriaceae|g__Corynebacterium|s__Corynebacterium_durum|t__SGB17008	2357040	57.6000	227	11364	89.0600	37.2348	0.9973	o__Actinomycetales (UID1809)	89.6100	1.5800	75.0000	87.1900	0.9900	kingdom	0.0000	0.0000	0.0040
CMC007.B-metaspades_033	binsABC	True	False	True	True	d__Bacteria;p__Pseudomonadota;c__Gammaproteobacteria;o__Burkholderiales;f__Neisseriaceae;g__Neisseria;s__Neisseria subflava	kSGB_23368	k__Bacteria|p__Proteobacteria|c__Betaproteobacteria|o__Neisseriales|f__Neisseriaceae|g__Neisseria|s__Neisseria_flavescens|t__SGB23368	1793298	49.9000	158	15819	87.2300	16.3418	0.9991	k__Bacteria (UID203)	75.8600	2.5900	100.0000	82.8500	0.2000	kingdom	0.0000	0.0000	0.0003
CMC007.B-metaspades_034	binsC	True	True	True	True	d__Bacteria;p__Bacillota_A;c__Clostridia;o__Lachnospirales;f__Lachnospiraceae;g__Lachnoanaerobaculum;s__	uSGB_41834	k__Bacteria|p__Firmicutes|c__CFGB8192|o__OFGB8192|f__FGB8192|g__GGB29111|s__GGB29111_SGB41834|t__SGB41834	2169253	48.1000	259	11114	90.8300	7.7757	0.9986	o__Clostridiales (UID1226)	95.0100	0.6900	0.0000	91.0200	0.0400	family	0.1700	0.1100	0.0001
CMC007.B-metaspades_035	binsBC	True	False	True	True	d__Bacteria;p__Bacteroidota;c__Bacteroidia;o__Bacteroidales;f__Paludibacteraceae;g__F0058;s__F0058 sp000163695	kSGB_1341	k__Bacteria|p__Bacteroidetes|c__Bacteroidetes_unclassified|o__Bacteroidetes_unclassified|f__Bacteroidetes_unclassified|g__Bacteroidetes_unclassified|s__Bacteroidetes_oral_taxon_274|t__SGB1341	1044214	42.9000	166	7381	88.9600	43.4127	0.9986	k__Bacteria (UID2569)	59.3000	1.0800	0.0000	56.3900	0.7700	class	0.3000	0.0500	0.0033
CMC007.B-metaspades_036	binsB	True	False	True	True	d__Bacteria;p__Actinomycetota;c__Actinomycetia;o__Propionibacteriales;f__Propionibacteriaceae;g__Arachnia;s__Arachnia propionica	kSGB_15897	k__Bacteria|p__Actinobacteria|c__Actinobacteria|o__Propionibacteriales|f__Propionibacteriaceae|g__Pseudopropionibacterium|s__Pseudopropionibacterium_propionicum|t__SGB15897	1587391	67.0000	323	5403	91.7800	211.6712	0.9996	o__Actinomycetales (UID1697)	58.1300	0.6500	50.0000	51.7000	0.4600	genus	0.0600	0.0200	0.0040
CMC007.B-metaspades_037	binsBC	True	False	True	True	d__Bacteria;p__Pseudomonadota;c__Gammaproteobacteria;o__Enterobacterales_A;f__Pasteurellaceae;g__Haemophilus_D;s__Haemophilus_D parainfluenzae	kSGB_9712	k__Bacteria|p__Proteobacteria|c__Gammaproteobacteria|o__Pasteurellales|f__Pasteurellaceae|g__Haemophilus|s__Haemophilus_parainfluenzae|t__SGB9712	1267839	39.5000	310	4531	91.4000	9.9903	0.9969	f__Pasteurellaceae (UID4932)	72.4200	2.0600	91.6700	65.5100	1.3800	genus	0.1500	0.5800	0.0024
CMC007.B-metaspades_038	binsC	True	False	True	True	d__Bacteria;p__Bacillota_A;c__Clostridia;o__Peptostreptococcales;f__Peptostreptococcaceae;g__Peptostreptococcus;s__Peptostreptococcus stomatis	kSGB_748	k__Bacteria|p__Firmicutes|c__Clostridia|o__Clostridiales|f__Peptostreptococcaceae|g__Peptostreptococcus|s__Peptostreptococcus_stomatis|t__SGB748	1284476	38.6000	452	3463	92.1900	6.6040	0.9984	o__Clostridiales (UID1120)	89.1600	0.0200	100.0000	91.8700	0.2800	kingdom	0.0000	0.0000	0.0001
CMC007.B-metaspades_039	binsC	True	True	True	True	d__Bacteria;p__Bacteroidota;c__Bacteroidia;o__Bacteroidales;f__Bacteroidaceae;g__Prevotella;s__Prevotella micans	kSGB_1565	k__Bacteria|p__Bacteroidetes|c__Bacteroidia|o__Bacteroidales|f__Prevotellaceae|g__Prevotella|s__Prevotella_micans|t__SGB1565	2169911	46.0000	135	20052	87.4300	11.9919	0.9987	g__Prevotella (UID2722)	97.8200	0.0000	0.0000	92.8000	0.1000	kingdom	0.0000	0.0000	0.0001
CMC007.B-metaspades_040	binsBC	False	False	True	True	d__Bacteria;p__Bacteroidota;c__Bacteroidia;o__Flavobacteriales;f__Flavobacteriaceae;g__Capnocytophaga;s__Capnocytophaga periodontitidis	kSGB_2498	k__Bacteria|p__Bacteroidetes|c__Flavobacteriia|o__Flavobacteriales|f__Flavobacteriaceae|g__Capnocytophaga|s__Capnocytophaga_sp_ChDC_OS43|t__SGB2498	1630777	39.4000	250	7766	91.0900	58.6832	0.9996	k__Bacteria (UID203)	42.1600	3.4500	100.0000	52.6900	3.3000	kingdom	0.0000	0.0000	0.0020
CMC007.B-metaspades_041	binsAC	True	True	True	True	d__Bacteria;p__Spirochaetota;c__Spirochaetia;o__Treponematales;f__Treponemataceae;g__Treponema;s__Treponema sp010365865	uSGB_3607	k__Bacteria|p__Spirochaetes|c__Spirochaetia|o__Spirochaetales|f__Spirochaetaceae|g__Treponema|s__Treponema_SGB3607|t__SGB3607	2546841	45.1000	241	17899	89.6900	61.4320	0.9994	f__Spirochaetaceae (UID2512)	93.5500	2.6700	62.5000	91.7600	2.7700	phylum	0.2700	0.0200	0.0009
CMC007.B-metaspades_042	binsABC	True	False	True	True	d__Bacteria;p__Patescibacteria;c__Saccharimonadia;o__Saccharimonadales;f__UBA10027;g__SDRW01;s__SDRW01 sp007845485	uSGB_19880	k__Bacteria|p__Candidatus_Saccharibacteria|c__Candidatus_Saccharibacteria_unclassified|o__Candidatus_Saccharibacteria_unclassified|f__Candidatus_Saccharibacteria_unclassified|g__GGB12793|s__GGB12793_SGB19880|t__SGB19880	593706	37.7000	50	15809	92.1700	23.9600	0.9999	k__Bacteria (UID203)	74.1400	1.7200	100.0000	80.0900	0.1900	class	0.0700	0.0400	0.0001
CMC007.B-metaspades_043	binsA	True	False	True	True	d__Bacteria;p__Bacillota_A;c__Clostridia;o__Lachnospirales;f__Lachnospiraceae;g__Oribacterium;s__Oribacterium sp000160135	kSGB_7282	k__Bacteria|p__Firmicutes|c__Clostridia|o__Clostridiales|f__Lachnospiraceae|g__Oribacterium|s__Oribacterium_sp_oral_taxon_078|t__SGB7282	2114991	56.4000	248	8492	86.2200	39.4173	0.9962	o__Clostridiales (UID1226)	89.3300	0.0000	0.0000	90.8200	0.2100	kingdom	0.0000	0.0000	0.0038
CMC007.B-metaspades_044	binsAB	True	False	True	True	d__Bacteria;p__Bacteroidota;c__Bacteroidia;o__Flavobacteriales;f__Flavobacteriaceae;g__Capnocytophaga;s__Capnocytophaga leadbetteri	kSGB_2495	k__Bacteria|p__Bacteroidetes|c__Flavobacteriia|o__Flavobacteriales|f__Flavobacteriaceae|g__Capnocytophaga|s__Capnocytophaga_leadbetteri|t__SGB2495	1306367	40.4000	166	6682	86.8700	52.0470	0.9962	p__Bacteroidetes (UID2605)	55.4200	1.1900	100.0000	60.0000	1.3000	kingdom	0.0000	0.0000	0.0027
CMC007.B-metaspades_045	binsAC	True	False	True	True	d__Bacteria;p__Bacillota_C;c__Negativicutes;o__Selenomonadales;f__Selenomonadaceae;g__CAJPQU01;s__CAJPQU01 sp905372875	uSGB_5873	k__Bacteria|p__Firmicutes|c__CFGB1714|o__OFGB1714|f__FGB1714|g__GGB4300|s__GGB4300_SGB5873|t__SGB5873	1779724	55.7000	54	47292	89.5600	13.5778	0.9993	p__Firmicutes (UID1022)	83.9700	0.6300	100.0000	80.6800	0.3200	class	0.1100	0.0400	0.0004
CMC007.B-metaspades_046	binsAC	True	False	True	True	d__Bacteria;p__Actinomycetota;c__Actinomycetia;o__Actinomycetales;f__Micrococcaceae;g__Rothia;s__Rothia aeria	kSGB_16987	k__Bacteria|p__Actinobacteria|c__Actinobacteria|o__Micrococcales|f__Micrococcaceae|g__Rothia|s__Rothia_aeria|t__SGB16987	1770161	57.8000	367	6298	85.9700	14.6265	0.9981	o__Actinomycetales (UID1530)	70.2500	1.5000	75.0000	66.0600	0.3000	kingdom	0.0000	0.0000	0.0040
CMC007.B-metaspades_047	binsC	True	True	True	True	d__Bacteria;p__Bacillota_A;c__Clostridia;o__Lachnospirales;f__Lachnospiraceae;g__Stomatobaculum;s__Stomatobaculum longum	kSGB_5265	k__Bacteria|p__Firmicutes|c__Clostridia|o__Clostridiales|f__Lachnospiraceae|g__Stomatobaculum|s__Stomatobaculum_longum|t__SGB5265	2096500	55.7000	171	19830	90.2900	15.5801	0.9983	o__Clostridiales (UID1226)	95.5700	1.9000	0.0000	98.1000	0.7900	kingdom	0.0000	0.0000	0.0020
CMC007.B-metaspades_048	binsBC	True	False	True	True	d__Bacteria;p__Bacillota_C;c__Negativicutes;o__Veillonellales;f__Veillonellaceae;g__Veillonella;s__Veillonella parvula_A	kSGB_6939	k__Bacteria|p__Firmicutes|c__Negativicutes|o__Veillonellales|f__Veillonellaceae|g__Veillonella|s__Veillonella_parvula|t__SGB6939	1360078	38.8000	148	8858	86.7700	80.9547	0.9965	o__Selenomonadales (UID1024)	83.4500	0.0000	0.0000	68.8700	0.0400	kingdom	0.0000	0.0000	0.0030
CMC007.B-metaspades_049	binsC	True	True	True	True	d__Bacteria;p__Bacteroidota;c__Bacteroidia;o__Bacteroidales;f__Bacteroidaceae;g__Prevotella;s__Prevotella nigrescens	kSGB_1561	k__Bacteria|p__Bacteroidetes|c__Bacteroidia|o__Bacteroidales|f__Prevotellaceae|g__Prevotella|s__Prevotella_nigrescens|t__SGB1561	3059760	43.0000	123	47888	86.3700	185.0943	0.9998	g__Prevotella (UID2724)	99.5400	0.3400	0.0000	99.9500	0.3300	kingdom	0.0000	0.0000	0.0003
CMC007.B-metaspades_050	binsBC	True	False	True	True	d__Bacteria;p__Spirochaetota;c__Spirochaetia;o__Treponematales;f__Treponemataceae;g__Treponema_B;s__	uSGB_3597	k__Bacteria|p__Proteobacteria|c__CFGB1021|o__OFGB1021|f__FGB1021|g__GGB2670|s__GGB2670_SGB3597|t__SGB3597	1820216	33.4000	255	8662	91.2400	10.6667	0.9989	f__Spirochaetaceae (UID2512)	86.6400	0.0000	0.0000	83.6200	1.2500	phylum	0.1300	0.0500	0.0001
CMC007.B-metaspades_051	binsB	True	False	True	False	d__Bacteria;p__Actinomycetota;c__Actinomycetia;o__Actinomycetales;f__Actinomycetaceae;g__Peptidiphaga;s__Peptidiphaga gingivicola	kSGB_15894	k__Bacteria|p__Actinobacteria|c__Actinobacteria|o__Actinomycetales|f__Actinomycetaceae|g__Actinomycetaceae_unclassified|s__Actinomycetaceae_bacterium_BA112|t__SGB15894	1496116	65.4000	383	3769	87.6300	38.5392	0.9980	p__Actinobacteria (UID1454)	68.8000	2.5000	75.0000	64.1800	1.1400	kingdom	0.0000	0.0000	0.0085
CMC007.B-metaspades_052	binsBC	True	False	True	True	d__Bacteria;p__Bacillota_C;c__Negativicutes;o__Selenomonadales;f__Selenomonadaceae;g__Centipeda;s__	kSGB_5886	k__Bacteria|p__Firmicutes|c__Negativicutes|o__Selenomonadales|f__Selenomonadaceae|g__Selenomonas|s__Selenomonas_massiliensis|t__SGB5886	1911373	56.9000	90	32198	90.4600	31.1978	0.9999	f__Veillonellaceae (UID1033)	80.4000	1.9000	27.2700	78.0900	1.2000	class	0.3100	0.0300	0.0003
CMC007.B-metaspades_053	binsABC	True	False	True	True	d__Bacteria;p__Bacteroidota;c__Bacteroidia;o__Bacteroidales;f__Porphyromonadaceae;g__Porphyromonas;s__Porphyromonas sp905372525	uSGB_2038	k__Bacteria|p__Bacteroidetes|c__Bacteroidia|o__Bacteroidales|f__Porphyromonadaceae|g__GGB1472|s__GGB1472_SGB2038|t__SGB2038	1741927	56.6000	221	10329	85.7500	6.8538	0.9978	f__Porphyromonadaceae (UID2622)	80.3700	0.3100	100.0000	77.9900	0.2900	kingdom	0.0000	0.0000	0.0002
CMC007.B-metaspades_054	binsC	True	False	True	True	d__Bacteria;p__Bacillota_A;c__Clostridia;o__Lachnospirales;f__Lachnospiraceae;g__Lachnoanaerobaculum;s__	uSGB_4475	k__Bacteria|p__Firmicutes|c__CFGB1394|o__OFGB1394|f__FGB1394|g__GGB3387|s__GGB3387_SGB4475|t__SGB4475	2129419	38.1000	469	5170	91.7000	9.0697	0.9987	o__Clostridiales (UID1226)	86.3600	0.9600	50.0000	79.5500	1.1300	family	0.2100	0.0400	0.0003
CMC007.B-metaspades_055	binsBC	True	False	True	True	d__Bacteria;p__Pseudomonadota;c__Gammaproteobacteria;o__Enterobacterales_A;f__Pasteurellaceae;g__Aggregatibacter;s__Aggregatibacter sp000466335	kSGB_9733	k__Bacteria|p__Proteobacteria|c__Gammaproteobacteria|o__Pasteurellales|f__Pasteurellaceae|g__Aggregatibacter|s__Aggregatibacter_sp_oral_taxon_458|t__SGB9733	1123629	43.4000	185	5028	84.0500	61.7995	0.9958	f__Pasteurellaceae (UID4932)	66.1000	0.5900	100.0000	64.4500	0.1200	kingdom	0.0000	0.0000	0.0046
CMC007.B-metaspades_057	binsABC	True	True	True	True	d__Bacteria;p__Bacillota_A;c__Clostridia;o__Lachnospirales;f__Lachnospiraceae;g__Lachnoanaerobaculum;s__Lachnoanaerobaculum saburreum	kSGB_4481	k__Bacteria|p__Firmicutes|c__Clostridia|o__Clostridiales|f__Lachnospiraceae|g__Lachnoanaerobaculum|s__Lachnoanaerobaculum_saburreum|t__SGB4481	2328977	36.9000	249	13860	92.2400	51.9365	0.9992	o__Clostridiales (UID1226)	95.8600	0.8000	100.0000	93.2800	0.3500	genus	0.3200	0.1700	0.0010
CMC007.B-metaspades_058	binsAB	True	False	True	True	d__Bacteria;p__Bacillota_A;c__Clostridia;o__Lachnospirales;f__Lachnospiraceae;g__Johnsonella;s__Johnsonella ignava	kSGB_6631	k__Bacteria|p__Firmicutes|c__Clostridia|o__Clostridiales|f__Lachnospiraceae|g__Johnsonella|s__Johnsonella_ignava|t__SGB6631	1454536	36.5000	378	4192	89.9600	15.3656	0.9978	o__Clostridiales (UID1226)	74.5900	0.1600	100.0000	64.1000	0.3200	kingdom	0.0000	0.0000	0.0018
CMC007.B-metaspades_059	binsC	True	False	True	False	d__Bacteria;p__Campylobacterota;c__Campylobacteria;o__Campylobacterales;f__Campylobacteraceae;g__Campylobacter_A;s__Campylobacter_A concisus_M	uSGB_19338	k__Bacteria|p__Proteobacteria|c__Epsilonproteobacteria|o__Campylobacterales|f__Campylobacteraceae|g__Campylobacter|s__Campylobacter_SGB19338|t__SGB19338	877603	38.9000	578	1502	95.1000	7.5662	0.9930	c__Epsilonproteobacteria (UID3065)	52.4200	3.3500	82.3500	44.4700	0.8600	kingdom	0.0000	0.0000	0.0051
CMC007.B-metaspades_060	binsAC	True	False	True	True	d__Bacteria;p__Bacteroidota;c__Bacteroidia;o__Bacteroidales;f__Bacteroidaceae;g__Prevotella;s__Prevotella sp013333935	uSGB_1566	k__Bacteria|p__Bacteroidetes|c__CFGB570|o__OFGB570|f__FGB570|g__GGB1201|s__GGB1201_SGB1566|t__SGB1566	2017924	49.3000	106	29477	87.6400	17.5632	0.9995	g__Prevotella (UID2724)	82.3200	0.6800	33.3300	75.6000	0.2100	family	0.0100	0.1200	0.0011
CMC007.B-metaspades_062	binsB	True	False	True	True	d__Bacteria;p__Bacteroidota;c__Bacteroidia;o__Bacteroidales;f__Porphyromonadaceae;g__Porphyromonas;s__Porphyromonas pasteri	kSGB_2043	k__Bacteria|p__Bacteroidetes|c__Bacteroidia|o__Bacteroidales|f__Porphyromonadaceae|g__Porphyromonas|s__Porphyromonas_somerae|t__SGB2043	1554517	57.0000	98	20831	86.0200	15.6724	0.9992	k__Bacteria (UID203)	60.5000	0.0000	0.0000	71.6500	0.7700	kingdom	0.0000	0.0000	0.0014
CMC007.B-metaspades_063	binsC	True	True	True	True	d__Bacteria;p__Bacteroidota;c__Bacteroidia;o__Bacteroidales;f__Bacteroidaceae;g__Prevotella;s__Prevotella denticola	kSGB_1540	k__Bacteria|p__Bacteroidetes|c__Bacteroidia|o__Bacteroidales|f__Prevotellaceae|g__Prevotella|s__Prevotella_denticola|t__SGB1540	2752191	51.1000	203	14172	84.4300	26.9670	0.9969	g__Prevotella (UID2724)	94.8200	0.9400	100.0000	89.1500	0.7200	kingdom	0.0000	0.0000	0.0028
CMC007.B-metaspades_065	binsAC	True	False	True	True	d__Bacteria;p__Bacillota_C;c__Negativicutes;o__Veillonellales;f__Dialisteraceae;g__Dialister;s__Dialister invisus	uSGB_58528	k__Bacteria|p__Firmicutes|c__CFGB12681|o__OFGB12681|f__FGB12681|g__GGB35869|s__GGB35869_SGB58528|t__SGB58528	900994	46.5000	206	5013	89.3200	10.7704	0.9970	p__Firmicutes (UID1022)	56.0600	0.3400	100.0000	56.6700	0.9000	kingdom	0.0000	0.0000	0.0036
CMC007.B-metaspades_066	binsAC	True	True	True	True	d__Bacteria;p__Pseudomonadota;c__Gammaproteobacteria;o__Burkholderiales;f__Neisseriaceae;g__Neisseria;s__Neisseria sicca_B	kSGB_9467	k__Bacteria|p__Proteobacteria|c__Betaproteobacteria|o__Neisseriales|f__Neisseriaceae|g__Neisseria|s__Neisseria_sicca|t__SGB9467	2392235	51.6000	168	21989	82.0400	63.9304	0.9998	f__Neisseriaceae (UID3890)	92.5300	0.1700	50.0000	86.6400	0.2400	kingdom	0.0000	0.0000	0.0003
CMC007.B-metaspades_067	binsB	True	False	True	True	d__Bacteria;p__Pseudomonadota;c__Gammaproteobacteria;o__Burkholderiales;f__Rhodocyclaceae;g__Propionivibrio;s__	uSGB_9421	k__Bacteria|p__Proteobacteria|c__Gammaproteobacteria|o__Cardiobacteriales|f__Cardiobacteriaceae|g__GGB6673|s__GGB6673_SGB9421|t__SGB9421	1410122	59.8000	335	4728	86.3100	6.6716	0.9963	c__Betaproteobacteria (UID3971)	65.1000	0.4500	50.0000	65.9500	1.0000	order	0.1700	0.3300	0.0017
CMC007.B-metaspades_068	binsAC	True	False	True	True	d__Bacteria;p__Patescibacteria;c__JAEDAM01;o__Absconditabacterales;f__Absconditicoccaceae;g__HOT-345;s__HOT-345 sp003260355	kSGB_6893	k__Bacteria|p__Bacteria_unclassified|c__Bacteria_unclassified|o__Bacteria_unclassified|f__Bacteria_unclassified|g__Bacteria_unclassified|s__SR1_bacterium_human_oral_taxon_HOT_345|t__SGB6893	852415	38.8000	132	7816	86.5300	10.7368	0.9970	k__Bacteria (UID203)	65.7500	0.0000	0.0000	77.0100	3.0500	family	0.1400	0.0300	0.0023
CMC007.B-metaspades_069	binsB	True	False	True	True	d__Bacteria;p__Actinomycetota;c__Actinomycetia;o__Actinomycetales;f__Actinomycetaceae;g__Actinomyces;s__Actinomyces massiliensis	kSGB_15873	k__Bacteria|p__Actinobacteria|c__Actinobacteria|o__Actinomycetales|f__Actinomycetaceae|g__Actinomyces|s__Actinomyces_massiliensis|t__SGB15873	1550723	67.5000	270	5471	86.7200	48.1041	0.9968	k__Bacteria (UID203)	50.8800	0.0000	0.0000	46.0200	0.3100	kingdom	0.0000	0.0000	0.0049
CMC007.B-metaspades_070	binsBC	True	True	True	True	d__Bacteria;p__Actinomycetota;c__Actinomycetia;o__Actinomycetales;f__Actinomycetaceae;g__Peptidiphaga;s__Peptidiphaga sp000466165	kSGB_15892	k__Bacteria|p__Actinobacteria|c__Actinobacteria|o__Actinomycetales|f__Actinomycetaceae|g__Actinobaculum|s__Actinobaculum_sp_oral_taxon_183|t__SGB15892	2086466	68.4000	105	15688	86.1100	608.3362	0.9973	p__Actinobacteria (UID1454)	96.8100	0.0000	0.0000	97.7100	0.0800	genus	0.0300	0.0400	0.0017
CMC007.B-metaspades_071	binsAC	True	True	True	True	d__Bacteria;p__Bacteroidota;c__Bacteroidia;o__Bacteroidales;f__CAJPTX01;g__Bacteroides_D;s__Bacteroides_D sp013333835	uSGB_1319	k__Bacteria|p__Bacteroidetes|c__CFGB496|o__OFGB496|f__FGB496|g__GGB1025|s__GGB1025_SGB1319|t__SGB1319	2590274	55.4000	85	35568	84.6700	101.0581	0.9996	p__Bacteroidetes (UID2605)	97.6200	0.0000	0.0000	98.1400	1.0700	family	0.2500	0.0300	0.0001
CMC007.B-metaspades_072	binsC	False	False	True	True	d__Bacteria;p__Bacillota_B;c__Peptococcia;o__Peptococcales;f__Peptococcaceae;g__;s__	uSGB_4061	k__Bacteria|p__Firmicutes|c__CFGB1261|o__OFGB1261|f__FGB1261|g__GGB3059|s__GGB3059_SGB4061|t__SGB4061	508867	38.5000	142	4460	92.1200	6.9775	0.9957	c__Clostridia (UID1085)	27.3700	0.7500	100.0000	45.4100	0.5100	class	0.1100	0.1200	0.0009
CMC007.B-metaspades_073	binsC	True	False	True	False	d__Bacteria;p__Pseudomonadota;c__Gammaproteobacteria;o__Burkholderiales;f__Neisseriaceae;g__Kingella_A;s__Kingella_A denitrificans	kSGB_9437	k__Bacteria|p__Proteobacteria|c__Betaproteobacteria|o__Neisseriales|f__Neisseriaceae|g__Kingella|s__Kingella_denitrificans|t__SGB9437	1279756	55.7000	650	2091	88.1900	9.9273	0.9958	f__Neisseriaceae (UID3890)	67.7600	5.6800	64.8600	60.7600	4.4600	genus	0.2600	0.0500	0.0076
CMC007.B-metaspades_074	binsC	True	False	True	True	d__Bacteria;p__Bacteroidota;c__Bacteroidia;o__Bacteroidales;f__Bacteroidaceae;g__Prevotella;s__Prevotella saccharolytica	kSGB_1454	k__Bacteria|p__Bacteroidetes|c__Bacteroidia|o__Bacteroidales|f__Prevotellaceae|g__Prevotella|s__Prevotella_saccharolytica|t__SGB1454	2252046	43.6000	532	4440	87.0200	13.8075	0.9962	g__Prevotella (UID2724)	81.1600	2.6500	72.2200	76.4500	0.9400	kingdom	0.0000	0.0000	0.0034
CMC007.B-metaspades_075	binsC	True	False	True	True	d__Bacteria;p__Bacillota;c__Bacilli;o__Mycoplasmatales;f__Metamycoplasmataceae;g__Metamycoplasma;s__Metamycoplasma salivarium	kSGB_5934	k__Bacteria|p__Tenericutes|c__Mollicutes|o__Mycoplasmatales|f__Mycoplasmataceae|g__Mycoplasma|s__Mycoplasma_salivarium|t__SGB5934	392614	27.4000	167	2602	95.2400	6.7896	0.9982	g__Mycoplasma (UID2415)	57.2000	0.1500	100.0000	54.2800	0.0700	kingdom	0.0000	0.0000	0.0001
CMC007.B-metaspades_076	binsC	True	False	True	True	d__Bacteria;p__Bacteroidota;c__Bacteroidia;o__Flavobacteriales;f__Flavobacteriaceae;g__Capnocytophaga;s__Capnocytophaga sp000192225	kSGB_2478	k__Bacteria|p__Bacteroidetes|c__Flavobacteriia|o__Flavobacteriales|f__Flavobacteriaceae|g__Capnocytophaga|s__Capnocytophaga_sp_oral_taxon_338|t__SGB2478	1060473	38.1000	410	2815	93.6600	6.1737	0.9969	p__Bacteroidetes (UID2605)	52.8400	0.9500	50.0000	53.0100	0.3200	kingdom	0.0000	0.0000	0.0010
CMC007.B-metaspades_077	binsC	False	False	False	True	d__Bacteria;p__Synergistota;c__Synergistia;o__Synergistales;f__Aminobacteriaceae;g__Fretibacterium;s__	uSGB_61573	k__Bacteria|p__Synergistetes|c__Synergistia|o__Synergistales|f__Synergistaceae|g__Fretibacterium|s__Fretibacterium_SGB61573|t__SGB61573	923607	64.4000	531	1630	90.3600	3.4000	0.9901	k__Bacteria (UID209)	47.4200	0.0000	0.0000	46.2900	0.9700	order	0.5300	0.2100	0.0025
CMC007.B-metaspades_078	binsC	True	False	True	True	d__Bacteria;p__Bacillota_A;c__Clostridia;o__Peptostreptococcales;f__Anaerovoracaceae;g__Mogibacterium;s__Mogibacterium timidum	kSGB_3920	k__Bacteria|p__Firmicutes|c__Clostridia|o__Clostridiales|f__Clostridiales_Family_XIII_Incertae_Sedis|g__Mogibacterium|s__Mogibacterium_timidum|t__SGB3920	903546	47.3000	417	2344	91.1400	4.3439	0.9963	o__Clostridiales (UID1120)	61.4000	0.9500	0.0000	58.0300	0.0400	kingdom	0.0000	0.0000	0.0003
CMC007.B-metaspades_079	binsC	False	False	True	True	d__Bacteria;p__Bacteroidota;c__Bacteroidia;o__Bacteroidales;f__Bacteroidaceae;g__Prevotella;s__	uSGB_1519	k__Bacteria|p__Bacteroidetes|c__Bacteroidia|o__Bacteroidales|f__Prevotellaceae|g__Prevotella|s__Prevotella_SGB1519|t__SGB1519	1416052	50.4000	634	2341	91.0400	4.3599	0.9956	k__Bacteria (UID203)	38.7100	1.7200	100.0000	54.7000	1.6500	kingdom	0.0000	0.0000	0.0002
CMC010.B-metaspades_001	binsAC	True	False	True	True	d__Bacteria;p__Bacillota;c__Bacilli;o__RFN20;f__CAG-288;g__Enterosoma;s__	uSGB_51820	k__Bacteria|p__Firmicutes|c__CFGB13851|o__OFGB13851|f__FGB13851|g__GGB37985|s__GGB37985_SGB51820|t__SGB51820	1107730	49.4000	299	4780	90.9300	5.3043	0.9975	k__Bacteria (UID2329)	84.3700	0.2800	100.0000	77.9700	2.8500	family	0.1500	0.4100	0.0001
CMC010.B-metaspades_002	binsAC	True	False	True	False	d__Bacteria;p__Chloroflexota;c__Anaerolineae;o__Anaerolineales;f__Anaerolineaceae;g__Flexilinea;s__	kSGB_17621	k__Bacteria|p__Chloroflexi|c__Anaerolineae|o__Anaerolineales|f__Anaerolineaceae|g__Anaerolineaceae_unclassified|s__Anaerolineaceae_bacterium_oral_taxon_439|t__SGB17621	1543620	56.8000	855	1861	92.2800	5.0897	0.9893	k__Bacteria (UID1452)	56.0300	1.4500	100.0000	58.1700	1.8700	kingdom	0.0000	0.0000	0.0062
CMC010.B-metaspades_004	binsA	True	True	True	True	d__Bacteria;p__Bacteroidota;c__Bacteroidia;o__Bacteroidales;f__Porphyromonadaceae;g__Porphyromonas;s__Porphyromonas sp905372565	uSGB_2039	k__Bacteria|p__Bacteroidetes|c__Bacteroidia|o__Bacteroidales|f__Porphyromonadaceae|g__GGB1473|s__GGB1473_SGB2039|t__SGB2039	1988677	52.7000	22	169877	87.8600	55.1045	0.9999	f__Porphyromonadaceae (UID2622)	97.7700	0.1000	0.0000	99.8400	0.1900	family	0.0200	0.0200	0.0001
CMC010.B-metaspades_005	binsBC	True	False	True	True	d__Bacteria;p__Bacteroidota;c__Bacteroidia;o__Flavobacteriales;f__Flavobacteriaceae;g__Capnocytophaga;s__Capnocytophaga periodontitidis	kSGB_2498	k__Bacteria|p__Bacteroidetes|c__Flavobacteriia|o__Flavobacteriales|f__Flavobacteriaceae|g__Capnocytophaga|s__Capnocytophaga_sp_ChDC_OS43|t__SGB2498	2265090	39.0000	230	13452	90.6000	32.6500	0.9994	p__Bacteroidetes (UID2605)	73.0200	3.3300	62.5000	71.6400	3.1700	kingdom	0.0000	0.0000	0.0011
CMC010.B-metaspades_006	binsAB	True	False	True	True	d__Bacteria;p__Bacteroidota;c__Bacteroidia;o__Bacteroidales;f__Porphyromonadaceae;g__Porphyromonas;s__Porphyromonas sp000467855	kSGB_2041	k__Bacteria|p__Bacteroidetes|c__Bacteroidia|o__Bacteroidales|f__Porphyromonadaceae|g__Porphyromonas|s__Porphyromonas_sp_oral_taxon_278|t__SGB2041	1404150	56.3000	360	4118	87.3900	11.3553	0.9968	f__Porphyromonadaceae (UID2622)	73.0100	1.5200	85.7100	67.5800	1.6100	kingdom	0.0000	0.0000	0.0042
CMC010.B-metaspades_007	binsAC	False	False	True	True	d__Bacteria;p__Pseudomonadota;c__Gammaproteobacteria;o__Enterobacterales_A;f__Pasteurellaceae;g__Rodentibacter;s__Rodentibacter sp901420285	uSGB_9727	k__Bacteria|p__Proteobacteria|c__Gammaproteobacteria|o__Pasteurellales|f__Pasteurellaceae|g__GGB6813|s__GGB6813_SGB9727|t__SGB9727	1076701	44.8000	266	4573	89.9600	6.9327	0.9957	k__Bacteria (UID203)	48.2800	1.7200	100.0000	62.7900	1.3800	genus	0.1200	0.3300	0.0010
CMC010.B-metaspades_008	binsAC	True	False	True	True	d__Bacteria;p__Patescibacteria;c__Saccharimonadia;o__Saccharimonadales;f__Nanosyncoccaceae;g__Nanosyncoccus;s__	uSGB_19791	k__Bacteria|p__Candidatus_Saccharibacteria|c__CFGB4342|o__OFGB4342|f__FGB4342|g__GGB12761|s__GGB12761_SGB19791|t__SGB19791	675925	38.8000	32	29889	90.1700	21.6125	0.9999	k__Bacteria (UID203)	79.1500	0.0000	0.0000	89.2300	0.0400	family	0.1900	0.1400	0.0000
CMC010.B-metaspades_009	binsBC	True	False	True	True	d__Bacteria;p__Bacteroidota;c__Bacteroidia;o__Bacteroidales;f__Bacteroidaceae;g__Prevotella;s__Prevotella denticola	kSGB_1540	k__Bacteria|p__Bacteroidetes|c__Bacteroidia|o__Bacteroidales|f__Prevotellaceae|g__Prevotella|s__Prevotella_denticola|t__SGB1540	1726686	51.9000	334	5796	86.1200	8.7395	0.9968	k__Bacteria (UID203)	51.7500	0.0000	0.0000	64.1900	0.2000	kingdom	0.0000	0.0000	0.0029
CMC010.B-metaspades_010	binsB	True	False	True	True	d__Bacteria;p__Patescibacteria;c__Saccharimonadia;o__Saccharimonadales;f__Nanosynbacteraceae;g__Nanosynbacter;s__	uSGB_19886	k__Bacteria|p__Candidatus_Saccharibacteria|c__Candidatus_Saccharibacteria_unclassified|o__Candidatus_Saccharibacteria_unclassified|f__Candidatus_Saccharibacteria_unclassified|g__GGB12796|s__GGB12796_SGB19886|t__SGB19886	601540	48.4000	62	11000	93.1700	9.2952	0.9981	k__Bacteria (UID1452)	53.7000	0.0000	0.0000	82.0700	0.1800	kingdom	0.0000	0.0000	0.0007
CMC010.B-metaspades_011	binsAC	True	False	True	True	d__Bacteria;p__Bacteroidota;c__Bacteroidia;o__Flavobacteriales;f__Flavobacteriaceae;g__Capnocytophaga;s__Capnocytophaga granulosa	kSGB_2483	k__Bacteria|p__Bacteroidetes|c__Flavobacteriia|o__Flavobacteriales|f__Flavobacteriaceae|g__Capnocytophaga|s__Capnocytophaga_granulosa|t__SGB2483	1338902	43.6000	310	4440	90.0600	56.6642	0.9988	p__Bacteroidetes (UID2605)	60.9000	1.9000	100.0000	56.0200	1.9300	kingdom	0.0000	0.0000	0.0044
CMC010.B-metaspades_012	binsABC	True	False	True	True	d__Bacteria;p__Actinomycetota;c__Actinomycetia;o__Actinomycetales;f__Actinomycetaceae;g__Pauljensenia;s__	uSGB_17155	k__Bacteria|p__Actinobacteria|c__Actinobacteria|o__Actinomycetales|f__Actinomycetaceae|g__Actinomyces|s__Actinomyces_SGB17155|t__SGB17155	1331336	65.5000	101	17165	90.5100	52.3109	0.9994	k__Bacteria (UID203)	62.0700	0.0000	0.0000	58.9400	1.2800	genus	0.0500	0.1300	0.0014
CMC010.B-metaspades_013	binsB	True	False	True	True	d__Bacteria;p__Pseudomonadota;c__Gammaproteobacteria;o__Enterobacterales_A;f__Pasteurellaceae;g__Haemophilus_D;s__Haemophilus_D parainfluenzae	kSGB_9712	k__Bacteria|p__Proteobacteria|c__Gammaproteobacteria|o__Pasteurellales|f__Pasteurellaceae|g__Haemophilus|s__Haemophilus_parainfluenzae|t__SGB9712	1318746	39.6000	383	3927	92.2600	7.4569	0.9949	k__Bacteria (UID203)	61.2600	1.7200	100.0000	67.9600	1.3600	genus	0.1800	0.5500	0.0021
CMC010.B-metaspades_014	binsABC	True	False	True	True	d__Bacteria;p__Patescibacteria;c__Saccharimonadia;o__Saccharimonadales;f__Saccharimonadaceae;g__Saccharimonas;s__	uSGB_19833	k__Bacteria|p__Candidatus_Saccharibacteria|c__CFGB4355|o__OFGB4355|f__FGB4355|g__GGB12788|s__GGB12788_SGB19833|t__SGB19833	978203	52.3000	10	204868	86.0800	39.0000	1.0000	k__Bacteria (UID1453)	59.5400	0.8500	0.0000	98.5400	0.2700	family	0.0600	0.0400	0.0001
CMC010.B-metaspades_015	binsAB	True	False	True	True	d__Bacteria;p__Fusobacteriota;c__Fusobacteriia;o__Fusobacteriales;f__Leptotrichiaceae;g__Leptotrichia;s__Leptotrichia sp002240055	kSGB_6053	k__Bacteria|p__Fusobacteria|c__Fusobacteriia|o__Fusobacteriales|f__Leptotrichiaceae|g__Leptotrichia|s__Leptotrichia_sp_oral_taxon_498|t__SGB6053	1006524	29.7000	193	6695	90.2500	217.7751	0.9991	k__Bacteria (UID2329)	67.7900	1.1400	100.0000	67.7900	0.7700	kingdom	0.0000	0.0000	0.0010
CMC010.B-metaspades_016	binsBC	True	False	True	True	d__Bacteria;p__Bacillota_C;c__Negativicutes;o__Selenomonadales;f__Selenomonadaceae;g__Centipeda;s__Centipeda noxia	kSGB_5884	k__Bacteria|p__Firmicutes|c__Negativicutes|o__Selenomonadales|f__Selenomonadaceae|g__Selenomonas|s__Selenomonas_noxia|t__SGB5884	1344716	54.8000	25	108760	93.2300	245.1840	1.0000	f__Veillonellaceae (UID1033)	79.0800	0.0000	0.0000	65.4100	0.0100	kingdom	0.0000	0.0000	0.0000
CMC010.B-metaspades_017	binsABC	True	False	True	True	d__Bacteria;p__Pseudomonadota;c__Gammaproteobacteria;o__Burkholderiales;f__Neisseriaceae;g__Neisseria;s__Neisseria sp000090875	kSGB_9463	k__Bacteria|p__Proteobacteria|c__Betaproteobacteria|o__Neisseriales|f__Neisseriaceae|g__Neisseria|s__Neisseria_sp_oral_taxon_014|t__SGB9463	1535041	54.6000	162	15284	84.6300	37.3883	0.9998	k__Bacteria (UID203)	56.9000	1.7200	100.0000	60.0100	2.1600	kingdom	0.0000	0.0000	0.0010
CMC010.B-metaspades_018	binsBC	True	True	True	True	d__Bacteria;p__Actinomycetota;c__Coriobacteriia;o__Coriobacteriales;f__Atopobiaceae;g__Olsenella;s__Olsenella uli	kSGB_14386	k__Bacteria|p__Actinobacteria|c__Coriobacteriia|o__Coriobacteriales|f__Atopobiaceae|g__Olsenella|s__Olsenella_uli|t__SGB14386	1970822	64.7000	113	29345	87.4300	14.3628	0.9993	p__Actinobacteria (UID2112)	93.6600	0.8100	100.0000	90.8900	3.3200	kingdom	0.0000	0.0000	0.0004
CMC010.B-metaspades_020	binsBC	True	True	True	True	d__Bacteria;p__Bacillota_C;c__Negativicutes;o__Veillonellales;f__Megasphaeraceae;g__Anaeroglobus;s__Anaeroglobus micronuciformis	kSGB_5868	k__Bacteria|p__Firmicutes|c__Negativicutes|o__Veillonellales|f__Veillonellaceae|g__Megasphaera|s__Megasphaera_micronuciformis|t__SGB5868	1259253	45.9000	146	12431	91.4800	18.0664	0.9985	o__Selenomonadales (UID1024)	90.5200	0.6000	100.0000	78.6400	0.3100	kingdom	0.0000	0.0000	0.0029
CMC010.B-metaspades_021	binsB	True	False	True	True	d__Bacteria;p__Actinomycetota;c__Actinomycetia;o__Mycobacteriales;f__Mycobacteriaceae;g__Corynebacterium;s__Corynebacterium durum	kSGB_17008	k__Bacteria|p__Actinobacteria|c__Actinobacteria|o__Corynebacteriales|f__Corynebacteriaceae|g__Corynebacterium|s__Corynebacterium_durum|t__SGB17008	1877057	57.5000	305	6562	89.0200	17.4148	0.9964	o__Actinomycetales (UID1809)	78.0400	1.1300	100.0000	71.8100	0.7500	kingdom	0.0000	0.0000	0.0039
CMC010.B-metaspades_022	binsBC	True	True	True	True	d__Bacteria;p__Actinomycetota;c__Actinomycetia;o__Actinomycetales;f__Actinomycetaceae;g__Actinomyces;s__Actinomyces sp002999235	kSGB_15876	k__Bacteria|p__Actinobacteria|c__Actinobacteria|o__Actinomycetales|f__Actinomycetaceae|g__Actinomyces|s__Actinomyces_sp_oral_taxon_897|t__SGB15876	2833217	71.9000	337	9579	84.4500	386.2941	0.9980	f__Actinomycetaceae (UID1531)	90.2000	1.4200	33.3300	88.8500	2.1400	order	0.1100	0.0300	0.0010
CMC010.B-metaspades_023	binsA	False	False	True	True	Unclassified Bacteria	uSGB_17006	k__Bacteria|p__Actinobacteria|c__Actinobacteria|o__Corynebacteriales|f__Corynebacteriaceae|g__Corynebacterium|s__Corynebacterium_SGB17006|t__SGB17006	286127	55.6000	101	3024	84.6700	196.8902	1.0000	k__Bacteria (UID203)	8.9300	0.0000	0.0000	6.9400	0.0800	kingdom	0.0000	0.0000	0.0046
CMC010.B-metaspades_024	binsBC	True	False	True	True	d__Bacteria;p__Bacillota_A;c__Clostridia;o__Lachnospirales;f__Lachnospiraceae;g__Stomatobaculum;s__Stomatobaculum sp916439095	uSGB_5266	k__Bacteria|p__Firmicutes|c__Clostridia|o__Clostridiales|f__Lachnospiraceae|g__Stomatobaculum|s__Stomatobaculum_SGB5266|t__SGB5266	1267506	56.7000	122	13130	90.8300	32.2205	0.9980	o__Clostridiales (UID1226)	84.4900	0.6300	0.0000	74.8800	0.5600	kingdom	0.0000	0.0000	0.0037
CMC010.B-metaspades_025	binsAB	True	True	True	True	d__Bacteria;p__Bacillota_A;c__Clostridia;o__Peptostreptococcales;f__Anaerovoracaceae;g__RUG100;s__	uSGB_65938	k__Bacteria|p__Firmicutes|c__CFGB28561|o__OFGB28561|f__FGB28561|g__GGB47948|s__GGB47948_SGB65938|t__SGB65938	1652462	49.0000	59	35827	90.4300	10.2186	0.9994	o__Clostridiales (UID1120)	96.1000	0.3500	100.0000	98.7900	0.1100	family	0.0500	0.6000	0.0001
CMC010.B-metaspades_026	binsC	True	False	True	True	d__Bacteria;p__Bacteroidota;c__Bacteroidia;o__Bacteroidales;f__Bacteroidaceae;g__Prevotella;s__Prevotella saccharolytica	kSGB_1454	k__Bacteria|p__Bacteroidetes|c__Bacteroidia|o__Bacteroidales|f__Prevotellaceae|g__Prevotella|s__Prevotella_saccharolytica|t__SGB1454	2244835	43.6000	287	8028	86.3900	51.8610	0.9978	g__Prevotella (UID2724)	86.7800	0.5100	100.0000	83.3300	0.1400	kingdom	0.0000	0.0000	0.0048
CMC010.B-metaspades_027	binsBC	True	False	True	True	d__Bacteria;p__Actinomycetota;c__Actinomycetia;o__Actinomycetales;f__Micrococcaceae;g__Rothia;s__Rothia dentocariosa	kSGB_16988	k__Bacteria|p__Actinobacteria|c__Actinobacteria|o__Micrococcales|f__Micrococcaceae|g__Rothia|s__Rothia_dentocariosa|t__SGB16988	1208945	53.2000	165	7553	84.1200	37.4994	0.9975	k__Bacteria (UID203)	51.1500	0.0000	0.0000	55.6800	0.2100	kingdom	0.0000	0.0000	0.0047
CMC010.B-metaspades_028	binsABC	True	False	True	True	d__Bacteria;p__Patescibacteria;c__Saccharimonadia;o__Saccharimonadales;f__Saccharimonadaceae;g__Saccharimonas;s__Saccharimonas sp905373345	uSGB_19847	k__Bacteria|p__Candidatus_Saccharibacteria|c__CFGB4356|o__OFGB4356|f__FGB4356|g__GGB12790|s__GGB12790_SGB19847|t__SGB19847	795833	49.1000	26	76931	89.9600	55.0115	0.9996	k__Bacteria (UID1452)	61.7300	0.0000	0.0000	90.3100	0.3800	order	0.1300	0.0300	0.0002
CMC010.B-metaspades_029	binsC	True	True	True	True	d__Bacteria;p__Bacillota_C;c__Negativicutes;o__Selenomonadales;f__Selenomonadaceae;g__CAJPQU01;s__CAJPQU01 sp905372875	uSGB_5873	k__Bacteria|p__Firmicutes|c__CFGB1714|o__OFGB1714|f__FGB1714|g__GGB4300|s__GGB4300_SGB5873|t__SGB5873	1732114	55.6000	239	10939	89.9800	14.0703	0.9978	p__Firmicutes (UID1022)	94.8400	1.4700	75.0000	96.6200	1.9300	class	0.2000	0.0400	0.0032
CMC010.B-metaspades_030	binsAC	True	False	True	True	d__Bacteria;p__Patescibacteria;c__Saccharimonadia;o__Saccharimonadales;f__Saccharimonadaceae;g__Saccharimonas;s__Saccharimonas sp015257605	kSGB_19883	k__Bacteria|p__Candidatus_Saccharibacteria|c__Candidatus_Saccharibacteria_unclassified|o__Candidatus_Saccharibacteria_unclassified|f__Candidatus_Saccharibacteria_unclassified|g__Candidatus_Saccharibacteria_unclassified|s__Candidatus_Saccharibacteria_bacterium_TM7_ANC_38_39_G1_1|t__SGB19883	829194	47.4000	50	40639	90.5400	247.7700	0.9990	k__Bacteria (UID1453)	57.2600	2.7100	50.0000	90.1500	1.1500	order	0.2000	0.0600	0.0025
CMC010.B-metaspades_031	binsABC	True	False	True	True	d__Bacteria;p__Patescibacteria;c__Saccharimonadia;o__Saccharimonadales;f__Nanoperiomorbaceae;g__Nanoperiomorbus;s__	kSGB_19800	k__Bacteria|p__Candidatus_Saccharibacteria|c__Candidatus_Saccharibacteria_unclassified|o__Candidatus_Saccharibacteria_unclassified|f__Candidatus_Saccharibacteria_unclassified|g__Candidatus_Saccharibacteria_unclassified|s__Candidatus_Saccharibacteria_bacterium_TM7__EAM_G5_1_HOT_356|t__SGB19800	726030	50.8000	49	24146	89.6500	27.6061	0.9992	k__Bacteria (UID1453)	56.8400	1.0300	50.0000	85.8000	1.1000	family	0.0900	0.0300	0.0028
CMC010.B-metaspades_032	binsA	True	True	True	True	d__Bacteria;p__Bacillota_A;c__Clostridia;o__Lachnospirales;f__Lachnospiraceae;g__Johnsonella;s__Johnsonella sp900766185	uSGB_4472	k__Bacteria|p__Firmicutes|c__CFGB1394|o__OFGB1394|f__FGB1394|g__GGB3385|s__GGB3385_SGB4472|t__SGB4472	2063461	37.1000	458	5877	86.5100	19.7672	0.9975	o__Clostridiales (UID1226)	90.9200	0.4500	100.0000	91.8900	1.7000	class	0.2000	0.0300	0.0020
CMC010.B-metaspades_033	binsAC	True	False	True	True	d__Bacteria;p__Bacillota_C;c__Negativicutes;o__Veillonellales;f__Veillonellaceae;g__Veillonella;s__	uSGB_6937	k__Bacteria|p__Firmicutes|c__Negativicutes|o__Veillonellales|f__Veillonellaceae|g__Veillonella|s__Veillonella_SGB6937|t__SGB6937	1360276	39.7000	375	4679	90.7800	12.9702	0.9976	k__Bacteria (UID203)	56.9000	1.7200	0.0000	73.3100	0.9500	kingdom	0.0000	0.0000	0.0026
CMC010.B-metaspades_034	binsC	True	True	True	True	d__Bacteria;p__Bacteroidota;c__Bacteroidia;o__Bacteroidales;f__Bacteroidaceae;g__Phocaeicola;s__Phocaeicola abscessus	kSGB_2052	k__Bacteria|p__Bacteroidetes|c__Bacteroidia|o__Bacteroidales|f__Bacteroidales_unclassified|g__Phocaeicola|s__Phocaeicola_abscessus|t__SGB2052	2090388	48.3000	280	9712	90.7700	7.3161	0.9976	o__Bacteroidales (UID2657)	92.1100	0.9100	40.0000	85.0900	0.1400	kingdom	0.0000	0.0000	0.0002
CMC010.B-metaspades_035	binsC	True	False	True	True	d__Bacteria;p__Bacillota_A;c__Clostridia;o__Peptostreptococcales;f__Anaerovoracaceae;g__Hornefia;s__	kSGB_3932	k__Bacteria|p__Firmicutes|c__Clostridia|o__Clostridiales|f__Clostridiales_Family_XIII_Incertae_Sedis|g__Clostridiales_Family_XIII_Incertae_Sedis_unclassified|s__Eubacterium_minutum|t__SGB3932	1272758	46.0000	341	4318	90.2200	5.7892	0.9969	o__Clostridiales (UID1120)	80.7200	2.3000	50.0000	83.5900	2.1600	genus	0.2100	0.2400	0.0002
CMC010.B-metaspades_036	binsC	True	True	True	True	d__Bacteria;p__Bacteroidota;c__Bacteroidia;o__Bacteroidales;f__Bacteroidaceae;g__Prevotella;s__Prevotella maculosa	kSGB_1524	k__Bacteria|p__Bacteroidetes|c__Bacteroidia|o__Bacteroidales|f__Prevotellaceae|g__Prevotella|s__Prevotella_maculosa|t__SGB1524	2417890	49.0000	297	8323	88.2400	49.3848	0.9983	g__Prevotella (UID2724)	91.9900	0.3400	100.0000	84.9500	0.0900	kingdom	0.0000	0.0000	0.0042
CMC010.B-metaspades_037	binsC	True	False	True	True	d__Bacteria;p__Bacteroidota;c__Bacteroidia;o__Bacteroidales;f__Bacteroidaceae;g__Prevotella;s__Prevotella oralis	kSGB_1528	k__Bacteria|p__Bacteroidetes|c__Bacteroidia|o__Bacteroidales|f__Prevotellaceae|g__Prevotella|s__Prevotella_oralis|t__SGB1528	2390429	45.1000	342	9537	89.6200	9.3658	0.9977	g__Prevotella (UID2721)	89.4600	1.8100	45.4500	83.6700	0.4900	kingdom	0.0000	0.0000	0.0013
CMC010.B-metaspades_038	binsA	True	False	True	True	d__Bacteria;p__Patescibacteria;c__Saccharimonadia;o__Saccharimonadales;f__UBA10027;g__SDRW01;s__SDRW01 sp013333595	uSGB_19843	k__Bacteria|p__Candidatus_Saccharibacteria|c__CFGB4355|o__OFGB4355|f__FGB4355|g__GGB12789|s__GGB12789_SGB19843|t__SGB19843	718287	54.6000	169	5583	91.0900	8.4842	0.9959	k__Bacteria (UID1452)	56.8700	5.7600	77.7800	79.4500	2.5700	class	0.3500	0.0800	0.0024
CMC010.B-metaspades_039	binsB	True	True	True	True	d__Bacteria;p__Bacillota_A;c__Clostridia;o__Lachnospirales;f__Lachnospiraceae;g__Lachnoanaerobaculum;s__Lachnoanaerobaculum saburreum	kSGB_4481	k__Bacteria|p__Firmicutes|c__Clostridia|o__Clostridiales|f__Lachnospiraceae|g__Lachnoanaerobaculum|s__Lachnoanaerobaculum_saburreum|t__SGB4481	2670406	36.5000	222	19171	91.0300	61.7230	0.9997	o__Clostridiales (UID1226)	94.9000	0.3200	100.0000	94.8900	0.2400	genus	0.3100	0.2100	0.0002
CMC010.B-metaspades_040	binsC	True	True	True	True	d__Bacteria;p__Bacteroidota;c__Bacteroidia;o__Bacteroidales;f__Bacteroidaceae;g__Prevotella;s__Prevotella oulorum	kSGB_1520	k__Bacteria|p__Bacteroidetes|c__Bacteroidia|o__Bacteroidales|f__Prevotellaceae|g__Prevotella|s__Prevotella_oulorum|t__SGB1520	2426084	47.3000	128	25288	88.2200	91.2406	0.9994	g__Prevotella (UID2724)	95.6800	1.0700	77.7800	96.3600	0.2900	kingdom	0.0000	0.0000	0.0014
CMC010.B-metaspades_041	binsAC	True	False	True	False	d__Bacteria;p__Bacillota_C;c__Negativicutes;o__Selenomonadales;f__Selenomonadaceae;g__Selenomonas;s__Selenomonas sp905372355	uSGB_5897	k__Bacteria|p__Firmicutes|c__Negativicutes|o__Selenomonadales|f__Selenomonadaceae|g__Selenomonas|s__Selenomonas_SGB5897|t__SGB5897	1528745	59.1000	636	2507	91.5000	40.6239	0.9986	p__Firmicutes (UID1022)	77.2200	7.7600	92.5900	65.1700	7.7400	kingdom	0.0000	0.0000	0.0088
CMC010.B-metaspades_042	binsBC	True	False	True	True	d__Bacteria;p__Spirochaetota;c__Spirochaetia;o__Treponematales;f__Treponemataceae;g__Treponema_D;s__	uSGB_3592	k__Bacteria|p__Spirochaetes|c__CFGB1017|o__OFGB1017|f__FGB1017|g__GGB2666|s__GGB2666_SGB3592|t__SGB3592	1540344	42.8000	394	4346	89.6600	6.6259	0.9972	f__Spirochaetaceae (UID2535)	79.1100	0.7000	0.0000	65.4200	0.8700	class	0.2100	0.0300	0.0010
CMC010.B-metaspades_043	binsAC	True	False	True	True	d__Bacteria;p__Bacillota_A;c__Clostridia;o__Peptostreptococcales;f__Anaerovoracaceae;g__RGIG7111;s__	uSGB_47718	k__Bacteria|p__Cyanobacteria|c__Cyanobacteria_unclassified|o__Synechococcales|f__Prochloraceae|g__GGB34030|s__GGB34030_SGB47718|t__SGB47718	1502474	43.0000	60	52931	87.7400	22.1783	0.9997	o__Clostridiales (UID1120)	88.6500	0.0000	0.0000	97.8000	0.0700	family	0.1300	0.6600	0.0002
CMC010.B-metaspades_045	binsBC	True	False	True	True	d__Bacteria;p__Bacillota_C;c__Negativicutes;o__Veillonellales;f__Veillonellaceae;g__Veillonella;s__Veillonella parvula_A	kSGB_6939	k__Bacteria|p__Firmicutes|c__Negativicutes|o__Veillonellales|f__Veillonellaceae|g__Veillonella|s__Veillonella_parvula|t__SGB6939	1277973	38.9000	157	8384	86.7400	78.3045	0.9967	k__Bacteria (UID203)	63.7900	0.0000	0.0000	61.4300	0.1500	kingdom	0.0000	0.0000	0.0030
CMC010.B-metaspades_047	binsC	True	True	True	True	d__Bacteria;p__Actinomycetota;c__Coriobacteriia;o__Coriobacteriales;f__Atopobiaceae;g__Lancefieldella;s__	uSGB_62949	k__Bacteria|p__Actinobacteria|c__Coriobacteriia|o__Coriobacteriales|f__Atopobiaceae|g__Atopobium|s__Atopobium_SGB62949|t__SGB62949	1297435	48.5000	321	5308	89.6100	9.0897	0.9952	p__Actinobacteria (UID2112)	95.7000	2.6900	100.0000	83.4000	1.2000	kingdom	0.0000	0.0000	0.0033
CMC010.B-metaspades_048	binsBC	True	True	True	True	d__Bacteria;p__Bacteroidota;c__Bacteroidia;o__Bacteroidales;f__Bacteroidaceae;g__Prevotella;s__Prevotella loescheii	kSGB_1457	k__Bacteria|p__Bacteroidetes|c__Bacteroidia|o__Bacteroidales|f__Prevotellaceae|g__Prevotella|s__Prevotella_loescheii|t__SGB1457	3095245	46.8000	64	91901	81.7000	90.1687	0.9995	g__Prevotella (UID2724)	97.1000	0.7400	50.0000	91.2900	0.1000	kingdom	0.0000	0.0000	0.0003
CMC010.B-metaspades_049	binsBC	True	False	True	True	d__Bacteria;p__Spirochaetota;c__Spirochaetia;o__Treponematales;f__Treponemataceae;g__Treponema;s__Treponema vincentii	kSGB_3602	k__Bacteria|p__Spirochaetes|c__Spirochaetia|o__Spirochaetales|f__Spirochaetaceae|g__Treponema|s__Treponema_vincentii|t__SGB3602	1262003	47.0000	364	3699	91.4800	5.8396	0.9961	f__Spirochaetaceae (UID2512)	53.5900	0.8100	100.0000	56.9500	0.5400	kingdom	0.0000	0.0000	0.0014
CMC010.B-metaspades_050	binsBC	True	False	True	True	d__Bacteria;p__Bacteroidota;c__Bacteroidia;o__Bacteroidales;f__Bacteroidaceae;g__Prevotella;s__Prevotella marshii	kSGB_3323	k__Bacteria|p__Bacteroidetes|c__Bacteroidia|o__Bacteroidales|f__Prevotellaceae|g__Prevotella|s__Prevotella_marshii|t__SGB3323	1655446	48.4000	230	8095	87.5800	13.7426	0.9982	g__Prevotella (UID2724)	84.6200	0.7900	75.0000	80.6500	0.1400	kingdom	0.0000	0.0000	0.0022
CMC010.B-metaspades_051	binsC	True	False	True	True	d__Bacteria;p__Actinomycetota;c__Actinomycetia;o__Actinomycetales;f__Actinomycetaceae;g__Actinomyces;s__Actinomyces oricola	kSGB_33758	k__Bacteria|p__Actinobacteria|c__Actinobacteria|o__Actinomycetales|f__Actinomycetaceae|g__Actinomyces|s__Actinomyces_oricola|t__SGB33758	1877072	68.8000	543	4215	88.5500	19.7599	0.9987	f__Actinomycetaceae (UID1531)	71.5000	2.0100	37.5000	72.8600	1.4800	kingdom	0.0000	0.0000	0.0012
CMC010.B-metaspades_052	binsBC	True	False	True	True	d__Bacteria;p__Actinomycetota;c__Actinomycetia;o__Actinomycetales;f__Micrococcaceae;g__Rothia;s__Rothia aeria	kSGB_16987	k__Bacteria|p__Actinobacteria|c__Actinobacteria|o__Micrococcales|f__Micrococcaceae|g__Rothia|s__Rothia_aeria|t__SGB16987	1848918	57.8000	222	10982	85.6400	23.1770	0.9986	o__Actinomycetales (UID1530)	80.2100	0.0000	0.0000	72.3500	0.0100	kingdom	0.0000	0.0000	0.0040
CMC010.B-metaspades_053	binsA	True	False	True	True	d__Bacteria;p__Bacillota_C;c__Negativicutes;o__Selenomonadales;f__Selenomonadaceae;g__Centipeda;s__Centipeda artemidis	kSGB_5878	k__Bacteria|p__Firmicutes|c__Negativicutes|o__Selenomonadales|f__Selenomonadaceae|g__Selenomonas|s__Selenomonas_artemidis|t__SGB5878	1427972	57.8000	168	8484	87.5700	185.4690	0.9972	f__Veillonellaceae (UID1033)	70.0000	0.0500	0.0000	65.3800	0.0600	kingdom	0.0000	0.0000	0.0027
CMC010.B-metaspades_054	binsC	True	True	True	True	d__Bacteria;p__Bacillota_C;c__Negativicutes;o__Veillonellales;f__Megasphaeraceae;g__Anaeroglobus;s__Anaeroglobus geminatus	kSGB_5870	k__Bacteria|p__Firmicutes|c__Negativicutes|o__Veillonellales|f__Veillonellaceae|g__Anaeroglobus|s__Anaeroglobus_geminatus|t__SGB5870	1636987	49.6000	82	28408	89.8800	32.1512	0.9984	o__Selenomonadales (UID1024)	97.3100	0.2700	50.0000	95.8600	0.2700	kingdom	0.0000	0.0000	0.0027
CMC010.B-metaspades_055	binsABC	True	True	True	True	d__Bacteria;p__Pseudomonadota;c__Gammaproteobacteria;o__Enterobacterales_A;f__Pasteurellaceae;g__Aggregatibacter;s__Aggregatibacter sp000466335	kSGB_9733	k__Bacteria|p__Proteobacteria|c__Gammaproteobacteria|o__Pasteurellales|f__Pasteurellaceae|g__Aggregatibacter|s__Aggregatibacter_sp_oral_taxon_458|t__SGB9733	1720147	43.3000	128	19610	87.4500	22.2211	0.9989	f__Pasteurellaceae (UID4932)	93.4100	0.4000	100.0000	93.2000	0.1700	genus	0.4300	0.0300	0.0017
CMC010.B-metaspades_058	binsC	True	True	True	True	d__Bacteria;p__Bacteroidota;c__Bacteroidia;o__Bacteroidales;f__Bacteroidaceae;g__Prevotella;s__Prevotella micans	kSGB_1565	k__Bacteria|p__Bacteroidetes|c__Bacteroidia|o__Bacteroidales|f__Prevotellaceae|g__Prevotella|s__Prevotella_micans|t__SGB1565	1888452	46.3000	347	6523	88.1600	11.0378	0.9975	g__Prevotella (UID2722)	92.2800	1.1600	75.0000	84.4500	0.0800	kingdom	0.0000	0.0000	0.0021
CMC010.B-metaspades_059	binsAC	True	False	True	False	d__Bacteria;p__Bacillota;c__Bacilli;o__Lactobacillales;f__Aerococcaceae;g__Abiotrophia;s__Abiotrophia defectiva	kSGB_8235	k__Bacteria|p__Firmicutes|c__Bacilli|o__Lactobacillales|f__Aerococcaceae|g__Abiotrophia|s__Abiotrophia_defectiva|t__SGB8235	927595	47.8000	453	2200	91.1000	11.2998	0.9959	o__Lactobacillales (UID355)	52.0000	1.6800	100.0000	48.9100	1.2700	kingdom	0.0000	0.0000	0.0050
CMC010.B-metaspades_060	binsA	True	False	True	True	d__Bacteria;p__Pseudomonadota;c__Gammaproteobacteria;o__Burkholderiales;f__Neisseriaceae;g__Neisseria;s__	kSGB_9467	k__Bacteria|p__Proteobacteria|c__Betaproteobacteria|o__Neisseriales|f__Neisseriaceae|g__Neisseria|s__Neisseria_sicca|t__SGB9467	1474900	53.4000	460	3696	84.3100	51.5348	0.9996	k__Bacteria (UID203)	51.7200	1.7200	100.0000	50.7100	4.9000	kingdom	0.0000	0.0000	0.0044
CMC010.B-metaspades_061	binsB	True	False	True	True	d__Archaea;p__Thermoplasmatota;c__Thermoplasmata;o__Methanomassiliicoccales;f__Methanomethylophilaceae;g__Methanomethylophilus;s__	uSGB_39546	k__Archaea|p__Euryarchaeota|c__Thermoplasmata|o__Methanomassiliicoccales|f__Methanomassiliicoccaceae|g__GGB27304|s__GGB27304_SGB39546|t__SGB39546	1215716	62.6000	85	20668	89.2600	9.0918	0.9987	p__Euryarchaeota (UID3)	85.2200	1.4800	33.3300	81.7500	0.3000	phylum	0.2300	0.0300	0.0001
CMC010.B-metaspades_062	binsC	True	True	True	True	d__Bacteria;p__Bacillota;c__Bacilli;o__RFN20;f__CAG-826;g__Enteromonas;s__	uSGB_39800	k__Bacteria|p__Actinobacteria|c__CFGB8876|o__OFGB8876|f__FGB8876|g__GGB27502|s__GGB27502_SGB39800|t__SGB39800	1189902	58.8000	182	10717	89.9000	6.6440	0.9976	k__Bacteria (UID2329)	95.0900	1.1200	100.0000	89.2100	0.2300	genus	0.1700	0.5500	0.0000
CMC010.B-metaspades_063	binsB	True	False	True	True	d__Bacteria;p__Actinomycetota;c__Actinomycetia;o__Propionibacteriales;f__Propionibacteriaceae;g__Arachnia;s__Arachnia propionica	kSGB_15897	k__Bacteria|p__Actinobacteria|c__Actinobacteria|o__Propionibacteriales|f__Propionibacteriaceae|g__Pseudopropionibacterium|s__Pseudopropionibacterium_propionicum|t__SGB15897	2266424	66.4000	420	7712	90.1700	151.7657	0.9997	k__Bacteria (UID203)	63.4100	0.0000	0.0000	65.0700	0.7900	kingdom	0.0000	0.0000	0.0016
CMC010.B-metaspades_064	binsA	False	False	True	False	d__Bacteria;p__Fusobacteriota;c__Fusobacteriia;o__Fusobacteriales;f__Fusobacteriaceae;g__Fusobacterium;s__Fusobacterium polymorphum	kSGB_6001	k__Bacteria|p__Fusobacteria|c__Fusobacteriia|o__Fusobacteriales|f__Fusobacteriaceae|g__Fusobacterium|s__Fusobacterium_nucleatum|t__SGB6001	792650	27.3000	388	2159	93.6500	65.0449	0.9986	k__Bacteria (UID203)	37.5900	0.0000	0.0000	40.4700	0.3000	kingdom	0.0000	0.0000	0.0062
CMC010.B-metaspades_065	binsC	True	False	True	True	d__Bacteria;p__Pseudomonadota;c__Gammaproteobacteria;o__Burkholderiales;f__Neisseriaceae;g__Kingella_B;s__	uSGB_9438	k__Bacteria|p__Proteobacteria|c__Betaproteobacteria|o__Neisseriales|f__Neisseriaceae|g__GGB6679|s__GGB6679_SGB9438|t__SGB9438	1591075	56.5000	672	2657	83.8600	6.0792	0.9936	f__Neisseriaceae (UID3890)	65.3800	2.8300	23.8100	65.6400	0.7300	genus	0.2500	0.3000	0.0015
CMC010.B-metaspades_066	binsAC	True	False	True	True	d__Bacteria;p__Campylobacterota;c__Campylobacteria;o__Campylobacterales;f__Campylobacteraceae;g__Campylobacter_A;s__Campylobacter_A curvus	kSGB_19334	k__Bacteria|p__Proteobacteria|c__Epsilonproteobacteria|o__Campylobacterales|f__Campylobacteraceae|g__Campylobacter|s__Campylobacter_curvus|t__SGB19334	1524201	45.7000	441	4063	93.4000	7.8451	0.9958	c__Epsilonproteobacteria (UID3065)	85.3200	1.4800	57.1400	82.3500	0.8700	kingdom	0.0000	0.0000	0.0014
CMC010.B-metaspades_067	binsB	True	False	True	True	d__Archaea;p__Methanobacteriota;c__Methanobacteria;o__Methanobacteriales;f__Methanobacteriaceae;g__Methanobrevibacter_A;s__	uSGB_21046	k__Archaea|p__Euryarchaeota|c__Methanobacteria|o__Methanobacteriales|f__Methanobacteriaceae|g__GGB13690|s__GGB13690_SGB21046|t__SGB21046	894133	32.8000	354	2515	93.9900	5.8274	0.9972	p__Euryarchaeota (UID3)	53.0800	0.0000	0.0000	56.9600	0.0200	kingdom	0.0000	0.0000	0.0004
CMC010.B-metaspades_068	binsA	False	False	True	True	d__Bacteria;p__Bacteroidota;c__Bacteroidia;o__Bacteroidales;f__Bacteroidaceae;g__Prevotella;s__Prevotella pallens	kSGB_1564	k__Bacteria|p__Bacteroidetes|c__Bacteroidia|o__Bacteroidales|f__Prevotellaceae|g__Prevotella|s__Prevotella_pallens|t__SGB1564	1250518	39.1000	407	3717	86.1800	8.7145	0.9960	k__Bacteria (UID203)	46.5500	3.4500	50.0000	49.0400	1.6100	kingdom	0.0000	0.0000	0.0015
CMC010.B-metaspades_069	binsABC	True	True	True	True	d__Bacteria;p__Bacillota_A;c__Clostridia;o__Lachnospirales;f__Lachnospiraceae;g__Oribacterium;s__Oribacterium sp000160135	kSGB_7282	k__Bacteria|p__Firmicutes|c__Clostridia|o__Clostridiales|f__Lachnospiraceae|g__Oribacterium|s__Oribacterium_sp_oral_taxon_078|t__SGB7282	2189599	55.9000	100	16097	85.8300	32.6750	0.9966	o__Clostridiales (UID1226)	94.6200	0.0000	0.0000	93.2600	0.0300	kingdom	0.0000	0.0000	0.0023
CMC010.B-metaspades_070	binsABC	True	True	True	True	d__Bacteria;p__Pseudomonadota;c__Gammaproteobacteria;o__Enterobacterales_A;f__Pasteurellaceae;g__;s__	uSGB_9727	k__Bacteria|p__Proteobacteria|c__Gammaproteobacteria|o__Pasteurellales|f__Pasteurellaceae|g__GGB6813|s__GGB6813_SGB9727|t__SGB9727	1734722	43.2000	82	31445	88.8000	39.5744	0.9999	f__Pasteurellaceae (UID4932)	94.8900	0.7600	60.0000	94.0900	0.4200	genus	0.0500	0.5500	0.0003
CMC010.B-metaspades_071	binsC	True	False	True	True	d__Bacteria;p__Bacillota_A;c__Clostridia;o__Peptostreptococcales;f__Anaerovoracaceae;g__Eubacterium_B;s__	kSGB_3936	k__Bacteria|p__Firmicutes|c__Clostridia|o__Clostridiales|f__Clostridiales_Family_XIII_Incertae_Sedis|g__Clostridiales_Family_XIII_Incertae_Sedis_unclassified|s__Eubacterium_infirmum|t__SGB3936	1354957	50.1000	278	6601	91.3800	6.1104	0.9977	o__Clostridiales (UID1120)	89.1800	0.7300	0.0000	79.1200	4.6000	family	0.1900	0.3200	0.0001
CMC010.B-metaspades_072	binsABC	True	False	True	True	d__Bacteria;p__Campylobacterota;c__Campylobacteria;o__Campylobacterales;f__Campylobacteraceae;g__Campylobacter_B;s__	uSGB_19308	k__Bacteria|p__Proteobacteria|c__Epsilonproteobacteria|o__Campylobacterales|f__Campylobacteraceae|g__Campylobacter|s__Campylobacter_SGB19308|t__SGB19308	1131444	48.8000	297	4366	83.9300	99.4229	0.9997	c__Epsilonproteobacteria (UID3065)	56.8500	2.2100	100.0000	51.7600	3.3400	kingdom	0.0000	0.0000	0.0047
CMC010.B-metaspades_073	binsAB	True	False	True	True	d__Bacteria;p__Actinomycetota;c__Actinomycetia;o__Actinomycetales;f__Actinomycetaceae;g__Pauljensenia;s__Pauljensenia sp000185285	kSGB_17151	k__Bacteria|p__Actinobacteria|c__Actinobacteria|o__Micrococcales|f__Dermacoccaceae|g__Kytococcus|s__Kytococcus_sedentarius|t__SGB17151	1836508	66.7000	168	15870	90.2200	72.0655	0.9991	f__Actinomycetaceae (UID1531)	86.9700	0.5900	50.0000	85.9300	0.1000	genus	0.0100	0.3200	0.0007
CMC010.B-metaspades_074	binsB	True	True	True	True	d__Bacteria;p__Bacillota_C;c__Negativicutes;o__Selenomonadales;f__Selenomonadaceae;g__Centipeda;s__Centipeda sp000286455	kSGB_5889	k__Bacteria|p__Firmicutes|c__Negativicutes|o__Selenomonadales|f__Selenomonadaceae|g__Selenomonas|s__Selenomonas_sp_FOBRC6|t__SGB5889	1995979	57.9000	106	38348	91.7500	29.5613	0.9997	f__Veillonellaceae (UID1033)	94.3200	0.6100	85.7100	84.3900	0.3800	kingdom	0.0000	0.0000	0.0011
CMC010.B-metaspades_075	binsBC	True	False	True	True	d__Bacteria;p__Pseudomonadota;c__Gammaproteobacteria;o__Cardiobacteriales;f__Cardiobacteriaceae;g__Cardiobacterium;s__Cardiobacterium sp916618745	uSGB_9415	k__Bacteria|p__Proteobacteria|c__Gammaproteobacteria|o__Cardiobacteriales|f__Cardiobacteriaceae|g__Cardiobacterium|s__Cardiobacterium_SGB9415|t__SGB9415	1937319	59.4000	366	6107	88.9900	8.6331	0.9973	k__Bacteria (UID203)	72.4100	1.7200	100.0000	69.6200	2.8400	class	0.1400	0.0500	0.0032
CMC010.B-metaspades_076	binsB	True	False	True	True	d__Bacteria;p__Campylobacterota;c__Campylobacteria;o__Campylobacterales;f__Campylobacteraceae;g__Campylobacter_A;s__	kSGB_19339	k__Bacteria|p__Proteobacteria|c__Epsilonproteobacteria|o__Campylobacterales|f__Campylobacteraceae|g__Campylobacter|s__Campylobacter_concisus|t__SGB19339	1412411	38.1000	427	3635	93.7100	10.0353	0.9978	k__Bacteria (UID203)	63.7900	3.4500	0.0000	74.8200	3.2500	kingdom	0.0000	0.0000	0.0031
CMC010.B-metaspades_077	binsBC	True	False	True	True	d__Bacteria;p__Bacteroidota;c__Bacteroidia;o__Bacteroidales;f__Bacteroidaceae;g__Prevotella;s__Prevotella conceptionensis	kSGB_1458	k__Bacteria|p__Bacteroidetes|c__Bacteroidia|o__Bacteroidales|f__Prevotellaceae|g__Prevotella|s__Prevotella_conceptionensis|t__SGB1458	3143995	47.3000	156	38669	78.1500	116.4955	0.9995	g__Prevotella (UID2724)	87.6700	0.6800	50.0000	83.3900	0.4400	kingdom	0.0000	0.0000	0.0024
CMC010.B-metaspades_078	binsB	True	False	True	True	d__Bacteria;p__Actinomycetota;c__Actinomycetia;o__Actinomycetales;f__Actinomycetaceae;g__Peptidiphaga;s__Peptidiphaga sp000466165	kSGB_15892	k__Bacteria|p__Actinobacteria|c__Actinobacteria|o__Actinomycetales|f__Actinomycetaceae|g__Actinobaculum|s__Actinobaculum_sp_oral_taxon_183|t__SGB15892	1555734	67.8000	372	4893	87.1600	19.0215	0.9985	p__Actinobacteria (UID1454)	66.9000	0.8300	0.0000	71.9900	1.4600	genus	0.1200	0.0400	0.0002
CMC010.B-metaspades_080	binsBC	True	False	True	True	d__Bacteria;p__Actinomycetota;c__Actinomycetia;o__Mycobacteriales;f__Mycobacteriaceae;g__Corynebacterium;s__Corynebacterium matruchotii	kSGB_17007	k__Bacteria|p__Actinobacteria|c__Actinobacteria|o__Corynebacteriales|f__Corynebacteriaceae|g__Corynebacterium|s__Corynebacterium_matruchotii|t__SGB17007	1689562	59.1000	212	8315	89.1500	2740.1561	0.9990	o__Actinomycetales (UID1812)	71.8200	0.4400	0.0000	74.8800	0.1700	kingdom	0.0000	0.0000	0.0043
CMC010.B-metaspades_082	binsBC	True	False	True	True	d__Bacteria;p__Bacillota_A;c__Clostridia;o__Lachnospirales;f__Lachnospiraceae;g__Stomatobaculum;s__Stomatobaculum longum	kSGB_5265	k__Bacteria|p__Firmicutes|c__Clostridia|o__Clostridiales|f__Lachnospiraceae|g__Stomatobaculum|s__Stomatobaculum_longum|t__SGB5265	1251688	57.6000	179	9340	92.1700	22.9274	0.9984	o__Clostridiales (UID1226)	72.7300	3.2600	80.0000	63.4900	1.5500	kingdom	0.0000	0.0000	0.0039
CMC010.B-metaspades_083	binsAC	True	True	True	True	d__Bacteria;p__Actinomycetota;c__Actinomycetia;o__Propionibacteriales;f__Propionibacteriaceae;g__Brooklawnia;s__	uSGB_61425	k__Bacteria|p__Actinobacteria|c__CFGB23278|o__OFGB23278|f__FGB23278|g__GGB44048|s__GGB44048_SGB61425|t__SGB61425	2489974	65.6000	201	21927	88.8800	29.7129	0.9990	o__Actinomycetales (UID1530)	95.2500	0.3300	0.0000	97.8300	0.6200	order	0.1900	0.1400	0.0001
CMC010.B-metaspades_084	binsB	True	True	True	True	d__Bacteria;p__Bacillota_A;c__Clostridia;o__Lachnospirales;f__Lachnospiraceae;g__F0428;s__F0428 sp003043955	kSGB_4479	k__Bacteria|p__Firmicutes|c__Clostridia|o__Clostridiales|f__Lachnospiraceae|g__Lachnospiraceae_unclassified|s__Lachnospiraceae_bacterium_oral_taxon_096|t__SGB4479	1607116	40.3000	120	18344	92.3600	305.5350	0.9987	o__Clostridiales (UID1226)	90.9300	0.0000	0.0000	93.5900	1.3200	class	0.2200	0.0200	0.0023
CMC010.B-metaspades_085	binsB	True	True	True	True	d__Bacteria;p__Actinomycetota;c__Actinomycetia;o__Actinomycetales;f__Actinomycetaceae;g__Peptidiphaga;s__Peptidiphaga sp905373325	uSGB_15895	k__Bacteria|p__Actinobacteria|c__Actinobacteria|o__Actinomycetales|f__Actinomycetaceae|g__Actinomyces|s__Actinomyces_SGB15895|t__SGB15895	2286428	64.9000	182	12034	85.5800	373.5907	0.9977	p__Actinobacteria (UID1454)	93.4700	0.8300	0.0000	97.3100	0.0800	genus	0.0900	0.0300	0.0040
CMC010.B-metaspades_086	binsC	False	False	True	True	d__Bacteria;p__Bacillota_A;c__Clostridia;o__Lachnospirales;f__Lachnospiraceae;g__Oribacterium;s__Oribacterium sp015258095	uSGB_5270	k__Bacteria|p__Firmicutes|c__Clostridia|o__Clostridiales|f__Lachnospiraceae|g__GGB3887|s__GGB3887_SGB5270|t__SGB5270	888956	46.8000	545	1629	92.3700	3.8138	0.9909	o__Clostridiales (UID1226)	49.4500	1.5500	75.0000	51.6300	3.7200	kingdom	0.0000	0.0000	0.0021
CMC010.B-metaspades_087	binsC	True	False	True	True	d__Bacteria;p__Bacillota_A;c__Clostridia;o__Eubacteriales;f__Eubacteriaceae;g__Pseudoramibacter;s__Pseudoramibacter alactolyticus	kSGB_4082	k__Bacteria|p__Firmicutes|c__Clostridia|o__Clostridiales|f__Eubacteriaceae|g__Pseudoramibacter|s__Pseudoramibacter_alactolyticus|t__SGB4082	1731286	53.5000	637	3122	89.8700	5.4276	0.9945	o__Clostridiales (UID1120)	84.0700	1.6200	83.3300	81.9000	4.7700	kingdom	0.0000	0.0000	0.0011
CMC010.B-metaspades_088	binsC	True	False	True	True	d__Bacteria;p__Bacillota_A;c__Clostridia;o__Peptostreptococcales;f__Anaerovoracaceae;g__Mogibacterium;s__Mogibacterium diversum	kSGB_3922	k__Bacteria|p__Firmicutes|c__Clostridia|o__Clostridiales|f__Clostridiales_Family_XIII_Incertae_Sedis|g__Mogibacterium|s__Mogibacterium_diversum|t__SGB3922	1225736	42.2000	371	4253	90.1000	12.5126	0.9964	o__Clostridiales (UID1120)	82.9100	1.4200	80.0000	80.9700	1.2600	genus	0.3900	0.0300	0.0039
CMC010.B-metaspades_089	binsC	False	False	False	False	d__Bacteria;p__Bacillota_C;c__Negativicutes;o__Selenomonadales;f__Selenomonadaceae;g__CAJPQU01;s__	uSGB_5872	k__Bacteria|p__Firmicutes|c__CFGB1714|o__OFGB1714|f__FGB1714|g__GGB4299|s__GGB4299_SGB5872|t__SGB5872	649658	55.9000	397	1580	91.6800	6.3889	0.9799	p__Firmicutes (UID1022)	37.1700	1.8600	100.0000	26.2900	0.7500	family	0.5400	0.0600	0.0089
CMC010.B-metaspades_090	binsC	True	False	True	True	d__Bacteria;p__Spirochaetota;c__Spirochaetia;o__Treponematales;f__Treponemataceae;g__Treponema_C;s__Treponema_C maltophilum	kSGB_3589	k__Bacteria|p__Spirochaetes|c__Spirochaetia|o__Spirochaetales|f__Spirochaetaceae|g__Treponema|s__Treponema_maltophilum|t__SGB3589	1165870	49.5000	663	1819	93.9300	5.0744	0.9881	f__Spirochaetaceae (UID2535)	55.2900	0.9300	100.0000	47.6600	1.6500	kingdom	0.0000	0.0000	0.0043
CMC010.B-metaspades_091	binsC	True	False	True	False	d__Bacteria;p__Bacteroidota;c__Bacteroidia;o__Bacteroidales;f__Tannerellaceae;g__Tannerella;s__Tannerella serpentiformis	kSGB_2048	k__Bacteria|p__Bacteroidetes|c__Bacteroidia|o__Bacteroidales|f__Tannerellaceae|g__Tannerella|s__Tannerella_sp_oral_taxon_HOT_286|t__SGB2048	2552599	57.8000	737	3964	86.0600	596.3342	0.9998	o__Bacteroidales (UID2621)	89.9800	4.2000	93.3300	87.7000	4.7100	kingdom	0.0000	0.0000	0.0104
CMC010.B-metaspades_092	binsC	True	False	True	True	d__Bacteria;p__Bacteroidota;c__Bacteroidia;o__Bacteroidales;f__Bacteroidaceae;g__Prevotella;s__Prevotella buccae	kSGB_1531	k__Bacteria|p__Bacteroidetes|c__Bacteroidia|o__Bacteroidales|f__Prevotellaceae|g__Prevotella|s__Prevotella_buccae|t__SGB1531	2017355	53.2000	739	3000	89.2800	5.5537	0.9898	k__Bacteria (UID203)	55.1700	0.0000	0.0000	65.7500	0.1300	kingdom	0.0000	0.0000	0.0025
CMC010.B-metaspades_093	binsC	True	False	True	False	d__Bacteria;p__Pseudomonadota;c__Gammaproteobacteria;o__Burkholderiales;f__Neisseriaceae;g__Kingella_A;s__Kingella_A denitrificans	kSGB_9437	k__Bacteria|p__Proteobacteria|c__Betaproteobacteria|o__Neisseriales|f__Neisseriaceae|g__Kingella|s__Kingella_denitrificans|t__SGB9437	1351348	56.0000	579	2629	88.2800	9.3630	0.9934	k__Bacteria (UID203)	61.8800	4.5500	80.0000	68.9500	4.5800	kingdom	0.0000	0.0000	0.0058
CMC016.B-metaspades_001	binsBC	True	True	True	True	d__Bacteria;p__Bacteroidota;c__Bacteroidia;o__Bacteroidales;f__Bacteroidaceae;g__UBA6382;s__	kSGB_1506	k__Bacteria|p__Bacteroidetes|c__Bacteroidia|o__Bacteroidales|f__Bacteroidales_unclassified|g__Bacteroidales_unclassified|s__Bacteroidales_bacterium_KA00344|t__SGB1506	2140563	44.5000	58	54189	87.7300	17.2966	0.9996	o__Bacteroidales (UID2657)	94.7800	0.0000	0.0000	91.3500	0.1400	genus	0.0100	0.4800	0.0001
CMC016.B-metaspades_002	binsB	False	False	True	True	d__Bacteria;p__Bacteroidota;c__Bacteroidia;o__Flavobacteriales;f__Flavobacteriaceae;g__Capnocytophaga;s__Capnocytophaga ochracea	kSGB_2497	k__Bacteria|p__Bacteroidetes|c__Flavobacteriia|o__Flavobacteriales|f__Flavobacteriaceae|g__Capnocytophaga|s__Capnocytophaga_ochracea|t__SGB2497	1462701	39.6000	285	4952	85.5000	47.1912	0.9977	k__Bacteria (UID203)	48.4300	0.0000	0.0000	57.2700	1.5100	kingdom	0.0000	0.0000	0.0027
CMC016.B-metaspades_003	binsABC	True	False	True	True	d__Bacteria;p__Actinomycetota;c__Coriobacteriia;o__Coriobacteriales;f__Atopobiaceae;g__Lancefieldella;s__	uSGB_62949	k__Bacteria|p__Actinobacteria|c__Coriobacteriia|o__Coriobacteriales|f__Atopobiaceae|g__Atopobium|s__Atopobium_SGB62949|t__SGB62949	1037653	48.1000	101	11440	88.7500	12.8475	0.9973	p__Actinobacteria (UID2112)	78.9000	0.0000	0.0000	72.9800	0.0800	kingdom	0.0000	0.0000	0.0017
CMC016.B-metaspades_004	binsABC	True	True	True	True	d__Bacteria;p__Actinomycetota;c__Actinomycetia;o__Actinomycetales;f__Actinomycetaceae;g__Pauljensenia;s__Pauljensenia cardiffensis	kSGB_17147	k__Bacteria|p__Actinobacteria|c__Actinobacteria|o__Actinomycetales|f__Actinomycetaceae|g__Schaalia|s__Schaalia_cardiffensis|t__SGB17147	2162458	61.4000	34	55620	85.6400	52.0382	0.9994	f__Actinomycetaceae (UID1531)	99.5300	2.2500	0.0000	99.9700	0.0500	genus	0.1100	0.0500	0.0001
CMC016.B-metaspades_005	binsABC	True	False	True	True	d__Bacteria;p__Bacillota_A;c__Clostridia;o__Lachnospirales;f__Lachnospiraceae;g__Stomatobaculum;s__Stomatobaculum longum	kSGB_5265	k__Bacteria|p__Firmicutes|c__Clostridia|o__Clostridiales|f__Lachnospiraceae|g__Stomatobaculum|s__Stomatobaculum_longum|t__SGB5265	1385748	57.0000	66	36446	91.6100	21.6303	0.9987	o__Clostridiales (UID1226)	76.1600	0.6300	0.0000	79.7000	0.8600	kingdom	0.0000	0.0000	0.0011
CMC016.B-metaspades_006	binsAC	True	True	True	True	d__Bacteria;p__Pseudomonadota;c__Gammaproteobacteria;o__Enterobacterales_A;f__Pasteurellaceae;g__Rodentibacter;s__Rodentibacter sp901420285	uSGB_9727	k__Bacteria|p__Proteobacteria|c__Gammaproteobacteria|o__Pasteurellales|f__Pasteurellaceae|g__GGB6813|s__GGB6813_SGB9727|t__SGB9727	1618408	44.5000	227	8564	87.1000	17.2057	0.9974	f__Pasteurellaceae (UID4932)	93.5500	1.8900	89.4700	93.0900	1.7300	genus	0.1300	0.3800	0.0025
CMC016.B-metaspades_007	binsC	True	True	True	True	d__Bacteria;p__Bacteroidota;c__Bacteroidia;o__Bacteroidales;f__Bacteroidaceae;g__Prevotella;s__Prevotella multiformis	kSGB_1539	k__Bacteria|p__Bacteroidetes|c__Bacteroidia|o__Bacteroidales|f__Prevotellaceae|g__Prevotella|s__Prevotella_multiformis|t__SGB1539	2683969	53.0000	98	42276	83.3800	19.0827	0.9995	g__Prevotella (UID2724)	97.6700	0.1700	100.0000	94.6000	0.1600	kingdom	0.0000	0.0000	0.0003
CMC016.B-metaspades_009	binsAC	True	False	True	True	d__Bacteria;p__Bacteroidota;c__Bacteroidia;o__Bacteroidales;f__Bacteroidaceae;g__Prevotella;s__	uSGB_63829	k__Bacteria|p__Bacteroidetes|c__Bacteroidia|o__Bacteroidales|f__Prevotellaceae|g__Prevotella|s__Prevotella_SGB63829|t__SGB63829	1346142	52.1000	325	4714	90.6700	5.7471	0.9958	k__Bacteria (UID203)	50.1100	5.1700	66.6700	52.2100	7.9100	kingdom	0.0000	0.0000	0.0013
CMC016.B-metaspades_010	binsBC	True	False	True	False	d__Bacteria;p__Bacteroidota;c__Bacteroidia;o__Bacteroidales;f__Bacteroidaceae;g__Alloprevotella;s__Alloprevotella sp015257125	uSGB_1469	k__Bacteria|p__Bacteroidetes|c__Bacteroidia|o__Bacteroidales|f__Prevotellaceae|g__GGB1144|s__GGB1144_SGB1469|t__SGB1469	1406484	56.2000	277	5737	86.9500	7.9386	0.9969	k__Bacteria (UID203)	52.9000	0.0000	0.0000	56.9500	1.1900	family	0.0400	0.0200	0.0050
CMC016.B-metaspades_011	binsBC	True	True	True	True	d__Bacteria;p__Actinomycetota;c__Actinomycetia;o__Mycobacteriales;f__Mycobacteriaceae;g__Corynebacterium;s__Corynebacterium matruchotii	kSGB_17007	k__Bacteria|p__Actinobacteria|c__Actinobacteria|o__Corynebacteriales|f__Corynebacteriaceae|g__Corynebacterium|s__Corynebacterium_matruchotii|t__SGB17007	2706063	57.4000	53	82965	87.1400	1498.5000	0.9997	o__Actinomycetales (UID1812)	98.1200	0.0000	0.0000	99.9600	0.2300	kingdom	0.0000	0.0000	0.0008
CMC016.B-metaspades_012	binsB	True	False	True	True	d__Bacteria;p__Bacillota_C;c__Negativicutes;o__Selenomonadales;f__Selenomonadaceae;g__Selenomonas;s__	uSGB_5896	k__Bacteria|p__Firmicutes|c__Negativicutes|o__Selenomonadales|f__Selenomonadaceae|g__Selenomonas|s__Selenomonas_SGB5896|t__SGB5896	1574027	57.0000	149	12105	88.2300	71.8973	0.9983	p__Firmicutes (UID1022)	64.5600	2.5300	57.1400	66.7900	2.5500	kingdom	0.0000	0.0000	0.0038
CMC016.B-metaspades_013	binsBC	True	False	True	True	d__Bacteria;p__Bacteroidota;c__Bacteroidia;o__Flavobacteriales;f__Flavobacteriaceae;g__Capnocytophaga;s__Capnocytophaga periodontitidis	kSGB_2498	k__Bacteria|p__Bacteroidetes|c__Flavobacteriia|o__Flavobacteriales|f__Flavobacteriaceae|g__Capnocytophaga|s__Capnocytophaga_sp_ChDC_OS43|t__SGB2498	2187923	39.1000	152	18798	89.9900	76.1250	0.9997	p__Bacteroidetes (UID2605)	70.0300	4.0500	73.3300	71.6700	2.8400	kingdom	0.0000	0.0000	0.0006
CMC016.B-metaspades_014	binsBC	True	False	True	True	d__Bacteria;p__Patescibacteria;c__Saccharimonadia;o__Saccharimonadales;f__Nanosynbacteraceae;g__Nanosynbacter;s__	uSGB_19848	k__Bacteria|p__Candidatus_Saccharibacteria|c__Candidatus_Saccharibacteria_unclassified|o__Candidatus_Saccharibacteria_unclassified|f__Candidatus_Saccharibacteria_unclassified|g__Candidatus_Saccharibacteria_unclassified|s__Candidatus_Saccharibacteria_unclassified_SGB19848|t__SGB19848	618804	44.9000	18	44385	93.1600	139.6722	0.9998	k__Bacteria (UID1452)	58.5200	0.4600	100.0000	83.6100	0.6600	kingdom	0.0000	0.0000	0.0001
CMC016.B-metaspades_015	binsB	True	False	True	True	d__Bacteria;p__Bacteroidota;c__Bacteroidia;o__Flavobacteriales;f__Flavobacteriaceae;g__Capnocytophaga;s__Capnocytophaga bilenii	kSGB_2489	k__Bacteria|p__Bacteroidetes|c__Flavobacteriia|o__Flavobacteriales|f__Flavobacteriaceae|g__Capnocytophaga|s__Capnocytophaga_sp_oral_taxon_332|t__SGB2489	1403646	39.9000	372	4315	93.1700	7.7153	0.9973	p__Bacteroidetes (UID2605)	63.1300	0.7300	33.3300	60.4000	0.2200	kingdom	0.0000	0.0000	0.0008
CMC016.B-metaspades_016	binsC	True	True	True	True	d__Bacteria;p__Bacteroidota;c__Bacteroidia;o__Bacteroidales;f__Porphyromonadaceae;g__Porphyromonas;s__Porphyromonas endodontalis	kSGB_2016	k__Bacteria|p__Bacteroidetes|c__Bacteroidia|o__Bacteroidales|f__Porphyromonadaceae|g__Porphyromonas|s__Porphyromonas_endodontalis|t__SGB2016	1780722	48.1000	272	9034	89.6400	6.3691	0.9975	f__Porphyromonadaceae (UID2622)	95.1300	0.6300	0.0000	92.7700	2.4500	kingdom	0.0000	0.0000	0.0001
CMC016.B-metaspades_017	binsA	True	False	True	True	d__Bacteria;p__Chloroflexota;c__Anaerolineae;o__Anaerolineales;f__Anaerolineaceae;g__Flexilinea;s__	kSGB_17621	k__Bacteria|p__Chloroflexi|c__Anaerolineae|o__Anaerolineales|f__Anaerolineaceae|g__Anaerolineaceae_unclassified|s__Anaerolineaceae_bacterium_oral_taxon_439|t__SGB17621	2312913	56.6000	595	5061	91.1300	7.6694	0.9938	k__Bacteria (UID1452)	83.6400	5.4500	42.8600	86.6900	4.9100	phylum	0.1200	0.0300	0.0034
CMC016.B-metaspades_018	binsAC	True	True	True	True	d__Bacteria;p__Actinomycetota;c__Coriobacteriia;o__Coriobacteriales;f__Eggerthellaceae;g__Cryptobacterium;s__	kSGB_962	k__Bacteria|p__Actinobacteria|c__Coriobacteriia|o__Eggerthellales|f__Eggerthellaceae|g__Cryptobacterium|s__Cryptobacterium_curtum|t__SGB962	1780402	51.3000	13	117481	88.4900	19.5385	0.9996	p__Actinobacteria (UID2112)	100.0000	0.0000	0.0000	99.7900	0.5800	genus	0.1500	0.0600	0.0000
CMC016.B-metaspades_019	binsBC	False	False	True	True	d__Bacteria;p__Bacteroidota;c__Bacteroidia;o__Bacteroidales;f__Bacteroidaceae;g__Prevotella;s__	kSGB_21553	k__Bacteria|p__Bacteroidetes|c__Bacteroidia|o__Bacteroidales|f__Prevotellaceae|g__Prevotella|s__Prevotella_sp_oral_taxon_820|t__SGB21553	1490244	47.5000	230	7238	90.3800	7.0565	0.9980	k__Bacteria (UID203)	47.4100	0.8600	100.0000	57.8300	0.1800	kingdom	0.0000	0.0000	0.0004
CMC016.B-metaspades_021	binsC	True	False	True	True	d__Bacteria;p__Pseudomonadota;c__Gammaproteobacteria;o__Burkholderiales;f__Neisseriaceae;g__Kingella_B;s__Kingella_B oralis	kSGB_9422	k__Bacteria|p__Proteobacteria|c__Betaproteobacteria|o__Neisseriales|f__Neisseriaceae|g__Kingella|s__Kingella_oralis|t__SGB9422	1953727	54.7000	410	6213	82.7500	6.1483	0.9960	f__Neisseriaceae (UID3890)	87.6000	0.8000	0.0000	87.0300	1.2100	genus	0.2000	0.0400	0.0005
CMC016.B-metaspades_022	binsAC	True	False	True	True	d__Bacteria;p__Bacillota_C;c__Negativicutes;o__Selenomonadales;f__Selenomonadaceae;g__CAJPQU01;s__CAJPQU01 sp905372875	uSGB_5873	k__Bacteria|p__Firmicutes|c__CFGB1714|o__OFGB1714|f__FGB1714|g__GGB4300|s__GGB4300_SGB5873|t__SGB5873	1719531	55.8000	76	33004	88.9200	33.0513	0.9982	p__Firmicutes (UID1022)	86.8100	0.0000	0.0000	81.9300	0.2200	class	0.1700	0.0300	0.0033
CMC016.B-metaspades_023	binsAC	True	True	True	True	d__Bacteria;p__Bacillota_A;c__Clostridia;o__Lachnospirales;f__Lachnospiraceae;g__F0428;s__F0428 sp003043955	kSGB_4479	k__Bacteria|p__Firmicutes|c__Clostridia|o__Clostridiales|f__Lachnospiraceae|g__Lachnospiraceae_unclassified|s__Lachnospiraceae_bacterium_oral_taxon_096|t__SGB4479	1692648	40.1000	121	15907	91.6300	73.8496	0.9986	o__Clostridiales (UID1226)	94.4600	0.2100	100.0000	94.3500	0.8200	class	0.1800	0.0300	0.0009
CMC016.B-metaspades_024	binsC	True	False	True	True	d__Bacteria;p__Bacillota_A;c__Clostridia;o__Lachnospirales;f__Lachnospiraceae;g__Lachnoanaerobaculum;s__	uSGB_41680	k__Bacteria|p__Firmicutes|c__Clostridia|o__Clostridiales|f__Lachnospiraceae|g__GGB28969|s__GGB28969_SGB41680|t__SGB41680	910282	49.1000	518	1810	93.0600	3.8391	0.9881	o__Clostridiales (UID1226)	53.7900	1.1200	0.0000	47.0600	0.8200	genus	0.1100	0.4600	0.0007
CMC016.B-metaspades_025	binsA	False	False	True	True	d__Bacteria;p__Bacillota_A;c__Clostridia;o__Lachnospirales;f__Lachnospiraceae;g__Stomatobaculum;s__Stomatobaculum sp916439095	uSGB_5266	k__Bacteria|p__Firmicutes|c__Clostridia|o__Clostridiales|f__Lachnospiraceae|g__Stomatobaculum|s__Stomatobaculum_SGB5266|t__SGB5266	605258	57.1000	297	2167	93.4400	5.9473	0.9923	k__Bacteria (UID203)	41.3000	0.0000	0.0000	31.3600	0.0500	kingdom	0.0000	0.0000	0.0035
CMC016.B-metaspades_026	binsB	True	True	True	True	d__Bacteria;p__Bacteroidota;c__Bacteroidia;o__Bacteroidales;f__Bacteroidaceae;g__Prevotella;s__	kSGB_1517	k__Bacteria|p__Bacteroidetes|c__Bacteroidia|o__Bacteroidales|f__Prevotellaceae|g__Prevotella|s__Prevotella_buccalis|t__SGB1517	2072663	49.3000	147	17388	89.3600	9.7313	0.9985	g__Prevotella (UID2721)	91.5600	0.3600	0.0000	82.2000	0.0300	kingdom	0.0000	0.0000	0.0001
CMC016.B-metaspades_027	binsBC	True	True	True	True	d__Bacteria;p__Campylobacterota;c__Campylobacteria;o__Campylobacterales;f__Campylobacteraceae;g__Campylobacter_A;s__	uSGB_19324	k__Bacteria|p__Proteobacteria|c__Epsilonproteobacteria|o__Campylobacterales|f__Campylobacteraceae|g__Campylobacter|s__Campylobacter_SGB19324|t__SGB19324	1877477	46.3000	182	15456	88.5700	27.5709	0.9994	c__Epsilonproteobacteria (UID3065)	96.7000	0.6300	33.3300	95.1700	0.1100	kingdom	0.0000	0.0000	0.0017
CMC016.B-metaspades_028	binsC	True	False	True	True	d__Bacteria;p__Bacillota;c__Bacilli;o__Erysipelotrichales;f__Coprobacillaceae;g__Eggerthia;s__Eggerthia catenaformis	kSGB_6630	k__Bacteria|p__Firmicutes|c__Erysipelotrichia|o__Erysipelotrichales|f__Erysipelotrichaceae|g__Eggerthia|s__Eggerthia_catenaformis|t__SGB6630	1271764	32.5000	425	3468	93.0300	7.5200	0.9983	k__Bacteria (UID2372)	87.7400	0.0000	0.0000	93.3100	0.1500	kingdom	0.0000	0.0000	0.0000
CMC016.B-metaspades_029	binsAC	True	True	True	True	d__Bacteria;p__Bacillota;c__Bacilli;o__RFN20;f__CAG-826;g__UBA4951;s__	uSGB_21000	k__Bacteria|p__Firmicutes|c__CFGB337|o__OFGB337|f__FGB337|g__GGB13646|s__GGB13646_SGB21000|t__SGB21000	1431604	45.2000	50	42171	92.3000	11.4700	0.9997	k__Bacteria (UID2329)	96.6300	2.2500	0.0000	97.0100	1.1100	genus	0.1200	0.5700	0.0000
CMC016.B-metaspades_030	binsBC	True	True	True	True	d__Bacteria;p__Bacillota_A;c__Clostridia;o__Peptostreptococcales;f__Anaerovoracaceae;g__Hornefia;s__	kSGB_3932	k__Bacteria|p__Firmicutes|c__Clostridia|o__Clostridiales|f__Clostridiales_Family_XIII_Incertae_Sedis|g__Clostridiales_Family_XIII_Incertae_Sedis_unclassified|s__Eubacterium_minutum|t__SGB3932	1551466	45.7000	103	18961	89.4600	9.1893	0.9986	o__Clostridiales (UID1120)	90.7800	0.7100	50.0000	95.2000	0.1700	genus	0.1900	0.2400	0.0004
CMC016.B-metaspades_031	binsB	True	False	True	True	d__Bacteria;p__Bacteroidota;c__Bacteroidia;o__Bacteroidales;f__Bacteroidaceae;g__Prevotella;s__Prevotella buccae	kSGB_1531	k__Bacteria|p__Bacteroidetes|c__Bacteroidia|o__Bacteroidales|f__Prevotellaceae|g__Prevotella|s__Prevotella_buccae|t__SGB1531	2062337	52.6000	127	18424	87.3700	34.4819	0.9990	g__Prevotella (UID2724)	71.5500	0.5100	50.0000	71.8300	0.7700	kingdom	0.0000	0.0000	0.0027
CMC016.B-metaspades_032	binsC	True	True	True	True	d__Bacteria;p__Bacteroidota;c__Bacteroidia;o__Bacteroidales;f__Bacteroidaceae;g__Alloprevotella;s__Alloprevotella tannerae	kSGB_1411	k__Bacteria|p__Bacteroidetes|c__Bacteroidia|o__Bacteroidales|f__Prevotellaceae|g__Alloprevotella|s__Alloprevotella_tannerae|t__SGB1411	2331170	46.8000	52	66418	83.2100	49.1558	1.0000	o__Bacteroidales (UID2657)	97.7500	1.0000	0.0000	94.2900	0.2300	genus	0.1700	0.0500	0.0002
CMC016.B-metaspades_033	binsAC	False	False	True	True	d__Bacteria;p__Bacillota_C;c__Negativicutes;o__Selenomonadales;f__Selenomonadaceae;g__CAJPQU01;s__	uSGB_5872	k__Bacteria|p__Firmicutes|c__CFGB1714|o__OFGB1714|f__FGB1714|g__GGB4299|s__GGB4299_SGB5872|t__SGB5872	738458	56.4000	203	3794	90.1100	10.1823	0.9959	p__Firmicutes (UID1022)	37.1700	2.6200	100.0000	31.2800	4.3100	family	0.2800	0.0500	0.0039
CMC016.B-metaspades_034	binsC	True	True	True	True	d__Bacteria;p__Bacteroidota;c__Bacteroidia;o__Bacteroidales;f__Porphyromonadaceae;g__Porphyromonas;s__Porphyromonas pasteri	kSGB_2043	k__Bacteria|p__Bacteroidetes|c__Bacteroidia|o__Bacteroidales|f__Porphyromonadaceae|g__Porphyromonas|s__Porphyromonas_somerae|t__SGB2043	2022754	56.0000	106	33066	86.2300	13.4491	0.9986	f__Porphyromonadaceae (UID2622)	96.7100	0.7900	100.0000	93.3800	0.4800	kingdom	0.0000	0.0000	0.0005
CMC016.B-metaspades_035	binsB	True	True	True	True	d__Bacteria;p__Bacillota_A;c__Clostridia;o__Lachnospirales;f__Lachnospiraceae;g__Lachnoanaerobaculum;s__	uSGB_4475	k__Bacteria|p__Firmicutes|c__CFGB1394|o__OFGB1394|f__FGB1394|g__GGB3387|s__GGB3387_SGB4475|t__SGB4475	2475152	36.6000	283	13569	89.4200	82.0686	0.9996	o__Clostridiales (UID1226)	94.5900	0.0000	0.0000	88.2400	0.4500	family	0.1800	0.0400	0.0009
CMC016.B-metaspades_036	binsB	True	False	True	False	d__Bacteria;p__Actinomycetota;c__Coriobacteriia;o__Coriobacteriales;f__Atopobiaceae;g__Olsenella_F;s__Olsenella_F sp001189515	kSGB_14348	k__Bacteria|p__Actinobacteria|c__Coriobacteriia|o__Coriobacteriales|f__Atopobiaceae|g__Olsenella|s__Olsenella_sp_oral_taxon_807|t__SGB14348	1525541	62.4000	300	5155	89.1000	518.3117	0.9990	p__Actinobacteria (UID2112)	71.6600	0.0000	0.0000	66.2600	0.6200	kingdom	0.0000	0.0000	0.0069
CMC016.B-metaspades_037	binsAC	True	False	True	True	d__Archaea;p__Thermoplasmatota;c__Thermoplasmata;o__Methanomassiliicoccales;f__Methanomethylophilaceae;g__Methanomethylophilus;s__	uSGB_39546	k__Archaea|p__Euryarchaeota|c__Thermoplasmata|o__Methanomassiliicoccales|f__Methanomassiliicoccaceae|g__GGB27304|s__GGB27304_SGB39546|t__SGB39546	1279747	62.4000	34	72803	88.6100	14.5265	0.9996	p__Euryarchaeota (UID3)	88.8400	2.0200	0.0000	81.3100	0.1700	phylum	0.1300	0.0300	0.0000
CMC016.B-metaspades_038	binsA	True	True	True	True	d__Bacteria;p__Bacillota;c__Bacilli;o__RFN20;f__CAG-826;g__Enteromonas;s__	uSGB_39800	k__Bacteria|p__Actinobacteria|c__CFGB8876|o__OFGB8876|f__FGB8876|g__GGB27502|s__GGB27502_SGB39800|t__SGB39800	1301634	58.2000	11	172804	89.3100	36.0727	0.9999	k__Bacteria (UID2329)	97.5900	0.0000	0.0000	93.7000	0.1000	genus	0.0400	0.5400	0.0000
CMC016.B-metaspades_039	binsABC	True	True	True	True	d__Bacteria;p__Bacteroidota;c__Bacteroidia;o__Bacteroidales;f__Bacteroidaceae;g__Prevotella;s__Prevotella sp905373605	uSGB_1462	k__Bacteria|p__Bacteroidetes|c__Bacteroidia|o__Bacteroidales|f__Prevotellaceae|g__GGB1141|s__GGB1141_SGB1462|t__SGB1462	3336642	48.9000	59	74442	81.7500	56.9966	0.9999	g__Prevotella (UID2724)	99.5300	0.0800	0.0000	93.2300	0.0100	kingdom	0.0000	0.0000	0.0001
CMC016.B-metaspades_040	binsAB	True	False	True	True	d__Bacteria;p__Spirochaetota;c__Spirochaetia;o__Treponematales;f__Treponemataceae;g__Treponema;s__	kSGB_3608	k__Bacteria|p__Spirochaetes|c__Spirochaetia|o__Spirochaetales|f__Spirochaetaceae|g__Treponema|s__Treponema_sp_OMZ_838|t__SGB3608	2343354	46.1000	182	19875	89.4600	22.1637	0.9991	f__Spirochaetaceae (UID2512)	89.9200	0.8100	0.0000	84.2600	1.1900	phylum	0.2300	0.0300	0.0008
CMC016.B-metaspades_041	binsC	True	True	True	True	d__Bacteria;p__Bacteroidota;c__Bacteroidia;o__Bacteroidales;f__Bacteroidaceae;g__Prevotella;s__Prevotella micans	kSGB_1565	k__Bacteria|p__Bacteroidetes|c__Bacteroidia|o__Bacteroidales|f__Prevotellaceae|g__Prevotella|s__Prevotella_micans|t__SGB1565	2232248	45.7000	70	33488	87.0300	54.9786	0.9995	g__Prevotella (UID2722)	98.9500	0.3600	0.0000	94.7900	0.4400	kingdom	0.0000	0.0000	0.0002
CMC016.B-metaspades_042	binsBC	True	False	True	True	d__Bacteria;p__Bacillota_A;c__Clostridia;o__Lachnospirales;f__Lachnospiraceae;g__Lachnoanaerobaculum;s__Lachnoanaerobaculum saburreum	kSGB_4481	k__Bacteria|p__Firmicutes|c__Clostridia|o__Clostridiales|f__Lachnospiraceae|g__Lachnoanaerobaculum|s__Lachnoanaerobaculum_saburreum|t__SGB4481	1863912	37.3000	204	11131	92.1100	66.2422	0.9987	o__Clostridiales (UID1226)	81.2700	2.8700	22.2200	77.9900	2.1700	genus	0.2700	0.1300	0.0031
CMC016.B-metaspades_043	binsA	True	True	True	True	d__Bacteria;p__Bacillota_A;c__Clostridia;o__Lachnospirales;f__Lachnospiraceae;g__Oribacterium;s__Oribacterium sp000160135	kSGB_7282	k__Bacteria|p__Firmicutes|c__Clostridia|o__Clostridiales|f__Lachnospiraceae|g__Oribacterium|s__Oribacterium_sp_oral_taxon_078|t__SGB7282	2599175	54.9000	53	51020	86.9300	19.9170	0.9992	o__Clostridiales (UID1226)	98.0900	2.5500	100.0000	96.1400	2.6500	kingdom	0.0000	0.0000	0.0002
CMC016.B-metaspades_044	binsBC	True	False	True	True	d__Bacteria;p__Bacteroidota;c__Bacteroidia;o__Bacteroidales;f__Bacteroidaceae;g__Prevotella;s__Prevotella koreensis	kSGB_1580	k__Bacteria|p__Bacteroidetes|c__Bacteroidia|o__Bacteroidales|f__Prevotellaceae|g__Prevotella|s__Prevotella_sp_KCOM_3155|t__SGB1580	1884900	44.5000	157	9808	85.6500	79.6389	0.9966	k__Bacteria (UID203)	72.4100	1.7200	100.0000	80.8500	1.0400	genus	0.2100	0.0300	0.0032
CMC016.B-metaspades_045	binsC	True	False	False	True	d__Bacteria;p__Bacteroidota;c__Bacteroidia;o__Bacteroidales;f__Porphyromonadaceae;g__Porphyromonas;s__Porphyromonas sp018127745	uSGB_2040	k__Bacteria|p__Bacteroidetes|c__Bacteroidia|o__Bacteroidales|f__Porphyromonadaceae|g__GGB1474|s__GGB1474_SGB2040|t__SGB2040	1269008	62.3000	628	2002	87.9600	4.8388	0.9924	f__Porphyromonadaceae (UID2622)	69.5400	3.5800	47.0600	54.7600	0.6700	family	0.4700	0.0200	0.0023
CMC016.B-metaspades_048	binsBC	True	False	True	True	d__Bacteria;p__Myxococcota;c__Bradymonadia;o__UBA4248;f__UBA4248;g__;s__	uSGB_19962	k__Bacteria|p__Proteobacteria|c__CFGB355|o__OFGB355|f__FGB355|g__GGB12842|s__GGB12842_SGB19962|t__SGB19962	2855685	53.1000	306	10611	82.2900	11.2281	0.9985	c__Deltaproteobacteria (UID3216)	73.6600	0.6500	0.0000	91.7800	2.9100	phylum	0.0500	0.3500	0.0001
CMC016.B-metaspades_050	binsAB	True	False	True	True	d__Bacteria;p__Patescibacteria;c__JAEDAM01;o__Absconditabacterales;f__Absconditicoccaceae;g__HOT-345;s__HOT-345 sp003260355	kSGB_6893	k__Bacteria|p__Bacteria_unclassified|c__Bacteria_unclassified|o__Bacteria_unclassified|f__Bacteria_unclassified|g__Bacteria_unclassified|s__SR1_bacterium_human_oral_taxon_HOT_345|t__SGB6893	1033036	38.4000	46	31026	85.7400	34.9109	0.9996	k__Bacteria (UID2329)	70.2200	2.2500	50.0000	93.7300	2.8900	family	0.2000	0.0400	0.0004
CMC016.B-metaspades_051	binsB	True	True	True	True	d__Bacteria;p__Spirochaetota;c__Spirochaetia;o__Treponematales;f__Treponemataceae;g__Treponema_D;s__	uSGB_3592	k__Bacteria|p__Spirochaetes|c__CFGB1017|o__OFGB1017|f__FGB1017|g__GGB2666|s__GGB2666_SGB3592|t__SGB3592	2297561	42.2000	182	17534	88.2600	12.2836	0.9987	f__Spirochaetaceae (UID2535)	97.2000	0.0000	0.0000	89.8200	0.9700	class	0.0500	0.0500	0.0003
CMC016.B-metaspades_052	binsBC	True	True	True	True	d__Bacteria;p__Spirochaetota;c__Spirochaetia;o__Treponematales;f__Treponemataceae;g__Treponema;s__Treponema vincentii	kSGB_3602	k__Bacteria|p__Spirochaetes|c__Spirochaetia|o__Spirochaetales|f__Spirochaetaceae|g__Treponema|s__Treponema_vincentii|t__SGB3602	2226720	46.0000	134	22881	89.7000	34.4149	0.9995	f__Spirochaetaceae (UID2512)	96.7700	0.8100	100.0000	93.3500	3.2200	kingdom	0.0000	0.0000	0.0006
CMC016.B-metaspades_053	binsA	False	False	True	True	d__Bacteria;p__Patescibacteria;c__Saccharimonadia;o__Saccharimonadales;f__Saccharimonadaceae;g__Saccharimonas;s__Saccharimonas sp018127705	uSGB_19844	k__Bacteria|p__Candidatus_Saccharibacteria|c__CFGB4356|o__OFGB4356|f__FGB4356|g__GGB12790|s__GGB12790_SGB19844|t__SGB19844	599100	48.2000	89	20471	89.9500	495.0000	0.9999	k__Bacteria (UID1453)	45.0300	0.8500	100.0000	69.6800	0.4700	phylum	0.1500	0.0500	0.0007
CMC016.B-metaspades_054	binsC	True	True	True	True	d__Bacteria;p__Bacillota_C;c__Negativicutes;o__Veillonellales;f__Megasphaeraceae;g__Anaeroglobus;s__Anaeroglobus geminatus	kSGB_5870	k__Bacteria|p__Firmicutes|c__Negativicutes|o__Veillonellales|f__Veillonellaceae|g__Anaeroglobus|s__Anaeroglobus_geminatus|t__SGB5870	1717551	49.4000	59	41723	89.9800	85.0288	0.9993	o__Selenomonadales (UID1024)	98.8000	0.0700	0.0000	98.8100	0.1500	genus	0.0100	0.1800	0.0017
CMC016.B-metaspades_055	binsBC	True	False	True	True	d__Bacteria;p__Bacteroidota;c__Bacteroidia;o__Bacteroidales;f__Bacteroidaceae;g__Prevotella;s__	uSGB_1568	k__Bacteria|p__Bacteroidetes|c__CFGB570|o__OFGB570|f__FGB570|g__GGB1203|s__GGB1203_SGB1568|t__SGB1568	1980919	42.2000	201	12469	88.2900	11.6751	0.9988	g__Prevotella (UID2724)	86.9900	1.0700	0.0000	76.8900	0.3200	family	0.0500	0.1500	0.0004
CMC016.B-metaspades_056	binsAC	True	False	True	True	d__Bacteria;p__Patescibacteria;c__Saccharimonadia;o__Saccharimonadales;f__Saccharimonadaceae;g__Saccharimonas;s__	uSGB_19838	k__Bacteria|p__Candidatus_Saccharibacteria|c__CFGB4355|o__OFGB4355|f__FGB4355|g__GGB12788|s__GGB12788_SGB19838|t__SGB19838	1020022	51.8000	11	117821	85.7900	61.4818	0.9999	k__Bacteria (UID1452)	59.4100	1.8500	0.0000	90.3000	0.3700	genus	0.0400	0.4700	0.0001
CMC016.B-metaspades_057	binsC	True	False	True	True	d__Bacteria;p__Bacillota;c__Bacilli;o__Erysipelotrichales;f__Erysipelotrichaceae;g__Bulleidia;s__Bulleidia moorei	kSGB_6826	k__Bacteria|p__Firmicutes|c__Erysipelotrichia|o__Erysipelotrichales|f__Erysipelotrichaceae|g__Solobacterium|s__Solobacterium_moorei|t__SGB6826	1397125	37.7000	260	7539	92.8200	11.1873	0.9968	k__Bacteria (UID2372)	89.5200	0.9500	100.0000	82.7800	0.1300	kingdom	0.0000	0.0000	0.0028
CMC016.B-metaspades_058	binsAB	True	True	True	True	d__Bacteria;p__Actinomycetota;c__Coriobacteriia;o__Coriobacteriales;f__Atopobiaceae;g__Olsenella;s__Olsenella uli	kSGB_14386	k__Bacteria|p__Actinobacteria|c__Coriobacteriia|o__Coriobacteriales|f__Atopobiaceae|g__Olsenella|s__Olsenella_uli|t__SGB14386	1896516	64.8000	94	24452	86.9400	23.0223	0.9980	p__Actinobacteria (UID2112)	98.1200	0.0900	100.0000	98.1400	0.9600	kingdom	0.0000	0.0000	0.0013
CMC016.B-metaspades_059	binsB	True	False	True	True	d__Bacteria;p__Actinomycetota;c__Actinomycetia;o__Actinomycetales;f__Actinomycetaceae;g__Actinomyces;s__	kSGB_15875	k__Bacteria|p__Actinobacteria|c__Actinobacteria|o__Actinomycetales|f__Actinomycetaceae|g__Actinomyces|s__Actinomyces_israelii|t__SGB15875	2978597	71.5000	589	5997	85.9400	234.5374	0.9988	f__Actinomycetaceae (UID1531)	76.4400	2.2200	50.0000	75.8500	3.6500	kingdom	0.0000	0.0000	0.0019
CMC016.B-metaspades_060	binsBC	True	False	True	True	d__Bacteria;p__Bacillota_A;c__Clostridia;o__Peptostreptococcales;f__Anaerovoracaceae;g__Eubacterium_B;s__Eubacterium_B infirmum	kSGB_3936	k__Bacteria|p__Firmicutes|c__Clostridia|o__Clostridiales|f__Clostridiales_Family_XIII_Incertae_Sedis|g__Clostridiales_Family_XIII_Incertae_Sedis_unclassified|s__Eubacterium_infirmum|t__SGB3936	1244899	41.8000	168	8842	92.5300	7.9030	0.9988	o__Clostridiales (UID1120)	80.0800	0.0000	0.0000	78.1300	0.5000	kingdom	0.0000	0.0000	0.0003
CMC016.B-metaspades_061	binsA	True	False	True	True	d__Bacteria;p__Actinomycetota;c__Actinomycetia;o__Actinomycetales;f__Actinomycetaceae;g__Actinomyces;s__	kSGB_15888	k__Bacteria|p__Actinobacteria|c__Actinobacteria|o__Actinomycetales|f__Actinomycetaceae|g__Actinomyces|s__Actinomyces_naeslundii|t__SGB15888	2393335	67.7000	386	10123	87.4700	46.5521	0.9988	k__Bacteria (UID203)	53.2200	1.7500	100.0000	61.6400	1.3400	kingdom	0.0000	0.0000	0.0022
CMC016.B-metaspades_062	binsC	True	True	True	True	d__Bacteria;p__Bacteroidota;c__Bacteroidia;o__Bacteroidales;f__Bacteroidaceae;g__Prevotella;s__Prevotella enoeca	kSGB_1527	k__Bacteria|p__Bacteroidetes|c__Bacteroidia|o__Bacteroidales|f__Prevotellaceae|g__Prevotella|s__Prevotella_enoeca|t__SGB1527	2145757	47.3000	144	21307	88.9600	9.6118	0.9987	g__Prevotella (UID2721)	95.1900	0.8000	33.3300	92.3900	0.0700	kingdom	0.0000	0.0000	0.0001
CMC016.B-metaspades_063	binsAC	True	True	True	True	d__Bacteria;p__Bacteroidota;c__Bacteroidia;o__Bacteroidales;f__Porphyromonadaceae;g__Porphyromonas;s__Porphyromonas sp000467855	kSGB_2041	k__Bacteria|p__Bacteroidetes|c__Bacteroidia|o__Bacteroidales|f__Porphyromonadaceae|g__Porphyromonas|s__Porphyromonas_sp_oral_taxon_278|t__SGB2041	2090081	55.8000	78	52431	86.4300	33.5000	0.9998	f__Porphyromonadaceae (UID2622)	98.2300	0.3400	33.3300	99.1400	0.6000	kingdom	0.0000	0.0000	0.0011
CMC016.B-metaspades_064	binsB	True	False	True	True	d__Bacteria;p__Actinomycetota;c__Actinomycetia;o__Actinomycetales;f__Actinomycetaceae;g__Actinomyces;s__Actinomyces oris	kSGB_15878	k__Bacteria|p__Actinobacteria|c__Actinobacteria|o__Actinomycetales|f__Actinomycetaceae|g__Actinomyces|s__Actinomyces_oris|t__SGB15878	2401548	69.0000	460	7058	88.0100	155.7452	0.9994	f__Actinomycetaceae (UID1531)	75.8100	2.2900	33.3300	68.8000	0.8800	kingdom	0.0000	0.0000	0.0023
CMC016.B-metaspades_065	binsC	True	False	True	True	d__Bacteria;p__Pseudomonadota;c__Gammaproteobacteria;o__Burkholderiales;f__Neisseriaceae;g__Neisseria;s__Neisseria elongata	kSGB_9447	k__Bacteria|p__Proteobacteria|c__Betaproteobacteria|o__Neisseriales|f__Neisseriaceae|g__Neisseria|s__Neisseria_elongata|t__SGB9447	1932472	55.0000	310	7572	85.4400	7.9994	0.9975	f__Neisseriaceae (UID3890)	88.3300	1.1700	40.0000	86.1100	2.4000	genus	0.3400	0.0700	0.0015
CMC016.B-metaspades_066	binsABC	True	False	True	True	d__Bacteria;p__Patescibacteria;c__Saccharimonadia;o__Saccharimonadales;f__Nanosynbacteraceae;g__VGLK01;s__	uSGB_19830	k__Bacteria|p__Firmicutes|c__CFGB4354|o__OFGB4354|f__FGB4354|g__GGB12787|s__GGB12787_SGB19830|t__SGB19830	555246	48.7000	10	71673	88.3400	30.0800	0.9999	k__Bacteria (UID1452)	57.1000	0.0000	0.0000	66.0000	0.1700	order	0.0700	0.0500	0.0005
CMC016.B-metaspades_067	binsC	True	False	False	True	d__Bacteria;p__Bacteroidota;c__Bacteroidia;o__Bacteroidales;f__Paludibacteraceae;g__F0058;s__F0058 sp000163695	kSGB_1341	k__Bacteria|p__Bacteroidetes|c__Bacteroidetes_unclassified|o__Bacteroidetes_unclassified|f__Bacteroidetes_unclassified|g__Bacteroidetes_unclassified|s__Bacteroidetes_oral_taxon_274|t__SGB1341	1404300	42.6000	340	5527	88.3300	14.8906	0.9981	k__Bacteria (UID2569)	66.0600	0.0000	0.0000	62.8600	0.2400	family	0.5800	0.0200	0.0007
CMC016.B-metaspades_068	binsB	True	False	True	True	d__Bacteria;p__Actinomycetota;c__Actinomycetia;o__Actinomycetales;f__Actinomycetaceae;g__Pauljensenia;s__Pauljensenia hongkongensis	kSGB_17148	k__Bacteria|p__Actinobacteria|c__Actinobacteria|o__Actinomycetales|f__Actinomycetaceae|g__Actinomyces|s__Actinomyces_hongkongensis|t__SGB17148	1642365	70.5000	355	5086	88.6400	140.3576	0.9984	f__Actinomycetaceae (UID1531)	62.8500	1.6300	64.7100	64.1900	2.9600	genus	0.1900	0.0800	0.0024
CMC016.B-metaspades_069	binsA	True	False	True	True	d__Bacteria;p__Patescibacteria;c__Saccharimonadia;o__Saccharimonadales;f__UBA10027;g__SDRW01;s__SDRW01 sp007845485	uSGB_19880	k__Bacteria|p__Candidatus_Saccharibacteria|c__Candidatus_Saccharibacteria_unclassified|o__Candidatus_Saccharibacteria_unclassified|f__Candidatus_Saccharibacteria_unclassified|g__GGB12793|s__GGB12793_SGB19880|t__SGB19880	397059	36.5000	112	4473	93.1800	11.6035	0.9975	k__Bacteria (UID203)	54.3100	0.0000	0.0000	55.2500	0.2500	class	0.1500	0.0300	0.0028
CMC016.B-metaspades_070	binsB	True	False	True	False	d__Bacteria;p__Spirochaetota;c__Spirochaetia;o__Treponematales;f__Treponemataceae;g__Treponema_C;s__Treponema_C maltophilum	kSGB_3589	k__Bacteria|p__Spirochaetes|c__Spirochaetia|o__Spirochaetales|f__Spirochaetaceae|g__Treponema|s__Treponema_maltophilum|t__SGB3589	1408369	49.4000	370	3619	91.6200	38.7381	0.9979	f__Spirochaetaceae (UID2535)	72.6700	0.8200	100.0000	65.8900	0.8400	kingdom	0.0000	0.0000	0.0069
CMC016.B-metaspades_071	binsAB	True	False	True	True	d__Bacteria;p__Bacillota_A;c__Clostridia;o__Lachnospirales;f__Lachnospiraceae;g__Lachnoanaerobaculum;s__	uSGB_4475	k__Bacteria|p__Firmicutes|c__CFGB1394|o__OFGB1394|f__FGB1394|g__GGB3387|s__GGB3387_SGB4475|t__SGB4475	1913935	37.0000	272	9581	89.6100	38.0460	0.9993	o__Clostridiales (UID1226)	86.0100	0.6400	100.0000	74.8700	0.3400	family	0.1200	0.0300	0.0007
CMC016.B-metaspades_072	binsC	True	False	True	True	d__Bacteria;p__Bacillota_A;c__Clostridia;o__Lachnospirales;f__Lachnospiraceae;g__Johnsonella;s__	uSGB_4474	k__Bacteria|p__Firmicutes|c__CFGB1394|o__OFGB1394|f__FGB1394|g__GGB3386|s__GGB3386_SGB4474|t__SGB4474	1443379	39.8000	369	4672	91.5800	8.6759	0.9988	o__Clostridiales (UID1226)	86.4100	0.4800	50.0000	88.2700	0.2000	kingdom	0.0000	0.0000	0.0001
CMC016.B-metaspades_073	binsAC	True	False	True	True	d__Bacteria;p__Patescibacteria;c__Saccharimonadia;o__Saccharimonadales;f__Nanosyncoccaceae;g__Nanosyncoccus;s__	uSGB_19791	k__Bacteria|p__Candidatus_Saccharibacteria|c__CFGB4342|o__OFGB4342|f__FGB4342|g__GGB12761|s__GGB12761_SGB19791|t__SGB19791	715753	38.5000	51	19394	89.5700	22.7902	0.9997	k__Bacteria (UID203)	82.6000	1.7200	100.0000	93.3700	2.2000	phylum	0.1400	0.2500	0.0002
CMC016.B-metaspades_074	binsBC	True	True	True	True	d__Bacteria;p__Bacteroidota;c__Bacteroidia;o__Bacteroidales;f__Bacteroidaceae;g__Prevotella;s__	kSGB_1528	k__Bacteria|p__Bacteroidetes|c__Bacteroidia|o__Bacteroidales|f__Prevotellaceae|g__Prevotella|s__Prevotella_oralis|t__SGB1528	2174874	44.7000	102	23994	87.9500	22.5853	0.9992	g__Prevotella (UID2721)	94.0800	1.5500	0.0000	87.7000	0.8000	kingdom	0.0000	0.0000	0.0001
CMC016.B-metaspades_075	binsBC	True	False	True	True	d__Bacteria;p__Bacillota_A;c__Clostridia;o__Peptostreptococcales;f__Anaerovoracaceae;g__Mogibacterium;s__Mogibacterium diversum	kSGB_3922	k__Bacteria|p__Firmicutes|c__Clostridia|o__Clostridiales|f__Clostridiales_Family_XIII_Incertae_Sedis|g__Mogibacterium|s__Mogibacterium_diversum|t__SGB3922	759088	43.1000	149	5983	91.9200	8.5523	0.9966	o__Clostridiales (UID1120)	50.8900	0.9500	50.0000	53.5600	0.0000	family	0.3700	0.0400	0.0019
CMC016.B-metaspades_076	binsA	True	True	True	False	d__Bacteria;p__Synergistota;c__Synergistia;o__Synergistales;f__Aminobacteriaceae;g__Fretibacterium;s__	uSGB_61573	k__Bacteria|p__Synergistetes|c__Synergistia|o__Synergistales|f__Synergistaceae|g__Fretibacterium|s__Fretibacterium_SGB61573|t__SGB61573	1846074	65.2000	399	5645	89.4800	29.2615	0.9980	k__Bacteria (UID209)	94.0700	1.6900	100.0000	91.8700	1.9400	order	0.3600	0.2000	0.0056
CMC016.B-metaspades_077	binsBC	True	False	True	True	d__Bacteria;p__Bacteroidota;c__Bacteroidia;o__Bacteroidales;f__Bacteroidaceae;g__Prevotella;s__Prevotella saccharolytica	kSGB_1454	k__Bacteria|p__Bacteroidetes|c__Bacteroidia|o__Bacteroidales|f__Prevotellaceae|g__Prevotella|s__Prevotella_saccharolytica|t__SGB1454	1502131	43.5000	214	5648	83.1400	37.8668	0.9956	g__Prevotella (UID2724)	53.6200	0.3500	50.0000	50.9800	0.0000	kingdom	0.0000	0.0000	0.0045
CMC016.B-metaspades_078	binsAB	True	False	True	True	d__Bacteria;p__Bacillota_A;c__Clostridia;o__Lachnospirales;f__Lachnospiraceae;g__Johnsonella;s__Johnsonella sp905373785	uSGB_4473	k__Bacteria|p__Firmicutes|c__CFGB1394|o__OFGB1394|f__FGB1394|g__GGB3385|s__GGB3385_SGB4473|t__SGB4473	1215910	37.6000	269	4614	87.6300	38.2699	0.9983	k__Bacteria (UID203)	54.2800	0.0000	0.0000	58.9200	0.2800	class	0.2600	0.0300	0.0034
CMC016.B-metaspades_079	binsA	True	False	True	True	d__Bacteria;p__Patescibacteria;c__Saccharimonadia;o__Saccharimonadales;f__SDRK01;g__SDRK01;s__SDRK01 sp007845205	uSGB_19820	k__Bacteria|p__Firmicutes|c__CFGB4352|o__OFGB4352|f__FGB4352|g__GGB12782|s__GGB12782_SGB19820|t__SGB19820	678330	33.8000	24	39530	90.0700	106.9208	0.9993	k__Bacteria (UID1452)	66.8200	0.0000	0.0000	91.5400	0.0800	class	0.1700	0.0600	0.0001
CMC016.B-metaspades_080	binsAC	True	True	True	True	d__Bacteria;p__Bacteroidota;c__Bacteroidia;o__Bacteroidales;f__Bacteroidaceae;g__Phocaeicola;s__Phocaeicola abscessus	kSGB_2052	k__Bacteria|p__Bacteroidetes|c__Bacteroidia|o__Bacteroidales|f__Bacteroidales_unclassified|g__Phocaeicola|s__Phocaeicola_abscessus|t__SGB2052	2367478	47.9000	35	59214	89.9100	64.9771	0.9995	o__Bacteroidales (UID2657)	95.4200	0.3700	0.0000	84.6600	0.0100	genus	0.2800	0.0300	0.0001
CMC016.B-metaspades_081	binsB	True	False	True	True	d__Bacteria;p__Bacteroidota;c__Bacteroidia;o__Bacteroidales;f__Bacteroidaceae;g__Bacteroides;s__	kSGB_21590	k__Bacteria|p__Bacteroidetes|c__Bacteroidia|o__Bacteroidales|f__Bacteroidaceae|g__Bacteroides|s__Bacteroides_zoogleoformans|t__SGB21590	1821056	51.4000	208	10436	89.1100	7.1317	0.9987	o__Bacteroidales (UID2657)	78.9500	0.0000	0.0000	74.1100	0.0400	genus	0.3700	0.0500	0.0001
CMC016.B-metaspades_082	binsABC	True	True	True	True	d__Bacteria;p__Actinomycetota;c__Actinomycetia;o__Propionibacteriales;f__Propionibacteriaceae;g__Arachnia;s__Arachnia massiliensis	kSGB_35138	k__Bacteria|p__Actinobacteria|c__Actinobacteria|o__Propionibacteriales|f__Propionibacteriaceae|g__Pseudopropionibacterium|s__Pseudopropionibacterium_massiliense|t__SGB35138	3456885	66.0000	74	74502	89.4100	79.2351	0.9997	o__Actinomycetales (UID1697)	96.7700	0.5200	0.0000	99.9900	0.1600	family	0.1500	0.0500	0.0001
CMC016.B-metaspades_083	binsC	True	True	True	True	d__Bacteria;p__Bacteroidota;c__Bacteroidia;o__Bacteroidales;f__Paludibacteraceae;g__F0058;s__F0058 sp905372605	uSGB_1343	k__Bacteria|p__Bacteroidetes|c__Bacteroidetes_unclassified|o__Bacteroidetes_unclassified|f__Bacteroidetes_unclassified|g__Bacteroidetes_unclassified|s__Bacteroidetes_unclassified_SGB1343|t__SGB1343	1887705	43.5000	248	11614	89.0900	173.4241	0.9992	k__Bacteria (UID2569)	94.0900	1.2500	66.6700	92.5400	0.2200	family	0.1900	0.0700	0.0024
CMC016.B-metaspades_084	binsAC	True	False	True	True	d__Bacteria;p__Actinomycetota;c__Actinomycetia;o__Actinomycetales;f__Micrococcaceae;g__Rothia;s__Rothia dentocariosa	kSGB_16988	k__Bacteria|p__Actinobacteria|c__Actinobacteria|o__Micrococcales|f__Micrococcaceae|g__Rothia|s__Rothia_dentocariosa|t__SGB16988	2111242	54.2000	112	27598	85.1700	130.0491	0.9987	o__Actinomycetales (UID1530)	84.5500	0.0000	0.0000	90.1500	0.0300	kingdom	0.0000	0.0000	0.0034
CMC016.B-metaspades_085	binsAC	True	False	True	True	d__Bacteria;p__Patescibacteria;c__Saccharimonadia;o__Saccharimonadales;f__Nanogingivalaceae;g__Nanogingivalis;s__	uSGB_19828	k__Bacteria|p__Candidatus_Saccharibacteria|c__Candidatus_Saccharibacteria_unclassified|o__Candidatus_Saccharibacteria_unclassified|f__Candidatus_Saccharibacteria_unclassified|g__GGB12786|s__GGB12786_SGB19828|t__SGB19828	612626	37.3000	19	48847	90.5800	84.5579	0.9985	k__Bacteria (UID1453)	63.7400	0.0000	0.0000	98.7000	0.4800	phylum	0.0400	0.1300	0.0000
CMC016.B-metaspades_086	binsB	True	False	True	True	d__Bacteria;p__Bacteroidota;c__Bacteroidia;o__Bacteroidales;f__Bacteroidaceae;g__Prevotella;s__Prevotella maculosa	kSGB_1524	k__Bacteria|p__Bacteroidetes|c__Bacteroidia|o__Bacteroidales|f__Prevotellaceae|g__Prevotella|s__Prevotella_maculosa|t__SGB1524	1729327	49.4000	183	7802	86.6100	36.0066	0.9969	k__Bacteria (UID203)	53.4500	0.0000	0.0000	62.9100	0.0000	kingdom	0.0000	0.0000	0.0039
CMC016.B-metaspades_087	binsC	True	True	True	True	d__Bacteria;p__Bacillota_A;c__Clostridia;o__Peptostreptococcales;f__Anaerovoracaceae;g__Eubacterium_B;s__	uSGB_37197	k__Bacteria|p__Firmicutes|c__CFGB8236|o__OFGB8236|f__FGB8236|g__GGB25261|s__GGB25261_SGB37197|t__SGB37197	1477590	50.0000	154	12412	91.6100	7.1623	0.9982	o__Clostridiales (UID1120)	91.8400	1.4200	33.3300	78.1600	0.5500	family	0.2000	0.3400	0.0000
CMC016.B-metaspades_088	binsABC	True	False	True	True	d__Bacteria;p__Bacteroidota;c__Bacteroidia;o__Bacteroidales;f__UBA932;g__Cryptobacteroides;s__	uSGB_20255	k__Bacteria|p__Bacteroidetes|c__CFGB653|o__OFGB653|f__FGB653|g__GGB13067|s__GGB13067_SGB20255|t__SGB20255	1170727	48.5000	42	38358	92.4300	21.6595	0.9994	p__Bacteroidetes (UID2605)	63.5900	4.2900	88.8900	59.0900	4.6200	family	0.0400	0.6200	0.0001
CMC016.B-metaspades_089	binsAC	False	False	False	True	d__Bacteria;p__Bacteroidota;c__Bacteroidia;o__Bacteroidales;f__Porphyromonadaceae;g__Porphyromonas;s__Porphyromonas sp905372565	uSGB_2039	k__Bacteria|p__Bacteroidetes|c__Bacteroidia|o__Bacteroidales|f__Porphyromonadaceae|g__GGB1473|s__GGB1473_SGB2039|t__SGB2039	895468	54.2000	521	1687	91.4600	5.0691	0.9910	f__Porphyromonadaceae (UID2622)	48.7000	1.5700	75.0000	38.9300	0.4800	family	0.6700	0.0200	0.0045
CMC016.B-metaspades_090	binsB	True	True	True	True	d__Bacteria;p__Bacteroidota;c__Bacteroidia;o__Bacteroidales;f__Bacteroidaceae;g__Prevotella;s__Prevotella sp000467895	kSGB_1547	k__Bacteria|p__Bacteroidetes|c__Bacteroidia|o__Bacteroidales|f__Prevotellaceae|g__Prevotella|s__Prevotella_sp_F0091|t__SGB1547	2784709	41.3000	97	46669	83.8800	213.3433	0.9999	g__Prevotella (UID2724)	93.0100	0.3400	100.0000	91.0400	0.1000	kingdom	0.0000	0.0000	0.0001
CMC016.B-metaspades_091	binsBC	True	False	True	True	d__Bacteria;p__Actinomycetota;c__Actinomycetia;o__Actinomycetales;f__Actinomycetaceae;g__Actinomyces;s__Actinomyces sp002999235	kSGB_15876	k__Bacteria|p__Actinobacteria|c__Actinobacteria|o__Actinomycetales|f__Actinomycetaceae|g__Actinomyces|s__Actinomyces_sp_oral_taxon_897|t__SGB15876	2530622	72.0000	480	4673	85.4100	795.0312	0.9967	f__Actinomycetaceae (UID1531)	79.4400	2.2400	37.5000	77.7900	0.6500	kingdom	0.0000	0.0000	0.0038
CMC016.B-metaspades_092	binsC	True	True	True	True	d__Bacteria;p__Bacteroidota;c__Bacteroidia;o__Bacteroidales;f__Porphyromonadaceae;g__Porphyromonas;s__Porphyromonas gingivalis	kSGB_2057	k__Bacteria|p__Bacteroidetes|c__Bacteroidia|o__Bacteroidales|f__Porphyromonadaceae|g__Porphyromonas|s__Porphyromonas_gingivalis|t__SGB2057	1980619	49.2000	220	12211	87.6500	7.4595	0.9982	f__Porphyromonadaceae (UID2622)	95.5000	0.7900	66.6700	95.7200	0.4000	kingdom	0.0000	0.0000	0.0001
CMC016.B-metaspades_093	binsA	True	False	True	True	d__Bacteria;p__Patescibacteria;c__Saccharimonadia;o__Saccharimonadales;f__Nanosyncoccaceae;g__Nanosyncoccus;s__	uSGB_19783	k__Bacteria|p__Candidatus_Saccharibacteria|c__CFGB4342|o__OFGB4342|f__FGB4342|g__GGB12760|s__GGB12760_SGB19783|t__SGB19783	560043	41.9000	51	16721	91.4800	13.7255	0.9982	k__Bacteria (UID203)	69.9100	0.0000	0.0000	77.2600	3.0200	family	0.2000	0.0800	0.0006
CMC016.B-metaspades_094	binsBC	True	False	True	True	d__Bacteria;p__Bacillota_C;c__Negativicutes;o__Veillonellales;f__Veillonellaceae;g__Veillonella;s__Veillonella parvula_A	kSGB_6939	k__Bacteria|p__Firmicutes|c__Negativicutes|o__Veillonellales|f__Veillonellaceae|g__Veillonella|s__Veillonella_parvula|t__SGB6939	1145044	39.1000	212	6042	90.5900	19.5802	0.9983	o__Selenomonadales (UID1024)	73.7700	0.6000	100.0000	61.6800	0.2100	kingdom	0.0000	0.0000	0.0029
CMC016.B-metaspades_095	binsC	True	True	True	True	d__Bacteria;p__Bacillota;c__Bacilli;o__Erysipelotrichales;f__Erysipelotrichaceae;g__Bulleidia;s__	uSGB_6840	k__Bacteria|p__Firmicutes|c__CFGB1842|o__OFGB1842|f__FGB1842|g__GGB4891|s__GGB4891_SGB6840|t__SGB6840	1236288	45.4000	267	6168	92.2800	8.6884	0.9956	k__Bacteria (UID2372)	90.3400	2.7000	50.0000	93.1100	3.8800	order	0.1900	0.2700	0.0023
CMC016.B-metaspades_096	binsBC	True	True	True	True	d__Bacteria;p__Bacteroidota;c__Bacteroidia;o__Bacteroidales;f__Bacteroidaceae;g__Prevotella;s__Prevotella seregens	kSGB_1532	k__Bacteria|p__Bacteroidetes|c__Bacteroidia|o__Bacteroidales|f__Prevotellaceae|g__Prevotella|s__Prevotella_dentalis|t__SGB1532	2711946	57.4000	58	54036	89.8200	29.6276	0.9993	g__Prevotella (UID2724)	90.7200	0.0000	0.0000	85.4600	0.5400	kingdom	0.0000	0.0000	0.0001
CMC016.B-metaspades_097	binsAC	True	False	True	False	d__Bacteria;p__Campylobacterota;c__Campylobacteria;o__Campylobacterales;f__Campylobacteraceae;g__Campylobacter_B;s__	kSGB_19300	k__Bacteria|p__Proteobacteria|c__Epsilonproteobacteria|o__Campylobacterales|f__Campylobacteraceae|g__Campylobacter|s__Campylobacter_gracilis|t__SGB19300	1422844	48.5000	588	2658	84.9100	59.0246	0.9992	c__Epsilonproteobacteria (UID3065)	67.2100	6.0900	88.8900	65.0400	4.2400	kingdom	0.0000	0.0000	0.0053
CMC016.B-metaspades_098	binsC	True	False	True	True	d__Bacteria;p__Actinomycetota;c__Coriobacteriia;o__Coriobacteriales;f__Eggerthellaceae;g__Slackia;s__Slackia exigua	kSGB_14784	k__Bacteria|p__Actinobacteria|c__Coriobacteriia|o__Eggerthellales|f__Eggerthellaceae|g__Slackia|s__Slackia_exigua|t__SGB14784	1365630	62.5000	622	2340	88.8000	4.9947	0.9926	p__Actinobacteria (UID2112)	74.4200	2.6900	50.0000	66.7600	0.8700	kingdom	0.0000	0.0000	0.0024
CMC016.B-metaspades_099	binsB	True	True	True	True	d__Bacteria;p__Bacteroidota;c__Bacteroidia;o__Bacteroidales;f__Bacteroidaceae;g__Prevotella;s__Prevotella marshii	kSGB_3323	k__Bacteria|p__Bacteroidetes|c__Bacteroidia|o__Bacteroidales|f__Prevotellaceae|g__Prevotella|s__Prevotella_marshii|t__SGB3323	2131142	47.8000	60	47197	86.2100	80.4500	0.9994	g__Prevotella (UID2724)	98.3100	0.5100	0.0000	98.7700	0.1400	kingdom	0.0000	0.0000	0.0001
CMC016.B-metaspades_100	binsB	True	False	True	True	d__Bacteria;p__Actinomycetota;c__Actinomycetia;o__Actinomycetales;f__Actinomycetaceae;g__Pauljensenia;s__	uSGB_17155	k__Bacteria|p__Actinobacteria|c__Actinobacteria|o__Actinomycetales|f__Actinomycetaceae|g__Actinomyces|s__Actinomyces_SGB17155|t__SGB17155	2257162	65.5000	283	13320	89.4000	72.1332	0.9995	k__Bacteria (UID203)	68.8900	0.0000	0.0000	87.2800	9.9200	genus	0.1200	0.1800	0.0017
CMC016.B-metaspades_101	binsC	True	True	True	True	d__Bacteria;p__Spirochaetota;c__Spirochaetia;o__Treponematales;f__Treponemataceae;g__Treponema_D;s__Treponema_D sp014334335	uSGB_3552	k__Bacteria|p__Firmicutes|c__CFGB1003|o__OFGB1003|f__FGB1003|g__GGB2633|s__GGB2633_SGB3552|t__SGB3552	2109747	38.6000	233	12035	92.8700	11.3090	0.9991	f__Spirochaetaceae (UID2535)	94.4100	0.0000	0.0000	93.7400	0.2700	phylum	0.3100	0.0800	0.0001
CMC016.B-metaspades_102	binsAC	True	False	True	True	d__Bacteria;p__Desulfobacterota;c__Desulfovibrionia;o__Desulfovibrionales;f__Desulfovibrionaceae;g__Bilophila;s__Bilophila wadsworthia	kSGB_15452	k__Bacteria|p__Proteobacteria|c__Deltaproteobacteria|o__Desulfovibrionales|f__Desulfovibrionaceae|g__Bilophila|s__Bilophila_wadsworthia|t__SGB15452	2936278	61.3000	911	3729	86.4800	4.7467	0.9956	c__Deltaproteobacteria (UID3218)	78.8800	0.1500	100.0000	72.1800	2.3400	kingdom	0.0000	0.0000	0.0004
CMC016.B-metaspades_103	binsAC	True	False	True	True	d__Bacteria;p__Bacillota_C;c__Negativicutes;o__Veillonellales;f__Dialisteraceae;g__Dialister;s__Dialister invisus	uSGB_58528	k__Bacteria|p__Firmicutes|c__CFGB12681|o__OFGB12681|f__FGB12681|g__GGB35869|s__GGB35869_SGB58528|t__SGB58528	905239	46.8000	115	9325	88.8000	25.2417	0.9987	p__Firmicutes (UID1022)	56.5400	0.0000	0.0000	56.7600	0.1200	kingdom	0.0000	0.0000	0.0048
CMC016.B-metaspades_104	binsB	False	False	True	True	d__Bacteria;p__Spirochaetota;c__Spirochaetia;o__Treponematales;f__Treponemataceae;g__Treponema_D;s__Treponema_D sp014334325	kSGB_3583	k__Bacteria|p__Spirochaetes|c__Spirochaetia|o__Spirochaetales|f__Spirochaetaceae|g__Treponema|s__Treponema_socranskii|t__SGB3583	1456823	50.3000	360	4442	90.2800	55.8939	0.9995	f__Spirochaetaceae (UID2535)	49.0700	2.1000	100.0000	45.1900	0.5700	kingdom	0.0000	0.0000	0.0044
CMC016.B-metaspades_105	binsB	True	False	True	True	d__Bacteria;p__Patescibacteria;c__Saccharimonadia;o__Saccharimonadales;f__Nanosynbacteraceae;g__Nanosynbacter;s__	uSGB_19908	k__Bacteria|p__Candidatus_Saccharibacteria|c__Candidatus_Saccharibacteria_unclassified|o__Candidatus_Saccharibacteria_unclassified|f__Candidatus_Saccharibacteria_unclassified|g__GGB12798|s__GGB12798_SGB19908|t__SGB19908	668598	47.0000	52	21348	92.5400	169.3885	0.9999	k__Bacteria (UID1452)	50.7100	2.7800	33.3300	66.4100	2.4400	order	0.3200	0.0300	0.0017
CMC016.B-metaspades_106	binsAC	True	True	True	True	d__Bacteria;p__Actinomycetota;c__Actinomycetia;o__Actinomycetales;f__Bifidobacteriaceae;g__Bifidobacterium;s__Bifidobacterium dentium	kSGB_17234	k__Bacteria|p__Actinobacteria|c__Actinobacteria|o__Bifidobacteriales|f__Bifidobacteriaceae|g__Bifidobacterium|s__Bifidobacterium_dentium|t__SGB17234	2414916	58.9000	49	66402	88.6600	17.3143	0.9989	f__Bifidobacteriaceae (UID1458)	99.5500	0.4500	0.0000	99.8900	0.4700	kingdom	0.0000	0.0000	0.0002
CMC016.B-metaspades_107	binsB	True	False	True	True	d__Bacteria;p__Bacillota_A;c__Clostridia;o__TANB77;f__CAG-508;g__CAG-793;s__	uSGB_6253	k__Bacteria|p__Firmicutes|c__CFGB1764|o__OFGB1764|f__FGB1764|g__GGB4538|s__GGB4538_SGB6253|t__SGB6253	655889	27.6000	211	3220	93.5100	18.4929	0.9982	k__Bacteria (UID2495)	68.9500	1.6500	0.0000	62.0700	0.5300	family	0.4200	0.0300	0.0003
CMC016.B-metaspades_108	binsC	True	True	True	True	d__Bacteria;p__Bacillota_A;c__Clostridia;o__Peptostreptococcales;f__Peptostreptococcaceae;g__Peptostreptococcus;s__Peptostreptococcus stomatis	kSGB_748	k__Bacteria|p__Firmicutes|c__Clostridia|o__Clostridiales|f__Peptostreptococcaceae|g__Peptostreptococcus|s__Peptostreptococcus_stomatis|t__SGB748	1367193	38.5000	421	4094	91.0800	7.5568	0.9984	o__Clostridiales (UID1120)	94.2900	0.0000	0.0000	95.6900	0.4900	kingdom	0.0000	0.0000	0.0001
CMC016.B-metaspades_109	binsAC	True	False	True	True	d__Bacteria;p__Bacteroidota;c__Bacteroidia;o__Bacteroidales;f__Bacteroidaceae;g__Prevotella;s__Prevotella conceptionensis	kSGB_1458	k__Bacteria|p__Bacteroidetes|c__Bacteroidia|o__Bacteroidales|f__Prevotellaceae|g__Prevotella|s__Prevotella_conceptionensis|t__SGB1458	3102053	47.4000	160	46239	78.9000	83.7650	0.9987	g__Prevotella (UID2724)	85.7500	0.4200	50.0000	83.2800	0.0300	kingdom	0.0000	0.0000	0.0012
CMC016.B-metaspades_110	binsBC	True	True	True	True	d__Bacteria;p__Actinomycetota;c__Actinomycetia;o__Actinomycetales;f__Actinomycetaceae;g__Peptidiphaga;s__Peptidiphaga gingivicola	kSGB_15894	k__Bacteria|p__Actinobacteria|c__Actinobacteria|o__Actinomycetales|f__Actinomycetaceae|g__Actinomycetaceae_unclassified|s__Actinomycetaceae_bacterium_BA112|t__SGB15894	2388658	64.4000	194	19703	85.8100	20.5603	0.9986	p__Actinobacteria (UID1454)	96.6700	2.0800	66.6700	94.4800	0.5400	genus	0.0600	0.0300	0.0003
CMC016.B-metaspades_111	binsC	True	False	True	True	d__Bacteria;p__Bacteroidota;c__Bacteroidia;o__Bacteroidales;f__Bacteroidaceae;g__Prevotella;s__Prevotella sp018127805	uSGB_1455	k__Bacteria|p__Bacteroidetes|c__Bacteroidia|o__Bacteroidales|f__Prevotellaceae|g__GGB1138|s__GGB1138_SGB1455|t__SGB1455	1557345	51.7000	428	4191	88.5000	5.3393	0.9971	k__Bacteria (UID203)	51.0200	0.0000	0.0000	60.1800	1.3600	kingdom	0.0000	0.0000	0.0002
CMC016.B-metaspades_112	binsC	True	False	True	True	d__Bacteria;p__Bacteroidota;c__Bacteroidia;o__Bacteroidales;f__Bacteroidaceae;g__Prevotella;s__Prevotella oulorum	kSGB_1520	k__Bacteria|p__Bacteroidetes|c__Bacteroidia|o__Bacteroidales|f__Prevotellaceae|g__Prevotella|s__Prevotella_oulorum|t__SGB1520	2114226	47.7000	276	9179	89.2900	42.0065	0.9990	k__Bacteria (UID203)	75.8600	0.0000	0.0000	82.3100	0.2500	kingdom	0.0000	0.0000	0.0037
CMC016.B-metaspades_113	binsC	False	False	True	True	d__Bacteria;p__Bacillota_A;c__Clostridia;o__Lachnospirales;f__Lachnospiraceae;g__Lachnoanaerobaculum;s__	uSGB_4485	k__Bacteria|p__Firmicutes|c__Clostridia|o__Clostridiales|f__Lachnospiraceae|g__Lachnoanaerobaculum|s__Lachnoanaerobaculum_SGB4485|t__SGB4485	1006131	39.8000	539	1909	96.0800	9.3133	0.9919	k__Bacteria (UID203)	40.9700	3.4500	100.0000	47.9600	3.2900	kingdom	0.0000	0.0000	0.0036
CMC016.B-metaspades_114	binsC	True	False	True	True	d__Bacteria;p__Bacteroidota;c__Bacteroidia;o__Bacteroidales;f__Bacteroidaceae;g__Alloprevotella;s__Alloprevotella sp916438195	uSGB_1484	k__Bacteria|p__Bacteroidetes|c__Bacteroidia|o__Bacteroidales|f__Prevotellaceae|g__Alloprevotella|s__Alloprevotella_SGB1484|t__SGB1484	1741722	47.0000	334	6129	87.3900	10.8863	0.9982	k__Bacteria (UID203)	60.3400	0.8600	0.0000	66.7700	0.5300	genus	0.3100	0.0500	0.0036
CMC020.B-metaspades_001	binsA	True	False	True	True	d__Bacteria;p__Bacteroidota;c__Bacteroidia;o__Flavobacteriales;f__Flavobacteriaceae;g__Capnocytophaga;s__	kSGB_2495	k__Bacteria|p__Bacteroidetes|c__Flavobacteriia|o__Flavobacteriales|f__Flavobacteriaceae|g__Capnocytophaga|s__Capnocytophaga_leadbetteri|t__SGB2495	1890629	41.3000	709	2923	92.0100	14.3066	0.9954	p__Bacteroidetes (UID2605)	73.4700	6.4300	71.4300	84.9000	6.3100	kingdom	0.0000	0.0000	0.0023
CMC020.B-metaspades_002	binsC	True	True	True	True	d__Bacteria;p__Bacteroidota;c__Bacteroidia;o__Bacteroidales;f__Bacteroidaceae;g__Alloprevotella;s__Alloprevotella sp905369775	uSGB_1468	k__Bacteria|p__Bacteroidetes|c__Bacteroidia|o__Bacteroidales|f__Prevotellaceae|g__GGB1144|s__GGB1144_SGB1468|t__SGB1468	2209209	56.3000	244	12705	87.0200	7.3943	0.9974	o__Bacteroidales (UID2657)	92.8100	0.9700	57.1400	87.1300	0.4700	family	0.3200	0.0400	0.0009
CMC020.B-metaspades_003	binsABC	True	False	True	True	d__Bacteria;p__Patescibacteria;c__Saccharimonadia;o__Saccharimonadales;f__Nanosynbacteraceae;g__Nanosynbacter;s__	uSGB_19908	k__Bacteria|p__Candidatus_Saccharibacteria|c__Candidatus_Saccharibacteria_unclassified|o__Candidatus_Saccharibacteria_unclassified|f__Candidatus_Saccharibacteria_unclassified|g__GGB12798|s__GGB12798_SGB19908|t__SGB19908	583164	48.6000	64	11592	91.8700	220.1266	0.9999	k__Bacteria (UID209)	56.7000	3.6700	100.0000	63.9600	7.6300	phylum	0.1800	0.0500	0.0024
CMC020.B-metaspades_004	binsAB	True	True	True	True	d__Bacteria;p__Actinomycetota;c__Actinomycetia;o__Actinomycetales;f__Actinomycetaceae;g__Peptidiphaga;s__Peptidiphaga gingivicola	kSGB_15894	k__Bacteria|p__Actinobacteria|c__Actinobacteria|o__Actinomycetales|f__Actinomycetaceae|g__Actinomycetaceae_unclassified|s__Actinomycetaceae_bacterium_BA112|t__SGB15894	1974147	65.1000	272	8008	86.3600	92.0055	0.9973	p__Actinobacteria (UID1454)	90.8300	2.5000	33.3300	81.3200	0.0600	genus	0.0100	0.0200	0.0033
CMC020.B-metaspades_005	binsC	True	True	True	True	d__Bacteria;p__Bacteroidota;c__Bacteroidia;o__Bacteroidales;f__Bacteroidaceae;g__Prevotella;s__Prevotella multiformis	kSGB_1539	k__Bacteria|p__Bacteroidetes|c__Bacteroidia|o__Bacteroidales|f__Prevotellaceae|g__Prevotella|s__Prevotella_multiformis|t__SGB1539	2428859	53.6000	172	14347	83.3000	26.0140	0.9974	g__Prevotella (UID2724)	94.7700	0.0000	0.0000	89.3000	0.2200	kingdom	0.0000	0.0000	0.0034
CMC020.B-metaspades_006	binsABC	True	True	True	True	d__Bacteria;p__Actinomycetota;c__Actinomycetia;o__Mycobacteriales;f__Mycobacteriaceae;g__Corynebacterium;s__Corynebacterium durum	kSGB_17008	k__Bacteria|p__Actinobacteria|c__Actinobacteria|o__Corynebacteriales|f__Corynebacteriaceae|g__Corynebacterium|s__Corynebacterium_durum|t__SGB17008	2735662	57.2000	61	68487	90.4400	20.0787	0.9985	o__Actinomycetales (UID1809)	97.6700	0.4500	0.0000	99.9900	0.0700	kingdom	0.0000	0.0000	0.0009
CMC020.B-metaspades_007	binsBC	True	False	True	True	d__Bacteria;p__Bacteroidota;c__Bacteroidia;o__Bacteroidales;f__Bacteroidaceae;g__Prevotella;s__Prevotella saccharolytica	kSGB_1454	k__Bacteria|p__Bacteroidetes|c__Bacteroidia|o__Bacteroidales|f__Prevotellaceae|g__Prevotella|s__Prevotella_saccharolytica|t__SGB1454	2258079	43.2000	50	69660	85.4300	70.5680	0.9999	g__Prevotella (UID2724)	78.4800	0.0000	0.0000	78.4200	0.0300	kingdom	0.0000	0.0000	0.0001
CMC020.B-metaspades_008	binsC	True	True	True	True	d__Bacteria;p__Bacillota_A;c__Clostridia;o__Lachnospirales;f__Lachnospiraceae;g__Stomatobaculum;s__Stomatobaculum longum	kSGB_5265	k__Bacteria|p__Firmicutes|c__Clostridia|o__Clostridiales|f__Lachnospiraceae|g__Stomatobaculum|s__Stomatobaculum_longum|t__SGB5265	1900521	56.4000	416	6920	90.9000	10.9161	0.9959	o__Clostridiales (UID1226)	92.6000	1.2700	50.0000	96.6500	1.7800	kingdom	0.0000	0.0000	0.0034
CMC020.B-metaspades_009	binsAC	True	False	True	True	d__Bacteria;p__Bacteroidota;c__Bacteroidia;o__Flavobacteriales;f__Flavobacteriaceae;g__Capnocytophaga;s__Capnocytophaga gingivalis	kSGB_2479	k__Bacteria|p__Bacteroidetes|c__Flavobacteriia|o__Flavobacteriales|f__Flavobacteriaceae|g__Capnocytophaga|s__Capnocytophaga_gingivalis|t__SGB2479	1016814	43.0000	518	2081	93.5100	5.0322	0.9955	p__Bacteroidetes (UID2605)	50.8000	0.0000	0.0000	45.5900	0.4600	kingdom	0.0000	0.0000	0.0008
CMC020.B-metaspades_010	binsAC	True	False	True	True	d__Bacteria;p__Pseudomonadota;c__Gammaproteobacteria;o__Enterobacterales_A;f__Pasteurellaceae;g__Rodentibacter;s__Rodentibacter sp901420285	uSGB_9727	k__Bacteria|p__Proteobacteria|c__Gammaproteobacteria|o__Pasteurellales|f__Pasteurellaceae|g__GGB6813|s__GGB6813_SGB9727|t__SGB9727	1373396	45.2000	213	7793	89.0400	13.7991	0.9977	k__Bacteria (UID203)	52.5900	6.9000	50.0000	67.8800	13.0800	genus	0.1300	0.3900	0.0021
CMC020.B-metaspades_011	binsA	False	False	True	True	d__Bacteria;p__Bacteroidota;c__Bacteroidia;o__Bacteroidales;f__Bacteroidaceae;g__Prevotella;s__Prevotella oris	kSGB_1525	k__Bacteria|p__Bacteroidetes|c__Bacteroidia|o__Bacteroidales|f__Prevotellaceae|g__Prevotella|s__Prevotella_oris|t__SGB1525	1422810	43.7000	411	4489	87.9700	10.5543	0.9958	g__Prevotella (UID2724)	46.1800	1.8000	33.3300	42.2200	1.3200	genus	0.4300	0.0200	0.0033
CMC020.B-metaspades_012	binsBC	True	False	True	True	d__Bacteria;p__Fusobacteriota;c__Fusobacteriia;o__Fusobacteriales;f__Leptotrichiaceae;g__Leptotrichia;s__Leptotrichia sp002240055	kSGB_6053	k__Bacteria|p__Fusobacteria|c__Fusobacteriia|o__Fusobacteriales|f__Leptotrichiaceae|g__Leptotrichia|s__Leptotrichia_sp_oral_taxon_498|t__SGB6053	1068939	29.4000	273	4377	89.2900	402.3055	0.9989	k__Bacteria (UID2329)	69.0800	1.1200	100.0000	71.7400	0.5400	kingdom	0.0000	0.0000	0.0035
CMC020.B-metaspades_013	binsBC	True	False	True	True	d__Bacteria;p__Actinomycetota;c__Actinomycetia;o__Actinomycetales;f__Micrococcaceae;g__Rothia;s__Rothia dentocariosa	uSGB_49305	k__Bacteria|p__Cyanobacteria|c__Cyanobacteria_unclassified|o__Synechococcales|f__Prochloraceae|g__GGB32743|s__GGB32743_SGB49305|t__SGB49305	885844	51.8000	61	9318	79.6100	143.2164	0.9964	k__Bacteria (UID203)	58.6200	0.0000	0.0000	33.4100	0.0800	kingdom	0.0000	0.0000	0.0039
CMC020.B-metaspades_014	binsB	True	False	True	True	d__Bacteria;p__Actinomycetota;c__Actinomycetia;o__Actinomycetales;f__Actinomycetaceae;g__Pauljensenia;s__Pauljensenia hongkongensis	kSGB_17148	k__Bacteria|p__Actinobacteria|c__Actinobacteria|o__Actinomycetales|f__Actinomycetaceae|g__Actinomyces|s__Actinomyces_hongkongensis|t__SGB17148	1407864	70.8000	395	3812	89.9200	106.3061	0.9985	f__Actinomycetaceae (UID1531)	60.7400	1.7000	20.0000	63.6600	0.3700	genus	0.2600	0.0800	0.0030
CMC020.B-metaspades_015	binsAC	True	True	True	False	d__Bacteria;p__Actinomycetota;c__Coriobacteriia;o__Coriobacteriales;f__Atopobiaceae;g__Olsenella_F;s__Olsenella_F sp001189515	kSGB_14348	k__Bacteria|p__Actinobacteria|c__Coriobacteriia|o__Coriobacteriales|f__Atopobiaceae|g__Olsenella|s__Olsenella_sp_oral_taxon_807|t__SGB14348	2002011	61.9000	348	6828	87.4300	84.3555	0.9988	p__Actinobacteria (UID2112)	91.9800	0.0700	0.0000	82.6000	2.5900	kingdom	0.0000	0.0000	0.0059
CMC020.B-metaspades_016	binsBC	True	False	True	True	d__Bacteria;p__Actinomycetota;c__Actinomycetia;o__Actinomycetales;f__Actinomycetaceae;g__Peptidiphaga;s__Peptidiphaga sp000466165	kSGB_15892	k__Bacteria|p__Actinobacteria|c__Actinobacteria|o__Actinomycetales|f__Actinomycetaceae|g__Actinobaculum|s__Actinobaculum_sp_oral_taxon_183|t__SGB15892	1465221	68.6000	152	8376	86.2900	154.2250	0.9969	p__Actinobacteria (UID1454)	66.4200	0.8300	0.0000	66.9900	1.0500	genus	0.1100	0.0400	0.0017
CMC020.B-metaspades_017	binsBC	True	False	True	True	d__Bacteria;p__Bacillota;c__Bacilli;o__Lactobacillales;f__Streptococcaceae;g__Streptococcus;s__	kSGB_8085	k__Bacteria|p__Firmicutes|c__Bacilli|o__Lactobacillales|f__Streptococcaceae|g__Streptococcus|s__Streptococcus_pseudopneumoniae|t__SGB8085	1447402	40.1000	211	8541	90.1900	12.7403	0.9984	k__Bacteria (UID203)	50.3100	0.0000	0.0000	65.1800	1.7000	kingdom	0.0000	0.0000	0.0014
CMC020.B-metaspades_018	binsAC	True	True	True	True	d__Bacteria;p__Bacillota_C;c__Negativicutes;o__Selenomonadales;f__Selenomonadaceae;g__AWVT01;s__AWVT01 sp916439735	uSGB_5895	k__Bacteria|p__Firmicutes|c__Negativicutes|o__Selenomonadales|f__Selenomonadaceae|g__GGB4308|s__GGB4308_SGB5895|t__SGB5895	1597749	51.3000	86	28323	90.7400	396.0012	0.9988	f__Veillonellaceae (UID1032)	97.6600	0.0800	0.0000	98.5200	0.0900	order	0.1800	0.0300	0.0029
CMC020.B-metaspades_019	binsABC	True	False	True	True	d__Bacteria;p__Pseudomonadota;c__Gammaproteobacteria;o__Enterobacterales_A;f__Pasteurellaceae;g__Aggregatibacter;s__Aggregatibacter sp000466335	kSGB_9733	k__Bacteria|p__Proteobacteria|c__Gammaproteobacteria|o__Pasteurellales|f__Pasteurellaceae|g__Aggregatibacter|s__Aggregatibacter_sp_oral_taxon_458|t__SGB9733	1580103	43.4000	167	12556	88.0000	28.6838	0.9992	f__Pasteurellaceae (UID4932)	88.6800	1.3100	71.4300	88.6500	0.5000	genus	0.2000	0.0200	0.0025
CMC020.B-metaspades_020	binsAC	True	False	True	False	d__Bacteria;p__Bacteroidota;c__Bacteroidia;o__Bacteroidales;f__Bacteroidaceae;g__Prevotella;s__Prevotella veroralis	kSGB_1541	k__Bacteria|p__Bacteroidetes|c__Bacteroidia|o__Bacteroidales|f__Prevotellaceae|g__Prevotella|s__Prevotella_veroralis|t__SGB1541	1467924	43.2000	264	5566	87.1400	66.4314	0.9982	k__Bacteria (UID203)	55.9600	0.0000	0.0000	57.5300	0.3300	kingdom	0.0000	0.0000	0.0052
CMC020.B-metaspades_021	binsC	True	True	True	True	d__Bacteria;p__Bacillota_C;c__Negativicutes;o__Selenomonadales;f__Selenomonadaceae;g__CAJPQU01;s__CAJPQU01 sp905372875	uSGB_5873	k__Bacteria|p__Firmicutes|c__CFGB1714|o__OFGB1714|f__FGB1714|g__GGB4300|s__GGB4300_SGB5873|t__SGB5873	1872544	55.5000	275	9601	90.2200	9.9112	0.9971	p__Firmicutes (UID1022)	94.6400	3.4800	62.5000	83.8200	4.6100	family	0.1900	0.0600	0.0020
CMC020.B-metaspades_022	binsAC	True	True	True	True	d__Bacteria;p__Bacillota_A;c__Clostridia;o__Lachnospirales;f__Lachnospiraceae;g__F0428;s__F0428 sp003043955	kSGB_4479	k__Bacteria|p__Firmicutes|c__Clostridia|o__Clostridiales|f__Lachnospiraceae|g__Lachnospiraceae_unclassified|s__Lachnospiraceae_bacterium_oral_taxon_096|t__SGB4479	1754300	40.2000	106	26152	93.1800	160.3509	0.9996	o__Clostridiales (UID1226)	95.8900	0.0000	0.0000	98.3500	0.5300	class	0.1400	0.0300	0.0008
CMC020.B-metaspades_023	binsABC	True	True	True	True	d__Bacteria;p__Pseudomonadota;c__Gammaproteobacteria;o__Burkholderiales;f__Burkholderiaceae_A;g__Lautropia;s__	kSGB_13165	k__Bacteria|p__Proteobacteria|c__Betaproteobacteria|o__Burkholderiales|f__Burkholderiaceae|g__Lautropia|s__Lautropia_mirabilis|t__SGB13165	3213401	65.3000	48	82347	87.6900	68.0917	0.9995	p__Proteobacteria (UID3887)	98.6600	0.1200	0.0000	98.8000	0.1200	class	0.0700	0.0300	0.0001
CMC020.B-metaspades_024	binsB	True	False	True	True	d__Bacteria;p__Bacteroidota;c__Bacteroidia;o__Bacteroidales;f__Bacteroidaceae;g__Prevotella;s__Prevotella marshii	kSGB_3323	k__Bacteria|p__Bacteroidetes|c__Bacteroidia|o__Bacteroidales|f__Prevotellaceae|g__Prevotella|s__Prevotella_marshii|t__SGB3323	1769437	48.2000	178	11508	87.8500	19.7837	0.9988	k__Bacteria (UID203)	76.9000	0.0000	0.0000	83.3200	0.0900	kingdom	0.0000	0.0000	0.0022
CMC020.B-metaspades_025	binsC	True	True	True	True	d__Bacteria;p__Bacillota;c__Bacilli;o__Lactobacillales;f__Streptococcaceae;g__Streptococcus;s__Streptococcus cristatus	kSGB_8031	k__Bacteria|p__Firmicutes|c__Bacilli|o__Lactobacillales|f__Streptococcaceae|g__Streptococcus|s__Streptococcus_cristatus|t__SGB8031	2030927	42.2000	66	44326	88.4100	163.0818	0.9997	o__Lactobacillales (UID544)	99.4700	0.1900	100.0000	99.9300	0.1600	kingdom	0.0000	0.0000	0.0002
CMC020.B-metaspades_026	binsC	True	False	True	True	d__Bacteria;p__Actinomycetota;c__Coriobacteriia;o__Coriobacteriales;f__Atopobiaceae;g__Lancefieldella;s__	uSGB_62949	k__Bacteria|p__Actinobacteria|c__Coriobacteriia|o__Coriobacteriales|f__Atopobiaceae|g__Atopobium|s__Atopobium_SGB62949|t__SGB62949	1432846	48.6000	392	4858	89.0300	10.7247	0.9944	p__Actinobacteria (UID2112)	92.9100	6.9700	90.0000	88.8900	6.7400	kingdom	0.0000	0.0000	0.0034
CMC020.B-metaspades_027	binsABC	True	False	True	True	d__Bacteria;p__Bacillota_A;c__Clostridia;o__Lachnospirales;f__Lachnospiraceae;g__Oribacterium;s__Oribacterium sp000160135	kSGB_7282	k__Bacteria|p__Firmicutes|c__Clostridia|o__Clostridiales|f__Lachnospiraceae|g__Oribacterium|s__Oribacterium_sp_oral_taxon_078|t__SGB7282	1876822	56.4000	132	8289	83.1800	36.2364	0.9946	o__Clostridiales (UID1226)	83.9300	0.6400	100.0000	87.6300	0.2600	kingdom	0.0000	0.0000	0.0028
CMC020.B-metaspades_029	binsAC	True	False	True	False	d__Bacteria;p__Bacillota_C;c__Negativicutes;o__Selenomonadales;f__Selenomonadaceae;g__Selenomonas;s__Selenomonas sputigena	kSGB_5898	k__Bacteria|p__Firmicutes|c__Negativicutes|o__Selenomonadales|f__Selenomonadaceae|g__Selenomonas|s__Selenomonas_sputigena|t__SGB5898	1031902	60.1000	303	3727	92.5600	60.2997	0.9988	p__Firmicutes (UID1022)	60.9500	0.0200	100.0000	58.9200	0.0100	kingdom	0.0000	0.0000	0.0084
CMC020.B-metaspades_030	binsAC	True	False	True	True	d__Bacteria;p__Bacteroidota;c__Bacteroidia;o__Flavobacteriales;f__Flavobacteriaceae;g__Capnocytophaga;s__Capnocytophaga granulosa	kSGB_2483	k__Bacteria|p__Bacteroidetes|c__Flavobacteriia|o__Flavobacteriales|f__Flavobacteriaceae|g__Capnocytophaga|s__Capnocytophaga_granulosa|t__SGB2483	1816037	43.5000	414	4753	89.4900	71.7621	0.9986	p__Bacteroidetes (UID2605)	82.4100	1.8000	75.0000	76.0600	0.9400	kingdom	0.0000	0.0000	0.0030
CMC020.B-metaspades_031	binsB	True	False	True	True	d__Bacteria;p__Actinomycetota;c__Actinomycetia;o__Actinomycetales;f__Actinomycetaceae;g__Pauljensenia;s__Pauljensenia sp000185285	kSGB_17151	k__Bacteria|p__Actinobacteria|c__Actinobacteria|o__Micrococcales|f__Dermacoccaceae|g__Kytococcus|s__Kytococcus_sedentarius|t__SGB17151	2065882	66.8000	234	12760	89.9100	28.5855	0.9986	f__Actinomycetaceae (UID1531)	89.5200	0.4700	0.0000	89.3300	1.0200	genus	0.0200	0.3300	0.0004
CMC020.B-metaspades_032	binsC	True	True	True	True	d__Bacteria;p__Pseudomonadota;c__Gammaproteobacteria;o__Cardiobacteriales;f__Cardiobacteriaceae;g__Cardiobacterium;s__	kSGB_9416	k__Bacteria|p__Proteobacteria|c__Gammaproteobacteria|o__Cardiobacteriales|f__Cardiobacteriaceae|g__Cardiobacterium|s__Cardiobacterium_valvarum|t__SGB9416	2568541	60.5000	259	16405	88.4200	13.2625	0.9974	c__Gammaproteobacteria (UID4201)	93.3800	1.9600	50.0000	85.2400	1.3800	genus	0.1000	0.0300	0.0008
CMC020.B-metaspades_033	binsC	True	True	True	True	d__Bacteria;p__Pseudomonadota;c__Gammaproteobacteria;o__Burkholderiales;f__Neisseriaceae;g__Kingella_B;s__	uSGB_9438	k__Bacteria|p__Proteobacteria|c__Betaproteobacteria|o__Neisseriales|f__Neisseriaceae|g__GGB6679|s__GGB6679_SGB9438|t__SGB9438	2058547	55.5000	239	11365	83.2400	10.4402	0.9979	f__Neisseriaceae (UID3890)	93.0200	0.5100	66.6700	95.0200	0.4200	class	0.1700	0.0400	0.0004
CMC020.B-metaspades_034	binsB	True	False	True	False	d__Bacteria;p__Patescibacteria;c__JAEDAM01;o__Absconditabacterales;f__Absconditicoccaceae;g__HOT-345;s__HOT-345 sp003260355	kSGB_6893	k__Bacteria|p__Bacteria_unclassified|c__Bacteria_unclassified|o__Bacteria_unclassified|f__Bacteria_unclassified|g__Bacteria_unclassified|s__SR1_bacterium_human_oral_taxon_HOT_345|t__SGB6893	772528	38.4000	169	4245	85.7000	15.1264	0.9976	k__Bacteria (UID2329)	62.5100	3.3700	0.0000	79.2500	1.9300	phylum	0.0700	0.1600	0.0050
CMC020.B-metaspades_035	binsABC	True	True	True	True	d__Bacteria;p__Bacteroidota;c__Bacteroidia;o__Bacteroidales;f__Porphyromonadaceae;g__Porphyromonas;s__Porphyromonas sp000467855	kSGB_2041	k__Bacteria|p__Bacteroidetes|c__Bacteroidia|o__Bacteroidales|f__Porphyromonadaceae|g__Porphyromonas|s__Porphyromonas_sp_oral_taxon_278|t__SGB2041	1988422	55.9000	54	47710	85.8800	23.6444	0.9992	f__Porphyromonadaceae (UID2622)	95.3100	0.1800	50.0000	89.4900	0.5900	kingdom	0.0000	0.0000	0.0005
CMC020.B-metaspades_036	binsC	True	False	True	True	d__Bacteria;p__Bacillota_A;c__Clostridia;o__Lachnospirales;f__Lachnospiraceae;g__Johnsonella;s__	uSGB_4474	k__Bacteria|p__Firmicutes|c__CFGB1394|o__OFGB1394|f__FGB1394|g__GGB3386|s__GGB3386_SGB4474|t__SGB4474	821438	40.7000	487	1714	93.4000	4.3080	0.9952	o__Clostridiales (UID1226)	54.8900	0.0200	0.0000	54.2900	0.3000	kingdom	0.0000	0.0000	0.0003
CMC020.B-metaspades_037	binsBC	True	True	True	True	d__Bacteria;p__Actinomycetota;c__Actinomycetia;o__Mycobacteriales;f__Mycobacteriaceae;g__Corynebacterium;s__Corynebacterium matruchotii	kSGB_17007	k__Bacteria|p__Actinobacteria|c__Actinobacteria|o__Corynebacteriales|f__Corynebacteriaceae|g__Corynebacterium|s__Corynebacterium_matruchotii|t__SGB17007	2714422	57.4000	81	47464	86.9700	1636.5309	0.9988	o__Actinomycetales (UID1812)	97.6800	0.0000	0.0000	99.9500	0.3200	kingdom	0.0000	0.0000	0.0018
CMC020.B-metaspades_038	binsA	True	True	True	True	d__Bacteria;p__Bacteroidota;c__Bacteroidia;o__Bacteroidales;f__Bacteroidaceae;g__Prevotella;s__Prevotella conceptionensis	kSGB_1458	k__Bacteria|p__Bacteroidetes|c__Bacteroidia|o__Bacteroidales|f__Prevotellaceae|g__Prevotella|s__Prevotella_conceptionensis|t__SGB1458	3348794	47.6000	276	34698	79.6500	223.8196	0.9995	g__Prevotella (UID2724)	92.3200	0.4000	75.0000	90.4600	0.0700	kingdom	0.0000	0.0000	0.0012
CMC020.B-metaspades_039	binsAC	False	False	True	True	d__Bacteria;p__Bacteroidota;c__Bacteroidia;o__Bacteroidales;f__Bacteroidaceae;g__Prevotella;s__Prevotella pallens	kSGB_1564	k__Bacteria|p__Bacteroidetes|c__Bacteroidia|o__Bacteroidales|f__Prevotellaceae|g__Prevotella|s__Prevotella_pallens|t__SGB1564	975224	39.4000	168	6465	83.7400	35.7869	0.9987	g__Prevotella (UID2724)	39.1100	1.5200	80.0000	41.2300	0.1600	kingdom	0.0000	0.0000	0.0034
CMC020.B-metaspades_040	binsABC	True	False	False	True	d__Bacteria;p__Bacillota_C;c__Negativicutes;o__Selenomonadales;f__Selenomonadaceae;g__Centipeda;s__Centipeda flueggei	kSGB_5882	k__Bacteria|p__Firmicutes|c__Negativicutes|o__Selenomonadales|f__Selenomonadaceae|g__Selenomonas|s__Selenomonas_flueggei|t__SGB5882	1252654	57.2000	138	10626	91.6100	61.6116	0.9992	k__Bacteria (UID203)	57.2400	0.0000	0.0000	56.1500	0.7100	genus	0.6200	0.0400	0.0030
CMC020.B-metaspades_041	binsC	True	False	True	False	d__Bacteria;p__Actinomycetota;c__Actinomycetia;o__Actinomycetales;f__Actinomycetaceae;g__Actinomyces;s__Actinomyces sp002999235	kSGB_15876	k__Bacteria|p__Actinobacteria|c__Actinobacteria|o__Actinomycetales|f__Actinomycetaceae|g__Actinomyces|s__Actinomyces_sp_oral_taxon_897|t__SGB15876	2686039	71.6000	789	3669	85.4600	97.1450	0.9976	f__Actinomycetaceae (UID1531)	81.8700	1.8200	50.0000	81.0100	1.4900	order	0.2000	0.0200	0.0057
CMC020.B-metaspades_042	binsB	True	False	True	True	d__Bacteria;p__Bacillota;c__Bacilli;o__Erysipelotrichales;f__Erysipelotrichaceae;g__Bulleidia;s__	uSGB_65199	k__Bacteria|p__Firmicutes|c__Erysipelotrichia|o__Erysipelotrichales|f__Erysipelotrichaceae|g__Solobacterium|s__Solobacterium_SGB65199|t__SGB65199	1087694	37.3000	274	4361	92.8100	7.8153	0.9962	k__Bacteria (UID203)	51.7200	0.0000	0.0000	56.5600	1.4500	family	0.3400	0.0300	0.0032
CMC020.B-metaspades_044	binsBC	False	False	True	True	d__Bacteria;p__Actinomycetota;c__Actinomycetia;o__Actinomycetales;f__Actinomycetaceae;g__Actinomyces;s__Actinomyces gerencseriae	kSGB_15874	k__Bacteria|p__Actinobacteria|c__Actinobacteria|o__Actinomycetales|f__Actinomycetaceae|g__Actinomyces|s__Actinomyces_gerencseriae|t__SGB15874	1445008	70.1000	119	12929	87.2900	140.0639	0.9993	f__Actinomycetaceae (UID1531)	49.6100	1.7100	100.0000	50.2900	1.6800	kingdom	0.0000	0.0000	0.0015
CMC020.B-metaspades_045	binsBC	True	False	False	True	d__Bacteria;p__Patescibacteria;c__Saccharimonadia;o__Saccharimonadales;f__Saccharimonadaceae;g__Saccharimonas;s__	uSGB_19846	k__Bacteria|p__Candidatus_Saccharibacteria|c__CFGB4356|o__OFGB4356|f__FGB4356|g__GGB12790|s__GGB12790_SGB19846|t__SGB19846	538974	50.3000	79	7081	90.7500	20.3139	0.9992	k__Bacteria (UID209)	57.0100	3.3900	100.0000	67.6800	7.2400	order	0.5000	0.0300	0.0011
CMC020.B-metaspades_046	binsAC	True	False	True	False	d__Bacteria;p__Pseudomonadota;c__Gammaproteobacteria;o__Burkholderiales;f__Neisseriaceae;g__Neisseria;s__	kSGB_9467	k__Bacteria|p__Proteobacteria|c__Betaproteobacteria|o__Neisseriales|f__Neisseriaceae|g__Neisseria|s__Neisseria_sicca|t__SGB9467	1667297	51.4000	879	1974	83.6700	5.9000	0.9880	f__Neisseriaceae (UID3890)	54.3500	8.0800	65.2200	67.1400	5.2900	kingdom	0.0000	0.0000	0.0102
CMC020.B-metaspades_047	binsAC	True	False	True	True	d__Bacteria;p__Bacillota_C;c__Negativicutes;o__Selenomonadales;f__Selenomonadaceae;g__Centipeda;s__Centipeda noxia	kSGB_5884	k__Bacteria|p__Firmicutes|c__Negativicutes|o__Selenomonadales|f__Selenomonadaceae|g__Selenomonas|s__Selenomonas_noxia|t__SGB5884	1273203	58.1000	67	26386	91.1700	274.4194	0.9993	f__Veillonellaceae (UID1033)	54.7100	0.0000	0.0000	61.0900	0.7800	kingdom	0.0000	0.0000	0.0023
CMC020.B-metaspades_048	binsB	True	False	True	True	d__Bacteria;p__Bacteroidota;c__Bacteroidia;o__Flavobacteriales;f__Flavobacteriaceae;g__Capnocytophaga;s__Capnocytophaga ochracea	kSGB_2497	k__Bacteria|p__Bacteroidetes|c__Flavobacteriia|o__Flavobacteriales|f__Flavobacteriaceae|g__Capnocytophaga|s__Capnocytophaga_ochracea|t__SGB2497	1583985	39.6000	299	5202	85.5100	68.2104	0.9975	k__Bacteria (UID203)	53.9200	0.0000	0.0000	64.9200	0.3000	kingdom	0.0000	0.0000	0.0036
CMC020.B-metaspades_049	binsAC	True	False	True	True	d__Bacteria;p__Bacillota_A;c__Clostridia;o__Lachnospirales;f__Lachnospiraceae;g__Lachnoanaerobaculum;s__Lachnoanaerobaculum saburreum	kSGB_4481	k__Bacteria|p__Firmicutes|c__Clostridia|o__Clostridiales|f__Lachnospiraceae|g__Lachnoanaerobaculum|s__Lachnoanaerobaculum_saburreum|t__SGB4481	1889094	37.3000	235	10268	91.2300	160.1238	0.9990	o__Clostridiales (UID1226)	89.4900	0.3200	100.0000	89.5900	0.1700	genus	0.3400	0.1400	0.0038
CMC020.B-metaspades_050	binsBC	True	False	True	True	d__Bacteria;p__Bacillota_C;c__Negativicutes;o__Selenomonadales;f__Selenomonadaceae;g__Centipeda;s__	uSGB_5876	k__Bacteria|p__Firmicutes|c__Negativicutes|o__Selenomonadales|f__Selenomonadaceae|g__GGB4303|s__GGB4303_SGB5876|t__SGB5876	1305221	51.3000	75	24672	91.4100	92.1520	0.9993	k__Bacteria (UID203)	53.4500	0.0000	0.0000	51.9800	0.1000	genus	0.0500	0.1200	0.0032
CMC020.B-metaspades_051	binsBC	True	False	True	True	d__Bacteria;p__Bacillota_A;c__Clostridia;o__Peptostreptococcales;f__Anaerovoracaceae;g__Mogibacterium;s__Mogibacterium diversum	kSGB_3922	k__Bacteria|p__Firmicutes|c__Clostridia|o__Clostridiales|f__Clostridiales_Family_XIII_Incertae_Sedis|g__Mogibacterium|s__Mogibacterium_diversum|t__SGB3922	942988	41.8000	168	6223	90.3900	13.3304	0.9978	o__Clostridiales (UID1120)	70.8300	0.7100	100.0000	65.9700	0.0000	family	0.3500	0.0300	0.0027
CMC020.B-metaspades_052	binsABC	True	False	True	True	d__Bacteria;p__Actinomycetota;c__Actinomycetia;o__Propionibacteriales;f__Propionibacteriaceae;g__Arachnia;s__Arachnia sp013333945	uSGB_15899	k__Bacteria|p__Actinobacteria|c__Actinobacteria|o__Propionibacteriales|f__Propionibacteriaceae|g__Pseudopropionibacterium|s__Pseudopropionibacterium_SGB15899|t__SGB15899	1892730	62.9000	172	19429	90.4600	42.6407	0.9996	o__Actinomycetales (UID1697)	68.7600	2.3900	100.0000	65.8500	1.0600	family	0.2500	0.0400	0.0029
CMC020.B-metaspades_053	binsABC	True	False	True	True	d__Bacteria;p__Actinomycetota;c__Actinomycetia;o__Propionibacteriales;f__Propionibacteriaceae;g__Arachnia;s__Arachnia propionica	kSGB_15897	k__Bacteria|p__Actinobacteria|c__Actinobacteria|o__Propionibacteriales|f__Propionibacteriaceae|g__Pseudopropionibacterium|s__Pseudopropionibacterium_propionicum|t__SGB15897	1793082	66.4000	268	7940	90.4600	39.7996	0.9995	o__Actinomycetales (UID1697)	55.6300	4.1000	85.7100	56.1100	2.5400	family	0.1900	0.0200	0.0037
CMC020.B-metaspades_054	binsC	True	True	False	False	d__Bacteria;p__Bacteroidota;c__Bacteroidia;o__Bacteroidales;f__Paludibacteraceae;g__F0058;s__F0058 sp905372605	uSGB_1343	k__Bacteria|p__Bacteroidetes|c__Bacteroidetes_unclassified|o__Bacteroidetes_unclassified|f__Bacteroidetes_unclassified|g__Bacteroidetes_unclassified|s__Bacteroidetes_unclassified_SGB1343|t__SGB1343	1743986	43.9000	273	7578	88.9500	61.9807	0.9983	k__Bacteria (UID2569)	91.3100	0.0000	0.0000	93.9500	0.5600	family	0.5100	0.0400	0.0051
CMC020.B-metaspades_055	binsAC	True	False	True	True	d__Bacteria;p__Bacteroidota;c__Bacteroidia;o__Bacteroidales;f__Porphyromonadaceae;g__Porphyromonas;s__Porphyromonas sp905372565	uSGB_2039	k__Bacteria|p__Bacteroidetes|c__Bacteroidia|o__Bacteroidales|f__Porphyromonadaceae|g__GGB1473|s__GGB1473_SGB2039|t__SGB2039	1275740	52.2000	423	3201	86.3800	9.9948	0.9944	f__Porphyromonadaceae (UID2622)	64.3200	5.0600	84.2100	59.9100	3.2300	family	0.3600	0.0200	0.0035
CMC020.B-metaspades_056	binsC	True	False	True	True	d__Bacteria;p__Bacillota_C;c__Negativicutes;o__Veillonellales;f__Dialisteraceae;g__Dialister;s__Dialister invisus	uSGB_58528	k__Bacteria|p__Firmicutes|c__CFGB12681|o__OFGB12681|f__FGB12681|g__GGB35869|s__GGB35869_SGB58528|t__SGB58528	1517870	45.9000	423	4593	89.6000	11.6298	0.9964	p__Firmicutes (UID1022)	89.8700	1.9000	60.0000	86.4400	2.9500	kingdom	0.0000	0.0000	0.0043
CMC020.B-metaspades_057	binsC	True	True	True	True	d__Bacteria;p__Bacillota_C;c__Negativicutes;o__Veillonellales;f__Veillonellaceae;g__Veillonella;s__Veillonella parvula_A	kSGB_6939	k__Bacteria|p__Firmicutes|c__Negativicutes|o__Veillonellales|f__Veillonellaceae|g__Veillonella|s__Veillonella_parvula|t__SGB6939	1753851	39.1000	333	8350	88.5300	128.2195	0.9988	o__Selenomonadales (UID1024)	93.8600	0.7500	66.6700	83.7800	0.9900	kingdom	0.0000	0.0000	0.0032
CMC020.B-metaspades_058	binsC	True	False	True	True	d__Bacteria;p__Bacillota_A;c__Clostridia;o__Lachnospirales;f__Lachnospiraceae;g__Oribacterium;s__Oribacterium sp015258095	uSGB_5270	k__Bacteria|p__Firmicutes|c__Clostridia|o__Clostridiales|f__Lachnospiraceae|g__GGB3887|s__GGB3887_SGB5270|t__SGB5270	1107177	46.6000	615	1820	91.9700	4.3720	0.9907	o__Clostridiales (UID1226)	59.6200	2.1200	75.0000	59.5200	3.7500	kingdom	0.0000	0.0000	0.0028
CMC020.B-metaspades_059	binsBC	True	False	True	True	d__Bacteria;p__Bacillota;c__Bacilli;o__Lactobacillales;f__Aerococcaceae;g__Granulicatella;s__Granulicatella adiacens	kSGB_8249	k__Bacteria|p__Firmicutes|c__Bacilli|o__Lactobacillales|f__Carnobacteriaceae|g__Granulicatella|s__Granulicatella_adiacens|t__SGB8249	1258538	38.2000	214	6661	89.0000	12.1953	0.9974	o__Lactobacillales (UID355)	80.8000	2.3700	100.0000	69.3100	0.8000	family	0.1100	0.2300	0.0029
CMC020.B-metaspades_060	binsB	True	False	True	True	d__Bacteria;p__Actinomycetota;c__Actinomycetia;o__Actinomycetales;f__Actinomycetaceae;g__Pauljensenia;s__	uSGB_17154	k__Bacteria|p__Actinobacteria|c__Actinobacteria|o__Actinomycetales|f__Actinomycetaceae|g__Actinomyces|s__Actinomyces_SGB17154|t__SGB17154	1853637	65.3000	269	9801	88.9500	18.1493	0.9974	f__Actinomycetaceae (UID1531)	85.8800	1.4200	33.3300	83.4500	1.9200	genus	0.0800	0.2900	0.0024
CMC020.B-metaspades_061	binsB	True	False	True	True	d__Bacteria;p__Bacteroidota;c__Bacteroidia;o__Bacteroidales;f__Bacteroidaceae;g__Prevotella;s__Prevotella salivae	kSGB_1522	k__Bacteria|p__Bacteroidetes|c__Bacteroidia|o__Bacteroidales|f__Prevotellaceae|g__Prevotella|s__Prevotella_salivae|t__SGB1522	2154160	41.9000	329	7323	87.4200	21.0052	0.9984	g__Prevotella (UID2724)	78.1700	1.3500	22.2200	75.7700	1.4100	kingdom	0.0000	0.0000	0.0034
CMC020.B-metaspades_062	binsAC	True	False	True	True	d__Bacteria;p__Bacteroidota;c__Bacteroidia;o__Bacteroidales;f__Bacteroidaceae;g__Prevotella;s__Prevotella maculosa	kSGB_1524	k__Bacteria|p__Bacteroidetes|c__Bacteroidia|o__Bacteroidales|f__Prevotellaceae|g__Prevotella|s__Prevotella_maculosa|t__SGB1524	1998697	49.6000	230	7504	89.0900	90.3183	0.9979	g__Prevotella (UID2724)	75.7200	1.0100	50.0000	75.5100	1.1000	kingdom	0.0000	0.0000	0.0046
CMC020.B-metaspades_063	binsABC	True	False	True	True	d__Bacteria;p__Patescibacteria;c__Saccharimonadia;o__Saccharimonadales;f__Nanosynbacteraceae;g__VGLK01;s__	uSGB_19830	k__Bacteria|p__Firmicutes|c__CFGB4354|o__OFGB4354|f__FGB4354|g__GGB12787|s__GGB12787_SGB19830|t__SGB19830	679354	48.7000	34	33681	88.1500	22.4176	0.9984	k__Bacteria (UID1453)	60.9700	0.8500	0.0000	85.4200	0.1600	order	0.2700	0.0400	0.0022
CMC020.B-metaspades_064	binsC	True	False	False	True	d__Bacteria;p__Spirochaetota;c__Spirochaetia;o__Treponematales;f__Treponemataceae;g__Treponema_D;s__Treponema_D sp014334335	uSGB_3552	k__Bacteria|p__Firmicutes|c__CFGB1003|o__OFGB1003|f__FGB1003|g__GGB2633|s__GGB2633_SGB3552|t__SGB3552	1211847	39.6000	674	1865	94.2000	4.0430	0.9930	f__Spirochaetaceae (UID2535)	63.0400	2.1000	33.3300	52.4000	0.0700	phylum	0.5900	0.0900	0.0005
CMC020.B-metaspades_065	binsBC	True	False	True	True	d__Bacteria;p__Bacteroidota;c__Bacteroidia;o__Bacteroidales;f__Bacteroidaceae;g__Prevotella;s__	uSGB_1567	k__Bacteria|p__Bacteroidetes|c__CFGB570|o__OFGB570|f__FGB570|g__GGB1202|s__GGB1202_SGB1567|t__SGB1567	1844455	45.9000	162	15434	87.7200	23.9716	0.9992	k__Bacteria (UID203)	68.9700	0.0000	0.0000	71.1000	0.3800	family	0.0200	0.1300	0.0020
CMC020.B-metaspades_066	binsB	True	True	True	True	d__Bacteria;p__Bacteroidota;c__Bacteroidia;o__Bacteroidales;f__Bacteroidaceae;g__Prevotella;s__Prevotella micans	kSGB_1565	k__Bacteria|p__Bacteroidetes|c__Bacteroidia|o__Bacteroidales|f__Prevotellaceae|g__Prevotella|s__Prevotella_micans|t__SGB1565	2019835	45.6000	115	14760	87.3800	31.2530	0.9988	g__Prevotella (UID2722)	97.2100	0.1800	0.0000	96.0100	0.0400	kingdom	0.0000	0.0000	0.0021
CMC020.B-metaspades_067	binsB	True	False	True	True	d__Bacteria;p__Patescibacteria;c__Saccharimonadia;o__Saccharimonadales;f__Nanosyncoccaceae;g__Nanosyncoccus;s__Nanosyncoccus sp905372495	uSGB_19792	k__Bacteria|p__Candidatus_Saccharibacteria|c__CFGB4342|o__OFGB4342|f__FGB4342|g__GGB12762|s__GGB12762_SGB19792|t__SGB19792	658270	39.8000	48	19677	90.9900	23.1583	1.0000	k__Bacteria (UID2495)	77.5300	0.0000	0.0000	90.3900	0.2500	genus	0.1700	0.1500	0.0002
CMC020.B-metaspades_068	binsAC	True	False	True	True	d__Bacteria;p__Bacteroidota;c__Bacteroidia;o__Bacteroidales;f__Porphyromonadaceae;g__Porphyromonas;s__Porphyromonas endodontalis	kSGB_2016	k__Bacteria|p__Bacteroidetes|c__Bacteroidia|o__Bacteroidales|f__Porphyromonadaceae|g__Porphyromonas|s__Porphyromonas_endodontalis|t__SGB2016	1559111	48.4000	504	3725	90.0900	7.4712	0.9944	f__Porphyromonadaceae (UID2622)	84.3000	4.5800	76.1900	76.0800	4.5900	kingdom	0.0000	0.0000	0.0030
CMC020.B-metaspades_069	binsAC	True	False	True	True	d__Bacteria;p__Patescibacteria;c__Saccharimonadia;o__Saccharimonadales;f__UBA10027;g__SDRW01;s__SDRW01 sp007845485	uSGB_19880	k__Bacteria|p__Candidatus_Saccharibacteria|c__Candidatus_Saccharibacteria_unclassified|o__Candidatus_Saccharibacteria_unclassified|f__Candidatus_Saccharibacteria_unclassified|g__GGB12793|s__GGB12793_SGB19880|t__SGB19880	505936	36.8000	74	7074	88.7200	26.6811	0.9976	k__Bacteria (UID203)	65.5200	0.0000	0.0000	69.7800	0.0100	class	0.0200	0.0300	0.0041
CMC020.B-metaspades_070	binsAC	True	False	True	True	d__Bacteria;p__Bacteroidota;c__Bacteroidia;o__Bacteroidales;f__Bacteroidaceae;g__Prevotella;s__Prevotella oulorum	kSGB_1520	k__Bacteria|p__Bacteroidetes|c__Bacteroidia|o__Bacteroidales|f__Prevotellaceae|g__Prevotella|s__Prevotella_oulorum|t__SGB1520	1364228	48.7000	192	8118	92.4100	136.1776	0.9998	g__Prevotella (UID2724)	62.0700	0.0800	0.0000	62.8500	0.1200	kingdom	0.0000	0.0000	0.0042
CMC020.B-metaspades_071	binsC	True	False	True	True	d__Bacteria;p__Bacteroidota;c__Bacteroidia;o__Bacteroidales;f__Bacteroidaceae;g__Prevotella;s__	kSGB_1528	k__Bacteria|p__Bacteroidetes|c__Bacteroidia|o__Bacteroidales|f__Prevotellaceae|g__Prevotella|s__Prevotella_oralis|t__SGB1528	1827054	45.7000	482	4708	90.3200	6.4224	0.9967	k__Bacteria (UID203)	58.7800	0.0000	0.0000	72.0100	0.9800	kingdom	0.0000	0.0000	0.0018
CMC020.B-metaspades_072	binsC	True	True	True	True	d__Bacteria;p__Bacteroidota;c__Bacteroidia;o__Bacteroidales;f__Bacteroidaceae;g__Alloprevotella;s__Alloprevotella tannerae	kSGB_1411	k__Bacteria|p__Bacteroidetes|c__Bacteroidia|o__Bacteroidales|f__Prevotellaceae|g__Alloprevotella|s__Alloprevotella_tannerae|t__SGB1411	2296078	47.0000	88	36784	83.7100	23.4716	0.9996	o__Bacteroidales (UID2657)	97.3300	1.1700	37.5000	99.6900	0.2400	genus	0.2800	0.0500	0.0008
CMC020.B-metaspades_073	binsC	True	False	True	True	d__Bacteria;p__Bacillota_C;c__Negativicutes;o__Veillonellales;f__Veillonellaceae;g__Veillonella;s__	uSGB_6937	k__Bacteria|p__Firmicutes|c__Negativicutes|o__Veillonellales|f__Veillonellaceae|g__Veillonella|s__Veillonella_SGB6937|t__SGB6937	1847940	39.7000	548	4023	90.6600	20.7987	0.9970	k__Bacteria (UID203)	61.0000	0.0000	0.0000	80.6200	5.9800	kingdom	0.0000	0.0000	0.0031
CMC020.B-metaspades_074	binsC	True	False	True	False	d__Bacteria;p__Bacteroidota;c__Bacteroidia;o__Bacteroidales;f__Tannerellaceae;g__Tannerella;s__Tannerella serpentiformis	kSGB_2048	k__Bacteria|p__Bacteroidetes|c__Bacteroidia|o__Bacteroidales|f__Tannerellaceae|g__Tannerella|s__Tannerella_sp_oral_taxon_HOT_286|t__SGB2048	2488837	58.3000	1003	2744	88.0400	487.9998	0.9997	o__Bacteroidales (UID2621)	79.4800	7.0000	91.6700	75.3400	8.4800	kingdom	0.0000	0.0000	0.0106
CMC025.B-metaspades_001	binsC	True	False	True	True	d__Bacteria;p__Bacillota;c__Bacilli;o__Erysipelotrichales;f__Erysipelotrichaceae;g__Bulleidia;s__Bulleidia moorei	kSGB_6826	k__Bacteria|p__Firmicutes|c__Erysipelotrichia|o__Erysipelotrichales|f__Erysipelotrichaceae|g__Solobacterium|s__Solobacterium_moorei|t__SGB6826	1158728	37.9000	412	3454	93.4300	7.4539	0.9934	k__Bacteria (UID2372)	82.3600	1.0000	50.0000	77.6400	1.5800	kingdom	0.0000	0.0000	0.0034
CMC025.B-metaspades_002	binsABC	True	False	True	True	d__Bacteria;p__Bacillota_C;c__Negativicutes;o__Selenomonadales;f__Selenomonadaceae;g__Centipeda;s__	kSGB_5887	k__Bacteria|p__Firmicutes|c__Negativicutes|o__Selenomonadales|f__Selenomonadaceae|g__Centipeda|s__Centipeda_periodontii|t__SGB5887	1339693	56.5000	102	20493	90.5800	15.9235	0.9992	f__Veillonellaceae (UID1033)	60.6600	7.9500	48.8400	51.4300	7.2100	genus	0.3300	0.2600	0.0015
CMC025.B-metaspades_003	binsAC	True	True	True	True	d__Bacteria;p__Bacillota_C;c__Negativicutes;o__Veillonellales;f__Veillonellaceae;g__Veillonella;s__Veillonella denticariosi	kSGB_6938	k__Bacteria|p__Firmicutes|c__Negativicutes|o__Veillonellales|f__Veillonellaceae|g__Veillonella|s__Veillonella_denticariosi|t__SGB6938	1690347	43.6000	108	24744	88.7900	66.4176	0.9990	o__Selenomonadales (UID1024)	95.8500	0.0000	0.0000	90.3100	0.1600	kingdom	0.0000	0.0000	0.0019
CMC025.B-metaspades_005	binsAB	True	False	True	True	d__Bacteria;p__Pseudomonadota;c__Gammaproteobacteria;o__Cardiobacteriales;f__Cardiobacteriaceae;g__Cardiobacterium;s__	kSGB_9416	k__Bacteria|p__Proteobacteria|c__Gammaproteobacteria|o__Cardiobacteriales|f__Cardiobacteriaceae|g__Cardiobacterium|s__Cardiobacterium_valvarum|t__SGB9416	1540466	62.1000	378	4728	89.0700	9.2701	0.9966	k__Bacteria (UID203)	51.7200	1.7200	100.0000	53.2200	1.8300	order	0.1300	0.0400	0.0024
CMC025.B-metaspades_006	binsABC	True	True	True	True	d__Bacteria;p__Bacillota;c__Bacilli;o__Lactobacillales;f__Streptococcaceae;g__Streptococcus;s__Streptococcus mutans	kSGB_8000	k__Bacteria|p__Firmicutes|c__Bacilli|o__Lactobacillales|f__Streptococcaceae|g__Streptococcus|s__Streptococcus_mutans|t__SGB8000	1775435	37.0000	148	13790	86.7000	20.1824	0.9991	o__Lactobacillales (UID544)	94.1800	2.8100	44.4400	91.9700	2.8000	kingdom	0.0000	0.0000	0.0019
CMC025.B-metaspades_007	binsBC	True	True	True	True	d__Bacteria;p__Pseudomonadota;c__Gammaproteobacteria;o__Cardiobacteriales;f__Cardiobacteriaceae;g__Cardiobacterium;s__	uSGB_9419	k__Bacteria|p__Proteobacteria|c__Gammaproteobacteria|o__Cardiobacteriales|f__Cardiobacteriaceae|g__Cardiobacterium|s__Cardiobacterium_SGB9419|t__SGB9419	2204396	60.1000	210	14761	86.7200	28.1714	0.9993	c__Gammaproteobacteria (UID4201)	92.5500	0.0000	0.0000	93.9300	0.0600	family	0.0700	0.0500	0.0010
CMC025.B-metaspades_008	binsC	True	False	True	False	d__Bacteria;p__Spirochaetota;c__Spirochaetia;o__Treponematales;f__Treponemataceae;g__Treponema_B;s__Treponema_B denticola_B	kSGB_3612	k__Bacteria|p__Spirochaetes|c__Spirochaetia|o__Spirochaetales|f__Spirochaetaceae|g__Treponema|s__Treponema_denticola|t__SGB3612	1184573	39.7000	718	1683	93.6600	5.6861	0.9921	f__Spirochaetaceae (UID2512)	62.5600	2.0600	100.0000	55.6100	2.4400	kingdom	0.0000	0.0000	0.0057
CMC025.B-metaspades_009	binsBC	True	False	True	True	d__Bacteria;p__Actinomycetota;c__Actinomycetia;o__Actinomycetales;f__Micrococcaceae;g__Rothia;s__Rothia dentocariosa	uSGB_49305	k__Bacteria|p__Cyanobacteria|c__Cyanobacteria_unclassified|o__Synechococcales|f__Prochloraceae|g__GGB32743|s__GGB32743_SGB49305|t__SGB49305	1037676	52.3000	57	23619	85.2900	233.1684	0.9985	o__Actinomycetales (UID1530)	64.3500	0.0000	0.0000	46.2500	0.0000	kingdom	0.0000	0.0000	0.0040
CMC025.B-metaspades_010	binsBC	True	False	True	True	d__Bacteria;p__Bacteroidota;c__Bacteroidia;o__Bacteroidales;f__Bacteroidaceae;g__Phocaeicola;s__Phocaeicola abscessus	kSGB_2052	k__Bacteria|p__Bacteroidetes|c__Bacteroidia|o__Bacteroidales|f__Bacteroidales_unclassified|g__Phocaeicola|s__Phocaeicola_abscessus|t__SGB2052	1869010	48.5000	242	8489	90.8000	7.1161	0.9973	o__Bacteroidales (UID2657)	83.4600	0.9900	0.0000	79.8600	0.1100	kingdom	0.0000	0.0000	0.0005
CMC025.B-metaspades_011	binsBC	True	False	True	True	d__Bacteria;p__Bacillota_A;c__Clostridia;o__Lachnospirales;f__Lachnospiraceae;g__Johnsonella;s__	uSGB_4474	k__Bacteria|p__Firmicutes|c__CFGB1394|o__OFGB1394|f__FGB1394|g__GGB3386|s__GGB3386_SGB4474|t__SGB4474	930459	40.2000	332	2879	92.3300	5.6792	0.9977	o__Clostridiales (UID1226)	60.1600	1.0600	0.0000	62.6000	0.2100	kingdom	0.0000	0.0000	0.0002
CMC025.B-metaspades_012	binsBC	True	False	True	True	d__Bacteria;p__Bacteroidota;c__Bacteroidia;o__Flavobacteriales;f__Flavobacteriaceae;g__Capnocytophaga;s__Capnocytophaga gingivalis	kSGB_2479	k__Bacteria|p__Bacteroidetes|c__Flavobacteriia|o__Flavobacteriales|f__Flavobacteriaceae|g__Capnocytophaga|s__Capnocytophaga_gingivalis|t__SGB2479	2037212	41.0000	280	9111	91.0800	12.2957	0.9989	k__Bacteria (UID203)	86.1300	7.1300	80.9500	86.6600	2.3100	kingdom	0.0000	0.0000	0.0003
CMC025.B-metaspades_013	binsBC	True	False	True	True	d__Bacteria;p__Bacillota_A;c__Clostridia;o__Lachnospirales;f__Lachnospiraceae;g__Oribacterium;s__Oribacterium sp015258095	uSGB_5270	k__Bacteria|p__Firmicutes|c__Clostridia|o__Clostridiales|f__Lachnospiraceae|g__GGB3887|s__GGB3887_SGB5270|t__SGB5270	1714867	46.0000	222	8790	88.7500	13.7712	0.9963	o__Clostridiales (UID1226)	87.3700	1.2700	100.0000	95.2200	1.9100	kingdom	0.0000	0.0000	0.0028
CMC025.B-metaspades_014	binsBC	True	False	True	True	d__Bacteria;p__Actinomycetota;c__Actinomycetia;o__Actinomycetales;f__Actinomycetaceae;g__Actinomyces;s__Actinomyces sp000220835	kSGB_15872	k__Bacteria|p__Actinobacteria|c__Actinobacteria|o__Actinomycetales|f__Actinomycetaceae|g__Actinomyces|s__Actinomyces_sp_oral_taxon_448|t__SGB15872	1989445	69.3000	128	16829	88.1200	780.9719	0.9987	f__Actinomycetaceae (UID1531)	72.0400	0.2000	50.0000	72.9100	0.1400	kingdom	0.0000	0.0000	0.0014
CMC025.B-metaspades_015	binsBC	True	False	True	True	d__Bacteria;p__Bacteroidota;c__Bacteroidia;o__Bacteroidales;f__Bacteroidaceae;g__Prevotella;s__	kSGB_1528	k__Bacteria|p__Bacteroidetes|c__Bacteroidia|o__Bacteroidales|f__Prevotellaceae|g__Prevotella|s__Prevotella_oralis|t__SGB1528	2209096	43.3000	160	17120	87.8800	16.9844	0.9997	g__Prevotella (UID2721)	86.8700	1.4300	40.0000	83.9600	0.0900	kingdom	0.0000	0.0000	0.0004
CMC025.B-metaspades_016	binsBC	True	False	True	True	d__Bacteria;p__Pseudomonadota;c__Gammaproteobacteria;o__Enterobacterales_A;f__Pasteurellaceae;g__Aggregatibacter;s__Aggregatibacter sp000466335	kSGB_9733	k__Bacteria|p__Proteobacteria|c__Gammaproteobacteria|o__Pasteurellales|f__Pasteurellaceae|g__Aggregatibacter|s__Aggregatibacter_sp_oral_taxon_458|t__SGB9733	866195	43.4000	278	3300	89.5000	9.1888	0.9953	k__Bacteria (UID203)	57.4700	0.0000	0.0000	50.9100	2.0300	kingdom	0.0000	0.0000	0.0034
CMC025.B-metaspades_017	binsBC	True	False	True	True	d__Bacteria;p__Actinomycetota;c__Actinomycetia;o__Actinomycetales;f__Actinomycetaceae;g__Actinomyces;s__Actinomyces sp002999235	kSGB_15876	k__Bacteria|p__Actinobacteria|c__Actinobacteria|o__Actinomycetales|f__Actinomycetaceae|g__Actinomyces|s__Actinomyces_sp_oral_taxon_897|t__SGB15876	2511306	71.9000	485	5488	85.2900	171.1706	0.9978	f__Actinomycetaceae (UID1531)	78.8700	1.7900	50.0000	81.5000	0.3800	kingdom	0.0000	0.0000	0.0021
CMC025.B-metaspades_018	binsAC	True	False	True	True	d__Bacteria;p__Bacteroidota;c__Bacteroidia;o__Bacteroidales;f__Bacteroidaceae;g__Prevotella;s__Prevotella oulorum	kSGB_1520	k__Bacteria|p__Bacteroidetes|c__Bacteroidia|o__Bacteroidales|f__Prevotellaceae|g__Prevotella|s__Prevotella_oulorum|t__SGB1520	1231706	49.5000	172	8327	92.5700	252.5884	0.9998	g__Prevotella (UID2724)	50.1700	0.0000	0.0000	49.9700	0.0400	kingdom	0.0000	0.0000	0.0042
CMC025.B-metaspades_019	binsB	True	False	True	True	d__Bacteria;p__Bacteroidota;c__Bacteroidia;o__Bacteroidales;f__Bacteroidaceae;g__Prevotella;s__	uSGB_1567	k__Bacteria|p__Bacteroidetes|c__CFGB570|o__OFGB570|f__FGB570|g__GGB1202|s__GGB1202_SGB1567|t__SGB1567	1630223	44.8000	167	11584	88.2600	26.5263	0.9987	g__Prevotella (UID2724)	78.1400	0.5100	0.0000	64.7600	0.1500	family	0.0500	0.1300	0.0030
CMC025.B-metaspades_020	binsAC	True	False	True	True	d__Bacteria;p__Actinomycetota;c__Actinomycetia;o__Propionibacteriales;f__Propionibacteriaceae;g__Arachnia;s__Arachnia sp013333945	uSGB_15899	k__Bacteria|p__Actinobacteria|c__Actinobacteria|o__Propionibacteriales|f__Propionibacteriaceae|g__Pseudopropionibacterium|s__Pseudopropionibacterium_SGB15899|t__SGB15899	2523432	63.5000	157	29404	90.2600	107.1949	0.9998	o__Actinomycetales (UID1697)	84.9000	0.5200	0.0000	83.7300	0.0000	family	0.2400	0.0400	0.0005
CMC025.B-metaspades_021	binsC	True	True	True	True	d__Bacteria;p__Bacteroidota;c__Bacteroidia;o__Bacteroidales;f__Bacteroidaceae;g__Prevotella;s__Prevotella maculosa	kSGB_1524	k__Bacteria|p__Bacteroidetes|c__Bacteroidia|o__Bacteroidales|f__Prevotellaceae|g__Prevotella|s__Prevotella_maculosa|t__SGB1524	2419082	48.9000	255	8711	88.0400	102.5812	0.9980	g__Prevotella (UID2724)	91.1900	0.3400	100.0000	85.7800	0.1900	kingdom	0.0000	0.0000	0.0041
CMC025.B-metaspades_022	binsAC	True	False	True	True	d__Bacteria;p__Bacteroidota;c__Bacteroidia;o__Bacteroidales;f__Bacteroidaceae;g__Prevotella;s__Prevotella nigrescens	kSGB_1561	k__Bacteria|p__Bacteroidetes|c__Bacteroidia|o__Bacteroidales|f__Prevotellaceae|g__Prevotella|s__Prevotella_nigrescens|t__SGB1561	1456267	44.4000	211	6783	85.2800	59.4479	0.9981	k__Bacteria (UID203)	57.9300	0.0000	0.0000	58.2200	0.6900	kingdom	0.0000	0.0000	0.0030
CMC025.B-metaspades_023	binsAC	True	False	True	False	d__Bacteria;p__Actinomycetota;c__Actinomycetia;o__Actinomycetales;f__Bifidobacteriaceae;g__Scardovia;s__Scardovia wiggsiae	kSGB_15494	k__Bacteria|p__Actinobacteria|c__Actinobacteria|o__Bifidobacteriales|f__Bifidobacteriaceae|g__Scardovia|s__Scardovia_wiggsiae|t__SGB15494	1228306	53.7000	439	3188	90.0000	8.1957	0.9939	f__Bifidobacteriaceae (UID1458)	81.1700	2.7600	75.0000	77.7300	1.4700	kingdom	0.0000	0.0000	0.0057
CMC025.B-metaspades_025	binsBC	True	False	True	True	d__Bacteria;p__Actinomycetota;c__Actinomycetia;o__Propionibacteriales;f__Propionibacteriaceae;g__Arachnia;s__Arachnia massiliensis	kSGB_35138	k__Bacteria|p__Actinobacteria|c__Actinobacteria|o__Propionibacteriales|f__Propionibacteriaceae|g__Pseudopropionibacterium|s__Pseudopropionibacterium_massiliense|t__SGB35138	2174748	65.7000	300	7941	88.9900	21.1907	0.9988	k__Bacteria (UID203)	56.3800	0.0000	0.0000	56.3600	0.0200	family	0.3600	0.0500	0.0011
CMC025.B-metaspades_026	binsC	True	True	True	True	d__Bacteria;p__Bacteroidota;c__Bacteroidia;o__Bacteroidales;f__Bacteroidaceae;g__Prevotella;s__Prevotella koreensis	kSGB_1580	k__Bacteria|p__Bacteroidetes|c__Bacteroidia|o__Bacteroidales|f__Prevotellaceae|g__Prevotella|s__Prevotella_sp_KCOM_3155|t__SGB1580	2094487	44.6000	339	8177	89.1600	12.8440	0.9975	o__Bacteroidales (UID2716)	91.5600	2.4300	87.5000	89.8200	2.6400	family	0.2300	0.0300	0.0014
CMC025.B-metaspades_027	binsBC	True	False	True	True	d__Bacteria;p__Bacillota_C;c__Negativicutes;o__Veillonellales;f__Megasphaeraceae;g__Anaeroglobus;s__Anaeroglobus geminatus	kSGB_5870	k__Bacteria|p__Firmicutes|c__Negativicutes|o__Veillonellales|f__Veillonellaceae|g__Anaeroglobus|s__Anaeroglobus_geminatus|t__SGB5870	753189	50.7000	232	3445	93.1500	5.2491	0.9949	o__Selenomonadales (UID1024)	56.1500	0.3700	50.0000	45.3000	0.1000	kingdom	0.0000	0.0000	0.0013
CMC025.B-metaspades_028	binsAC	True	False	True	True	d__Bacteria;p__Bacillota_A;c__Clostridia;o__Lachnospirales;f__Lachnospiraceae;g__Shuttleworthia;s__Shuttleworthia satelles	kSGB_7281	k__Bacteria|p__Firmicutes|c__Clostridia|o__Clostridiales|f__Lachnospiraceae|g__Shuttleworthia|s__Shuttleworthia_satelles|t__SGB7281	1481708	53.6000	562	3120	88.8600	5.4662	0.9930	f__Lachnospiraceae (UID1286)	87.6000	3.8400	52.6300	85.6300	3.3500	kingdom	0.0000	0.0000	0.0021
CMC025.B-metaspades_029	binsC	True	False	True	True	d__Bacteria;p__Bacteroidota;c__Bacteroidia;o__Bacteroidales;f__Bacteroidaceae;g__Prevotella;s__Prevotella oris	kSGB_1525	k__Bacteria|p__Bacteroidetes|c__Bacteroidia|o__Bacteroidales|f__Prevotellaceae|g__Prevotella|s__Prevotella_oris|t__SGB1525	1983176	44.8000	360	7044	87.4200	8.0453	0.9972	g__Prevotella (UID2724)	83.6000	0.8400	50.0000	78.2800	0.0200	kingdom	0.0000	0.0000	0.0007
CMC025.B-metaspades_030	binsC	True	True	True	True	d__Archaea;p__Thermoplasmatota;c__Thermoplasmata;o__Methanomassiliicoccales;f__Methanomethylophilaceae;g__Methanomethylophilus;s__	uSGB_39546	k__Archaea|p__Euryarchaeota|c__Thermoplasmata|o__Methanomassiliicoccales|f__Methanomassiliicoccaceae|g__GGB27304|s__GGB27304_SGB39546|t__SGB39546	1372271	62.0000	76	40391	88.3600	11.0316	0.9993	p__Euryarchaeota (UID3)	92.0700	2.0200	0.0000	81.5300	0.3400	phylum	0.2800	0.0400	0.0001
CMC025.B-metaspades_031	binsA	False	False	True	True	d__Bacteria;p__Bacteroidota;c__Bacteroidia;o__Bacteroidales;f__Bacteroidaceae;g__Prevotella;s__Prevotella pallens	kSGB_1564	k__Bacteria|p__Bacteroidetes|c__Bacteroidia|o__Bacteroidales|f__Prevotellaceae|g__Prevotella|s__Prevotella_pallens|t__SGB1564	1182649	39.2000	445	3011	85.0000	5.7071	0.9957	k__Bacteria (UID203)	30.8000	0.0000	0.0000	45.2900	0.7800	kingdom	0.0000	0.0000	0.0007
CMC025.B-metaspades_032	binsBC	True	False	True	True	d__Bacteria;p__Bacillota;c__Bacilli;o__Lactobacillales;f__Aerococcaceae;g__Granulicatella;s__Granulicatella adiacens	kSGB_8249	k__Bacteria|p__Firmicutes|c__Bacilli|o__Lactobacillales|f__Carnobacteriaceae|g__Granulicatella|s__Granulicatella_adiacens|t__SGB8249	1226945	38.5000	227	6264	88.7400	8.4978	0.9973	o__Lactobacillales (UID355)	76.5200	1.9100	100.0000	69.0300	0.1700	family	0.1700	0.2400	0.0015
CMC025.B-metaspades_033	binsC	True	True	True	True	d__Bacteria;p__Bacillota_C;c__Negativicutes;o__Veillonellales;f__Dialisteraceae;g__Dialister;s__Dialister invisus	uSGB_47066	k__Bacteria|p__Proteobacteria|c__Alphaproteobacteria|o__Rhodobacterales|f__Rhodobacteraceae|g__Candidatus_Halichondribacter|s__Candidatus_Halichondribacter_SGB47066|t__SGB47066	1540799	46.0000	291	6708	88.5900	14.6863	0.9974	p__Firmicutes (UID1022)	92.8300	3.0100	71.4300	86.8700	1.0300	kingdom	0.0000	0.0000	0.0035
CMC025.B-metaspades_034	binsC	True	True	True	True	d__Bacteria;p__Bacillota_C;c__Negativicutes;o__Selenomonadales;f__Selenomonadaceae;g__CAJPQU01;s__CAJPQU01 sp905372875	uSGB_5873	k__Bacteria|p__Firmicutes|c__CFGB1714|o__OFGB1714|f__FGB1714|g__GGB4300|s__GGB4300_SGB5873|t__SGB5873	1961846	55.2000	52	46468	90.1900	19.2500	0.9989	p__Firmicutes (UID1022)	97.2600	0.6300	0.0000	98.4200	0.2100	class	0.0900	0.0400	0.0010
CMC025.B-metaspades_035	binsC	True	False	True	True	d__Bacteria;p__Bacteroidota;c__Bacteroidia;o__Bacteroidales;f__Bacteroidaceae;g__Alloprevotella;s__Alloprevotella tannerae	kSGB_1411	k__Bacteria|p__Bacteroidetes|c__Bacteroidia|o__Bacteroidales|f__Prevotellaceae|g__Alloprevotella|s__Alloprevotella_tannerae|t__SGB1411	2138939	47.4000	280	11031	82.8200	14.5857	0.9967	o__Bacteroidales (UID2657)	89.8100	4.2400	82.3500	86.2200	4.6000	genus	0.3500	0.0400	0.0029
CMC025.B-metaspades_036	binsAC	True	True	True	False	d__Bacteria;p__Actinomycetota;c__Coriobacteriia;o__Coriobacteriales;f__Atopobiaceae;g__Olsenella_F;s__Olsenella_F sp001189515	kSGB_14348	k__Bacteria|p__Actinobacteria|c__Coriobacteriia|o__Coriobacteriales|f__Atopobiaceae|g__Olsenella|s__Olsenella_sp_oral_taxon_807|t__SGB14348	1951475	62.1000	366	6249	88.1100	219.1536	0.9991	p__Actinobacteria (UID2112)	92.8800	0.0000	0.0000	83.7100	0.0400	kingdom	0.0000	0.0000	0.0059
CMC025.B-metaspades_038	binsA	True	True	True	True	d__Bacteria;p__Pseudomonadota;c__Gammaproteobacteria;o__Burkholderiales;f__Burkholderiaceae_A;g__Lautropia;s__	kSGB_13165	k__Bacteria|p__Proteobacteria|c__Betaproteobacteria|o__Burkholderiales|f__Burkholderiaceae|g__Lautropia|s__Lautropia_mirabilis|t__SGB13165	3080756	65.5000	205	19170	86.6400	91.5215	0.9985	p__Proteobacteria (UID3887)	94.9600	1.6700	75.0000	95.6000	0.2700	kingdom	0.0000	0.0000	0.0031
CMC025.B-metaspades_039	binsBC	True	False	True	True	d__Bacteria;p__Bacteroidota;c__Bacteroidia;o__Bacteroidales;f__Bacteroidaceae;g__Prevotella;s__Prevotella salivae	kSGB_1522	k__Bacteria|p__Bacteroidetes|c__Bacteroidia|o__Bacteroidales|f__Prevotellaceae|g__Prevotella|s__Prevotella_salivae|t__SGB1522	1716083	42.7000	214	8374	88.4900	41.4963	0.9989	k__Bacteria (UID203)	53.4500	0.0000	0.0000	63.8800	0.0200	kingdom	0.0000	0.0000	0.0038
CMC025.B-metaspades_040	binsBC	True	False	True	True	d__Bacteria;p__Bacillota_C;c__Negativicutes;o__Veillonellales;f__Veillonellaceae;g__Veillonella;s__Veillonella parvula_A	kSGB_6939	k__Bacteria|p__Firmicutes|c__Negativicutes|o__Veillonellales|f__Veillonellaceae|g__Veillonella|s__Veillonella_parvula|t__SGB6939	1191760	38.8000	202	7307	89.4800	26.7515	0.9980	k__Bacteria (UID203)	65.0000	0.0000	0.0000	62.7300	0.6300	kingdom	0.0000	0.0000	0.0030
CMC025.B-metaspades_041	binsBC	True	False	True	True	d__Bacteria;p__Bacillota;c__Bacilli;o__Lactobacillales;f__Streptococcaceae;g__Streptococcus;s__Streptococcus sobrinus	kSGB_7995	k__Bacteria|p__Firmicutes|c__Bacilli|o__Lactobacillales|f__Streptococcaceae|g__Streptococcus|s__Streptococcus_sobrinus|t__SGB7995	1725313	44.1000	116	18937	82.2900	16.0276	0.9984	o__Lactobacillales (UID544)	84.8300	1.0900	60.0000	81.4900	0.4300	kingdom	0.0000	0.0000	0.0013
CMC025.B-metaspades_042	binsBC	True	False	True	True	d__Bacteria;p__Bacillota;c__Bacilli;o__Lactobacillales;f__Streptococcaceae;g__Streptococcus;s__Streptococcus sp015594605	uSGB_8023	k__Bacteria|p__Firmicutes|c__Bacilli|o__Lactobacillales|f__Streptococcaceae|g__GGB5674|s__GGB5674_SGB8023|t__SGB8023	1525698	42.0000	136	12951	87.3700	15.5801	0.9987	o__Lactobacillales (UID544)	88.1200	2.8900	25.9300	82.8900	3.7300	kingdom	0.0000	0.0000	0.0019
CMC025.B-metaspades_043	binsB	True	False	True	True	d__Bacteria;p__Bacteroidota;c__Bacteroidia;o__Bacteroidales;f__Bacteroidaceae;g__Prevotella;s__Prevotella marshii	kSGB_3323	k__Bacteria|p__Bacteroidetes|c__Bacteroidia|o__Bacteroidales|f__Prevotellaceae|g__Prevotella|s__Prevotella_marshii|t__SGB3323	1461658	48.6000	284	6168	88.4800	8.6282	0.9967	k__Bacteria (UID203)	56.0300	0.0000	0.0000	72.5700	0.4200	kingdom	0.0000	0.0000	0.0019
CMC025.B-metaspades_044	binsB	True	False	True	True	d__Bacteria;p__Actinomycetota;c__Actinomycetia;o__Actinomycetales;f__Actinomycetaceae;g__Actinomyces;s__Actinomyces massiliensis	kSGB_15873	k__Bacteria|p__Actinobacteria|c__Actinobacteria|o__Actinomycetales|f__Actinomycetaceae|g__Actinomyces|s__Actinomyces_massiliensis|t__SGB15873	1988292	67.4000	314	6322	86.2800	105.9656	0.9971	f__Actinomycetaceae (UID1531)	61.1000	0.4700	0.0000	61.1900	0.3300	kingdom	0.0000	0.0000	0.0035
CMC025.B-metaspades_045	binsAC	True	False	True	True	d__Bacteria;p__Pseudomonadota;c__Gammaproteobacteria;o__Burkholderiales;f__Neisseriaceae;g__Neisseria;s__Neisseria sp000090875	kSGB_9463	k__Bacteria|p__Proteobacteria|c__Betaproteobacteria|o__Neisseriales|f__Neisseriaceae|g__Neisseria|s__Neisseria_sp_oral_taxon_014|t__SGB9463	1885222	54.4000	221	8056	83.8000	48.3706	0.9971	k__Bacteria (UID203)	66.3800	0.0000	0.0000	78.2300	1.6400	kingdom	0.0000	0.0000	0.0035
CMC025.B-metaspades_046	binsBC	True	True	True	True	d__Bacteria;p__Actinomycetota;c__Actinomycetia;o__Propionibacteriales;f__Propionibacteriaceae;g__Propionibacterium;s__Propionibacterium acidifaciens	kSGB_15903	k__Bacteria|p__Actinobacteria|c__Actinobacteria|o__Propionibacteriales|f__Propionibacteriaceae|g__Propionibacterium|s__Propionibacterium_acidifaciens|t__SGB15903	2218725	72.1000	256	9415	87.2000	377.7937	0.9981	o__Actinomycetales (UID1530)	90.0800	0.6600	0.0000	89.5000	0.8700	kingdom	0.0000	0.0000	0.0014
CMC025.B-metaspades_047	binsC	True	True	True	True	d__Bacteria;p__Bacteroidota;c__Bacteroidia;o__Bacteroidales;f__Porphyromonadaceae;g__Porphyromonas;s__Porphyromonas gingivalis	kSGB_2057	k__Bacteria|p__Bacteroidetes|c__Bacteroidia|o__Bacteroidales|f__Porphyromonadaceae|g__Porphyromonas|s__Porphyromonas_gingivalis|t__SGB2057	2109719	48.9000	77	36590	87.1300	13.6377	0.9993	f__Porphyromonadaceae (UID2622)	99.1400	0.0000	0.0000	99.8800	0.0200	kingdom	0.0000	0.0000	0.0001
CMC025.B-metaspades_048	binsABC	False	False	True	False	d__Bacteria;p__Spirochaetota;c__Spirochaetia;o__Treponematales;f__Treponemataceae;g__Treponema_D;s__Treponema_D buccale	uSGB_3585	k__Bacteria|p__Spirochaetes|c__Spirochaetia|o__Spirochaetales|f__Spirochaetaceae|g__Treponema|s__Treponema_SGB3585|t__SGB3585	1109469	50.7000	358	3408	91.8100	17.1154	0.9980	f__Spirochaetaceae (UID2535)	48.8500	1.2800	100.0000	46.9800	0.3400	kingdom	0.0000	0.0000	0.0092
CMC025.B-metaspades_049	binsAC	True	True	True	True	d__Bacteria;p__Actinomycetota;c__Actinomycetia;o__Actinomycetales;f__Bifidobacteriaceae;g__Bifidobacterium;s__Bifidobacterium dentium	kSGB_17234	k__Bacteria|p__Actinobacteria|c__Actinobacteria|o__Bifidobacteriales|f__Bifidobacteriaceae|g__Bifidobacterium|s__Bifidobacterium_dentium|t__SGB17234	2343588	58.9000	36	104390	88.4200	39.3694	0.9994	f__Bifidobacteriaceae (UID1458)	99.5500	0.4500	0.0000	99.7900	0.3900	kingdom	0.0000	0.0000	0.0003
CMC025.B-metaspades_050	binsB	True	False	True	True	d__Bacteria;p__Bacteroidota;c__Bacteroidia;o__Bacteroidales;f__Bacteroidaceae;g__Prevotella;s__Prevotella denticola	kSGB_1540	k__Bacteria|p__Bacteroidetes|c__Bacteroidia|o__Bacteroidales|f__Prevotellaceae|g__Prevotella|s__Prevotella_denticola|t__SGB1540	1300823	51.3000	174	8462	84.8900	20.4661	0.9986	g__Prevotella (UID2724)	59.0100	0.0000	0.0000	54.7700	0.2500	kingdom	0.0000	0.0000	0.0032
CMC025.B-metaspades_051	binsBC	True	True	True	True	d__Bacteria;p__Actinomycetota;c__Actinomycetia;o__Mycobacteriales;f__Mycobacteriaceae;g__Corynebacterium;s__Corynebacterium matruchotii	kSGB_17007	k__Bacteria|p__Actinobacteria|c__Actinobacteria|o__Corynebacteriales|f__Corynebacteriaceae|g__Corynebacterium|s__Corynebacterium_matruchotii|t__SGB17007	2310375	58.0000	125	15239	86.3100	1389.1912	0.9977	o__Actinomycetales (UID1812)	91.4300	0.0000	0.0000	85.4500	0.4700	kingdom	0.0000	0.0000	0.0042
CMC025.B-metaspades_052	binsB	True	False	True	True	d__Bacteria;p__Bacteroidota;c__Bacteroidia;o__Bacteroidales;f__Bacteroidaceae;g__Prevotella;s__Prevotella conceptionensis	kSGB_1458	k__Bacteria|p__Bacteroidetes|c__Bacteroidia|o__Bacteroidales|f__Prevotellaceae|g__Prevotella|s__Prevotella_conceptionensis|t__SGB1458	3173100	47.4000	152	48403	79.1600	142.9908	0.9990	g__Prevotella (UID2724)	89.4100	0.4200	0.0000	88.6000	0.1700	kingdom	0.0000	0.0000	0.0006
CMC025.B-metaspades_053	binsB	True	False	True	True	d__Bacteria;p__Actinomycetota;c__Actinomycetia;o__Actinomycetales;f__Actinomycetaceae;g__Pauljensenia;s__Pauljensenia hongkongensis	kSGB_17148	k__Bacteria|p__Actinobacteria|c__Actinobacteria|o__Actinomycetales|f__Actinomycetaceae|g__Actinomyces|s__Actinomyces_hongkongensis|t__SGB17148	1413946	71.0000	405	3889	90.1100	155.3398	0.9984	f__Actinomycetaceae (UID1531)	56.8600	1.6600	12.5000	57.2000	1.3100	genus	0.1400	0.0600	0.0028
CMC025.B-metaspades_054	binsB	True	False	True	True	d__Bacteria;p__Bacillota_A;c__Clostridia;o__Lachnospirales;f__Lachnospiraceae;g__Lachnoanaerobaculum;s__Lachnoanaerobaculum orale	uSGB_4485	k__Bacteria|p__Firmicutes|c__Clostridia|o__Clostridiales|f__Lachnospiraceae|g__Lachnoanaerobaculum|s__Lachnoanaerobaculum_SGB4485|t__SGB4485	1128409	38.7000	311	3509	91.3300	31.0984	0.9978	k__Bacteria (UID203)	52.8200	1.7200	100.0000	48.2100	0.7900	genus	0.3800	0.0300	0.0049
CMC025.B-metaspades_055	binsB	True	False	True	True	d__Bacteria;p__Bacteroidota;c__Bacteroidia;o__Flavobacteriales;f__Flavobacteriaceae;g__Capnocytophaga;s__Capnocytophaga granulosa	kSGB_2483	k__Bacteria|p__Bacteroidetes|c__Flavobacteriia|o__Flavobacteriales|f__Flavobacteriaceae|g__Capnocytophaga|s__Capnocytophaga_granulosa|t__SGB2483	1210744	43.8000	314	4181	92.2200	7.6761	0.9967	p__Bacteroidetes (UID2605)	52.3500	0.4800	100.0000	52.0800	0.5100	kingdom	0.0000	0.0000	0.0027
CMC025.B-metaspades_056	binsAB	True	True	True	True	d__Bacteria;p__Pseudomonadota;c__Gammaproteobacteria;o__Burkholderiales;f__Neisseriaceae;g__Kingella_B;s__	uSGB_9423	k__Bacteria|p__Proteobacteria|c__Betaproteobacteria|o__Neisseriales|f__Neisseriaceae|g__Kingella|s__Kingella_SGB9423|t__SGB9423	2181047	53.2000	147	19950	81.1200	19.5728	0.9993	f__Neisseriaceae (UID3890)	94.3900	0.0000	0.0000	97.9300	0.0400	class	0.0900	0.0300	0.0008
CMC025.B-metaspades_057	binsBC	True	True	True	True	d__Bacteria;p__Actinomycetota;c__Actinomycetia;o__Propionibacteriales;f__Propionibacteriaceae;g__Arachnia;s__	kSGB_15897	k__Bacteria|p__Actinobacteria|c__Actinobacteria|o__Propionibacteriales|f__Propionibacteriaceae|g__Pseudopropionibacterium|s__Pseudopropionibacterium_propionicum|t__SGB15897	2863514	65.7000	54	87576	89.6400	479.2630	0.9999	o__Actinomycetales (UID1697)	95.5800	1.8300	33.3300	98.9200	2.3600	order	0.0800	0.0300	0.0004
CMC025.B-metaspades_058	binsB	True	False	True	True	d__Bacteria;p__Actinomycetota;c__Actinomycetia;o__Actinomycetales;f__Actinomycetaceae;g__Peptidiphaga;s__Peptidiphaga sp000466165	kSGB_15892	k__Bacteria|p__Actinobacteria|c__Actinobacteria|o__Actinomycetales|f__Actinomycetaceae|g__Actinobaculum|s__Actinobaculum_sp_oral_taxon_183|t__SGB15892	1946544	68.2000	322	6539	86.8800	63.1991	0.9970	p__Actinobacteria (UID1454)	89.6900	1.2500	50.0000	87.4500	0.3700	genus	0.1300	0.0400	0.0013
CMC025.B-metaspades_063	binsA	False	False	False	False	Unclassified Bacteria	kSGB_16988	k__Bacteria|p__Actinobacteria|c__Actinobacteria|o__Micrococcales|f__Micrococcaceae|g__Rothia|s__Rothia_dentocariosa|t__SGB16988	111242	55.2000	45	2659	88.6900	138.7109	0.9999	root (UID1)	0.0000	0.0000	0.0000	4.1900	0.0000	class	1.0000	0.0300	0.0088
CMC025.B-metaspades_064	binsBC	True	True	True	True	d__Bacteria;p__Actinomycetota;c__Actinomycetia;o__Actinomycetales;f__Actinomycetaceae;g__Peptidiphaga;s__Peptidiphaga gingivicola	kSGB_15894	k__Bacteria|p__Actinobacteria|c__Actinobacteria|o__Actinomycetales|f__Actinomycetaceae|g__Actinomycetaceae_unclassified|s__Actinomycetaceae_bacterium_BA112|t__SGB15894	2205523	64.8000	121	15606	85.4600	269.7826	0.9973	p__Actinobacteria (UID1454)	92.4300	0.8300	0.0000	93.7400	0.0300	genus	0.0200	0.0200	0.0022
CMC025.B-metaspades_065	binsAC	True	False	True	True	d__Bacteria;p__Actinomycetota;c__Coriobacteriia;o__Coriobacteriales;f__Eggerthellaceae;g__Cryptobacterium;s__	kSGB_962	k__Bacteria|p__Actinobacteria|c__Coriobacteriia|o__Eggerthellales|f__Eggerthellaceae|g__Cryptobacterium|s__Cryptobacterium_curtum|t__SGB962	990435	51.7000	446	2424	90.2900	5.2489	0.9919	p__Actinobacteria (UID2112)	65.0700	2.4200	75.0000	56.0400	1.5400	kingdom	0.0000	0.0000	0.0043
CMC025.B-metaspades_066	binsBC	True	False	True	True	d__Bacteria;p__Actinomycetota;c__Actinomycetia;o__Actinomycetales;f__Actinomycetaceae;g__Actinomyces;s__Actinomyces gerencseriae	kSGB_15874	k__Bacteria|p__Actinobacteria|c__Actinobacteria|o__Actinomycetales|f__Actinomycetaceae|g__Actinomyces|s__Actinomyces_gerencseriae|t__SGB15874	2146461	70.2000	308	7914	87.0200	158.9445	0.9990	f__Actinomycetaceae (UID1531)	59.7600	0.8300	71.4300	60.3100	1.1700	kingdom	0.0000	0.0000	0.0018
CMC025.B-metaspades_068	binsAC	True	True	True	True	d__Bacteria;p__Pseudomonadota;c__Gammaproteobacteria;o__Burkholderiales;f__Neisseriaceae;g__Kingella_B;s__	uSGB_9438	k__Bacteria|p__Proteobacteria|c__Betaproteobacteria|o__Neisseriales|f__Neisseriaceae|g__GGB6679|s__GGB6679_SGB9438|t__SGB9438	1787599	51.2000	59	35635	86.5700	17.4356	0.9991	f__Neisseriaceae (UID3890)	94.1500	0.7900	25.0000	93.9300	0.5800	class	0.1000	0.0400	0.0001
CMC025.B-metaspades_069	binsB	True	True	True	True	d__Bacteria;p__Actinomycetota;c__Actinomycetia;o__Mycobacteriales;f__Mycobacteriaceae;g__Corynebacterium;s__Corynebacterium durum	kSGB_17008	k__Bacteria|p__Actinobacteria|c__Actinobacteria|o__Corynebacteriales|f__Corynebacteriaceae|g__Corynebacterium|s__Corynebacterium_durum|t__SGB17008	2556614	57.4000	276	12004	90.6100	6.8076	0.9981	o__Actinomycetales (UID1809)	93.2900	2.0900	33.3300	95.7400	1.2000	kingdom	0.0000	0.0000	0.0002
CMC025.B-metaspades_070	binsBC	True	False	True	True	d__Bacteria;p__Actinomycetota;c__Coriobacteriia;o__Coriobacteriales;f__Atopobiaceae;g__Lancefieldella;s__Lancefieldella rimae	kSGB_985	k__Bacteria|p__Actinobacteria|c__Coriobacteriia|o__Coriobacteriales|f__Atopobiaceae|g__Atopobium|s__Atopobium_rimae|t__SGB985	921670	50.4000	200	5285	90.7200	8.8225	0.9967	p__Actinobacteria (UID2112)	72.9900	0.2700	100.0000	66.2700	2.1800	kingdom	0.0000	0.0000	0.0034
CMC025.B-metaspades_071	binsB	True	False	True	True	d__Bacteria;p__Bacillota_C;c__Negativicutes;o__Selenomonadales;f__Selenomonadaceae;g__Centipeda;s__Centipeda noxia	kSGB_5884	k__Bacteria|p__Firmicutes|c__Negativicutes|o__Selenomonadales|f__Selenomonadaceae|g__Selenomonas|s__Selenomonas_noxia|t__SGB5884	1088838	55.8000	63	24116	91.8700	116.0984	0.9990	k__Bacteria (UID203)	69.8300	5.1700	75.0000	53.9500	4.8000	kingdom	0.0000	0.0000	0.0024
CMC025.B-metaspades_072	binsBC	True	True	True	True	d__Bacteria;p__Bacteroidota;c__Bacteroidia;o__Bacteroidales;f__Bacteroidaceae;g__Prevotella;s__Prevotella sp905373605	uSGB_1462	k__Bacteria|p__Bacteroidetes|c__Bacteroidia|o__Bacteroidales|f__Prevotellaceae|g__GGB1141|s__GGB1141_SGB1462|t__SGB1462	2974633	49.4000	331	11529	82.4500	8.3498	0.9983	g__Prevotella (UID2724)	92.0200	1.3500	50.0000	85.6700	0.4500	kingdom	0.0000	0.0000	0.0002
CMC025.B-metaspades_073	binsBC	True	False	True	True	d__Bacteria;p__Bacillota_A;c__Clostridia;o__Lachnospirales;f__Lachnospiraceae;g__Stomatobaculum;s__Stomatobaculum longum	kSGB_5265	k__Bacteria|p__Firmicutes|c__Clostridia|o__Clostridiales|f__Lachnospiraceae|g__Stomatobaculum|s__Stomatobaculum_longum|t__SGB5265	1491508	57.4000	115	13593	89.8300	79.1861	0.9981	o__Clostridiales (UID1226)	83.2300	0.0000	0.0000	82.7300	0.0500	kingdom	0.0000	0.0000	0.0042
CMC025.B-metaspades_074	binsAC	True	False	True	False	d__Bacteria;p__Bacteroidota;c__Bacteroidia;o__Bacteroidales;f__Tannerellaceae;g__Tannerella;s__Tannerella sp002890585	kSGB_2047	k__Bacteria|p__Bacteroidetes|c__Bacteroidia|o__Bacteroidales|f__Tannerellaceae|g__Tannerella|s__Tannerella_sp_oral_taxon_808|t__SGB2047	1144225	60.0000	376	3027	89.1900	45.7266	0.9979	o__Bacteroidales (UID2621)	53.7000	1.2200	100.0000	47.8300	0.2800	kingdom	0.0000	0.0000	0.0089
CMC025.B-metaspades_075	binsAC	True	True	True	True	d__Bacteria;p__Actinomycetota;c__Actinomycetia;o__Actinomycetales;f__Actinomycetaceae;g__Peptidiphaga;s__	uSGB_15893	k__Bacteria|p__Actinobacteria|c__Actinobacteria|o__Actinomycetales|f__Actinomycetaceae|g__Actinomyces|s__Actinomyces_SGB15893|t__SGB15893	2334138	60.0000	120	18532	85.9300	33.9917	0.9982	p__Actinobacteria (UID1454)	91.3400	1.6700	50.0000	91.1500	0.3600	genus	0.3000	0.1000	0.0023
CMC025.B-metaspades_076	binsBC	True	False	True	True	d__Bacteria;p__Actinomycetota;c__Coriobacteriia;o__Coriobacteriales;f__Atopobiaceae;g__Olsenella;s__Olsenella uli	kSGB_14386	k__Bacteria|p__Actinobacteria|c__Coriobacteriia|o__Coriobacteriales|f__Atopobiaceae|g__Olsenella|s__Olsenella_uli|t__SGB14386	1588346	64.9000	320	5920	87.9500	6.4517	0.9978	p__Actinobacteria (UID2112)	80.4400	2.7600	60.0000	75.7600	0.6800	kingdom	0.0000	0.0000	0.0006
CMC025.B-metaspades_077	binsC	True	True	False	True	d__Bacteria;p__Bacillota_C;c__Negativicutes;o__Selenomonadales;f__Selenomonadaceae;g__AWVT01;s__AWVT01 sp916439735	uSGB_5895	k__Bacteria|p__Firmicutes|c__Negativicutes|o__Selenomonadales|f__Selenomonadaceae|g__GGB4308|s__GGB4308_SGB5895|t__SGB5895	1742575	51.2000	167	20036	91.3200	1133.1952	0.9995	f__Veillonellaceae (UID1032)	97.2700	0.0800	0.0000	99.4400	0.1600	family	0.5200	0.0200	0.0034
CMC025.B-metaspades_078	binsA	True	False	True	True	d__Bacteria;p__Bacillota_C;c__Negativicutes;o__Selenomonadales;f__Selenomonadaceae;g__Centipeda;s__Centipeda flueggei	kSGB_5882	k__Bacteria|p__Firmicutes|c__Negativicutes|o__Selenomonadales|f__Selenomonadaceae|g__Selenomonas|s__Selenomonas_flueggei|t__SGB5882	1224889	56.9000	231	8574	91.5600	251.2740	0.9997	f__Veillonellaceae (UID1033)	68.8600	1.7800	91.6700	57.8900	2.6500	kingdom	0.0000	0.0000	0.0038
CMC025.B-metaspades_079	binsBC	False	False	False	False	d__Bacteria;p__Synergistota;c__Synergistia;o__Synergistales;f__Aminobacteriaceae;g__CAJPSE01;s__	uSGB_17523	k__Bacteria|p__Synergistetes|c__Synergistia|o__Synergistales|f__Synergistaceae|g__GGB10852|s__GGB10852_SGB17523|t__SGB17523	985768	64.0000	314	3268	88.6600	8.6408	0.9962	k__Bacteria (UID209)	45.7600	0.0000	0.0000	38.1300	0.1400	order	0.4500	0.2000	0.0097
CMC025.B-metaspades_080	binsAB	True	False	False	True	d__Bacteria;p__Bacillota_A;c__Clostridia;o__Lachnospirales;f__Lachnospiraceae;g__Lachnoanaerobaculum;s__Lachnoanaerobaculum saburreum	kSGB_4481	k__Bacteria|p__Firmicutes|c__Clostridia|o__Clostridiales|f__Lachnospiraceae|g__Lachnoanaerobaculum|s__Lachnoanaerobaculum_saburreum|t__SGB4481	1768586	37.0000	316	6818	91.5400	45.4070	0.9984	o__Clostridiales (UID1226)	83.3000	0.2100	100.0000	76.6000	0.0300	genus	0.4500	0.1600	0.0040
CMC025.B-metaspades_081	binsC	True	False	False	False	d__Bacteria;p__Desulfobacterota;c__Desulfobulbia;o__Desulfobulbales;f__Desulfobulbaceae;g__Desulfobulbus;s__Desulfobulbus oralis	kSGB_8831	k__Bacteria|p__Proteobacteria|c__Deltaproteobacteria|o__Desulfobacterales|f__Desulfobulbaceae|g__Desulfobulbus|s__Desulfobulbus_oralis|t__SGB8831	1838451	61.6000	738	2785	89.2200	4.7148	0.9866	c__Deltaproteobacteria (UID3217)	83.3400	4.2000	75.0000	79.3000	3.0400	family	0.6600	0.1500	0.0071
CMC025.B-metaspades_082	binsAB	True	True	True	True	d__Bacteria;p__Bacillota_A;c__Clostridia;o__Lachnospirales;f__Lachnospiraceae;g__Oribacterium;s__Oribacterium sp000160135	kSGB_7282	k__Bacteria|p__Firmicutes|c__Clostridia|o__Clostridiales|f__Lachnospiraceae|g__Oribacterium|s__Oribacterium_sp_oral_taxon_078|t__SGB7282	2323837	55.5000	119	19318	86.9800	30.3395	0.9976	o__Clostridiales (UID1226)	93.9800	0.0000	0.0000	95.2000	0.4500	kingdom	0.0000	0.0000	0.0023
CMC025.B-metaspades_083	binsBC	True	False	True	True	d__Bacteria;p__Bacteroidota;c__Bacteroidia;o__Flavobacteriales;f__Flavobacteriaceae;g__Capnocytophaga;s__Capnocytophaga ochracea	kSGB_2497	k__Bacteria|p__Bacteroidetes|c__Flavobacteriia|o__Flavobacteriales|f__Flavobacteriaceae|g__Capnocytophaga|s__Capnocytophaga_ochracea|t__SGB2497	1843839	39.7000	330	5291	84.8300	34.6442	0.9968	p__Bacteroidetes (UID2605)	79.8800	1.4300	66.6700	73.6600	0.4300	kingdom	0.0000	0.0000	0.0030
CMC025.B-metaspades_084	binsBC	True	True	True	True	d__Bacteria;p__Bacillota_A;c__Clostridia;o__Lachnospirales;f__Lachnospiraceae;g__F0428;s__F0428 sp003043955	kSGB_4479	k__Bacteria|p__Firmicutes|c__Clostridia|o__Clostridiales|f__Lachnospiraceae|g__Lachnospiraceae_unclassified|s__Lachnospiraceae_bacterium_oral_taxon_096|t__SGB4479	1689526	40.3000	144	10401	89.5400	662.8372	0.9974	o__Clostridiales (UID1226)	91.1400	0.6300	100.0000	92.0100	0.3400	class	0.1800	0.0200	0.0048
CMC025.B-metaspades_085	binsBC	True	False	True	True	d__Bacteria;p__Bacteroidota;c__Bacteroidia;o__Bacteroidales;f__Tannerellaceae;g__Tannerella;s__Tannerella forsythia	kSGB_2053	k__Bacteria|p__Bacteroidetes|c__Bacteroidia|o__Bacteroidales|f__Tannerellaceae|g__Tannerella|s__Tannerella_forsythia|t__SGB2053	1953086	49.3000	269	8597	91.5900	6.7762	0.9981	o__Bacteroidales (UID2621)	78.1300	0.5800	0.0000	78.9600	0.3600	kingdom	0.0000	0.0000	0.0001
CMC025.B-metaspades_086	binsA	False	False	False	True	Unclassified	kSGB_2487	k__Bacteria|p__Bacteroidetes|c__Flavobacteriia|o__Flavobacteriales|f__Flavobacteriaceae|g__Capnocytophaga|s__Capnocytophaga_haemolytica|t__SGB2487	37952	49.6000	28	1296	91.0700	2.9964	0.9925	root (UID1)	0.0000	0.0000	0.0000	3.6500	0.0000	family	0.6700	0.0900	0.0000
CMC025.B-metaspades_087	binsC	True	False	False	True	d__Bacteria;p__Bacillota_A;c__Clostridia;o__Peptostreptococcales;f__Anaerovoracaceae;g__Mogibacterium;s__Mogibacterium diversum	kSGB_3922	k__Bacteria|p__Firmicutes|c__Clostridia|o__Clostridiales|f__Clostridiales_Family_XIII_Incertae_Sedis|g__Mogibacterium|s__Mogibacterium_diversum|t__SGB3922	1052925	42.6000	397	3138	91.3800	8.2328	0.9947	o__Clostridiales (UID1120)	71.7500	2.4800	100.0000	68.4000	0.6000	genus	0.5100	0.0300	0.0033
CMC025.B-metaspades_088	binsC	False	False	True	True	d__Bacteria;p__Bacteroidota;c__Bacteroidia;o__Bacteroidales;f__Bacteroidaceae;g__Prevotella;s__	uSGB_63829	k__Bacteria|p__Bacteroidetes|c__Bacteroidia|o__Bacteroidales|f__Prevotellaceae|g__Prevotella|s__Prevotella_SGB63829|t__SGB63829	1463136	52.8000	643	2355	91.7800	3.8970	0.9944	k__Bacteria (UID203)	46.9700	0.0000	0.0000	52.1600	2.1200	kingdom	0.0000	0.0000	0.0009
CMC025.B-metaspades_089	binsC	True	False	True	True	d__Bacteria;p__Bacillota_A;c__Clostridia;o__Peptostreptococcales;f__Anaerovoracaceae;g__RGIG7111;s__	kSGB_3936	k__Bacteria|p__Firmicutes|c__Clostridia|o__Clostridiales|f__Clostridiales_Family_XIII_Incertae_Sedis|g__Clostridiales_Family_XIII_Incertae_Sedis_unclassified|s__Eubacterium_infirmum|t__SGB3936	644900	43.8000	265	2698	90.3100	4.5947	0.9956	k__Bacteria (UID203)	51.0300	0.0000	0.0000	46.3700	0.0800	family	0.1500	0.5900	0.0000
CMC025.B-metaspades_090	binsC	True	False	False	True	d__Bacteria;p__Bacillota_A;c__Clostridia;o__Lachnospirales;f__Lachnospiraceae;g__Lachnoanaerobaculum;s__	uSGB_4475	k__Bacteria|p__Firmicutes|c__CFGB1394|o__OFGB1394|f__FGB1394|g__GGB3387|s__GGB3387_SGB4475|t__SGB4475	1270987	38.7000	624	2139	92.6800	4.5786	0.9964	o__Clostridiales (UID1226)	57.2300	0.0000	0.0000	52.2000	2.2700	family	0.4600	0.0400	0.0005
CMC025.B-metaspades_091	binsC	False	False	True	True	d__Bacteria;p__Bacillota_A;c__Clostridia;o__Peptostreptococcales;f__Anaerovoracaceae;g__Hornefia;s__Hornefia minuta	kSGB_3932	k__Bacteria|p__Firmicutes|c__Clostridia|o__Clostridiales|f__Clostridiales_Family_XIII_Incertae_Sedis|g__Clostridiales_Family_XIII_Incertae_Sedis_unclassified|s__Eubacterium_minutum|t__SGB3932	620701	47.6000	350	1797	91.8100	3.7085	0.9940	o__Clostridiales (UID1120)	48.1100	0.7100	100.0000	39.6800	1.8500	family	0.2200	0.2400	0.0016
CMC025.B-metaspades_092	binsC	True	False	True	True	d__Bacteria;p__Bacillota;c__Bacilli;o__Erysipelotrichales;f__Erysipelotrichaceae;g__Bulleidia;s__	uSGB_6840	k__Bacteria|p__Firmicutes|c__CFGB1842|o__OFGB1842|f__FGB1842|g__GGB4891|s__GGB4891_SGB6840|t__SGB6840	717810	46.0000	374	1947	94.0600	4.0906	0.9915	k__Bacteria (UID2372)	61.6000	0.9500	100.0000	58.8500	1.5100	order	0.2500	0.2500	0.0011
CMC025.B-metaspades_093	binsC	True	False	True	False	d__Bacteria;p__Bacteroidota;c__Bacteroidia;o__Bacteroidales;f__Tannerellaceae;g__Tannerella;s__Tannerella serpentiformis	kSGB_2048	k__Bacteria|p__Bacteroidetes|c__Bacteroidia|o__Bacteroidales|f__Tannerellaceae|g__Tannerella|s__Tannerella_sp_oral_taxon_HOT_286|t__SGB2048	1995461	57.9000	739	3148	87.6000	219.0264	0.9994	o__Bacteroidales (UID2621)	77.0100	3.0800	88.8900	71.9300	2.9400	kingdom	0.0000	0.0000	0.0127
CMC025.B-metaspades_094	binsC	False	False	True	False	d__Bacteria;p__Pseudomonadota;c__Gammaproteobacteria;o__Burkholderiales;f__Neisseriaceae;g__Eikenella;s__Eikenella halliae	kSGB_9430	k__Bacteria|p__Proteobacteria|c__Betaproteobacteria|o__Neisseriales|f__Neisseriaceae|g__Eikenella|s__Eikenella_sp_NML130454|t__SGB9430	1137220	57.9000	666	1655	84.3200	6.2286	0.9932	f__Neisseriaceae (UID3890)	49.4800	2.0900	76.9200	45.9100	1.5100	genus	0.3900	0.0200	0.0088
CMC025.B-metaspades_095	binsC	True	False	True	True	d__Bacteria;p__Actinomycetota;c__Coriobacteriia;o__Coriobacteriales;f__Atopobiaceae;g__Lancefieldella;s__	uSGB_62949	k__Bacteria|p__Actinobacteria|c__Coriobacteriia|o__Coriobacteriales|f__Atopobiaceae|g__Atopobium|s__Atopobium_SGB62949|t__SGB62949	1245667	48.7000	381	4108	89.7600	6.9672	0.9933	p__Actinobacteria (UID2112)	83.1300	4.9100	87.5000	84.1400	5.4600	kingdom	0.0000	0.0000	0.0025
CMC026.B-metaspades_001	binsB	True	False	True	True	d__Bacteria;p__Bacillota_A;c__Clostridia;o__Lachnospirales;f__Lachnospiraceae;g__Lachnoanaerobaculum;s__Lachnoanaerobaculum saburreum	kSGB_4481	k__Bacteria|p__Firmicutes|c__Clostridia|o__Clostridiales|f__Lachnospiraceae|g__Lachnoanaerobaculum|s__Lachnoanaerobaculum_saburreum|t__SGB4481	1426585	38.0000	331	4994	93.9200	14.8308	0.9983	o__Clostridiales (UID1226)	74.7000	1.2700	50.0000	73.9900	2.2400	genus	0.3200	0.1100	0.0028
CMC026.B-metaspades_002	binsA	True	False	True	True	d__Bacteria;p__Chloroflexota;c__Anaerolineae;o__Anaerolineales;f__Anaerolineaceae;g__Flexilinea;s__	kSGB_17621	k__Bacteria|p__Chloroflexi|c__Anaerolineae|o__Anaerolineales|f__Anaerolineaceae|g__Anaerolineaceae_unclassified|s__Anaerolineaceae_bacterium_oral_taxon_439|t__SGB17621	2317965	56.5000	351	7395	88.6800	82.1789	0.9985	k__Bacteria (UID1452)	82.1900	2.7300	0.0000	89.4600	1.8500	phylum	0.1100	0.0200	0.0047
CMC026.B-metaspades_003	binsBC	True	False	True	True	d__Bacteria;p__Pseudomonadota;c__Gammaproteobacteria;o__Enterobacterales_A;f__Pasteurellaceae;g__;s__	uSGB_9727	k__Bacteria|p__Proteobacteria|c__Gammaproteobacteria|o__Pasteurellales|f__Pasteurellaceae|g__GGB6813|s__GGB6813_SGB9727|t__SGB9727	1177875	43.9000	292	4558	90.8100	6.5688	0.9968	k__Bacteria (UID203)	67.2400	3.4500	0.0000	71.6000	0.1700	genus	0.1600	0.5200	0.0009
CMC026.B-metaspades_004	binsBC	True	False	True	True	d__Bacteria;p__Bacillota_A;c__Clostridia;o__Lachnospirales;f__Lachnospiraceae;g__Johnsonella;s__Johnsonella ignava	kSGB_6631	k__Bacteria|p__Firmicutes|c__Clostridia|o__Clostridiales|f__Lachnospiraceae|g__Johnsonella|s__Johnsonella_ignava|t__SGB6631	1545775	36.6000	371	4898	90.0800	11.8326	0.9987	o__Clostridiales (UID1226)	78.7200	1.2700	0.0000	79.3600	0.0900	kingdom	0.0000	0.0000	0.0001
CMC026.B-metaspades_005	binsAC	True	False	True	False	d__Bacteria;p__Campylobacterota;c__Campylobacteria;o__Campylobacterales;f__Campylobacteraceae;g__Campylobacter_B;s__	uSGB_19308	k__Bacteria|p__Proteobacteria|c__Epsilonproteobacteria|o__Campylobacterales|f__Campylobacteraceae|g__Campylobacter|s__Campylobacter_SGB19308|t__SGB19308	1018062	49.2000	535	1944	88.3600	53.3151	0.9989	c__Epsilonproteobacteria (UID3065)	55.3500	4.1100	85.7100	48.3000	2.4000	kingdom	0.0000	0.0000	0.0087
CMC026.B-metaspades_006	binsB	True	False	True	True	d__Bacteria;p__Bacteroidota;c__Bacteroidia;o__Bacteroidales;f__Paludibacteraceae;g__F0058;s__F0058 sp000163695	kSGB_1341	k__Bacteria|p__Bacteroidetes|c__Bacteroidetes_unclassified|o__Bacteroidetes_unclassified|f__Bacteroidetes_unclassified|g__Bacteroidetes_unclassified|s__Bacteroidetes_oral_taxon_274|t__SGB1341	1236450	42.5000	209	6857	88.4200	18.5321	0.9988	k__Bacteria (UID2569)	63.4600	0.0000	0.0000	59.0600	0.0700	order	0.0600	0.0200	0.0007
CMC026.B-metaspades_007	binsBC	True	False	True	True	d__Bacteria;p__Bacillota_A;c__Clostridia;o__Lachnospirales;f__Lachnospiraceae;g__Lachnoanaerobaculum;s__	uSGB_4475	k__Bacteria|p__Firmicutes|c__CFGB1394|o__OFGB1394|f__FGB1394|g__GGB3387|s__GGB3387_SGB4475|t__SGB4475	1200515	37.8000	445	2689	92.4800	6.8742	0.9962	o__Clostridiales (UID1226)	59.9100	1.9700	20.0000	59.2200	1.2500	family	0.1100	0.0200	0.0015
CMC026.B-metaspades_008	binsAC	True	True	True	True	d__Bacteria;p__Bacillota_A;c__Clostridia;o__Saccharofermentanales;f__Fastidiosipilaceae;g__JAAYOA01;s__	uSGB_53709	k__Bacteria|p__Cyanobacteria|c__Cyanobacteria_unclassified|o__Synechococcales|f__Prochloraceae|g__GGB38134|s__GGB38134_SGB53709|t__SGB53709	1684328	57.5000	292	7536	90.6000	6.2682	0.9978	o__Clostridiales (UID1120)	90.9100	2.5000	60.0000	86.1500	0.7200	genus	0.1900	0.6000	0.0001
CMC026.B-metaspades_009	binsC	True	True	True	True	d__Bacteria;p__Pseudomonadota;c__Gammaproteobacteria;o__Burkholderiales;f__Neisseriaceae;g__Kingella_B;s__	uSGB_9423	k__Bacteria|p__Proteobacteria|c__Betaproteobacteria|o__Neisseriales|f__Neisseriaceae|g__Kingella|s__Kingella_SGB9423|t__SGB9423	2396613	53.2000	241	14127	81.9400	10.4365	0.9974	f__Neisseriaceae (UID3890)	96.0500	0.7900	50.0000	99.5100	0.9500	genus	0.1800	0.0800	0.0006
CMC026.B-metaspades_010	binsB	True	False	True	False	d__Bacteria;p__Actinomycetota;c__Coriobacteriia;o__Coriobacteriales;f__Atopobiaceae;g__Olsenella_F;s__Olsenella_F sp001189515	kSGB_14348	k__Bacteria|p__Actinobacteria|c__Coriobacteriia|o__Coriobacteriales|f__Atopobiaceae|g__Olsenella|s__Olsenella_sp_oral_taxon_807|t__SGB14348	1512347	62.3000	313	5351	89.3900	375.6649	0.9991	p__Actinobacteria (UID2112)	77.7400	0.6800	25.0000	71.7700	0.2500	kingdom	0.0000	0.0000	0.0072
CMC026.B-metaspades_011	binsA	True	True	True	True	d__Bacteria;p__Bacillota_C;c__Negativicutes;o__Veillonellales;f__Megasphaeraceae;g__Anaeroglobus;s__Anaeroglobus geminatus	kSGB_5870	k__Bacteria|p__Firmicutes|c__Negativicutes|o__Veillonellales|f__Veillonellaceae|g__Anaeroglobus|s__Anaeroglobus_geminatus|t__SGB5870	1601001	49.4000	69	18786	87.6000	213.8841	0.9974	o__Selenomonadales (UID1024)	95.8100	0.0700	0.0000	86.3000	0.0300	kingdom	0.0000	0.0000	0.0029
CMC026.B-metaspades_012	binsB	True	True	True	True	d__Bacteria;p__Pseudomonadota;c__Gammaproteobacteria;o__Burkholderiales;f__Neisseriaceae;g__Neisseria;s__Neisseria sp000090875	kSGB_9463	k__Bacteria|p__Proteobacteria|c__Betaproteobacteria|o__Neisseriales|f__Neisseriaceae|g__Neisseria|s__Neisseria_sp_oral_taxon_014|t__SGB9463	2300984	53.3000	102	37091	85.3600	62.3804	0.9998	f__Neisseriaceae (UID3890)	94.0600	1.5800	87.5000	94.4400	1.4300	kingdom	0.0000	0.0000	0.0001
CMC026.B-metaspades_013	binsBC	False	False	True	True	d__Bacteria;p__Actinomycetota;c__Actinomycetia;o__Actinomycetales;f__Actinomycetaceae;g__Actinomyces;s__	kSGB_15875	k__Bacteria|p__Actinobacteria|c__Actinobacteria|o__Actinomycetales|f__Actinomycetaceae|g__Actinomyces|s__Actinomyces_israelii|t__SGB15875	1917790	71.4000	461	4091	88.3700	217.9323	0.9985	f__Actinomycetaceae (UID1531)	49.0700	2.2500	44.4400	52.7300	2.7100	kingdom	0.0000	0.0000	0.0047
CMC026.B-metaspades_014	binsAB	True	True	True	True	d__Bacteria;p__Pseudomonadota;c__Gammaproteobacteria;o__Burkholderiales;f__Burkholderiaceae_A;g__Lautropia;s__	kSGB_13165	k__Bacteria|p__Proteobacteria|c__Betaproteobacteria|o__Burkholderiales|f__Burkholderiaceae|g__Lautropia|s__Lautropia_mirabilis|t__SGB13165	3086797	65.4000	116	36196	87.6500	77.4353	0.9993	p__Proteobacteria (UID3887)	98.0500	1.3600	66.6700	96.1900	0.3000	class	0.1300	0.0300	0.0007
CMC026.B-metaspades_015	binsABC	True	True	True	True	d__Bacteria;p__Bacillota_A;c__Clostridia;o__Peptostreptococcales;f__Anaerovoracaceae;g__Hornefia;s__	kSGB_3932	k__Bacteria|p__Firmicutes|c__Clostridia|o__Clostridiales|f__Clostridiales_Family_XIII_Incertae_Sedis|g__Clostridiales_Family_XIII_Incertae_Sedis_unclassified|s__Eubacterium_minutum|t__SGB3932	1703921	45.4000	11	360802	89.4300	95.1545	0.9999	o__Clostridiales (UID1120)	97.5200	0.3500	0.0000	93.9400	0.0400	genus	0.0400	0.2500	0.0001
CMC026.B-metaspades_016	binsBC	True	False	False	True	d__Bacteria;p__Bacillota_A;c__Clostridia;o__Tissierellales;f__Peptoniphilaceae;g__Parvimonas;s__Parvimonas sp000223315	uSGB_6651	k__Bacteria|p__Firmicutes|c__Tissierellia|o__Tissierellales|f__Peptoniphilaceae|g__Parvimonas|s__Parvimonas_SGB6651|t__SGB6651	733438	29.3000	245	3240	93.4000	10.7898	0.9987	o__Clostridiales (UID1125)	54.3200	0.7000	0.0000	50.5100	0.7900	class	0.5200	0.0200	0.0002
CMC026.B-metaspades_017	binsB	True	False	True	True	d__Bacteria;p__Actinomycetota;c__Actinomycetia;o__Actinomycetales;f__Actinomycetaceae;g__Peptidiphaga;s__	uSGB_15893	k__Bacteria|p__Actinobacteria|c__Actinobacteria|o__Actinomycetales|f__Actinomycetaceae|g__Actinomyces|s__Actinomyces_SGB15893|t__SGB15893	1608711	60.4000	420	4096	88.2800	5.9343	0.9966	p__Actinobacteria (UID1454)	68.8800	0.0000	0.0000	63.5800	1.0800	genus	0.2000	0.0700	0.0012
CMC026.B-metaspades_018	binsC	True	True	True	True	d__Archaea;p__Thermoplasmatota;c__Thermoplasmata;o__Methanomassiliicoccales;f__Methanomethylophilaceae;g__Methanomethylophilus;s__	uSGB_39546	k__Archaea|p__Euryarchaeota|c__Thermoplasmata|o__Methanomassiliicoccales|f__Methanomassiliicoccaceae|g__GGB27304|s__GGB27304_SGB39546|t__SGB39546	1511398	61.2000	13	150459	87.2100	54.0462	0.9986	p__Euryarchaeota (UID3)	92.0700	0.0000	0.0000	90.0800	0.1800	kingdom	0.0800	0.0900	0.0000
CMC026.B-metaspades_019	binsBC	True	False	True	True	d__Bacteria;p__Bacillota_A;c__Clostridia;o__Peptostreptococcales;f__Filifactoraceae;g__Peptoanaerobacter;s__Peptoanaerobacter yurii	kSGB_6622	k__Bacteria|p__Firmicutes|c__Clostridia|o__Clostridiales|f__Peptostreptococcaceae|g__Peptoanaerobacter|s__Eubacterium_yurii|t__SGB6622	1378337	33.9000	443	3403	90.7400	10.7465	0.9987	o__Clostridiales (UID1120)	64.6300	0.7000	0.0000	69.3200	0.7900	kingdom	0.0000	0.0000	0.0005
CMC026.B-metaspades_020	binsA	True	True	True	True	d__Bacteria;p__Bacillota_A;c__Clostridia;o__Lachnospirales;f__Lachnospiraceae;g__Lachnoanaerobaculum;s__	uSGB_66047	k__Bacteria|p__Firmicutes|c__CFGB3557|o__OFGB3557|f__FGB3557|g__GGB48051|s__GGB48051_SGB66047|t__SGB66047	2212732	48.2000	165	21531	90.5700	28.3158	0.9988	o__Clostridiales (UID1226)	94.6900	0.6400	0.0000	93.2400	0.3300	family	0.1700	0.1200	0.0016
CMC026.B-metaspades_021	binsAC	True	False	True	True	d__Bacteria;p__Bacteroidota;c__Bacteroidia;o__Bacteroidales;f__Bacteroidaceae;g__Prevotella;s__Prevotella loescheii	kSGB_1457	k__Bacteria|p__Bacteroidetes|c__Bacteroidia|o__Bacteroidales|f__Prevotellaceae|g__Prevotella|s__Prevotella_loescheii|t__SGB1457	2358653	47.6000	350	8048	82.8000	13.0486	0.9983	k__Bacteria (UID203)	51.7200	0.0000	0.0000	63.9600	0.2100	kingdom	0.0000	0.0000	0.0029
CMC026.B-metaspades_022	binsC	True	False	True	True	d__Bacteria;p__Bacteroidota;c__Bacteroidia;o__Bacteroidales;f__Bacteroidaceae;g__Prevotella;s__Prevotella saccharolytica	kSGB_1454	k__Bacteria|p__Bacteroidetes|c__Bacteroidia|o__Bacteroidales|f__Prevotellaceae|g__Prevotella|s__Prevotella_saccharolytica|t__SGB1454	1907974	44.0000	528	4257	88.3400	15.6670	0.9975	g__Prevotella (UID2724)	75.3900	1.2100	57.1400	71.7400	2.1600	kingdom	0.0000	0.0000	0.0047
CMC026.B-metaspades_023	binsBC	True	False	True	True	d__Bacteria;p__Actinomycetota;c__Actinomycetia;o__Actinomycetales;f__Actinomycetaceae;g__Pauljensenia;s__Pauljensenia sp000185285	kSGB_17151	k__Bacteria|p__Actinobacteria|c__Actinobacteria|o__Micrococcales|f__Dermacoccaceae|g__Kytococcus|s__Kytococcus_sedentarius|t__SGB17151	1469690	66.9000	240	6960	90.9300	17.1762	0.9978	f__Actinomycetaceae (UID1531)	72.7300	0.5700	100.0000	74.0600	1.4800	genus	0.0400	0.3300	0.0027
CMC026.B-metaspades_024	binsC	True	False	True	True	d__Bacteria;p__Bacillota_A;c__Clostridia;o__Christensenellales;f__CAG-74;g__;s__	uSGB_15382	k__Bacteria|p__Firmicutes|c__CFGB3069|o__OFGB3069|f__FGB3069|g__GGB9765|s__GGB9765_SGB15382|t__SGB15382	1618071	56.7000	627	2859	89.3600	7.1000	0.9894	c__Clostridia (UID1118)	75.9500	4.1900	77.7800	79.8300	5.7200	order	0.2500	0.0400	0.0047
CMC026.B-metaspades_025	binsB	False	False	True	True	d__Bacteria;p__Bacillota_C;c__Negativicutes;o__Selenomonadales;f__Selenomonadaceae;g__;s__	kSGB_5878	k__Bacteria|p__Firmicutes|c__Negativicutes|o__Selenomonadales|f__Selenomonadaceae|g__Selenomonas|s__Selenomonas_artemidis|t__SGB5878	1375311	55.8000	365	4060	90.2600	7.4808	0.9957	k__Bacteria (UID203)	47.8100	3.0600	40.0000	52.9800	2.0800	order	0.1700	0.0500	0.0038
CMC026.B-metaspades_026	binsAB	True	False	True	True	d__Bacteria;p__Synergistota;c__Synergistia;o__Synergistales;f__Aminobacteriaceae;g__CAJPSE01;s__	uSGB_17523	k__Bacteria|p__Synergistetes|c__Synergistia|o__Synergistales|f__Synergistaceae|g__GGB10852|s__GGB10852_SGB17523|t__SGB17523	1449410	65.0000	158	9898	88.5900	32.1125	0.9983	k__Bacteria (UID209)	76.1200	0.0000	0.0000	75.6800	0.3300	order	0.3500	0.1500	0.0045
CMC026.B-metaspades_027	binsC	True	True	True	True	d__Bacteria;p__Actinomycetota;c__Actinomycetia;o__Propionibacteriales;f__Propionibacteriaceae;g__Brooklawnia;s__	uSGB_61425	k__Bacteria|p__Actinobacteria|c__CFGB23278|o__OFGB23278|f__FGB23278|g__GGB44048|s__GGB44048_SGB61425|t__SGB61425	2556812	65.8000	88	51947	89.2600	80.7170	0.9993	o__Actinomycetales (UID1530)	95.8100	0.3300	0.0000	98.3400	0.3100	genus	0.1400	0.2500	0.0001
CMC026.B-metaspades_028	binsAC	True	False	True	True	d__Bacteria;p__Bacillota_A;c__Clostridia;o__Peptostreptococcales;f__Anaerovoracaceae;g__Mogibacterium;s__	kSGB_3922	k__Bacteria|p__Firmicutes|c__Clostridia|o__Clostridiales|f__Clostridiales_Family_XIII_Incertae_Sedis|g__Mogibacterium|s__Mogibacterium_diversum|t__SGB3922	1078200	42.7000	158	7692	87.4400	31.7589	0.9982	o__Clostridiales (UID1120)	64.3000	0.0000	0.0000	70.5800	0.0600	family	0.3600	0.0300	0.0033
CMC026.B-metaspades_029	binsC	True	False	True	True	d__Bacteria;p__Actinomycetota;c__Coriobacteriia;o__Coriobacteriales;f__Eggerthellaceae;g__UMGS1519;s__	uSGB_14789	k__Bacteria|p__Actinobacteria|c__Coriobacteriia|o__Eggerthellales|f__Eggerthellaceae|g__GGB9421|s__GGB9421_SGB14789|t__SGB14789	1013283	63.3000	468	2348	89.9600	4.2216	0.9958	p__Actinobacteria (UID2112)	72.6400	0.8100	0.0000	53.0400	0.9900	genus	0.1100	0.7500	0.0001
CMC026.B-metaspades_030	binsB	True	False	True	False	d__Bacteria;p__Actinomycetota;c__Actinomycetia;o__Mycobacteriales;f__Mycobacteriaceae;g__Corynebacterium;s__Corynebacterium matruchotii	kSGB_17007	k__Bacteria|p__Actinobacteria|c__Actinobacteria|o__Corynebacteriales|f__Corynebacteriaceae|g__Corynebacterium|s__Corynebacterium_matruchotii|t__SGB17007	2128748	58.5000	205	11116	87.7400	1066.8268	0.9986	o__Actinomycetales (UID1812)	87.9300	1.4400	75.0000	85.3500	0.9600	kingdom	0.0000	0.0000	0.0054
CMC026.B-metaspades_032	binsC	True	False	True	True	d__Bacteria;p__Bacteroidota;c__Bacteroidia;o__Bacteroidales;f__Bacteroidaceae;g__Prevotella;s__Prevotella oulorum	kSGB_1520	k__Bacteria|p__Bacteroidetes|c__Bacteroidia|o__Bacteroidales|f__Prevotellaceae|g__Prevotella|s__Prevotella_oulorum|t__SGB1520	1861634	48.2000	286	6907	89.5100	26.3636	0.9983	g__Prevotella (UID2724)	78.7300	0.3400	100.0000	74.5600	0.0800	kingdom	0.0000	0.0000	0.0045
CMC026.B-metaspades_033	binsC	False	False	True	True	d__Bacteria;p__Bacillota_B;c__Syntrophomonadia;o__Syntrophomonadales;f__CALXSZ01;g__;s__	uSGB_49017	k__Bacteria|p__Cyanobacteria|c__Cyanobacteria_unclassified|o__Synechococcales|f__Prochloraceae|g__GGB37021|s__GGB37021_SGB49017|t__SGB49017	583058	45.0000	91	9281	89.4400	8.1505	0.9978	c__Clostridia (UID1085)	45.5300	0.0000	0.0000	58.4000	0.0800	class	0.1000	0.0300	0.0000
CMC026.B-metaspades_034	binsABC	False	False	True	True	d__Bacteria;p__Bacteroidota;c__Bacteroidia;o__Bacteroidales;f__Bacteroidaceae;g__Prevotella;s__	uSGB_1462	k__Bacteria|p__Bacteroidetes|c__Bacteroidia|o__Bacteroidales|f__Prevotellaceae|g__GGB1141|s__GGB1141_SGB1462|t__SGB1462	960447	48.3000	99	18505	79.7100	40.8879	0.9980	g__Prevotella (UID2724)	25.2700	1.4500	91.6700	23.4400	2.5900	kingdom	0.0000	0.0000	0.0025
CMC026.B-metaspades_035	binsC	True	False	True	True	d__Bacteria;p__Bacteroidota;c__Bacteroidia;o__Bacteroidales;f__UBA932;g__Cryptobacteroides;s__	uSGB_2209	k__Bacteria|p__Bacteroidetes|c__CFGB651|o__OFGB651|f__FGB651|g__GGB1612|s__GGB1612_SGB2209|t__SGB2209	1210482	48.5000	507	2526	94.9700	4.8258	0.9959	p__Bacteroidetes (UID2605)	60.2800	1.3500	50.0000	52.9200	3.0200	family	0.0500	0.6000	0.0005
CMC026.B-metaspades_036	binsC	True	False	True	False	d__Bacteria;p__Actinomycetota;c__Actinomycetia;o__Actinomycetales;f__Micrococcaceae;g__Rothia;s__Rothia aeria	kSGB_16987	k__Bacteria|p__Actinobacteria|c__Actinobacteria|o__Micrococcales|f__Micrococcaceae|g__Rothia|s__Rothia_aeria|t__SGB16987	1905930	57.6000	851	2254	85.2700	11.1838	0.9939	o__Actinomycetales (UID1530)	56.7200	5.7400	91.6700	62.4100	11.5600	kingdom	0.0000	0.0000	0.0064
CMC026.B-metaspades_037	binsC	True	True	True	True	d__Bacteria;p__Bacillota_A;c__Clostridia;o__Peptostreptococcales;f__Peptostreptococcaceae;g__Peptostreptococcus;s__Peptostreptococcus stomatis	kSGB_748	k__Bacteria|p__Firmicutes|c__Clostridia|o__Clostridiales|f__Peptostreptococcaceae|g__Peptostreptococcus|s__Peptostreptococcus_stomatis|t__SGB748	1621897	37.4000	232	9648	88.6300	24.1534	0.9992	o__Clostridiales (UID1120)	97.9000	0.0000	0.0000	98.8000	0.0300	kingdom	0.0000	0.0000	0.0000
CMC026.B-metaspades_038	binsC	True	False	True	True	d__Bacteria;p__Bacteroidota;c__Bacteroidia;o__Bacteroidales;f__Bacteroidaceae;g__UBA6382;s__	uSGB_20035	k__Bacteria|p__Bacteroidetes|c__CFGB529|o__OFGB529|f__FGB529|g__GGB12895|s__GGB12895_SGB20035|t__SGB20035	1884925	44.8000	217	11569	87.8800	7.9060	0.9986	o__Bacteroidales (UID2657)	88.9700	0.9800	25.0000	83.7400	1.9700	genus	0.0400	0.4900	0.0000
CMC026.B-metaspades_039	binsC	True	False	True	False	d__Bacteria;p__Pseudomonadota;c__Gammaproteobacteria;o__Burkholderiales;f__Burkholderiaceae_B;g__Ottowia;s__Ottowia sp001262075	kSGB_12664	k__Bacteria|p__Proteobacteria|c__Betaproteobacteria|o__Burkholderiales|f__Comamonadaceae|g__Ottowia|s__Ottowia_sp_Marseille_P4747|t__SGB12664	2215310	64.6000	809	2947	83.9600	30.7974	0.9976	o__Burkholderiales (UID4000)	79.3100	0.5300	0.0000	81.0400	0.6000	class	0.2200	0.0200	0.0080
CMC026.B-metaspades_040	binsAC	True	False	True	False	d__Bacteria;p__Bacteroidota;c__Bacteroidia;o__Bacteroidales;f__Paludibacteraceae;g__F0058;s__F0058 sp905372135	uSGB_1343	k__Bacteria|p__Bacteroidetes|c__Bacteroidetes_unclassified|o__Bacteroidetes_unclassified|f__Bacteroidetes_unclassified|g__Bacteroidetes_unclassified|s__Bacteroidetes_unclassified_SGB1343|t__SGB1343	1012249	46.2000	342	3081	90.5500	62.7140	0.9989	k__Bacteria (UID2569)	54.0100	2.1500	25.0000	60.5400	1.0800	family	0.2400	0.0200	0.0070
CMC026.B-metaspades_041	binsAB	False	False	True	True	d__Bacteria;p__Actinomycetota;c__Actinomycetia;o__Propionibacteriales;f__Propionibacteriaceae;g__Propionibacterium;s__Propionibacterium acidifaciens	kSGB_15903	k__Bacteria|p__Actinobacteria|c__Actinobacteria|o__Propionibacteriales|f__Propionibacteriaceae|g__Propionibacterium|s__Propionibacterium_acidifaciens|t__SGB15903	974013	70.9000	360	2708	89.2300	15.8447	0.9978	o__Actinomycetales (UID1530)	37.6100	0.3300	0.0000	40.3000	0.6300	kingdom	0.0000	0.0000	0.0013
CMC026.B-metaspades_042	binsBC	True	False	True	True	d__Bacteria;p__Actinomycetota;c__Coriobacteriia;o__Coriobacteriales;f__Eggerthellaceae;g__Slackia;s__Slackia exigua	kSGB_14784	k__Bacteria|p__Actinobacteria|c__Coriobacteriia|o__Eggerthellales|f__Eggerthellaceae|g__Slackia|s__Slackia_exigua|t__SGB14784	1430089	62.8000	396	4138	89.1900	7.2578	0.9951	p__Actinobacteria (UID2112)	79.3600	3.7400	83.3300	72.1900	1.3900	kingdom	0.0000	0.0000	0.0026
CMC026.B-metaspades_043	binsB	True	False	True	True	d__Bacteria;p__Bacillota_C;c__Negativicutes;o__Veillonellales;f__Veillonellaceae;g__Veillonella;s__Veillonella parvula_A	kSGB_6939	k__Bacteria|p__Firmicutes|c__Negativicutes|o__Veillonellales|f__Veillonellaceae|g__Veillonella|s__Veillonella_parvula|t__SGB6939	1289673	39.0000	249	5957	89.4900	20.2976	0.9976	o__Selenomonadales (UID1024)	85.1500	0.6700	75.0000	70.1900	0.0800	kingdom	0.0000	0.0000	0.0025
CMC026.B-metaspades_045	binsBC	True	False	True	True	d__Bacteria;p__Bacillota_A;c__Clostridia;o__Lachnospirales;f__Lachnospiraceae;g__Stomatobaculum;s__	kSGB_5268	k__Bacteria|p__Fusobacteria|c__Fusobacteriia|o__Fusobacteriales|f__Fusobacteriaceae|g__Fusobacterium|s__Fusobacterium_naviforme|t__SGB5268	907728	56.1000	300	3112	90.4100	4.8427	0.9956	o__Clostridiales (UID1226)	56.5100	0.6300	0.0000	48.9300	0.0900	genus	0.2000	0.3500	0.0006
CMC026.B-metaspades_046	binsC	True	False	True	False	d__Bacteria;p__Spirochaetota;c__Spirochaetia;o__Treponematales;f__Treponemataceae;g__Treponema_C;s__Treponema_C maltophilum	kSGB_3589	k__Bacteria|p__Spirochaetes|c__Spirochaetia|o__Spirochaetales|f__Spirochaetaceae|g__Treponema|s__Treponema_maltophilum|t__SGB3589	1267711	49.5000	749	1736	94.0700	8.4421	0.9918	f__Spirochaetaceae (UID2535)	58.0600	1.2400	33.3300	52.6700	1.9100	kingdom	0.0000	0.0000	0.0097
CMC026.B-metaspades_047	binsC	True	True	True	True	d__Bacteria;p__Actinomycetota;c__Actinomycetia;o__Propionibacteriales;f__Propionibacteriaceae;g__Fen-668;s__	uSGB_15902	k__Bacteria|p__Actinobacteria|c__Actinobacteria|o__Propionibacteriales|f__Propionibacteriaceae|g__GGB10025|s__GGB10025_SGB15902|t__SGB15902	2700650	66.9000	60	62621	90.9000	65.4967	0.9992	o__Actinomycetales (UID1697)	94.0400	0.7800	0.0000	100.0000	0.1500	genus	0.0700	0.9000	0.0000
CMC026.B-metaspades_048	binsAC	True	False	True	True	d__Bacteria;p__Bacteroidota;c__Bacteroidia;o__Flavobacteriales;f__Flavobacteriaceae;g__Capnocytophaga;s__Capnocytophaga granulosa	kSGB_2483	k__Bacteria|p__Bacteroidetes|c__Flavobacteriia|o__Flavobacteriales|f__Flavobacteriaceae|g__Capnocytophaga|s__Capnocytophaga_granulosa|t__SGB2483	1171691	42.1000	276	5115	89.7300	25.4801	0.9990	k__Bacteria (UID203)	53.4500	2.5900	100.0000	49.7200	4.5600	kingdom	0.0000	0.0000	0.0022
CMC026.B-metaspades_049	binsBC	True	True	True	True	d__Bacteria;p__Synergistota;c__Synergistia;o__Synergistales;f__Dethiosulfovibrionaceae;g__Pyramidobacter;s__Pyramidobacter piscolens	kSGB_15497	k__Bacteria|p__Synergistetes|c__Synergistia|o__Synergistales|f__Synergistaceae|g__Pyramidobacter|s__Pyramidobacter_piscolens|t__SGB15497	2236012	60.4000	170	17726	88.0400	11.3406	0.9989	k__Bacteria (UID209)	94.9200	0.0000	0.0000	94.4500	1.1200	phylum	0.2500	0.0200	0.0006
CMC026.B-metaspades_050	binsC	True	False	True	True	d__Bacteria;p__Bacillota;c__Bacilli;o__Erysipelotrichales;f__Erysipelotrichaceae;g__Bulleidia;s__Bulleidia moorei	kSGB_6826	k__Bacteria|p__Firmicutes|c__Erysipelotrichia|o__Erysipelotrichales|f__Erysipelotrichaceae|g__Solobacterium|s__Solobacterium_moorei|t__SGB6826	1342513	37.7000	404	4010	92.7300	9.8730	0.9956	k__Bacteria (UID2372)	86.3200	2.4200	100.0000	83.8400	0.9300	kingdom	0.0000	0.0000	0.0041
CMC026.B-metaspades_051	binsB	True	False	True	True	d__Bacteria;p__Bacteroidota;c__Bacteroidia;o__Flavobacteriales;f__Flavobacteriaceae;g__Capnocytophaga;s__Capnocytophaga ochracea	kSGB_2497	k__Bacteria|p__Bacteroidetes|c__Flavobacteriia|o__Flavobacteriales|f__Flavobacteriaceae|g__Capnocytophaga|s__Capnocytophaga_ochracea|t__SGB2497	1727407	39.9000	330	5209	86.7700	46.8191	0.9973	p__Bacteroidetes (UID2605)	73.7000	0.0000	0.0000	72.4800	0.0400	kingdom	0.0000	0.0000	0.0042
CMC026.B-metaspades_052	binsC	True	True	True	True	d__Bacteria;p__Bacteroidota;c__Bacteroidia;o__Bacteroidales;f__UBA932;g__Cryptobacteroides;s__	uSGB_2210	k__Bacteria|p__Bacteroidetes|c__CFGB652|o__OFGB652|f__FGB652|g__GGB1613|s__GGB1613_SGB2210|t__SGB2210	1919647	43.1000	252	10774	93.1200	10.1036	0.9989	p__Bacteroidetes (UID2605)	93.3300	0.1600	0.0000	96.8100	0.2300	family	0.1200	0.6200	0.0001
CMC026.B-metaspades_053	binsBC	True	True	True	True	d__Bacteria;p__Actinomycetota;c__Actinomycetia;o__Actinomycetales;f__Bifidobacteriaceae;g__Bifidobacterium;s__Bifidobacterium dentium	kSGB_17234	k__Bacteria|p__Actinobacteria|c__Actinobacteria|o__Bifidobacteriales|f__Bifidobacteriaceae|g__Bifidobacterium|s__Bifidobacterium_dentium|t__SGB17234	2302376	58.9000	147	20490	89.2400	7.6531	0.9982	f__Bifidobacteriaceae (UID1458)	97.0300	0.6800	0.0000	98.1400	0.3600	kingdom	0.0000	0.0000	0.0000
CMC026.B-metaspades_054	binsC	True	True	True	True	d__Bacteria;p__Bacillota_A;c__Clostridia;o__Lachnospirales;f__Lachnospiraceae;g__F0428;s__F0428 sp003043955	kSGB_4479	k__Bacteria|p__Firmicutes|c__Clostridia|o__Clostridiales|f__Lachnospiraceae|g__Lachnospiraceae_unclassified|s__Lachnospiraceae_bacterium_oral_taxon_096|t__SGB4479	1793674	40.1000	278	7717	91.5400	18.2601	0.9975	o__Clostridiales (UID1226)	90.4200	0.1600	100.0000	96.2300	0.8300	class	0.1800	0.0300	0.0034
CMC026.B-metaspades_055	binsBC	True	True	True	True	d__Bacteria;p__Actinomycetota;c__Actinomycetia;o__Mycobacteriales;f__Mycobacteriaceae;g__Corynebacterium;s__Corynebacterium durum	kSGB_17008	k__Bacteria|p__Actinobacteria|c__Actinobacteria|o__Corynebacteriales|f__Corynebacteriaceae|g__Corynebacterium|s__Corynebacterium_durum|t__SGB17008	2656218	57.2000	117	31498	90.3700	16.2752	0.9989	o__Actinomycetales (UID1809)	96.9800	1.0500	66.6700	99.7100	0.1500	kingdom	0.0000	0.0000	0.0016
CMC026.B-metaspades_056	binsABC	True	True	True	True	d__Bacteria;p__Desulfobacterota;c__Desulfobulbia;o__Desulfobulbales;f__Desulfobulbaceae;g__Desulfobulbus;s__Desulfobulbus oralis	kSGB_8831	k__Bacteria|p__Proteobacteria|c__Deltaproteobacteria|o__Desulfobacterales|f__Desulfobulbaceae|g__Desulfobulbus|s__Desulfobulbus_oralis|t__SGB8831	2351536	61.3000	114	22492	88.1900	39.1175	0.9993	c__Deltaproteobacteria (UID3217)	95.8300	0.0000	0.0000	94.3400	0.0300	genus	0.3000	0.1800	0.0021
CMC026.B-metaspades_057	binsAC	True	False	True	True	d__Bacteria;p__Bacillota_A;c__Clostridia;o__Peptostreptococcales;f__Anaerovoracaceae;g__Eubacterium_B;s__Eubacterium_B sulci	kSGB_3934	k__Bacteria|p__Firmicutes|c__Clostridia|o__Clostridiales|f__Clostridiales_Family_XIII_Incertae_Sedis|g__Clostridiales_Family_XIII_Incertae_Sedis_unclassified|s__Eubacterium_sulci|t__SGB3934	954024	41.4000	264	3872	91.1400	13.5564	0.9965	o__Clostridiales (UID1120)	71.6300	1.4200	100.0000	65.5300	1.8900	kingdom	0.0000	0.0000	0.0026
CMC026.B-metaspades_058	binsA	False	False	True	False	d__Bacteria;p__Patescibacteria;c__Saccharimonadia;o__Saccharimonadales;f__Nanoperiomorbaceae;g__Nanoperiomorbus;s__	uSGB_19801	k__Bacteria|p__Candidatus_Saccharibacteria|c__Candidatus_Saccharibacteria_unclassified|o__Candidatus_Saccharibacteria_unclassified|f__Candidatus_Saccharibacteria_unclassified|g__Candidatus_Saccharibacteria_unclassified|s__Candidatus_Saccharibacteria_unclassified_SGB19801|t__SGB19801	416017	52.5000	189	2254	91.3500	8.8838	0.9939	k__Bacteria (UID1453)	40.0300	1.2600	50.0000	49.4500	0.7600	family	0.3300	0.0600	0.0065
CMC026.B-metaspades_059	binsB	True	False	True	True	d__Bacteria;p__Actinomycetota;c__Coriobacteriia;o__Coriobacteriales;f__Eggerthellaceae;g__Berryella;s__	kSGB_14791	k__Bacteria|p__Actinobacteria|c__Coriobacteriia|o__Coriobacteriales|f__Coriobacteriaceae|g__Coriobacteriaceae_unclassified|s__Coriobacteriaceae_bacterium_68_1_3|t__SGB14791	1467440	63.1000	234	7936	86.3400	10.6072	0.9980	p__Actinobacteria (UID2112)	54.0100	1.2500	100.0000	54.2300	3.2700	genus	0.2000	0.6200	0.0005
CMC026.B-metaspades_060	binsABC	True	True	True	True	d__Bacteria;p__Actinomycetota;c__Actinomycetia;o__Propionibacteriales;f__Propionibacteriaceae;g__Brooklawnia;s__Brooklawnia sp000413315	kSGB_16999	k__Bacteria|p__Actinobacteria|c__Actinobacteria|o__Propionibacteriales|f__Propionibacteriaceae|g__Propionibacterium|s__Propionibacterium_sp_oral_taxon_192|t__SGB16999	2582793	61.7000	37	85301	90.1600	66.2297	0.9996	o__Actinomycetales (UID1530)	98.6800	0.3300	0.0000	100.0000	1.0500	kingdom	0.0000	0.0000	0.0008
CMC026.B-metaspades_061	binsBC	True	False	True	True	d__Bacteria;p__Actinomycetota;c__Coriobacteriia;o__Coriobacteriales;f__Eggerthellaceae;g__;s__	kSGB_14790	k__Bacteria|p__Actinobacteria|c__Coriobacteriia|o__Eggerthellales|f__Eggerthellaceae|g__Gordonibacter|s__Gordonibacter_sp_Marseille_P4307|t__SGB14790	1828064	62.3000	188	12893	85.9300	16.7755	0.9985	p__Actinobacteria (UID2112)	63.3600	1.8800	66.6700	59.8500	1.9300	phylum	0.1700	0.1000	0.0009
CMC026.B-metaspades_062	binsAB	True	False	True	True	d__Bacteria;p__Actinomycetota;c__Actinomycetia;o__Actinomycetales;f__Actinomycetaceae;g__Pauljensenia;s__Pauljensenia hongkongensis	kSGB_17148	k__Bacteria|p__Actinobacteria|c__Actinobacteria|o__Actinomycetales|f__Actinomycetaceae|g__Actinomyces|s__Actinomyces_hongkongensis|t__SGB17148	1386072	71.0000	375	4061	89.8300	73.6915	0.9979	f__Actinomycetaceae (UID1531)	62.2200	0.9500	0.0000	58.1500	0.2300	genus	0.1600	0.0700	0.0027
CMC026.B-metaspades_063	binsB	True	False	True	True	d__Bacteria;p__Actinomycetota;c__Actinomycetia;o__Actinomycetales;f__Actinomycetaceae;g__Actinomyces;s__Actinomyces sp002999235	kSGB_15876	k__Bacteria|p__Actinobacteria|c__Actinobacteria|o__Actinomycetales|f__Actinomycetaceae|g__Actinomyces|s__Actinomyces_sp_oral_taxon_897|t__SGB15876	2660224	72.0000	459	5794	85.3600	325.3477	0.9971	f__Actinomycetaceae (UID1531)	84.8600	1.2000	50.0000	87.1800	2.5400	order	0.2200	0.0200	0.0034
CMC026.B-metaspades_064	binsAC	True	False	True	True	d__Bacteria;p__Bacillota_C;c__Negativicutes;o__Selenomonadales;f__Selenomonadaceae;g__Centipeda;s__Centipeda noxia	kSGB_5884	k__Bacteria|p__Firmicutes|c__Negativicutes|o__Selenomonadales|f__Selenomonadaceae|g__Selenomonas|s__Selenomonas_noxia|t__SGB5884	1560826	57.4000	86	28884	91.4700	88.6140	0.9991	f__Veillonellaceae (UID1033)	77.1300	0.1700	0.0000	77.1500	0.0200	kingdom	0.0000	0.0000	0.0031
CMC026.B-metaspades_065	binsABC	True	False	True	True	d__Bacteria;p__Actinomycetota;c__Coriobacteriia;o__Coriobacteriales;f__Eggerthellaceae;g__Cryptobacterium;s__	kSGB_962	k__Bacteria|p__Actinobacteria|c__Coriobacteriia|o__Eggerthellales|f__Eggerthellaceae|g__Cryptobacterium|s__Cryptobacterium_curtum|t__SGB962	1470776	51.4000	106	16213	87.6400	41.8113	0.9979	p__Actinobacteria (UID2112)	84.8900	1.6100	100.0000	78.5100	0.8200	phylum	0.2400	0.0300	0.0036
CMC026.B-metaspades_066	binsB	True	False	True	True	d__Bacteria;p__Actinomycetota;c__Actinomycetia;o__Actinomycetales;f__Actinomycetaceae;g__Pauljensenia;s__	uSGB_17154	k__Bacteria|p__Actinobacteria|c__Actinobacteria|o__Actinomycetales|f__Actinomycetaceae|g__Actinomyces|s__Actinomyces_SGB17154|t__SGB17154	1863645	65.3000	198	15236	89.3300	44.3293	0.9991	f__Actinomycetaceae (UID1531)	85.6200	1.4600	75.0000	86.0000	0.3800	genus	0.0700	0.2800	0.0022
CMC026.B-metaspades_067	binsAC	True	False	True	False	d__Bacteria;p__Actinomycetota;c__Actinomycetia;o__Actinomycetales;f__Micrococcaceae;g__Rothia;s__Rothia dentocariosa	kSGB_16988	k__Bacteria|p__Actinobacteria|c__Actinobacteria|o__Micrococcales|f__Micrococcaceae|g__Rothia|s__Rothia_dentocariosa|t__SGB16988	1710038	53.9000	296	7935	84.7400	121.0814	0.9992	o__Actinomycetales (UID1530)	79.7500	0.1100	100.0000	78.7600	0.2200	kingdom	0.0000	0.0000	0.0060
CMC026.B-metaspades_068	binsC	True	True	True	True	d__Bacteria;p__Actinomycetota;c__Actinomycetia;o__Actinomycetales;f__Actinomycetaceae;g__Peptidiphaga;s__Peptidiphaga sp000466165	kSGB_15892	k__Bacteria|p__Actinobacteria|c__Actinobacteria|o__Actinomycetales|f__Actinomycetaceae|g__Actinobaculum|s__Actinobaculum_sp_oral_taxon_183|t__SGB15892	2266712	68.0000	118	14624	86.5400	1835.9288	0.9973	p__Actinobacteria (UID1454)	96.9200	1.2500	50.0000	99.8700	0.1200	genus	0.0400	0.0400	0.0019
CMC026.B-metaspades_069	binsC	True	False	True	True	d__Bacteria;p__Bacillota_C;c__Negativicutes;o__Selenomonadales;f__Selenomonadaceae;g__CAJPQU01;s__CAJPQU01 sp905372875	uSGB_5873	k__Bacteria|p__Firmicutes|c__CFGB1714|o__OFGB1714|f__FGB1714|g__GGB4300|s__GGB4300_SGB5873|t__SGB5873	1644219	55.8000	514	3864	90.5300	6.3301	0.9937	p__Firmicutes (UID1022)	86.1700	2.3700	50.0000	80.8300	2.5400	class	0.2600	0.0400	0.0020
CMC026.B-metaspades_070	binsAC	True	False	True	True	d__Bacteria;p__Bacillota_A;c__Clostridia;o__Lachnospirales;f__Lachnospiraceae;g__Butyrivibrio;s__	uSGB_3946	k__Bacteria|p__Firmicutes|c__CFGB1207|o__OFGB1207|f__FGB1207|g__GGB2964|s__GGB2964_SGB3946|t__SGB3946	976237	44.9000	427	2565	93.4800	5.2372	0.9955	f__Lachnospiraceae (UID1255)	58.1400	0.6700	50.0000	53.6200	2.4300	genus	0.3000	0.3200	0.0012
CMC026.B-metaspades_071	binsB	True	False	True	False	d__Bacteria;p__Synergistota;c__Synergistia;o__Synergistales;f__Aminobacteriaceae;g__Fretibacterium;s__	uSGB_61573	k__Bacteria|p__Synergistetes|c__Synergistia|o__Synergistales|f__Synergistaceae|g__Fretibacterium|s__Fretibacterium_SGB61573|t__SGB61573	1544154	65.5000	250	7874	89.5500	55.3416	0.9985	k__Bacteria (UID209)	87.2900	0.0000	0.0000	84.0800	0.0400	order	0.3900	0.1800	0.0056
CMC026.B-metaspades_072	binsC	True	True	True	True	d__Bacteria;p__Bacillota_A;c__Clostridia;o__Lachnospirales;f__Lachnospiraceae;g__Oribacterium;s__Oribacterium sp000160135	kSGB_7282	k__Bacteria|p__Firmicutes|c__Clostridia|o__Clostridiales|f__Lachnospiraceae|g__Oribacterium|s__Oribacterium_sp_oral_taxon_078|t__SGB7282	2107761	56.2000	512	5339	88.2500	12.7354	0.9971	o__Clostridiales (UID1226)	93.2600	1.4400	100.0000	95.2000	0.7200	kingdom	0.0000	0.0000	0.0038
CMC026.B-metaspades_073	binsBC	True	False	True	True	d__Bacteria;p__Bacteroidota;c__Bacteroidia;o__Bacteroidales;f__Bacteroidaceae;g__Phocaeicola;s__Phocaeicola sp021295095	uSGB_48493	k__Bacteria|p__Bacteroidetes|c__CFGB12892|o__OFGB12892|f__FGB12892|g__GGB36382|s__GGB36382_SGB48493|t__SGB48493	1772059	39.7000	388	5058	90.8800	7.0492	0.9980	o__Bacteroidales (UID2657)	67.7100	0.7400	0.0000	68.8900	0.1900	family	0.1800	0.3500	0.0004
CMC026.B-metaspades_074	binsC	True	False	True	True	d__Bacteria;p__Bacteroidota;c__Bacteroidia;o__Bacteroidales;f__UBA932;g__Cryptobacteroides;s__	uSGB_2191	k__Bacteria|p__Bacteroidetes|c__CFGB648|o__OFGB648|f__FGB648|g__GGB1596|s__GGB1596_SGB2191|t__SGB2191	1741591	58.9000	841	2130	92.5500	3.7516	0.9922	p__Bacteroidetes (UID2605)	63.2500	1.8800	0.0000	56.3400	2.3000	family	0.2500	0.3200	0.0001
CMC026.B-metaspades_075	binsABC	True	False	True	True	d__Bacteria;p__Bacillota_A;c__Clostridia;o__Peptostreptococcales;f__Anaerovoracaceae;g__RGIG7111;s__	uSGB_59071	k__Bacteria|p__Firmicutes|c__CFGB2981|o__OFGB2981|f__FGB2981|g__GGB41963|s__GGB41963_SGB59071|t__SGB59071	1283108	42.7000	41	46360	87.7900	30.9951	0.9999	o__Clostridiales (UID1120)	87.9400	0.0000	0.0000	99.2000	0.0700	family	0.0500	0.6000	0.0001
CMC026.B-metaspades_076	binsABC	True	True	True	True	d__Bacteria;p__Actinomycetota;c__Coriobacteriia;o__Coriobacteriales;f__Atopobiaceae;g__Lancefieldella;s__	uSGB_62949	k__Bacteria|p__Actinobacteria|c__Coriobacteriia|o__Coriobacteriales|f__Atopobiaceae|g__Atopobium|s__Atopobium_SGB62949|t__SGB62949	1502463	48.1000	26	99258	89.0200	23.4538	0.9998	p__Actinobacteria (UID2112)	99.1900	0.0000	0.0000	98.3200	1.7300	kingdom	0.0000	0.0000	0.0004
CMC026.B-metaspades_077	binsABC	True	False	True	True	d__Bacteria;p__Patescibacteria;c__Saccharimonadia;o__Saccharimonadales;f__UBA10027;g__SDRW01;s__	uSGB_19843	k__Bacteria|p__Candidatus_Saccharibacteria|c__CFGB4355|o__OFGB4355|f__FGB4355|g__GGB12789|s__GGB12789_SGB19843|t__SGB19843	592607	53.5000	43	19185	90.7000	8.0791	0.9993	k__Bacteria (UID1452)	56.0200	0.0000	0.0000	72.3000	0.0100	order	0.3600	0.0300	0.0003
CMC026.B-metaspades_078	binsAC	True	True	True	True	d__Bacteria;p__Bacillota_A;c__Clostridia;o__Peptostreptococcales;f__Anaerovoracaceae;g__Eubacterium_B;s__	kSGB_3936	k__Bacteria|p__Firmicutes|c__Clostridia|o__Clostridiales|f__Clostridiales_Family_XIII_Incertae_Sedis|g__Clostridiales_Family_XIII_Incertae_Sedis_unclassified|s__Eubacterium_infirmum|t__SGB3936	1437504	50.1000	74	24295	91.5700	11.9365	0.9982	o__Clostridiales (UID1120)	94.5600	0.0000	0.0000	80.7800	0.2600	family	0.1600	0.3300	0.0008
CMC026.B-metaspades_079	binsAC	True	True	True	True	d__Bacteria;p__Bacteroidota;c__Bacteroidia;o__Bacteroidales;f__Bacteroidaceae;g__Phocaeicola;s__Phocaeicola abscessus	kSGB_2052	k__Bacteria|p__Bacteroidetes|c__Bacteroidia|o__Bacteroidales|f__Bacteroidales_unclassified|g__Phocaeicola|s__Phocaeicola_abscessus|t__SGB2052	2334345	47.8000	31	80416	89.7800	54.9613	0.9996	o__Bacteroidales (UID2657)	93.3100	1.1200	25.0000	83.8500	0.0200	kingdom	0.0000	0.0000	0.0001
CMC026.B-metaspades_080	binsABC	True	True	False	True	d__Bacteria;p__Actinomycetota;c__Coriobacteriia;o__Coriobacteriales;f__Atopobiaceae;g__Olsenella;s__Olsenella uli	kSGB_14386	k__Bacteria|p__Actinobacteria|c__Coriobacteriia|o__Coriobacteriales|f__Atopobiaceae|g__Olsenella|s__Olsenella_uli|t__SGB14386	2029383	64.6000	57	30482	87.2500	51.0474	0.9984	p__Actinobacteria (UID2112)	97.5800	0.0000	0.0000	99.2000	2.6500	family	0.4700	0.0200	0.0014
CMC026.B-metaspades_081	binsB	True	False	True	True	d__Bacteria;p__Bacteroidota;c__Bacteroidia;o__Bacteroidales;f__Bacteroidaceae;g__Prevotella;s__Prevotella maculosa	kSGB_1524	k__Bacteria|p__Bacteroidetes|c__Bacteroidia|o__Bacteroidales|f__Prevotellaceae|g__Prevotella|s__Prevotella_maculosa|t__SGB1524	1829941	49.0000	334	6228	88.6200	14.8814	0.9977	g__Prevotella (UID2724)	72.4700	0.5100	100.0000	66.9200	0.5500	kingdom	0.0000	0.0000	0.0033
CMC026.B-metaspades_082	binsAB	True	True	True	True	d__Bacteria;p__Bacillota_C;c__Negativicutes;o__Selenomonadales;f__Selenomonadaceae;g__Selenomonas;s__	kSGB_5898	k__Bacteria|p__Firmicutes|c__Negativicutes|o__Selenomonadales|f__Selenomonadaceae|g__Selenomonas|s__Selenomonas_sputigena|t__SGB5898	2097347	59.6000	186	24790	89.1700	69.2672	0.9995	p__Firmicutes (UID1022)	91.8100	0.6300	0.0000	86.1300	0.2700	kingdom	0.0000	0.0000	0.0011
CMC026.B-metaspades_083	binsB	True	True	True	True	d__Bacteria;p__Actinomycetota;c__Actinomycetia;o__Actinomycetales;f__Actinomycetaceae;g__Pauljensenia;s__Pauljensenia cardiffensis	kSGB_17147	k__Bacteria|p__Actinobacteria|c__Actinobacteria|o__Actinomycetales|f__Actinomycetaceae|g__Schaalia|s__Schaalia_cardiffensis|t__SGB17147	1973875	61.6000	169	18940	86.0600	13.7544	0.9968	f__Actinomycetaceae (UID1531)	92.4200	2.8100	40.0000	89.5700	0.9900	genus	0.4200	0.0400	0.0016
CMC026.B-metaspades_084	binsA	True	False	True	True	d__Bacteria;p__Bacillota;c__Bacilli;o__Lactobacillales;f__Streptococcaceae;g__Streptococcus;s__Streptococcus sinensis	kSGB_8030	k__Bacteria|p__Firmicutes|c__Bacilli|o__Lactobacillales|f__Streptococcaceae|g__Streptococcus|s__Streptococcus_sinensis|t__SGB8030	1001684	42.7000	290	3802	87.7100	308.4086	0.9995	o__Lactobacillales (UID544)	50.9400	0.2800	66.6700	51.3800	0.6900	kingdom	0.0000	0.0000	0.0039
CMC026.B-metaspades_085	binsC	True	False	False	True	d__Bacteria;p__Actinomycetota;c__Actinomycetia;o__Actinomycetales;f__Actinomycetaceae;g__Pauljensenia;s__Pauljensenia sp000758755	kSGB_17132	k__Bacteria|p__Actinobacteria|c__Actinobacteria|o__Actinomycetales|f__Actinomycetaceae|g__Actinomyces|s__Actinomyces_sp_S6_Spd3|t__SGB17132	1191607	57.5000	652	1839	92.4200	4.0667	0.9919	f__Actinomycetaceae (UID1531)	54.7500	2.1300	22.2200	56.8100	0.7600	genus	0.6800	0.0800	0.0015
CMC026.B-metaspades_086	binsC	True	False	True	True	d__Bacteria;p__Bacillota_A;c__Clostridia;o__Peptostreptococcales;f__Anaerovoracaceae;g__RUG100;s__	uSGB_37203	k__Bacteria|p__Firmicutes|c__CFGB8240|o__OFGB8240|f__FGB8240|g__GGB25267|s__GGB25267_SGB37203|t__SGB37203	805315	44.2000	411	2061	92.9700	4.5401	0.9952	o__Clostridiales (UID1120)	60.4900	1.2400	75.0000	60.6700	1.4500	family	0.0900	0.6300	0.0017
CMC026.B-metaspades_087	binsC	True	False	True	True	d__Bacteria;p__Bacteroidota;c__Bacteroidia;o__Bacteroidales;f__Tannerellaceae;g__Tannerella;s__	kSGB_2047	k__Bacteria|p__Bacteroidetes|c__Bacteroidia|o__Bacteroidales|f__Tannerellaceae|g__Tannerella|s__Tannerella_sp_oral_taxon_808|t__SGB2047	2260546	56.0000	302	9421	83.6700	23.1904	0.9980	o__Bacteroidales (UID2621)	77.6500	1.2800	60.0000	76.8800	2.2800	genus	0.4200	0.0700	0.0024
CMC026.B-metaspades_088	binsC	True	False	True	False	d__Bacteria;p__Fusobacteriota;c__Fusobacteriia;o__Fusobacteriales;f__Fusobacteriaceae;g__Fusobacterium;s__Fusobacterium polymorphum	kSGB_6001	k__Bacteria|p__Fusobacteria|c__Fusobacteriia|o__Fusobacteriales|f__Fusobacteriaceae|g__Fusobacterium|s__Fusobacterium_nucleatum|t__SGB6001	1353093	28.5000	743	1860	94.0400	16.2198	0.9963	k__Bacteria (UID2329)	73.8400	1.5500	66.6700	61.0400	1.4400	kingdom	0.0000	0.0000	0.0064
CMC026.B-metaspades_089	binsC	True	False	True	True	d__Bacteria;p__Bacteroidota;c__Bacteroidia;o__Bacteroidales;f__Bacteroidaceae;g__Prevotella;s__Prevotella micans	kSGB_1565	k__Bacteria|p__Bacteroidetes|c__Bacteroidia|o__Bacteroidales|f__Prevotellaceae|g__Prevotella|s__Prevotella_micans|t__SGB1565	1327453	47.1000	517	2774	89.8100	5.6817	0.9951	k__Bacteria (UID203)	53.7600	0.8600	0.0000	57.5100	0.5600	kingdom	0.0000	0.0000	0.0004
CMC026.B-metaspades_090	binsC	True	False	True	True	d__Bacteria;p__Bacillota_A;c__Clostridia;o__Eubacteriales;f__Eubacteriaceae;g__Pseudoramibacter;s__Pseudoramibacter alactolyticus	kSGB_4082	k__Bacteria|p__Firmicutes|c__Clostridia|o__Clostridiales|f__Eubacteriaceae|g__Pseudoramibacter|s__Pseudoramibacter_alactolyticus|t__SGB4082	1722553	53.9000	656	3050	89.8800	6.7976	0.9928	o__Clostridiales (UID1120)	87.2700	5.4600	78.5700	85.9200	6.3200	kingdom	0.0000	0.0000	0.0041
CMC026.B-metaspades_091	binsC	True	False	True	False	d__Bacteria;p__Bacillota_A;c__Clostridia;o__Lachnospirales;f__Lachnospiraceae;g__Stomatobaculum;s__Stomatobaculum longum	kSGB_5265	k__Bacteria|p__Firmicutes|c__Clostridia|o__Clostridiales|f__Lachnospiraceae|g__Stomatobaculum|s__Stomatobaculum_longum|t__SGB5265	1050541	57.5000	613	1697	93.0700	5.0858	0.9889	o__Clostridiales (UID1226)	56.2000	1.5000	71.4300	61.1000	3.9100	kingdom	0.0000	0.0000	0.0063
CMC026.B-metaspades_092	binsC	False	False	True	True	d__Bacteria;p__Actinomycetota;c__Coriobacteriia;o__Coriobacteriales;f__Atopobiaceae;g__Olsenella_F;s__Olsenella_F profusa_A	kSGB_14387	k__Bacteria|p__Actinobacteria|c__Coriobacteriia|o__Coriobacteriales|f__Atopobiaceae|g__Olsenella|s__Olsenella_profusa|t__SGB14387	1163457	64.6000	694	1655	88.4800	3.9455	0.9921	p__Actinobacteria (UID2112)	49.6700	0.8100	100.0000	40.9800	0.2000	kingdom	0.0000	0.0000	0.0017
CMC026.B-metaspades_093	binsC	True	False	True	False	d__Bacteria;p__Bacteroidota;c__Bacteroidia;o__Bacteroidales;f__Bacteroidaceae;g__Prevotella;s__Prevotella melaninogenica_B	uSGB_1551	k__Bacteria|p__Bacteroidetes|c__Bacteroidia|o__Bacteroidales|f__Prevotellaceae|g__Prevotella|s__Prevotella_SGB1551|t__SGB1551	1737078	41.7000	572	3270	86.4200	16.1236	0.9976	g__Prevotella (UID2724)	67.5600	2.1100	54.0500	63.9700	4.9800	kingdom	0.0000	0.0000	0.0051
CMC033.B-metaspades_001	binsB	True	False	True	True	d__Bacteria;p__Patescibacteria;c__Saccharimonadia;o__Saccharimonadales;f__SDRK01;g__SDRK01;s__SDRK01 sp007845205	uSGB_19820	k__Bacteria|p__Firmicutes|c__CFGB4352|o__OFGB4352|f__FGB4352|g__GGB12782|s__GGB12782_SGB19820|t__SGB19820	513753	34.2000	130	4708	92.3700	7.3423	0.9982	k__Bacteria (UID203)	68.1000	0.0000	0.0000	75.0900	1.2400	phylum	0.1500	0.0300	0.0000
CMC033.B-metaspades_002	binsAC	True	False	True	False	d__Bacteria;p__Campylobacterota;c__Campylobacteria;o__Campylobacterales;f__Campylobacteraceae;g__Campylobacter_A;s__Campylobacter_A concisus_T	kSGB_19351	k__Bacteria|p__Proteobacteria|c__Epsilonproteobacteria|o__Campylobacterales|f__Campylobacteraceae|g__Campylobacter|s__Campylobacter_concisus|t__SGB19351	1339348	40.5000	728	1848	93.2900	16.5980	0.9945	k__Bacteria (UID203)	53.9200	2.4100	66.6700	61.5800	4.1400	kingdom	0.0000	0.0000	0.0075
CMC033.B-metaspades_003	binsAC	True	True	True	True	d__Bacteria;p__Bacillota_C;c__Negativicutes;o__Selenomonadales;f__Selenomonadaceae;g__CAJPQU01;s__CAJPQU01 sp905372875	uSGB_5873	k__Bacteria|p__Firmicutes|c__CFGB1714|o__OFGB1714|f__FGB1714|g__GGB4300|s__GGB4300_SGB5873|t__SGB5873	1796465	55.5000	63	35467	89.2600	47.6651	0.9986	p__Firmicutes (UID1022)	93.4600	0.6300	0.0000	85.5300	0.3200	family	0.1300	0.0500	0.0026
CMC033.B-metaspades_004	binsBC	True	False	True	True	d__Bacteria;p__Actinomycetota;c__Coriobacteriia;o__Coriobacteriales;f__Atopobiaceae;g__Olsenella;s__Olsenella uli	kSGB_14386	k__Bacteria|p__Actinobacteria|c__Coriobacteriia|o__Coriobacteriales|f__Atopobiaceae|g__Olsenella|s__Olsenella_uli|t__SGB14386	1662087	64.7000	316	6325	87.4000	6.8478	0.9981	p__Actinobacteria (UID2112)	77.1600	0.9900	20.0000	78.0500	0.5500	kingdom	0.0000	0.0000	0.0006
CMC033.B-metaspades_005	binsC	True	True	True	True	d__Bacteria;p__Actinomycetota;c__Actinomycetia;o__Actinomycetales;f__Micrococcaceae;g__Rothia;s__Rothia dentocariosa	kSGB_16988	k__Bacteria|p__Actinobacteria|c__Actinobacteria|o__Micrococcales|f__Micrococcaceae|g__Rothia|s__Rothia_dentocariosa|t__SGB16988	2398366	53.9000	105	40312	85.7200	18.3638	0.9992	o__Actinomycetales (UID1530)	98.6800	0.7700	50.0000	100.0000	0.0600	kingdom	0.0000	0.0000	0.0012
CMC033.B-metaspades_006	binsB	True	False	True	True	d__Bacteria;p__Bacillota_C;c__Negativicutes;o__Selenomonadales;f__Selenomonadaceae;g__Centipeda;s__Centipeda noxia	kSGB_5884	k__Bacteria|p__Firmicutes|c__Negativicutes|o__Selenomonadales|f__Selenomonadaceae|g__Selenomonas|s__Selenomonas_noxia|t__SGB5884	1416746	57.4000	83	18199	90.5300	111.0723	0.9987	f__Veillonellaceae (UID1033)	63.7300	0.2100	50.0000	65.7300	0.6400	kingdom	0.0000	0.0000	0.0025
CMC033.B-metaspades_007	binsABC	True	False	True	True	d__Bacteria;p__Bacteroidota;c__Bacteroidia;o__Bacteroidales;f__Porphyromonadaceae;g__Porphyromonas;s__Porphyromonas sp000467855	kSGB_2041	k__Bacteria|p__Bacteroidetes|c__Bacteroidia|o__Bacteroidales|f__Porphyromonadaceae|g__Porphyromonas|s__Porphyromonas_sp_oral_taxon_278|t__SGB2041	1584834	56.5000	88	24975	87.4800	10.2273	0.9987	f__Porphyromonadaceae (UID2622)	81.2000	0.4700	0.0000	77.9000	0.1400	kingdom	0.0000	0.0000	0.0008
CMC033.B-metaspades_008	binsBC	True	False	True	True	d__Bacteria;p__Pseudomonadota;c__Gammaproteobacteria;o__Cardiobacteriales;f__Cardiobacteriaceae;g__Cardiobacterium;s__	uSGB_9419	k__Bacteria|p__Proteobacteria|c__Gammaproteobacteria|o__Cardiobacteriales|f__Cardiobacteriaceae|g__Cardiobacterium|s__Cardiobacterium_SGB9419|t__SGB9419	1318424	60.9000	382	3601	88.0100	13.8861	0.9976	k__Bacteria (UID203)	58.6200	2.5900	100.0000	66.2900	1.6500	order	0.1600	0.0300	0.0047
CMC033.B-metaspades_009	binsAC	True	False	True	True	d__Bacteria;p__Bacteroidota;c__Bacteroidia;o__Bacteroidales;f__Paludibacteraceae;g__F0058;s__F0058 sp000163695	kSGB_1341	k__Bacteria|p__Bacteroidetes|c__Bacteroidetes_unclassified|o__Bacteroidetes_unclassified|f__Bacteroidetes_unclassified|g__Bacteroidetes_unclassified|s__Bacteroidetes_oral_taxon_274|t__SGB1341	1366288	42.8000	274	7330	89.4700	16.0423	0.9993	k__Bacteria (UID2569)	64.4400	1.3400	25.0000	60.0400	0.8000	class	0.2300	0.0400	0.0008
CMC033.B-metaspades_010	binsAB	True	False	True	True	d__Bacteria;p__Pseudomonadota;c__Gammaproteobacteria;o__Enterobacterales_A;f__Pasteurellaceae;g__;s__	uSGB_9727	k__Bacteria|p__Proteobacteria|c__Gammaproteobacteria|o__Pasteurellales|f__Pasteurellaceae|g__GGB6813|s__GGB6813_SGB9727|t__SGB9727	1166472	43.5000	208	6684	90.3900	9.9861	0.9968	f__Pasteurellaceae (UID4932)	74.8200	1.1200	55.5600	74.3200	0.5300	genus	0.0800	0.5000	0.0016
CMC033.B-metaspades_011	binsAB	True	False	True	True	d__Bacteria;p__Actinomycetota;c__Actinomycetia;o__Actinomycetales;f__Actinomycetaceae;g__Pauljensenia;s__	kSGB_17151	k__Bacteria|p__Actinobacteria|c__Actinobacteria|o__Micrococcales|f__Dermacoccaceae|g__Kytococcus|s__Kytococcus_sedentarius|t__SGB17151	1669804	66.0000	412	4386	90.2800	23.0655	0.9980	k__Bacteria (UID203)	51.3800	9.3100	87.5000	58.6200	14.5600	genus	0.1600	0.2700	0.0037
CMC033.B-metaspades_012	binsBC	True	True	True	True	d__Bacteria;p__Bacillota;c__Bacilli;o__Lactobacillales;f__Streptococcaceae;g__Streptococcus;s__Streptococcus mutans	kSGB_8000	k__Bacteria|p__Firmicutes|c__Bacilli|o__Lactobacillales|f__Streptococcaceae|g__Streptococcus|s__Streptococcus_mutans|t__SGB8000	2040046	36.6000	39	100553	86.2400	98.5718	0.9995	o__Lactobacillales (UID544)	100.0000	3.1800	43.7500	100.0000	2.5000	kingdom	0.0000	0.0000	0.0001
CMC033.B-metaspades_013	binsAC	True	True	True	True	d__Bacteria;p__Pseudomonadota;c__Gammaproteobacteria;o__Burkholderiales;f__Neisseriaceae;g__Kingella_B;s__	uSGB_9423	k__Bacteria|p__Proteobacteria|c__Betaproteobacteria|o__Neisseriales|f__Neisseriaceae|g__Kingella|s__Kingella_SGB9423|t__SGB9423	2460967	53.0000	99	40565	81.9200	92.2838	1.0000	f__Neisseriaceae (UID3890)	98.0000	0.1100	0.0000	99.9500	0.0600	genus	0.1900	0.1200	0.0001
CMC033.B-metaspades_014	binsB	True	False	True	True	d__Bacteria;p__Bacteroidota;c__Bacteroidia;o__Bacteroidales;f__Bacteroidaceae;g__Prevotella;s__Prevotella sp013333935	uSGB_1566	k__Bacteria|p__Bacteroidetes|c__CFGB570|o__OFGB570|f__FGB570|g__GGB1201|s__GGB1201_SGB1566|t__SGB1566	1763944	48.9000	149	12826	87.1400	40.0617	0.9979	g__Prevotella (UID2724)	80.4500	1.1800	50.0000	66.6900	0.0600	family	0.0100	0.1300	0.0036
CMC033.B-metaspades_015	binsAC	True	False	True	True	d__Bacteria;p__Actinomycetota;c__Actinomycetia;o__Propionibacteriales;f__Propionibacteriaceae;g__Arachnia;s__Arachnia massiliensis	kSGB_35138	k__Bacteria|p__Actinobacteria|c__Actinobacteria|o__Propionibacteriales|f__Propionibacteriaceae|g__Pseudopropionibacterium|s__Pseudopropionibacterium_massiliense|t__SGB35138	2679080	66.0000	270	13619	89.2600	64.0470	0.9994	o__Actinomycetales (UID1697)	82.0700	1.1300	66.6700	82.6700	0.1600	family	0.3200	0.0500	0.0019
CMC033.B-metaspades_016	binsBC	True	False	True	True	d__Bacteria;p__Actinomycetota;c__Actinomycetia;o__Actinomycetales;f__Actinomycetaceae;g__Pauljensenia;s__	uSGB_17154	k__Bacteria|p__Actinobacteria|c__Actinobacteria|o__Actinomycetales|f__Actinomycetaceae|g__Actinomyces|s__Actinomyces_SGB17154|t__SGB17154	1461644	64.7000	149	13747	89.5000	31.3295	0.9992	f__Actinomycetaceae (UID1531)	67.1100	0.5800	100.0000	69.5100	1.6700	genus	0.0700	0.2800	0.0009
CMC033.B-metaspades_017	binsABC	True	False	True	True	d__Bacteria;p__Spirochaetota;c__Spirochaetia;o__Treponematales;f__Treponemataceae;g__Treponema_D;s__	uSGB_3586	k__Bacteria|p__Spirochaetes|c__Spirochaetia|o__Spirochaetales|f__Spirochaetaceae|g__Treponema|s__Treponema_SGB3586|t__SGB3586	2203225	51.1000	233	13904	89.9000	24.8674	0.9990	f__Spirochaetaceae (UID2535)	75.9200	2.4500	75.0000	72.2000	8.3600	kingdom	0.0000	0.0000	0.0028
CMC033.B-metaspades_018	binsC	True	False	False	False	d__Bacteria;p__Synergistota;c__Synergistia;o__Synergistales;f__Aminobacteriaceae;g__Fretibacterium;s__	uSGB_61573	k__Bacteria|p__Synergistetes|c__Synergistia|o__Synergistales|f__Synergistaceae|g__Fretibacterium|s__Fretibacterium_SGB61573|t__SGB61573	1356412	64.2000	651	2143	89.5300	5.6436	0.9886	k__Bacteria (UID209)	74.1900	0.1500	0.0000	69.2800	0.7900	order	0.5900	0.2000	0.0059
CMC033.B-metaspades_019	binsAC	True	False	True	True	d__Bacteria;p__Bacteroidota;c__Bacteroidia;o__Bacteroidales;f__Bacteroidaceae;g__Prevotella;s__Prevotella multiformis	kSGB_1539	k__Bacteria|p__Bacteroidetes|c__Bacteroidia|o__Bacteroidales|f__Prevotellaceae|g__Prevotella|s__Prevotella_multiformis|t__SGB1539	1283509	52.9000	177	9013	82.4900	14.1802	0.9978	g__Prevotella (UID2724)	50.2100	0.3400	100.0000	49.1900	0.2500	kingdom	0.0000	0.0000	0.0018
CMC033.B-metaspades_020	binsAC	True	False	False	True	d__Bacteria;p__Bacillota;c__Bacilli;o__Erysipelotrichales;f__Erysipelotrichaceae;g__Bulleidia;s__	uSGB_65199	k__Bacteria|p__Firmicutes|c__Erysipelotrichia|o__Erysipelotrichales|f__Erysipelotrichaceae|g__Solobacterium|s__Solobacterium_SGB65199|t__SGB65199	1185292	37.6000	472	2884	93.6200	6.8964	0.9926	k__Bacteria (UID203)	61.2100	1.7200	100.0000	70.9700	5.2200	family	0.4800	0.0300	0.0040
CMC033.B-metaspades_021	binsBC	True	False	True	True	d__Bacteria;p__Bacillota_C;c__Negativicutes;o__Veillonellales;f__Veillonellaceae;g__Veillonella;s__Veillonella parvula_A	kSGB_6939	k__Bacteria|p__Firmicutes|c__Negativicutes|o__Veillonellales|f__Veillonellaceae|g__Veillonella|s__Veillonella_parvula|t__SGB6939	1389182	38.8000	168	9021	87.8600	65.9679	0.9982	o__Selenomonadales (UID1024)	85.4000	1.2000	33.3300	74.4900	0.3000	kingdom	0.0000	0.0000	0.0033
CMC033.B-metaspades_022	binsAC	True	False	True	True	d__Bacteria;p__Bacillota_C;c__Negativicutes;o__Veillonellales;f__Veillonellaceae;g__Veillonella;s__Veillonella sp905214495	kSGB_6936	k__Bacteria|p__Firmicutes|c__Negativicutes|o__Veillonellales|f__Veillonellaceae|g__Veillonella|s__Veillonella_atypica|t__SGB6936	1648934	39.4000	239	11728	89.2900	29.9720	0.9995	o__Selenomonadales (UID1024)	83.6600	5.0900	71.4300	81.5400	6.6400	kingdom	0.0000	0.0000	0.0014
CMC033.B-metaspades_023	binsA	True	False	True	False	d__Bacteria;p__Bacillota_C;c__Negativicutes;o__Selenomonadales;f__Selenomonadaceae;g__Selenomonas;s__Selenomonas sp905372355	kSGB_5898	k__Bacteria|p__Firmicutes|c__Negativicutes|o__Selenomonadales|f__Selenomonadaceae|g__Selenomonas|s__Selenomonas_sputigena|t__SGB5898	817805	60.0000	305	3009	94.3400	218.7636	0.9999	p__Firmicutes (UID1022)	51.5400	1.0000	66.6700	51.3000	0.4600	kingdom	0.0000	0.0000	0.0086
CMC033.B-metaspades_024	binsA	True	False	True	True	d__Bacteria;p__Patescibacteria;c__Saccharimonadia;o__Saccharimonadales;f__Saccharimonadaceae;g__Saccharimonas;s__	uSGB_19831	k__Bacteria|p__Candidatus_Saccharibacteria|c__CFGB4355|o__OFGB4355|f__FGB4355|g__GGB12788|s__GGB12788_SGB19831|t__SGB19831	957698	52.4000	163	11389	86.3800	113.1854	0.9998	k__Bacteria (UID1452)	59.2600	2.3100	66.6700	86.8300	3.6800	order	0.1400	0.1000	0.0026
CMC033.B-metaspades_025	binsC	True	False	True	True	d__Bacteria;p__Bacillota_A;c__Clostridia;o__Lachnospirales;f__Lachnospiraceae;g__Johnsonella;s__Johnsonella sp905373785	uSGB_4473	k__Bacteria|p__Firmicutes|c__CFGB1394|o__OFGB1394|f__FGB1394|g__GGB3385|s__GGB3385_SGB4473|t__SGB4473	1184620	38.3000	366	3469	90.0800	7.8361	0.9967	o__Clostridiales (UID1226)	56.6200	0.6400	100.0000	66.6600	0.1600	class	0.3600	0.0300	0.0017
CMC033.B-metaspades_026	binsA	True	False	True	True	d__Bacteria;p__Bacteroidota;c__Bacteroidia;o__Bacteroidales;f__Bacteroidaceae;g__Prevotella;s__Prevotella sp000467895	kSGB_1547	k__Bacteria|p__Bacteroidetes|c__Bacteroidia|o__Bacteroidales|f__Prevotellaceae|g__Prevotella|s__Prevotella_sp_F0091|t__SGB1547	1462291	40.2000	258	8070	83.6100	41.1795	0.9995	g__Prevotella (UID2724)	53.5100	0.4500	100.0000	53.3000	0.0900	kingdom	0.0000	0.0000	0.0028
CMC033.B-metaspades_027	binsBC	True	True	True	True	d__Bacteria;p__Bacillota_A;c__Clostridia;o__Lachnospirales;f__Lachnospiraceae;g__F0428;s__F0428 sp003043955	kSGB_4479	k__Bacteria|p__Firmicutes|c__Clostridia|o__Clostridiales|f__Lachnospiraceae|g__Lachnospiraceae_unclassified|s__Lachnospiraceae_bacterium_oral_taxon_096|t__SGB4479	1800259	40.0000	99	22407	91.9600	303.2343	0.9993	o__Clostridiales (UID1226)	94.9400	0.0000	0.0000	100.0000	1.0900	class	0.1100	0.0200	0.0011
CMC033.B-metaspades_028	binsC	True	False	True	True	d__Bacteria;p__Bacillota_A;c__Clostridia;o__Lachnospirales;f__Lachnospiraceae;g__Johnsonella;s__	uSGB_4474	k__Bacteria|p__Firmicutes|c__CFGB1394|o__OFGB1394|f__FGB1394|g__GGB3386|s__GGB3386_SGB4474|t__SGB4474	1435146	39.9000	423	3938	91.6600	7.1262	0.9980	o__Clostridiales (UID1226)	83.3000	2.0400	16.6700	84.6800	1.1400	kingdom	0.0000	0.0000	0.0000
CMC033.B-metaspades_029	binsB	True	False	True	True	d__Bacteria;p__Actinomycetota;c__Actinomycetia;o__Actinomycetales;f__Actinomycetaceae;g__Actinomyces;s__Actinomyces sp002999235	kSGB_15876	k__Bacteria|p__Actinobacteria|c__Actinobacteria|o__Actinomycetales|f__Actinomycetaceae|g__Actinomyces|s__Actinomyces_sp_oral_taxon_897|t__SGB15876	2338074	72.0000	529	4085	85.8000	248.6008	0.9973	f__Actinomycetaceae (UID1531)	81.8400	0.9500	75.0000	76.6900	0.8000	order	0.1300	0.0300	0.0037
CMC033.B-metaspades_030	binsB	True	False	True	False	d__Bacteria;p__Actinomycetota;c__Actinomycetia;o__Propionibacteriales;f__Propionibacteriaceae;g__Arachnia;s__Arachnia propionica	kSGB_15897	k__Bacteria|p__Actinobacteria|c__Actinobacteria|o__Propionibacteriales|f__Propionibacteriaceae|g__Pseudopropionibacterium|s__Pseudopropionibacterium_propionicum|t__SGB15897	1460867	66.5000	437	3602	90.4300	28.1316	0.9985	k__Bacteria (UID203)	50.6300	5.1700	100.0000	45.4600	1.7100	kingdom	0.0000	0.0000	0.0058
CMC033.B-metaspades_031	binsC	True	True	True	True	d__Bacteria;p__Spirochaetota;c__Spirochaetia;o__Treponematales;f__Treponemataceae;g__Treponema_D;s__Treponema_D sp014334335	uSGB_3552	k__Bacteria|p__Firmicutes|c__CFGB1003|o__OFGB1003|f__FGB1003|g__GGB2633|s__GGB2633_SGB3552|t__SGB3552	2063571	38.9000	424	6317	93.2600	7.8101	0.9977	f__Spirochaetaceae (UID2535)	90.3600	0.1700	0.0000	86.7400	0.0700	family	0.4300	0.0400	0.0002
CMC033.B-metaspades_032	binsA	True	False	True	True	d__Bacteria;p__Spirochaetota;c__Spirochaetia;o__Treponematales;f__Treponemataceae;g__Treponema_D;s__Treponema_D buccale	uSGB_3585	k__Bacteria|p__Spirochaetes|c__Spirochaetia|o__Spirochaetales|f__Spirochaetaceae|g__Treponema|s__Treponema_SGB3585|t__SGB3585	2028036	50.1000	473	5908	90.6600	49.7827	0.9996	f__Spirochaetaceae (UID2535)	71.6200	2.2300	85.7100	69.9000	1.9600	kingdom	0.0000	0.0000	0.0037
CMC033.B-metaspades_033	binsBC	True	True	True	False	d__Bacteria;p__Actinomycetota;c__Coriobacteriia;o__Coriobacteriales;f__Atopobiaceae;g__Olsenella_F;s__Olsenella_F sp001189515	kSGB_14348	k__Bacteria|p__Actinobacteria|c__Coriobacteriia|o__Coriobacteriales|f__Atopobiaceae|g__Olsenella|s__Olsenella_sp_oral_taxon_807|t__SGB14348	1825147	62.0000	255	6806	87.5700	361.1816	0.9982	p__Actinobacteria (UID2112)	92.8800	0.0000	0.0000	79.7200	0.2400	kingdom	0.0000	0.0000	0.0064
CMC033.B-metaspades_035	binsA	True	True	True	True	d__Bacteria;p__Bacillota_A;c__Clostridia;o__Lachnospirales;f__Lachnospiraceae;g__Lachnoanaerobaculum;s__	uSGB_66047	k__Bacteria|p__Firmicutes|c__CFGB3557|o__OFGB3557|f__FGB3557|g__GGB48051|s__GGB48051_SGB66047|t__SGB66047	2241312	48.2000	145	20860	90.2000	9.8759	0.9990	o__Clostridiales (UID1226)	97.0300	0.6400	0.0000	94.5400	0.1100	family	0.1300	0.1300	0.0000
CMC033.B-metaspades_036	binsBC	True	False	True	True	d__Bacteria;p__Bacteroidota;c__Bacteroidia;o__Bacteroidales;f__Bacteroidaceae;g__Prevotella;s__Prevotella salivae	kSGB_1522	k__Bacteria|p__Bacteroidetes|c__Bacteroidia|o__Bacteroidales|f__Prevotellaceae|g__Prevotella|s__Prevotella_salivae|t__SGB1522	1898860	42.5000	200	12416	85.9800	19.4420	0.9987	g__Prevotella (UID2724)	72.3400	0.0600	100.0000	67.8500	0.0600	kingdom	0.0000	0.0000	0.0027
CMC033.B-metaspades_037	binsBC	True	False	True	True	d__Bacteria;p__Bacteroidota;c__Bacteroidia;o__Bacteroidales;f__Bacteroidaceae;g__Prevotella;s__Prevotella saccharolytica	kSGB_1454	k__Bacteria|p__Bacteroidetes|c__Bacteroidia|o__Bacteroidales|f__Prevotellaceae|g__Prevotella|s__Prevotella_saccharolytica|t__SGB1454	2158651	43.4000	70	43100	85.2000	25.1429	0.9996	g__Prevotella (UID2724)	80.1900	0.1100	0.0000	78.5800	0.3800	kingdom	0.0000	0.0000	0.0002
CMC033.B-metaspades_039	binsC	True	True	True	True	d__Bacteria;p__Bacillota_C;c__Negativicutes;o__Veillonellales;f__Megasphaeraceae;g__Anaeroglobus;s__Anaeroglobus geminatus	kSGB_5870	k__Bacteria|p__Firmicutes|c__Negativicutes|o__Veillonellales|f__Veillonellaceae|g__Anaeroglobus|s__Anaeroglobus_geminatus|t__SGB5870	1630828	49.4000	72	19758	88.4800	41.9292	0.9982	o__Selenomonadales (UID1024)	96.4100	0.3100	66.6700	83.2800	0.0600	genus	0.0200	0.1800	0.0025
CMC033.B-metaspades_040	binsA	False	False	True	False	d__Bacteria;p__Bacteroidota;c__Bacteroidia;o__Bacteroidales;f__Tannerellaceae;g__Tannerella;s__Tannerella sp002890585	kSGB_2047	k__Bacteria|p__Bacteroidetes|c__Bacteroidia|o__Bacteroidales|f__Tannerellaceae|g__Tannerella|s__Tannerella_sp_oral_taxon_808|t__SGB2047	1133167	60.4000	336	3381	88.4500	61.4395	0.9984	k__Bacteria (UID203)	47.3400	1.7200	100.0000	42.1800	4.9900	kingdom	0.0000	0.0000	0.0087
CMC033.B-metaspades_041	binsC	True	False	True	True	d__Bacteria;p__Bacillota;c__Bacilli;o__Lactobacillales;f__Aerococcaceae;g__Abiotrophia;s__Abiotrophia defectiva	kSGB_8235	k__Bacteria|p__Firmicutes|c__Bacilli|o__Lactobacillales|f__Aerococcaceae|g__Abiotrophia|s__Abiotrophia_defectiva|t__SGB8235	1273484	47.2000	555	2383	88.9400	16.1750	0.9995	o__Lactobacillales (UID355)	68.0300	3.9300	90.9100	80.5100	2.9900	kingdom	0.0000	0.0000	0.0048
CMC033.B-metaspades_042	binsAC	True	False	True	True	d__Bacteria;p__Bacillota_A;c__Clostridia;o__Peptostreptococcales;f__Anaerovoracaceae;g__Mogibacterium;s__Mogibacterium diversum	kSGB_3922	k__Bacteria|p__Firmicutes|c__Clostridia|o__Clostridiales|f__Clostridiales_Family_XIII_Incertae_Sedis|g__Mogibacterium|s__Mogibacterium_diversum|t__SGB3922	823753	43.2000	244	4354	90.0900	11.5246	0.9962	o__Clostridiales (UID1120)	50.3400	0.0700	100.0000	55.5000	0.7100	family	0.3300	0.0300	0.0032
CMC033.B-metaspades_043	binsABC	True	False	True	True	d__Bacteria;p__Actinomycetota;c__Actinomycetia;o__Actinomycetales;f__Actinomycetaceae;g__Peptidiphaga;s__	kSGB_15894	k__Bacteria|p__Actinobacteria|c__Actinobacteria|o__Actinomycetales|f__Actinomycetaceae|g__Actinomycetaceae_unclassified|s__Actinomycetaceae_bacterium_BA112|t__SGB15894	1991437	65.0000	339	7131	85.9200	99.3469	0.9990	p__Actinobacteria (UID1454)	76.0000	0.8300	0.0000	76.8400	0.5100	kingdom	0.0000	0.0000	0.0026
CMC033.B-metaspades_044	binsABC	True	True	True	True	d__Bacteria;p__Bacillota_A;c__Clostridia;o__Lachnospirales;f__Lachnospiraceae;g__Oribacterium;s__	uSGB_5274	k__Bacteria|p__Firmicutes|c__Clostridia|o__Clostridiales|f__Lachnospiraceae|g__Oribacterium|s__Oribacterium_SGB5274|t__SGB5274	2116421	44.0000	184	15512	88.1100	10.3060	0.9990	o__Clostridiales (UID1226)	93.4900	0.0000	0.0000	94.1600	0.0500	kingdom	0.0000	0.0000	0.0002
CMC033.B-metaspades_045	binsA	True	False	True	True	d__Bacteria;p__Bacteroidota;c__Bacteroidia;o__Bacteroidales;f__Bacteroidaceae;g__Prevotella;s__Prevotella nigrescens	kSGB_1561	k__Bacteria|p__Bacteroidetes|c__Bacteroidia|o__Bacteroidales|f__Prevotellaceae|g__Prevotella|s__Prevotella_nigrescens|t__SGB1561	1144550	43.1000	274	4978	86.4800	85.3296	0.9991	g__Prevotella (UID2724)	50.6400	0.8300	75.0000	47.4300	0.0100	kingdom	0.0000	0.0000	0.0033
CMC033.B-metaspades_046	binsBC	True	False	True	True	d__Bacteria;p__Bacteroidota;c__Bacteroidia;o__Bacteroidales;f__Bacteroidaceae;g__Prevotella;s__Prevotella veroralis	kSGB_1541	k__Bacteria|p__Bacteroidetes|c__Bacteroidia|o__Bacteroidales|f__Prevotellaceae|g__Prevotella|s__Prevotella_veroralis|t__SGB1541	1672890	43.0000	218	8093	85.9500	37.9546	0.9987	k__Bacteria (UID203)	54.3100	3.4500	50.0000	59.4600	5.3700	kingdom	0.0000	0.0000	0.0033
CMC033.B-metaspades_047	binsAB	True	True	True	True	d__Bacteria;p__Spirochaetota;c__Spirochaetia;o__Treponematales;f__Treponemataceae;g__Treponema;s__	uSGB_3609	k__Bacteria|p__Spirochaetes|c__Spirochaetia|o__Spirochaetales|f__Spirochaetaceae|g__GGB2674|s__GGB2674_SGB3609|t__SGB3609	2298140	44.3000	130	28930	88.6600	16.6400	0.9990	f__Spirochaetaceae (UID2512)	94.5800	0.0000	0.0000	90.0700	2.0800	phylum	0.1400	0.0200	0.0003
CMC033.B-metaspades_048	binsA	False	False	True	True	d__Bacteria;p__Bacillota_A;c__Clostridia;o__Peptostreptococcales;f__Anaerovoracaceae;g__Eubacterium_B;s__Eubacterium_B sulci	kSGB_3934	k__Bacteria|p__Firmicutes|c__Clostridia|o__Clostridiales|f__Clostridiales_Family_XIII_Incertae_Sedis|g__Clostridiales_Family_XIII_Incertae_Sedis_unclassified|s__Eubacterium_sulci|t__SGB3934	598432	42.4000	193	3482	93.4600	6.2021	0.9956	k__Bacteria (UID203)	43.9700	0.0000	0.0000	38.7200	0.1900	kingdom	0.0000	0.0000	0.0015
CMC033.B-metaspades_049	binsB	True	False	True	True	d__Bacteria;p__Bacillota_C;c__Negativicutes;o__Selenomonadales;f__Selenomonadaceae;g__Centipeda;s__	kSGB_5888	k__Bacteria|p__Firmicutes|c__Negativicutes|o__Selenomonadales|f__Selenomonadaceae|g__Selenomonas|s__Selenomonas_sp_oral_taxon_126|t__SGB5888	2314843	57.3000	256	16636	91.2100	77.0434	0.9999	f__Veillonellaceae (UID1033)	82.9100	5.6500	59.3800	82.2100	11.7300	genus	0.4200	0.1400	0.0019
CMC033.B-metaspades_050	binsA	True	True	True	True	d__Bacteria;p__Bacillota_A;c__Clostridia;o__Lachnospirales;f__Lachnospiraceae;g__Stomatobaculum;s__Stomatobaculum longum	kSGB_5265	k__Bacteria|p__Firmicutes|c__Clostridia|o__Clostridiales|f__Lachnospiraceae|g__Stomatobaculum|s__Stomatobaculum_longum|t__SGB5265	1758910	56.9000	125	15552	89.5500	61.0384	0.9982	o__Clostridiales (UID1226)	92.9100	0.6300	0.0000	94.6000	0.6900	kingdom	0.0000	0.0000	0.0032
CMC033.B-metaspades_051	binsABC	True	False	True	True	d__Bacteria;p__Patescibacteria;c__Saccharimonadia;o__Saccharimonadales;f__Nanoperiomorbaceae;g__Nanoperiomorbus;s__	uSGB_19801	k__Bacteria|p__Candidatus_Saccharibacteria|c__Candidatus_Saccharibacteria_unclassified|o__Candidatus_Saccharibacteria_unclassified|f__Candidatus_Saccharibacteria_unclassified|g__Candidatus_Saccharibacteria_unclassified|s__Candidatus_Saccharibacteria_unclassified_SGB19801|t__SGB19801	734633	50.7000	20	63370	89.9100	394.7700	0.9997	k__Bacteria (UID1453)	57.4100	0.8500	0.0000	93.5100	0.2700	family	0.1800	0.0300	0.0001
CMC033.B-metaspades_052	binsB	True	False	True	True	d__Bacteria;p__Bacteroidota;c__Bacteroidia;o__Bacteroidales;f__Bacteroidaceae;g__Prevotella;s__	kSGB_1528	k__Bacteria|p__Bacteroidetes|c__Bacteroidia|o__Bacteroidales|f__Prevotellaceae|g__Prevotella|s__Prevotella_oralis|t__SGB1528	1293442	45.0000	199	7579	89.4200	9.8673	0.9966	g__Prevotella (UID2721)	59.6200	0.4800	0.0000	53.4800	0.7200	kingdom	0.0000	0.0000	0.0014
CMC033.B-metaspades_053	binsAC	True	False	True	False	d__Bacteria;p__Bacteroidota;c__Bacteroidia;o__Bacteroidales;f__Porphyromonadaceae;g__Porphyromonas;s__Porphyromonas pasteri	kSGB_2043	k__Bacteria|p__Bacteroidetes|c__Bacteroidia|o__Bacteroidales|f__Porphyromonadaceae|g__Porphyromonas|s__Porphyromonas_somerae|t__SGB2043	1156071	57.2000	467	2587	87.7300	16.6473	0.9966	f__Porphyromonadaceae (UID2622)	59.2900	2.7900	86.6700	65.2400	1.1800	kingdom	0.0000	0.0000	0.0075
CMC033.B-metaspades_054	binsA	False	False	False	True	d__Bacteria;p__Bacillota_A;c__Clostridia;o__TANB77;f__CAG-508;g__CAG-793;s__	uSGB_65109	k__Bacteria|p__Firmicutes|c__CFGB1764|o__OFGB1764|f__FGB1764|g__GGB4538|s__GGB4538_SGB65109|t__SGB65109	322568	30.2000	191	1734	93.3500	5.4640	0.9973	k__Bacteria (UID203)	28.7400	1.7500	100.0000	26.5400	0.3400	genus	0.8700	0.0800	0.0043
CMC033.B-metaspades_055	binsBC	True	False	True	True	d__Bacteria;p__Patescibacteria;c__Saccharimonadia;o__Saccharimonadales;f__Nanosyncoccaceae;g__Nanosyncoccus;s__	uSGB_19783	k__Bacteria|p__Candidatus_Saccharibacteria|c__CFGB4342|o__OFGB4342|f__FGB4342|g__GGB12760|s__GGB12760_SGB19783|t__SGB19783	591752	41.6000	63	12727	91.2600	9.3952	0.9991	k__Bacteria (UID203)	65.7500	0.0000	0.0000	80.8100	0.3000	order	0.1100	0.1500	0.0003
CMC033.B-metaspades_056	binsB	True	True	True	True	d__Bacteria;p__Bacteroidota;c__Bacteroidia;o__Bacteroidales;f__Bacteroidaceae;g__Prevotella;s__Prevotella micans	kSGB_1565	k__Bacteria|p__Bacteroidetes|c__Bacteroidia|o__Bacteroidales|f__Prevotellaceae|g__Prevotella|s__Prevotella_micans|t__SGB1565	1912114	45.7000	130	10446	85.6100	28.4369	0.9966	g__Prevotella (UID2722)	92.2000	0.3600	100.0000	85.2700	0.0500	kingdom	0.0000	0.0000	0.0023
CMC033.B-metaspades_057	binsBC	True	False	True	True	d__Bacteria;p__Bacteroidota;c__Bacteroidia;o__Bacteroidales;f__CAJPTX01;g__Bacteroides_D;s__Bacteroides_D sp905373475	uSGB_1315	k__Bacteria|p__Bacteroidetes|c__CFGB494|o__OFGB494|f__FGB494|g__GGB1022|s__GGB1022_SGB1315|t__SGB1315	2023734	47.1000	163	18210	91.0600	8.8564	0.9986	p__Bacteroidetes (UID2605)	85.2400	4.7600	27.2700	75.0800	3.9700	phylum	0.1100	0.0200	0.0003
CMC033.B-metaspades_058	binsBC	True	True	True	True	d__Bacteria;p__Actinomycetota;c__Actinomycetia;o__Propionibacteriales;f__Propionibacteriaceae;g__Propionibacterium;s__Propionibacterium acidifaciens	kSGB_15903	k__Bacteria|p__Actinobacteria|c__Actinobacteria|o__Propionibacteriales|f__Propionibacteriaceae|g__Propionibacterium|s__Propionibacterium_acidifaciens|t__SGB15903	2642364	71.3000	236	15288	86.7800	770.2042	0.9992	o__Actinomycetales (UID1530)	91.1200	0.3300	0.0000	94.0100	0.3600	kingdom	0.0000	0.0000	0.0001
CMC033.B-metaspades_059	binsAC	True	False	True	False	d__Bacteria;p__Bacteroidota;c__Bacteroidia;o__Bacteroidales;f__Paludibacteraceae;g__F0058;s__F0058 sp905372605	uSGB_1343	k__Bacteria|p__Bacteroidetes|c__Bacteroidetes_unclassified|o__Bacteroidetes_unclassified|f__Bacteroidetes_unclassified|g__Bacteroidetes_unclassified|s__Bacteroidetes_unclassified_SGB1343|t__SGB1343	1364334	44.6000	317	4656	89.0100	51.8167	0.9987	k__Bacteria (UID2569)	76.7000	3.2300	42.8600	78.0100	3.7900	order	0.1600	0.0500	0.0060
CMC033.B-metaspades_060	binsAC	True	False	True	True	d__Bacteria;p__Bacteroidota;c__Bacteroidia;o__Bacteroidales;f__Bacteroidaceae;g__Prevotella;s__Prevotella oulorum	kSGB_1520	k__Bacteria|p__Bacteroidetes|c__Bacteroidia|o__Bacteroidales|f__Prevotellaceae|g__Prevotella|s__Prevotella_oulorum|t__SGB1520	1207594	49.5000	169	7915	92.5100	128.5704	0.9996	g__Prevotella (UID2724)	54.5800	0.0000	0.0000	53.2300	0.0600	kingdom	0.0000	0.0000	0.0044
CMC033.B-metaspades_061	binsB	True	False	True	True	d__Bacteria;p__Spirochaetota;c__Spirochaetia;o__Treponematales;f__Treponemataceae;g__Treponema_C;s__Treponema_C maltophilum	uSGB_3590	k__Bacteria|p__Spirochaetes|c__Spirochaetia|o__Spirochaetales|f__Spirochaetaceae|g__Treponema|s__Treponema_SGB3590|t__SGB3590	1948772	49.0000	305	7611	92.6300	13.6426	0.9980	f__Spirochaetaceae (UID2535)	87.7600	0.7200	100.0000	81.3300	0.7600	phylum	0.1100	0.0200	0.0034
CMC033.B-metaspades_062	binsAC	True	False	True	True	d__Bacteria;p__Pseudomonadota;c__Gammaproteobacteria;o__Enterobacterales_A;f__Pasteurellaceae;g__Haemophilus_D;s__Haemophilus_D parainfluenzae	kSGB_9712	k__Bacteria|p__Proteobacteria|c__Gammaproteobacteria|o__Pasteurellales|f__Pasteurellaceae|g__Haemophilus|s__Haemophilus_parainfluenzae|t__SGB9712	1040662	39.2000	283	3811	87.4900	21.8717	0.9975	f__Pasteurellaceae (UID4932)	59.5900	0.3700	100.0000	56.4700	0.2800	genus	0.1600	0.5800	0.0031
CMC033.B-metaspades_063	binsBC	True	False	True	True	d__Bacteria;p__Spirochaetota;c__Spirochaetia;o__Treponematales;f__Treponemataceae;g__Treponema;s__Treponema sp010365865	uSGB_3607	k__Bacteria|p__Spirochaetes|c__Spirochaetia|o__Spirochaetales|f__Spirochaetaceae|g__Treponema|s__Treponema_SGB3607|t__SGB3607	1669546	45.4000	178	14817	89.9900	26.7416	0.9993	f__Spirochaetaceae (UID2512)	72.0400	0.0000	0.0000	69.7500	0.7100	kingdom	0.0000	0.0000	0.0016
CMC033.B-metaspades_064	binsAC	True	False	True	True	d__Bacteria;p__Campylobacterota;c__Campylobacteria;o__Campylobacterales;f__Campylobacteraceae;g__Campylobacter_A;s__Campylobacter_A curvus	kSGB_19334	k__Bacteria|p__Proteobacteria|c__Epsilonproteobacteria|o__Campylobacterales|f__Campylobacteraceae|g__Campylobacter|s__Campylobacter_curvus|t__SGB19334	1222831	46.6000	661	1915	93.9600	4.6312	0.9897	c__Epsilonproteobacteria (UID3065)	62.7300	4.9500	36.6700	62.2300	5.5800	kingdom	0.0000	0.0000	0.0018
CMC033.B-metaspades_065	binsB	True	False	True	True	d__Bacteria;p__Bacillota_C;c__Negativicutes;o__Selenomonadales;f__Selenomonadaceae;g__Selenomonas;s__	uSGB_5897	k__Bacteria|p__Firmicutes|c__Negativicutes|o__Selenomonadales|f__Selenomonadaceae|g__Selenomonas|s__Selenomonas_SGB5897|t__SGB5897	1534555	56.8000	165	11986	88.1600	44.5982	0.9982	p__Firmicutes (UID1022)	59.8200	0.6300	0.0000	63.0700	0.7200	kingdom	0.0000	0.0000	0.0037
CMC033.B-metaspades_066	binsBC	True	True	True	True	d__Bacteria;p__Actinomycetota;c__Actinomycetia;o__Actinomycetales;f__Actinomycetaceae;g__Peptidiphaga;s__Peptidiphaga sp000466165	kSGB_15892	k__Bacteria|p__Actinobacteria|c__Actinobacteria|o__Actinomycetales|f__Actinomycetaceae|g__Actinobaculum|s__Actinobaculum_sp_oral_taxon_183|t__SGB15892	2084460	68.1000	145	14086	86.2300	476.2131	0.9978	p__Actinobacteria (UID1454)	90.5600	0.0000	0.0000	95.1800	0.1800	genus	0.0200	0.0400	0.0014
CMC033.B-metaspades_067	binsAC	True	False	True	True	d__Bacteria;p__Bacteroidota;c__Bacteroidia;o__Bacteroidales;f__Bacteroidaceae;g__Prevotella;s__Prevotella denticola	kSGB_1540	k__Bacteria|p__Bacteroidetes|c__Bacteroidia|o__Bacteroidales|f__Prevotellaceae|g__Prevotella|s__Prevotella_denticola|t__SGB1540	2016920	51.9000	238	9435	84.8900	71.9739	0.9984	g__Prevotella (UID2724)	80.5400	1.2700	80.0000	79.1000	1.8500	kingdom	0.0000	0.0000	0.0038
CMC033.B-metaspades_068	binsB	True	False	True	True	d__Bacteria;p__Bacteroidota;c__Bacteroidia;o__Flavobacteriales;f__Flavobacteriaceae;g__Capnocytophaga;s__Capnocytophaga ochracea	kSGB_2497	k__Bacteria|p__Bacteroidetes|c__Flavobacteriia|o__Flavobacteriales|f__Flavobacteriaceae|g__Capnocytophaga|s__Capnocytophaga_ochracea|t__SGB2497	1606983	39.9000	311	5550	87.6600	30.8077	0.9980	p__Bacteroidetes (UID2605)	72.4900	0.9500	100.0000	69.0000	0.0400	kingdom	0.0000	0.0000	0.0036
CMC033.B-metaspades_069	binsC	True	True	True	True	d__Bacteria;p__Actinomycetota;c__Actinomycetia;o__Mycobacteriales;f__Mycobacteriaceae;g__Corynebacterium;s__Corynebacterium matruchotii	kSGB_17007	k__Bacteria|p__Actinobacteria|c__Actinobacteria|o__Corynebacteriales|f__Corynebacteriaceae|g__Corynebacterium|s__Corynebacterium_matruchotii|t__SGB17007	3346603	56.5000	358	13080	86.1200	719.9556	0.9990	o__Actinomycetales (UID1812)	96.2300	3.5800	100.0000	99.8200	4.3400	kingdom	0.0000	0.0000	0.0043
CMC033.B-metaspades_070	binsABC	True	False	True	True	d__Bacteria;p__Patescibacteria;c__Saccharimonadia;o__Saccharimonadales;f__Nanosynbacteraceae;g__Nanosynbacter;s__	uSGB_19888	k__Bacteria|p__Candidatus_Saccharibacteria|c__Candidatus_Saccharibacteria_unclassified|o__Candidatus_Saccharibacteria_unclassified|f__Candidatus_Saccharibacteria_unclassified|g__GGB12796|s__GGB12796_SGB19888|t__SGB19888	517835	52.8000	67	11515	92.5100	10.8955	0.9980	k__Bacteria (UID1452)	51.7000	2.1600	100.0000	81.7000	0.0600	phylum	0.0500	0.0400	0.0021
CMC033.B-metaspades_071	binsBC	True	False	True	True	d__Bacteria;p__Spirochaetota;c__Spirochaetia;o__Treponematales;f__Treponemataceae;g__Treponema_D;s__	uSGB_3592	k__Bacteria|p__Spirochaetes|c__CFGB1017|o__OFGB1017|f__FGB1017|g__GGB2666|s__GGB2666_SGB3592|t__SGB3592	1884333	43.0000	352	6055	87.8600	12.2392	0.9980	f__Spirochaetaceae (UID2535)	81.3200	1.7500	66.6700	72.3700	2.8100	order	0.1300	0.0400	0.0013
CMC033.B-metaspades_072	binsAB	True	False	True	True	d__Bacteria;p__Bacillota_C;c__Negativicutes;o__Selenomonadales;f__Selenomonadaceae;g__AWVT01;s__AWVT01 sp916439735	uSGB_5895	k__Bacteria|p__Firmicutes|c__Negativicutes|o__Selenomonadales|f__Selenomonadaceae|g__GGB4308|s__GGB4308_SGB5895|t__SGB5895	1135180	50.6000	57	19579	90.3900	112.2667	0.9994	f__Veillonellaceae (UID1032)	79.8900	0.4700	0.0000	60.3800	0.0500	genus	0.0300	0.3800	0.0034
CMC033.B-metaspades_073	binsB	True	False	True	True	d__Bacteria;p__Bacteroidota;c__Bacteroidia;o__Bacteroidales;f__Bacteroidaceae;g__Prevotella;s__Prevotella sp018127805	uSGB_1455	k__Bacteria|p__Bacteroidetes|c__Bacteroidia|o__Bacteroidales|f__Prevotellaceae|g__GGB1138|s__GGB1138_SGB1455|t__SGB1455	1412619	51.6000	248	6222	88.2800	6.3536	0.9973	k__Bacteria (UID203)	53.4500	0.0000	0.0000	57.5700	0.1000	kingdom	0.0000	0.0000	0.0004
CMC033.B-metaspades_074	binsB	True	False	True	True	d__Bacteria;p__Bacteroidota;c__Bacteroidia;o__Bacteroidales;f__Bacteroidaceae;g__Prevotella;s__Prevotella marshii	kSGB_3323	k__Bacteria|p__Bacteroidetes|c__Bacteroidia|o__Bacteroidales|f__Prevotellaceae|g__Prevotella|s__Prevotella_marshii|t__SGB3323	1796578	48.4000	139	12724	87.8600	48.6727	0.9983	g__Prevotella (UID2724)	89.5300	0.5100	0.0000	85.0300	0.2000	kingdom	0.0000	0.0000	0.0033
CMC033.B-metaspades_075	binsAC	True	False	True	False	d__Bacteria;p__Pseudomonadota;c__Gammaproteobacteria;o__Burkholderiales;f__Burkholderiaceae_A;g__Lautropia;s__Lautropia mirabilis	kSGB_13165	k__Bacteria|p__Proteobacteria|c__Betaproteobacteria|o__Burkholderiales|f__Burkholderiaceae|g__Lautropia|s__Lautropia_mirabilis|t__SGB13165	2189230	65.7000	974	2285	87.8700	13.4843	0.9946	p__Proteobacteria (UID3887)	64.9600	3.9100	90.0000	73.9500	6.1100	kingdom	0.0000	0.0000	0.0101
CMC033.B-metaspades_076	binsBC	True	True	True	True	d__Bacteria;p__Bacteroidota;c__Bacteroidia;o__Bacteroidales;f__CAJPTX01;g__Bacteroides_D;s__	uSGB_1318	k__Bacteria|p__Bacteroidetes|c__CFGB495|o__OFGB495|f__FGB495|g__GGB1024|s__GGB1024_SGB1318|t__SGB1318	2074236	52.9000	121	25090	90.8100	11.9702	0.9984	p__Bacteroidetes (UID2605)	91.4300	0.7100	100.0000	93.7100	0.1700	phylum	0.1100	0.0600	0.0006
CMC033.B-metaspades_077	binsABC	True	False	True	True	d__Bacteria;p__Patescibacteria;c__Saccharimonadia;o__Saccharimonadales;f__Nanosynbacteraceae;g__Nanosynbacter;s__	uSGB_19907	k__Bacteria|p__Candidatus_Saccharibacteria|c__Candidatus_Saccharibacteria_unclassified|o__Candidatus_Saccharibacteria_unclassified|f__Candidatus_Saccharibacteria_unclassified|g__GGB12798|s__GGB12798_SGB19907|t__SGB19907	820700	47.5000	51	25739	91.6500	34.4824	0.9998	k__Bacteria (UID1453)	58.6000	0.8500	0.0000	89.3800	1.8600	genus	0.2100	0.0300	0.0007
CMC033.B-metaspades_078	binsAC	True	False	True	True	d__Bacteria;p__Bacillota_A;c__Clostridia;o__Lachnospirales;f__Lachnospiraceae;g__Oribacterium;s__Oribacterium sp015258095	uSGB_5270	k__Bacteria|p__Firmicutes|c__Clostridia|o__Clostridiales|f__Lachnospiraceae|g__GGB3887|s__GGB3887_SGB5270|t__SGB5270	1418884	46.6000	526	3161	91.1400	5.8770	0.9932	o__Clostridiales (UID1226)	82.6900	1.2700	33.3300	79.6700	0.6900	kingdom	0.0000	0.0000	0.0018
CMC033.B-metaspades_079	binsAC	False	False	True	True	d__Bacteria;p__Bacteroidota;c__Bacteroidia;o__Bacteroidales;f__Tannerellaceae;g__Tannerella;s__	kSGB_2047	k__Bacteria|p__Bacteroidetes|c__Bacteroidia|o__Bacteroidales|f__Tannerellaceae|g__Tannerella|s__Tannerella_sp_oral_taxon_808|t__SGB2047	1183900	57.1000	147	9517	84.4000	51.0007	0.9979	k__Bacteria (UID203)	32.7600	5.1700	66.6700	34.0400	5.7200	kingdom	0.0000	0.0000	0.0036
CMC033.B-metaspades_080	binsBC	True	False	True	True	d__Bacteria;p__Pseudomonadota;c__Gammaproteobacteria;o__Cardiobacteriales;f__Cardiobacteriaceae;g__Cardiobacterium;s__	kSGB_9416	k__Bacteria|p__Proteobacteria|c__Gammaproteobacteria|o__Cardiobacteriales|f__Cardiobacteriaceae|g__Cardiobacterium|s__Cardiobacterium_valvarum|t__SGB9416	1642934	59.9000	357	4945	87.8400	6.3397	0.9966	k__Bacteria (UID203)	55.1700	0.0000	0.0000	69.6700	2.1300	order	0.2400	0.0400	0.0011
CMC033.B-metaspades_081	binsA	True	True	True	True	d__Bacteria;p__Bacillota_A;c__Clostridia;o__Lachnospirales;f__Lachnospiraceae;g__Oribacterium;s__Oribacterium sp000160135	kSGB_7282	k__Bacteria|p__Firmicutes|c__Clostridia|o__Clostridiales|f__Lachnospiraceae|g__Oribacterium|s__Oribacterium_sp_oral_taxon_078|t__SGB7282	2592646	54.9000	30	91348	87.2500	50.6967	0.9992	o__Clostridiales (UID1226)	98.0900	0.0000	0.0000	97.8300	0.2600	kingdom	0.0000	0.0000	0.0000
CMC033.B-metaspades_082	binsB	True	False	True	True	d__Bacteria;p__Bacteroidota;c__Bacteroidia;o__Bacteroidales;f__Bacteroidaceae;g__Prevotella;s__Prevotella jejuni	kSGB_1545	k__Bacteria|p__Bacteroidetes|c__Bacteroidia|o__Bacteroidales|f__Prevotellaceae|g__Prevotella|s__Prevotella_jejuni|t__SGB1545	2673059	41.6000	158	25568	81.8000	77.9063	0.9999	g__Prevotella (UID2724)	87.8200	0.6800	100.0000	84.4800	0.7200	kingdom	0.0000	0.0000	0.0008
CMC033.B-metaspades_083	binsBC	True	False	True	True	d__Bacteria;p__Actinomycetota;c__Actinomycetia;o__Propionibacteriales;f__Propionibacteriaceae;g__Propionibacterium;s__	kSGB_15903	k__Bacteria|p__Actinobacteria|c__Actinobacteria|o__Propionibacteriales|f__Propionibacteriaceae|g__Propionibacterium|s__Propionibacterium_acidifaciens|t__SGB15903	1741278	70.0000	346	5423	86.6500	65.4197	0.9979	o__Actinomycetales (UID1530)	67.7600	0.0000	0.0000	66.3900	0.1700	genus	0.2300	0.0400	0.0018
CMC033.B-metaspades_084	binsBC	True	False	True	True	d__Bacteria;p__Spirochaetota;c__Spirochaetia;o__Treponematales;f__Treponemataceae;g__Treponema;s__Treponema vincentii	kSGB_3602	k__Bacteria|p__Spirochaetes|c__Spirochaetia|o__Spirochaetales|f__Spirochaetaceae|g__Treponema|s__Treponema_vincentii|t__SGB3602	2435458	46.1000	109	37988	89.9900	42.8239	0.9996	k__Bacteria (UID203)	96.3600	5.1200	100.0000	94.8500	4.7600	kingdom	0.0000	0.0000	0.0004
CMC033.B-metaspades_085	binsAC	True	False	True	True	d__Bacteria;p__Patescibacteria;c__Saccharimonadia;o__Saccharimonadales;f__Saccharimonadaceae;g__Saccharimonas;s__	uSGB_19846	k__Bacteria|p__Candidatus_Saccharibacteria|c__CFGB4356|o__OFGB4356|f__FGB4356|g__GGB12790|s__GGB12790_SGB19846|t__SGB19846	793673	49.0000	90	21030	90.1700	118.0652	1.0000	k__Bacteria (UID1452)	52.3900	7.5600	91.6700	81.4700	10.9700	order	0.2600	0.0300	0.0013
CMC033.B-metaspades_086	binsC	True	False	True	True	d__Bacteria;p__Actinomycetota;c__Coriobacteriia;o__Coriobacteriales;f__Atopobiaceae;g__Lancefieldella;s__	uSGB_62949	k__Bacteria|p__Actinobacteria|c__Coriobacteriia|o__Coriobacteriales|f__Atopobiaceae|g__Atopobium|s__Atopobium_SGB62949|t__SGB62949	1340699	48.6000	295	5847	89.9200	7.0258	0.9954	p__Actinobacteria (UID2112)	89.9600	1.0800	50.0000	90.0300	3.9400	kingdom	0.0000	0.0000	0.0016
CMC033.B-metaspades_087	binsA	True	False	True	False	d__Bacteria;p__Bacteroidota;c__Bacteroidia;o__Bacteroidales;f__Tannerellaceae;g__Tannerella;s__Tannerella serpentiformis	kSGB_2048	k__Bacteria|p__Bacteroidetes|c__Bacteroidia|o__Bacteroidales|f__Tannerellaceae|g__Tannerella|s__Tannerella_sp_oral_taxon_HOT_286|t__SGB2048	1362409	59.0000	425	3687	88.8700	233.0000	0.9978	k__Bacteria (UID203)	53.3700	0.0000	0.0000	53.0300	0.5300	kingdom	0.0000	0.0000	0.0063
CMC033.B-metaspades_088	binsABC	True	False	True	True	d__Bacteria;p__Bacillota_A;c__Clostridia;o__Lachnospirales;f__Lachnospiraceae;g__Lachnoanaerobaculum;s__Lachnoanaerobaculum saburreum	kSGB_4481	k__Bacteria|p__Firmicutes|c__Clostridia|o__Clostridiales|f__Lachnospiraceae|g__Lachnoanaerobaculum|s__Lachnoanaerobaculum_saburreum|t__SGB4481	1521128	37.6000	257	6242	92.3400	30.7786	0.9985	o__Clostridiales (UID1226)	75.5400	0.6400	100.0000	66.8300	0.6600	genus	0.3700	0.1300	0.0039
CMC033.B-metaspades_089	binsBC	True	True	True	True	d__Bacteria;p__Actinomycetota;c__Actinomycetia;o__Mycobacteriales;f__Mycobacteriaceae;g__Corynebacterium;s__Corynebacterium durum	kSGB_17008	k__Bacteria|p__Actinobacteria|c__Actinobacteria|o__Corynebacteriales|f__Corynebacteriaceae|g__Corynebacterium|s__Corynebacterium_durum|t__SGB17008	2699764	57.2000	107	42834	90.4400	13.3019	0.9990	o__Actinomycetales (UID1809)	99.1000	1.0500	66.6700	99.9700	1.2700	kingdom	0.0000	0.0000	0.0011
CMC033.B-metaspades_090	binsC	True	False	True	False	d__Bacteria;p__Bacteroidota;c__Bacteroidia;o__Bacteroidales;f__Porphyromonadaceae;g__Porphyromonas;s__Porphyromonas sp018127745	uSGB_2040	k__Bacteria|p__Bacteroidetes|c__Bacteroidia|o__Bacteroidales|f__Porphyromonadaceae|g__GGB1474|s__GGB1474_SGB2040|t__SGB2040	1406802	62.1000	701	2075	88.5600	5.9955	0.9929	f__Porphyromonadaceae (UID2622)	70.4100	2.9000	71.4300	61.8400	3.7700	kingdom	0.0000	0.0000	0.0229
CMC033.B-metaspades_091	binsC	True	True	True	True	d__Bacteria;p__Bacteroidota;c__Bacteroidia;o__Bacteroidales;f__Bacteroidaceae;g__Alloprevotella;s__Alloprevotella tannerae	kSGB_1411	k__Bacteria|p__Bacteroidetes|c__Bacteroidia|o__Bacteroidales|f__Prevotellaceae|g__Alloprevotella|s__Alloprevotella_tannerae|t__SGB1411	2082221	47.3000	266	10345	83.8600	10.1545	0.9970	o__Bacteroidales (UID2657)	93.7500	0.7700	75.0000	90.5800	1.2000	genus	0.2000	0.0300	0.0015
CMC033.B-metaspades_092	binsC	True	False	True	True	d__Bacteria;p__Bacteroidota;c__Bacteroidia;o__Bacteroidales;f__Porphyromonadaceae;g__Porphyromonas;s__Porphyromonas gingivalis	kSGB_2057	k__Bacteria|p__Bacteroidetes|c__Bacteroidia|o__Bacteroidales|f__Porphyromonadaceae|g__Porphyromonas|s__Porphyromonas_gingivalis|t__SGB2057	1474680	50.0000	481	3416	89.3600	4.8836	0.9960	f__Porphyromonadaceae (UID2622)	76.9500	1.4800	12.5000	72.8100	1.3000	kingdom	0.0000	0.0000	0.0001
CMC035.B-metaspades_001	binsAB	True	False	True	True	d__Bacteria;p__Actinomycetota;c__Actinomycetia;o__Actinomycetales;f__Actinomycetaceae;g__Pauljensenia;s__Pauljensenia odontolytica_A	kSGB_17161	k__Bacteria|p__Actinobacteria|c__Actinobacteria|o__Actinomycetales|f__Actinomycetaceae|g__Schaalia|s__Schaalia_odontolytica|t__SGB17161	1699133	65.9000	225	10452	90.1600	75.3720	0.9994	k__Bacteria (UID203)	69.5900	0.0000	0.0000	78.4600	0.5100	genus	0.1200	0.1200	0.0039
CMC035.B-metaspades_002	binsC	True	False	True	True	d__Bacteria;p__Bacteroidota;c__Bacteroidia;o__Bacteroidales;f__Bacteroidaceae;g__Prevotella;s__Prevotella intermedia	kSGB_1560	k__Bacteria|p__Bacteroidetes|c__Bacteroidia|o__Bacteroidales|f__Prevotellaceae|g__Prevotella|s__Prevotella_intermedia|t__SGB1560	1842145	44.4000	705	2973	88.0000	9.9896	0.9894	g__Prevotella (UID2724)	86.4100	3.2700	58.8200	81.9900	5.4700	kingdom	0.0000	0.0000	0.0040
CMC035.B-metaspades_003	binsB	True	True	True	True	d__Bacteria;p__Bacillota_A;c__Clostridia;o__Lachnospirales;f__Lachnospiraceae;g__Johnsonella;s__Johnsonella sp900766185	uSGB_4472	k__Bacteria|p__Firmicutes|c__CFGB1394|o__OFGB1394|f__FGB1394|g__GGB3385|s__GGB3385_SGB4472|t__SGB4472	2196435	36.5000	262	10407	85.5600	91.6513	0.9987	o__Clostridiales (UID1226)	92.7100	0.0000	0.0000	93.1400	0.3800	class	0.2100	0.0300	0.0020
CMC035.B-metaspades_004	binsB	True	False	True	True	d__Bacteria;p__Bacillota;c__Bacilli;o__Lactobacillales;f__Streptococcaceae;g__Streptococcus;s__Streptococcus constellatus	kSGB_8026	k__Bacteria|p__Firmicutes|c__Bacilli|o__Lactobacillales|f__Streptococcaceae|g__Streptococcus|s__Streptococcus_constellatus|t__SGB8026	1624772	38.9000	442	4354	88.9900	12.0663	0.9975	k__Bacteria (UID203)	65.4200	2.6300	50.0000	71.6100	7.0500	kingdom	0.0000	0.0000	0.0042
CMC035.B-metaspades_005	binsAC	True	False	True	True	d__Bacteria;p__Patescibacteria;c__Saccharimonadia;o__Saccharimonadales;f__UBA10027;g__SDRW01;s__SDRW01 sp007845485	uSGB_19880	k__Bacteria|p__Candidatus_Saccharibacteria|c__Candidatus_Saccharibacteria_unclassified|o__Candidatus_Saccharibacteria_unclassified|f__Candidatus_Saccharibacteria_unclassified|g__GGB12793|s__GGB12793_SGB19880|t__SGB19880	752021	38.1000	43	24330	90.7300	51.8209	0.9996	k__Bacteria (UID1453)	64.2500	0.0000	0.0000	95.4700	0.0100	class	0.1400	0.0700	0.0001
CMC035.B-metaspades_006	binsB	True	False	True	True	d__Bacteria;p__Bacteroidota;c__Bacteroidia;o__Bacteroidales;f__Bacteroidaceae;g__Prevotella;s__Prevotella sp905373605	uSGB_1462	k__Bacteria|p__Bacteroidetes|c__Bacteroidia|o__Bacteroidales|f__Prevotellaceae|g__GGB1141|s__GGB1141_SGB1462|t__SGB1462	2907500	49.3000	334	11522	82.0600	8.5620	0.9980	k__Bacteria (UID203)	69.8300	0.0000	0.0000	82.0400	0.4200	kingdom	0.0000	0.0000	0.0004
CMC035.B-metaspades_007	binsAC	True	True	True	True	d__Bacteria;p__Desulfobacterota;c__Desulfobulbia;o__Desulfobulbales;f__Desulfobulbaceae;g__Desulfobulbus;s__Desulfobulbus oralis	kSGB_8831	k__Bacteria|p__Proteobacteria|c__Deltaproteobacteria|o__Desulfobacterales|f__Desulfobulbaceae|g__Desulfobulbus|s__Desulfobulbus_oralis|t__SGB8831	2569411	60.7000	101	35895	87.8300	65.7871	0.9999	c__Deltaproteobacteria (UID3217)	97.9200	0.0000	0.0000	99.9900	0.0500	genus	0.2700	0.1700	0.0002
CMC035.B-metaspades_008	binsA	False	False	True	False	d__Bacteria;p__Fusobacteriota;c__Fusobacteriia;o__Fusobacteriales;f__Fusobacteriaceae;g__Fusobacterium;s__Fusobacterium polymorphum	kSGB_6001	k__Bacteria|p__Fusobacteria|c__Fusobacteriia|o__Fusobacteriales|f__Fusobacteriaceae|g__Fusobacterium|s__Fusobacterium_nucleatum|t__SGB6001	999702	27.5000	444	2389	92.6400	125.9766	0.9990	k__Bacteria (UID2329)	49.4500	0.0000	0.0000	45.9600	0.2900	kingdom	0.0000	0.0000	0.0050
CMC035.B-metaspades_009	binsBC	True	False	True	True	d__Bacteria;p__Spirochaetota;c__Spirochaetia;o__Treponematales;f__Treponemataceae;g__Treponema;s__Treponema vincentii	kSGB_3602	k__Bacteria|p__Spirochaetes|c__Spirochaetia|o__Spirochaetales|f__Spirochaetaceae|g__Treponema|s__Treponema_vincentii|t__SGB3602	1847160	46.5000	364	5639	90.9800	8.6769	0.9976	f__Spirochaetaceae (UID2512)	77.4600	0.0000	0.0000	75.4700	1.1900	kingdom	0.0000	0.0000	0.0025
CMC035.B-metaspades_010	binsB	True	False	True	True	d__Bacteria;p__Bacteroidota;c__Bacteroidia;o__Bacteroidales;f__Bacteroidaceae;g__Prevotella;s__Prevotella loescheii	kSGB_1457	k__Bacteria|p__Bacteroidetes|c__Bacteroidia|o__Bacteroidales|f__Prevotellaceae|g__Prevotella|s__Prevotella_loescheii|t__SGB1457	2719945	46.8000	248	12147	79.8000	48.2407	0.9980	k__Bacteria (UID203)	74.4500	0.0000	0.0000	79.3700	0.1200	kingdom	0.0000	0.0000	0.0038
CMC035.B-metaspades_011	binsBC	True	False	True	True	d__Bacteria;p__Bacteroidota;c__Bacteroidia;o__Bacteroidales;f__Bacteroidaceae;g__Prevotella;s__Prevotella saccharolytica	kSGB_1454	k__Bacteria|p__Bacteroidetes|c__Bacteroidia|o__Bacteroidales|f__Prevotellaceae|g__Prevotella|s__Prevotella_saccharolytica|t__SGB1454	2446544	42.9000	194	18470	85.1800	29.2959	0.9981	g__Prevotella (UID2724)	87.8200	0.4200	100.0000	82.7000	0.5000	kingdom	0.0000	0.0000	0.0031
CMC035.B-metaspades_012	binsC	True	True	True	True	d__Bacteria;p__Bacteroidota;c__Bacteroidia;o__Bacteroidales;f__Bacteroidaceae;g__Prevotella;s__Prevotella micans	kSGB_1565	k__Bacteria|p__Bacteroidetes|c__Bacteroidia|o__Bacteroidales|f__Prevotellaceae|g__Prevotella|s__Prevotella_micans|t__SGB1565	2048106	46.1000	286	9089	87.6100	10.2664	0.9975	g__Prevotella (UID2722)	94.8100	0.6200	25.0000	87.1600	0.9800	kingdom	0.0000	0.0000	0.0006
CMC035.B-metaspades_013	binsB	True	False	True	True	d__Bacteria;p__Patescibacteria;c__Saccharimonadia;o__Saccharimonadales;f__Nanosynbacteraceae;g__Nanosynbacter;s__	kSGB_19849	k__Bacteria|p__Candidatus_Saccharibacteria|c__Candidatus_Saccharibacteria_unclassified|o__Candidatus_Saccharibacteria_unclassified|f__Candidatus_Saccharibacteria_unclassified|g__Candidatus_Saccharibacteria_unclassified|s__Candidatus_Saccharibacteria_oral_taxon_TM7x|t__SGB19849	643817	44.5000	34	37506	92.8900	27.7735	0.9992	k__Bacteria (UID1452)	52.6200	0.0000	0.0000	86.6200	0.1700	kingdom	0.0000	0.0000	0.0016
CMC035.B-metaspades_014	binsBC	True	False	True	True	d__Bacteria;p__Actinomycetota;c__Coriobacteriia;o__Coriobacteriales;f__Atopobiaceae;g__Olsenella_F;s__	kSGB_14348	k__Bacteria|p__Actinobacteria|c__Coriobacteriia|o__Coriobacteriales|f__Atopobiaceae|g__Olsenella|s__Olsenella_sp_oral_taxon_807|t__SGB14348	1921873	61.6000	151	21937	84.0100	317.7099	0.9987	p__Actinobacteria (UID2112)	86.4200	0.6000	0.0000	75.5300	0.6500	order	0.1700	0.0300	0.0029
CMC035.B-metaspades_016	binsBC	True	True	True	True	d__Bacteria;p__Actinomycetota;c__Actinomycetia;o__Actinomycetales;f__Actinomycetaceae;g__Peptidiphaga;s__Peptidiphaga sp905373325	uSGB_15895	k__Bacteria|p__Actinobacteria|c__Actinobacteria|o__Actinomycetales|f__Actinomycetaceae|g__Actinomyces|s__Actinomyces_SGB15895|t__SGB15895	2078362	65.2000	221	9133	85.6100	36.6394	0.9968	p__Actinobacteria (UID1454)	93.3300	1.6700	50.0000	89.1600	0.0600	genus	0.0400	0.0300	0.0035
CMC035.B-metaspades_017	binsBC	True	True	True	True	d__Bacteria;p__Actinomycetota;c__Coriobacteriia;o__Coriobacteriales;f__Atopobiaceae;g__Olsenella;s__Olsenella uli	kSGB_14386	k__Bacteria|p__Actinobacteria|c__Coriobacteriia|o__Coriobacteriales|f__Atopobiaceae|g__Olsenella|s__Olsenella_uli|t__SGB14386	1992656	64.6000	36	63061	87.7300	29.6250	0.9992	p__Actinobacteria (UID2112)	91.1300	0.0000	0.0000	93.6000	1.0900	kingdom	0.0000	0.0000	0.0001
CMC035.B-metaspades_018	binsB	True	True	True	True	d__Bacteria;p__Bacteroidota;c__Bacteroidia;o__Flavobacteriales;f__Flavobacteriaceae;g__Capnocytophaga;s__Capnocytophaga gingivalis	kSGB_2479	k__Bacteria|p__Bacteroidetes|c__Flavobacteriia|o__Flavobacteriales|f__Flavobacteriaceae|g__Capnocytophaga|s__Capnocytophaga_gingivalis|t__SGB2479	2295683	40.4000	193	16520	89.9200	42.3373	0.9995	p__Bacteroidetes (UID2605)	95.2600	0.4800	100.0000	96.4600	0.8500	kingdom	0.0000	0.0000	0.0003
CMC035.B-metaspades_019	binsC	True	True	True	True	d__Bacteria;p__Actinomycetota;c__Actinomycetia;o__Actinomycetales;f__Actinomycetaceae;g__Actinomyces;s__Actinomyces sp002999235	kSGB_15876	k__Bacteria|p__Actinobacteria|c__Actinobacteria|o__Actinomycetales|f__Actinomycetaceae|g__Actinomyces|s__Actinomyces_sp_oral_taxon_897|t__SGB15876	3158812	71.6000	182	25834	84.5800	337.7099	0.9991	f__Actinomycetaceae (UID1531)	95.2100	1.4200	22.2200	95.3700	3.1000	order	0.1600	0.0300	0.0006
CMC035.B-metaspades_020	binsBC	True	True	True	True	d__Bacteria;p__Actinomycetota;c__Actinomycetia;o__Mycobacteriales;f__Mycobacteriaceae;g__Corynebacterium;s__Corynebacterium matruchotii	kSGB_17007	k__Bacteria|p__Actinobacteria|c__Actinobacteria|o__Corynebacteriales|f__Corynebacteriaceae|g__Corynebacterium|s__Corynebacterium_matruchotii|t__SGB17007	2394338	57.8000	163	21435	87.2300	1116.5368	0.9984	o__Actinomycetales (UID1812)	90.7200	0.0000	0.0000	89.2100	1.1700	kingdom	0.0000	0.0000	0.0031
CMC035.B-metaspades_021	binsAB	True	False	True	True	d__Bacteria;p__Actinomycetota;c__Actinomycetia;o__Actinomycetales;f__Actinomycetaceae;g__Pauljensenia;s__	kSGB_23982	k__Bacteria|p__Actinobacteria|c__Actinobacteria|o__Actinomycetales|f__Actinomycetaceae|g__Schaalia|s__Schaalia_odontolytica|t__SGB23982	1886562	67.9000	405	6089	89.6600	12.8057	0.9980	k__Bacteria (UID203)	50.3400	3.4500	100.0000	67.2000	11.5200	genus	0.2500	0.3600	0.0017
CMC035.B-metaspades_022	binsA	True	True	True	True	d__Bacteria;p__Bacillota_A;c__Clostridia;o__Lachnospirales;f__Lachnospiraceae;g__Johnsonella;s__Johnsonella ignava	kSGB_6631	k__Bacteria|p__Firmicutes|c__Clostridia|o__Clostridiales|f__Lachnospiraceae|g__Johnsonella|s__Johnsonella_ignava|t__SGB6631	2315798	35.8000	260	14027	87.2400	102.0892	0.9992	o__Clostridiales (UID1226)	97.3500	0.3200	0.0000	100.0000	1.0300	kingdom	0.0000	0.0000	0.0002
CMC035.B-metaspades_023	binsABC	True	False	True	True	d__Bacteria;p__Synergistota;c__Synergistia;o__Synergistales;f__Aminobacteriaceae;g__Fretibacterium;s__	uSGB_61573	k__Bacteria|p__Synergistetes|c__Synergistia|o__Synergistales|f__Synergistaceae|g__Fretibacterium|s__Fretibacterium_SGB61573|t__SGB61573	1578083	65.1000	179	7304	86.9900	90.4726	0.9971	k__Bacteria (UID209)	88.1400	1.6900	100.0000	97.4400	0.1600	order	0.3000	0.2000	0.0047
CMC035.B-metaspades_024	binsC	True	True	True	True	d__Bacteria;p__Bacillota_A;c__Clostridia;o__Lachnospirales;f__Lachnospiraceae;g__Lachnoanaerobaculum;s__	kSGB_4493	k__Bacteria|p__Firmicutes|c__Clostridia|o__Clostridiales|f__Lachnospiraceae|g__Lachnoanaerobaculum|s__Lachnoanaerobaculum_sp_KCOM_2030|t__SGB4493	2286753	48.0000	117	27380	90.2000	11.8144	0.9992	o__Clostridiales (UID1226)	95.3300	0.6400	0.0000	93.9800	0.0800	family	0.1200	0.1300	0.0001
CMC035.B-metaspades_025	binsABC	True	False	True	True	d__Archaea;p__Thermoplasmatota;c__Thermoplasmata;o__Methanomassiliicoccales;f__Methanomethylophilaceae;g__Methanomethylophilus;s__	uSGB_39546	k__Archaea|p__Euryarchaeota|c__Thermoplasmata|o__Methanomassiliicoccales|f__Methanomassiliicoccaceae|g__GGB27304|s__GGB27304_SGB39546|t__SGB39546	1406983	61.5000	11	253591	88.1100	309.1091	0.9995	p__Euryarchaeota (UID3)	89.9200	2.0200	0.0000	84.9100	0.1600	phylum	0.0400	0.0400	0.0000
CMC035.B-metaspades_026	binsBC	True	False	True	True	d__Bacteria;p__Actinomycetota;c__Actinomycetia;o__Actinomycetales;f__Actinomycetaceae;g__Actinomyces;s__Actinomyces timonensis	kSGB_33750	k__Bacteria|p__Actinobacteria|c__Actinobacteria|o__Actinomycetales|f__Actinomycetaceae|g__Actinomyces|s__Actinomyces_timonensis|t__SGB33750	1556883	71.8000	352	5074	89.4600	48.5341	0.9986	f__Actinomycetaceae (UID1531)	50.1500	0.4700	100.0000	54.2500	0.0600	kingdom	0.0000	0.0000	0.0025
CMC035.B-metaspades_027	binsBC	False	False	True	True	d__Bacteria;p__Bacillota_B;c__Syntrophomonadia;o__Syntrophomonadales;f__CALXSZ01;g__;s__	kSGB_3924	k__Bacteria|p__Firmicutes|c__Clostridia|o__Clostridiales|f__Clostridiales_Family_XIII_Incertae_Sedis|g__Mogibacterium|s__Mogibacterium_pumilum|t__SGB3924	355809	45.6000	11	74132	88.2300	57.2727	1.0000	c__Clostridia (UID1085)	24.2300	0.0000	0.0000	33.4400	0.0200	kingdom	0.0000	0.0000	0.0000
CMC035.B-metaspades_028	binsAC	True	False	True	True	d__Bacteria;p__Bacillota_A;c__Clostridia;o__Lachnospirales;f__Vallitaleaceae;g__W11650;s__W11650 sp002999035	kSGB_24947	k__Bacteria|p__Firmicutes|c__Clostridia|o__Clostridiales|f__Lachnospiraceae|g__Lachnospiraceae_unclassified|s__Lachnospiraceae_bacterium_oral_taxon_500|t__SGB24947	1160581	48.2000	701	1611	90.3500	4.9595	0.9960	o__Clostridiales (UID1212)	51.6800	1.3400	50.0000	46.0000	0.3300	order	0.2500	0.1700	0.0028
CMC035.B-metaspades_029	binsAC	True	True	True	True	d__Bacteria;p__Bacteroidota;c__Bacteroidia;o__Bacteroidales;f__Porphyromonadaceae;g__Porphyromonas;s__Porphyromonas gingivalis	kSGB_2057	k__Bacteria|p__Bacteroidetes|c__Bacteroidia|o__Bacteroidales|f__Porphyromonadaceae|g__Porphyromonas|s__Porphyromonas_gingivalis|t__SGB2057	2070945	48.8000	85	30714	86.6100	28.5294	0.9997	f__Porphyromonadaceae (UID2622)	98.3500	0.0000	0.0000	99.5600	0.0300	kingdom	0.0000	0.0000	0.0001
CMC035.B-metaspades_030	binsAB	True	False	True	True	d__Bacteria;p__Bacteroidota;c__Bacteroidia;o__Bacteroidales;f__Porphyromonadaceae;g__Porphyromonas;s__Porphyromonas catoniae	kSGB_2036	k__Bacteria|p__Bacteroidetes|c__Bacteroidia|o__Bacteroidales|f__Porphyromonadaceae|g__Porphyromonas|s__Porphyromonas_catoniae|t__SGB2036	1714760	50.9000	123	21626	85.7400	12.5837	0.9988	f__Porphyromonadaceae (UID2622)	87.6700	0.0000	0.0000	88.9600	0.1300	kingdom	0.0000	0.0000	0.0005
CMC035.B-metaspades_031	binsB	True	False	True	True	d__Bacteria;p__Bacillota_A;c__Clostridia;o__Lachnospirales;f__Lachnospiraceae;g__Lachnoanaerobaculum;s__Lachnoanaerobaculum sp000209465	kSGB_4480	k__Bacteria|p__Firmicutes|c__Clostridia|o__Clostridiales|f__Lachnospiraceae|g__Lachnospiraceae_unclassified|s__Lachnospiraceae_bacterium_oral_taxon_500|t__SGB4480	1598438	36.9000	360	5168	93.3700	13.2036	0.9981	k__Bacteria (UID203)	66.3300	0.0000	0.0000	76.3200	0.3000	genus	0.1600	0.0700	0.0017
CMC035.B-metaspades_032	binsAC	True	False	True	False	d__Bacteria;p__Pseudomonadota;c__Gammaproteobacteria;o__Burkholderiales;f__Neisseriaceae;g__Eikenella;s__Eikenella corrodens	kSGB_9434	k__Bacteria|p__Proteobacteria|c__Betaproteobacteria|o__Neisseriales|f__Neisseriaceae|g__Eikenella|s__Eikenella_corrodens|t__SGB9434	1479108	56.9000	529	2905	84.2400	35.5711	0.9988	f__Neisseriaceae (UID3890)	66.5200	2.0800	68.7500	60.9700	0.9300	genus	0.0300	0.0200	0.0057
CMC035.B-metaspades_033	binsB	True	False	False	True	d__Bacteria;p__Bacteroidota;c__Bacteroidia;o__Bacteroidales;f__Paludibacteraceae;g__F0058;s__F0058 sp000163695	kSGB_1341	k__Bacteria|p__Bacteroidetes|c__Bacteroidetes_unclassified|o__Bacteroidetes_unclassified|f__Bacteroidetes_unclassified|g__Bacteroidetes_unclassified|s__Bacteroidetes_oral_taxon_274|t__SGB1341	1264043	42.5000	154	10140	88.5000	44.9675	0.9998	k__Bacteria (UID2569)	59.2500	2.4200	0.0000	50.6600	2.4300	class	0.4500	0.0500	0.0006
CMC035.B-metaspades_034	binsBC	True	False	True	True	d__Bacteria;p__Bacillota_C;c__Negativicutes;o__Selenomonadales;f__Selenomonadaceae;g__CAJPQU01;s__	uSGB_5872	k__Bacteria|p__Firmicutes|c__CFGB1714|o__OFGB1714|f__FGB1714|g__GGB4299|s__GGB4299_SGB5872|t__SGB5872	1015644	55.7000	178	5896	87.4500	18.3461	0.9972	p__Firmicutes (UID1022)	52.2800	2.6900	85.7100	44.6400	3.7500	order	0.2300	0.0300	0.0037
CMC035.B-metaspades_035	binsA	True	True	True	True	d__Bacteria;p__Bacillota_A;c__Clostridia;o__Eubacteriales;f__Eubacteriaceae;g__Pseudoramibacter;s__Pseudoramibacter alactolyticus	kSGB_4082	k__Bacteria|p__Firmicutes|c__Clostridia|o__Clostridiales|f__Eubacteriaceae|g__Pseudoramibacter|s__Pseudoramibacter_alactolyticus|t__SGB4082	2036234	52.4000	59	47460	87.9200	42.6271	0.9999	o__Clostridiales (UID1120)	90.0200	0.0000	0.0000	88.4600	1.3900	kingdom	0.0000	0.0000	0.0000
CMC035.B-metaspades_036	binsAC	False	False	True	True	d__Bacteria;p__Patescibacteria;c__Saccharimonadia;o__Saccharimonadales;f__Saccharimonadaceae;g__Saccharimonas;s__	uSGB_19841	k__Bacteria|p__Candidatus_Saccharibacteria|c__CFGB4355|o__OFGB4355|f__FGB4355|g__GGB12788|s__GGB12788_SGB19841|t__SGB19841	755188	52.3000	90	12174	85.7300	18.8533	0.9990	k__Bacteria (UID1453)	49.4800	0.0000	0.0000	70.0200	0.1300	phylum	0.1400	0.1400	0.0042
CMC035.B-metaspades_037	binsBC	True	True	True	True	d__Bacteria;p__Actinomycetota;c__Actinomycetia;o__Mycobacteriales;f__Mycobacteriaceae;g__Corynebacterium;s__Corynebacterium durum	kSGB_17008	k__Bacteria|p__Actinobacteria|c__Actinobacteria|o__Corynebacteriales|f__Corynebacteriaceae|g__Corynebacterium|s__Corynebacterium_durum|t__SGB17008	2697515	57.2000	51	119055	90.2300	21.8627	0.9989	o__Actinomycetales (UID1809)	98.6500	0.4500	0.0000	99.7200	0.2600	kingdom	0.0000	0.0000	0.0010
CMC035.B-metaspades_038	binsA	False	False	True	True	d__Bacteria;p__Bacillota_C;c__Negativicutes;o__Veillonellales;f__Dialisteraceae;g__Dialister;s__Dialister invisus	uSGB_47054	k__Bacteria|p__Cyanobacteria|c__Cyanobacteria_unclassified|o__Synechococcales|f__Prochloraceae|g__GGB32493|s__GGB32493_SGB47054|t__SGB47054	516772	44.4000	167	3985	89.2400	10.3371	0.9962	p__Firmicutes (UID1022)	33.8600	0.3200	100.0000	33.4900	0.2200	kingdom	0.0000	0.0000	0.0041
CMC035.B-metaspades_039	binsABC	True	True	True	True	d__Bacteria;p__Chloroflexota;c__Anaerolineae;o__Anaerolineales;f__Anaerolineaceae;g__Flexilinea;s__	kSGB_17621	k__Bacteria|p__Chloroflexi|c__Anaerolineae|o__Anaerolineales|f__Anaerolineaceae|g__Anaerolineaceae_unclassified|s__Anaerolineaceae_bacterium_oral_taxon_439|t__SGB17621	2660810	55.6000	72	63760	90.2000	69.0028	0.9997	k__Bacteria (UID1452)	90.9100	1.8200	0.0000	96.5200	0.1100	phylum	0.0800	0.0600	0.0007
CMC035.B-metaspades_040	binsA	True	False	True	False	d__Bacteria;p__Bacteroidota;c__Bacteroidia;o__Bacteroidales;f__Bacteroidaceae;g__Prevotella;s__Prevotella conceptionensis	kSGB_1458	k__Bacteria|p__Bacteroidetes|c__Bacteroidia|o__Bacteroidales|f__Prevotellaceae|g__Prevotella|s__Prevotella_conceptionensis|t__SGB1458	1738949	49.3000	737	2563	85.2700	19.3484	0.9975	g__Prevotella (UID2724)	57.0000	3.7200	90.0000	49.1700	3.5300	kingdom	0.0000	0.0000	0.0126
CMC035.B-metaspades_041	binsBC	True	False	True	True	d__Bacteria;p__Actinomycetota;c__Actinomycetia;o__Actinomycetales;f__Actinomycetaceae;g__Actinomyces;s__Actinomyces massiliensis	kSGB_15873	k__Bacteria|p__Actinobacteria|c__Actinobacteria|o__Actinomycetales|f__Actinomycetaceae|g__Actinomyces|s__Actinomyces_massiliensis|t__SGB15873	2269443	67.8000	263	10651	86.5500	31.8791	0.9994	k__Bacteria (UID203)	72.2200	0.0000	0.0000	70.1600	0.4100	kingdom	0.0000	0.0000	0.0019
CMC035.B-metaspades_042	binsAC	True	False	True	True	d__Bacteria;p__Bacteroidota;c__Bacteroidia;o__Bacteroidales;f__UBA932;g__Cryptobacteroides;s__	uSGB_40043	k__Bacteria|p__Bacteroidetes|c__Bacteroidia|o__Bacteroidales|f__Bacteroidales_unclassified|g__GGB27673|s__GGB27673_SGB40043|t__SGB40043	1699168	48.0000	128	17234	92.8200	12.7328	0.9991	p__Bacteroidetes (UID2605)	83.7800	0.0000	0.0000	79.3100	0.2600	family	0.0400	0.6200	0.0005
CMC035.B-metaspades_043	binsBC	True	False	True	True	d__Bacteria;p__Pseudomonadota;c__Gammaproteobacteria;o__Burkholderiales;f__Burkholderiaceae_B;g__Ottowia;s__Ottowia sp001262075	kSGB_12664	k__Bacteria|p__Proteobacteria|c__Betaproteobacteria|o__Burkholderiales|f__Comamonadaceae|g__Ottowia|s__Ottowia_sp_Marseille_P4747|t__SGB12664	2091235	64.1000	509	4876	82.3600	13.5766	0.9977	o__Burkholderiales (UID4000)	81.6800	1.3200	100.0000	81.3200	0.0100	kingdom	0.0000	0.0000	0.0023
CMC035.B-metaspades_044	binsAC	True	False	True	True	d__Bacteria;p__Bacillota_C;c__Negativicutes;o__Veillonellales;f__Veillonellaceae;g__Veillonella;s__Veillonella parvula_A	kSGB_6939	k__Bacteria|p__Firmicutes|c__Negativicutes|o__Veillonellales|f__Veillonellaceae|g__Veillonella|s__Veillonella_parvula|t__SGB6939	1359148	39.0000	289	5849	88.7400	125.0941	0.9989	o__Selenomonadales (UID1024)	89.0700	0.3000	100.0000	77.3400	0.2400	kingdom	0.0000	0.0000	0.0033
CMC035.B-metaspades_045	binsAC	True	False	True	False	d__Bacteria;p__Actinomycetota;c__Actinomycetia;o__Propionibacteriales;f__Propionibacteriaceae;g__Arachnia;s__Arachnia propionica	kSGB_15897	k__Bacteria|p__Actinobacteria|c__Actinobacteria|o__Propionibacteriales|f__Propionibacteriaceae|g__Pseudopropionibacterium|s__Pseudopropionibacterium_propionicum|t__SGB15897	2035929	67.2000	291	10147	91.3300	941.8914	0.9990	o__Actinomycetales (UID1697)	82.9300	1.9200	60.0000	77.0900	0.2800	kingdom	0.0000	0.0000	0.0074
CMC035.B-metaspades_046	binsAB	True	False	True	False	d__Bacteria;p__Spirochaetota;c__Spirochaetia;o__Treponematales;f__Treponemataceae;g__Treponema_D;s__	kSGB_3583	k__Bacteria|p__Spirochaetes|c__Spirochaetia|o__Spirochaetales|f__Spirochaetaceae|g__Treponema|s__Treponema_socranskii|t__SGB3583	1421970	52.3000	412	3669	91.3700	29.1723	0.9987	f__Spirochaetaceae (UID2535)	54.7500	5.7300	70.0000	42.9300	6.0900	kingdom	0.0000	0.0000	0.0062
CMC035.B-metaspades_047	binsC	True	False	True	True	d__Bacteria;p__Patescibacteria;c__Saccharimonadia;o__Saccharimonadales;f__Nanoperiomorbaceae;g__Nanoperiomorbus;s__	uSGB_19801	k__Bacteria|p__Candidatus_Saccharibacteria|c__Candidatus_Saccharibacteria_unclassified|o__Candidatus_Saccharibacteria_unclassified|f__Candidatus_Saccharibacteria_unclassified|g__Candidatus_Saccharibacteria_unclassified|s__Candidatus_Saccharibacteria_unclassified_SGB19801|t__SGB19801	597944	51.5000	238	2665	90.8500	5.6256	0.9935	k__Bacteria (UID1453)	53.4600	1.8500	33.3300	80.5900	4.7500	family	0.3900	0.0400	0.0022
CMC035.B-metaspades_048	binsAC	True	False	True	True	d__Bacteria;p__Bacillota;c__Bacilli;o__Lactobacillales;f__Streptococcaceae;g__Streptococcus;s__Streptococcus gordonii	kSGB_8053	k__Bacteria|p__Firmicutes|c__Bacilli|o__Lactobacillales|f__Streptococcaceae|g__Streptococcus|s__Streptococcus_gordonii|t__SGB8053	1640708	40.5000	308	7593	87.7400	91.7494	0.9992	o__Lactobacillales (UID544)	76.1900	0.9100	83.3300	76.9500	1.8700	kingdom	0.0000	0.0000	0.0030
CMC035.B-metaspades_049	binsC	True	False	True	True	d__Bacteria;p__Bacillota_A;c__Clostridia;o__Peptostreptococcales;f__Peptostreptococcaceae;g__Peptostreptococcus;s__Peptostreptococcus stomatis	kSGB_748	k__Bacteria|p__Firmicutes|c__Clostridia|o__Clostridiales|f__Peptostreptococcaceae|g__Peptostreptococcus|s__Peptostreptococcus_stomatis|t__SGB748	1355373	38.1000	477	3072	88.6400	14.0637	0.9969	o__Clostridiales (UID1120)	82.1700	0.7000	0.0000	92.6700	1.0500	kingdom	0.0000	0.0000	0.0023
CMC035.B-metaspades_050	binsABC	True	False	True	True	d__Bacteria;p__Myxococcota;c__Polyangia;o__Polyangiales;f__Polyangiaceae;g__MWCO01;s__	uSGB_25911	k__Bacteria|p__Actinobacteria|c__CFGB5841|o__OFGB5841|f__FGB5841|g__GGB17299|s__GGB17299_SGB25911|t__SGB25911	3143151	59.4000	422	9350	87.4900	7.7284	0.9969	c__Deltaproteobacteria (UID3216)	68.7700	0.0400	100.0000	90.9800	2.6000	genus	0.0300	0.6800	0.0005
CMC035.B-metaspades_051	binsBC	True	True	True	True	d__Bacteria;p__Bacillota_A;c__Clostridia;o__Peptostreptococcales;f__Anaerovoracaceae;g__Mogibacterium;s__Mogibacterium timidum	kSGB_3920	k__Bacteria|p__Firmicutes|c__Clostridia|o__Clostridiales|f__Clostridiales_Family_XIII_Incertae_Sedis|g__Mogibacterium|s__Mogibacterium_timidum|t__SGB3920	1444256	45.7000	91	20688	88.4000	13.4703	0.9992	o__Clostridiales (UID1120)	95.0400	0.0000	0.0000	87.3500	0.1500	kingdom	0.0000	0.0000	0.0006
CMC035.B-metaspades_052	binsAC	True	True	True	True	d__Bacteria;p__Campylobacterota;c__Campylobacteria;o__Campylobacterales;f__Campylobacteraceae;g__Campylobacter_A;s__Campylobacter_A curvus	kSGB_19334	k__Bacteria|p__Proteobacteria|c__Epsilonproteobacteria|o__Campylobacterales|f__Campylobacteraceae|g__Campylobacter|s__Campylobacter_curvus|t__SGB19334	1820687	44.8000	118	25640	92.3700	25.6805	0.9995	c__Epsilonproteobacteria (UID3065)	96.7900	0.1900	100.0000	99.4200	0.5800	kingdom	0.0000	0.0000	0.0006
CMC035.B-metaspades_053	binsBC	True	False	True	True	d__Bacteria;p__Actinomycetota;c__Actinomycetia;o__Actinomycetales;f__Actinomycetaceae;g__Pauljensenia;s__Pauljensenia sp000185285	kSGB_17151	k__Bacteria|p__Actinobacteria|c__Actinobacteria|o__Micrococcales|f__Dermacoccaceae|g__Kytococcus|s__Kytococcus_sedentarius|t__SGB17151	1867194	66.8000	100	26446	90.0300	106.2550	0.9992	f__Actinomycetaceae (UID1531)	86.5200	0.4700	0.0000	88.5000	0.3800	genus	0.0200	0.3400	0.0009
CMC035.B-metaspades_054	binsC	True	True	True	True	d__Bacteria;p__Bacteroidota;c__Bacteroidia;o__Bacteroidales;f__UBA932;g__Cryptobacteroides;s__	uSGB_35555	k__Bacteria|p__Bacteroidetes|c__CFGB7475|o__OFGB7475|f__FGB7475|g__GGB23834|s__GGB23834_SGB35555|t__SGB35555	3101697	49.6000	309	13959	89.3900	7.9913	0.9977	p__Bacteroidetes (UID2605)	93.5700	1.1900	33.3300	94.3900	0.8600	genus	0.2400	0.3700	0.0001
CMC035.B-metaspades_055	binsB	True	False	True	True	d__Bacteria;p__Pseudomonadota;c__Gammaproteobacteria;o__Burkholderiales;f__Rhodocyclaceae;g__Propionivibrio;s__	uSGB_9421	k__Bacteria|p__Proteobacteria|c__Gammaproteobacteria|o__Cardiobacteriales|f__Cardiobacteriaceae|g__GGB6673|s__GGB6673_SGB9421|t__SGB9421	2245323	58.3000	145	24753	84.7500	21.5276	0.9991	c__Betaproteobacteria (UID3971)	87.6300	0.8100	66.6700	88.8200	0.4500	order	0.1300	0.3800	0.0025
CMC035.B-metaspades_056	binsAC	True	True	True	True	d__Bacteria;p__Bacteroidota;c__Bacteroidia;o__Bacteroidales;f__Bacteroidaceae;g__Phocaeicola;s__Phocaeicola abscessus	kSGB_2052	k__Bacteria|p__Bacteroidetes|c__Bacteroidia|o__Bacteroidales|f__Bacteroidales_unclassified|g__Phocaeicola|s__Phocaeicola_abscessus|t__SGB2052	2362029	47.8000	29	63798	89.6800	86.0069	0.9992	o__Bacteroidales (UID2657)	94.8000	0.3700	0.0000	85.9800	0.0200	family	0.2100	0.0200	0.0001
CMC035.B-metaspades_057	binsB	True	False	True	True	d__Bacteria;p__Bacillota;c__Bacilli;o__Lactobacillales;f__Aerococcaceae;g__Granulicatella;s__Granulicatella adiacens	kSGB_8249	k__Bacteria|p__Firmicutes|c__Bacilli|o__Lactobacillales|f__Carnobacteriaceae|g__Granulicatella|s__Granulicatella_adiacens|t__SGB8249	1112431	37.6000	287	4243	89.7400	14.2634	0.9973	o__Lactobacillales (UID355)	70.7800	1.8700	71.4300	72.1400	0.9900	family	0.0900	0.1300	0.0033
CMC035.B-metaspades_059	binsBC	True	False	True	True	d__Bacteria;p__Patescibacteria;c__JAEDAM01;o__Absconditabacterales;f__Absconditicoccaceae;g__HOT-345;s__HOT-345 sp003260355	kSGB_6893	k__Bacteria|p__Bacteria_unclassified|c__Bacteria_unclassified|o__Bacteria_unclassified|f__Bacteria_unclassified|g__Bacteria_unclassified|s__SR1_bacterium_human_oral_taxon_HOT_345|t__SGB6893	665071	38.2000	180	3712	86.7800	10.6571	0.9964	k__Bacteria (UID203)	53.9200	0.0000	0.0000	67.9800	1.4600	phylum	0.2000	0.1700	0.0040
CMC035.B-metaspades_060	binsAB	True	True	True	True	d__Bacteria;p__Actinomycetota;c__Actinomycetia;o__Actinomycetales;f__Actinomycetaceae;g__Actinomyces;s__	kSGB_15891	k__Bacteria|p__Actinobacteria|c__Actinobacteria|o__Actinomycetales|f__Actinomycetaceae|g__Actinomyces|s__Actinomyces_radicidentis|t__SGB15891	2459722	71.0000	216	16072	89.9300	258.8491	0.9993	f__Actinomycetaceae (UID1531)	91.7800	2.6400	37.5000	91.6300	1.6600	order	0.0700	0.0200	0.0007
CMC035.B-metaspades_061	binsABC	True	True	True	True	d__Bacteria;p__Bacillota_A;c__Clostridia;o__Peptostreptococcales;f__Anaerovoracaceae;g__RUG100;s__	uSGB_37176	k__Bacteria|p__Firmicutes|c__CFGB8220|o__OFGB8220|f__FGB8220|g__GGB25240|s__GGB25240_SGB37176|t__SGB37176	1627505	49.0000	24	123361	90.5000	81.6792	1.0000	o__Clostridiales (UID1120)	97.5200	0.0000	0.0000	97.0300	0.0500	class	0.0500	0.0300	0.0000
CMC035.B-metaspades_062	binsABC	True	False	True	True	d__Bacteria;p__Patescibacteria;c__Saccharimonadia;o__Saccharimonadales;f__Saccharimonadaceae;g__Saccharimonas;s__Saccharimonas sp010202265	kSGB_19921	k__Bacteria|p__Candidatus_Saccharibacteria|c__Candidatus_Saccharibacteria_unclassified|o__Candidatus_Saccharibacteria_unclassified|f__Candidatus_Saccharibacteria_unclassified|g__Candidatus_Saccharibacteria_unclassified|s__TM7_phylum_sp_oral_taxon_955|t__SGB19921	788918	46.9000	12	70922	90.2900	19.1917	0.9995	k__Bacteria (UID1452)	63.1200	2.9300	25.0000	99.2200	0.4600	class	0.0700	0.0300	0.0001
CMC035.B-metaspades_063	binsBC	True	True	True	True	d__Bacteria;p__Bacteroidota;c__Bacteroidia;o__Flavobacteriales;f__Flavobacteriaceae;g__Capnocytophaga;s__Capnocytophaga ochracea	kSGB_2497	k__Bacteria|p__Bacteroidetes|c__Flavobacteriia|o__Flavobacteriales|f__Flavobacteriaceae|g__Capnocytophaga|s__Capnocytophaga_ochracea|t__SGB2497	2207783	39.7000	193	16196	87.1600	35.7777	0.9989	p__Bacteroidetes (UID2605)	91.1500	0.9500	100.0000	87.9500	2.3500	kingdom	0.0000	0.0000	0.0007
CMC035.B-metaspades_064	binsA	True	True	True	True	d__Bacteria;p__Actinomycetota;c__Actinomycetia;o__Propionibacteriales;f__Propionibacteriaceae;g__Brooklawnia;s__Brooklawnia sp000413315	kSGB_16999	k__Bacteria|p__Actinobacteria|c__Actinobacteria|o__Propionibacteriales|f__Propionibacteriaceae|g__Propionibacterium|s__Propionibacterium_sp_oral_taxon_192|t__SGB16999	2634371	61.5000	13	288486	89.9500	1912.5769	0.9991	o__Actinomycetales (UID1530)	99.3400	0.0000	0.0000	99.9900	1.3800	kingdom	0.0000	0.0000	0.0000
CMC035.B-metaspades_065	binsBC	True	False	True	True	d__Bacteria;p__Actinomycetota;c__Actinomycetia;o__Actinomycetales;f__Actinomycetaceae;g__Pauljensenia;s__Pauljensenia hongkongensis	kSGB_17148	k__Bacteria|p__Actinobacteria|c__Actinobacteria|o__Actinomycetales|f__Actinomycetaceae|g__Actinomyces|s__Actinomyces_hongkongensis|t__SGB17148	1427142	71.2000	239	6815	89.6700	93.8699	0.9983	f__Actinomycetaceae (UID1531)	59.3200	1.4200	0.0000	60.7300	0.3100	genus	0.1900	0.0900	0.0025
CMC035.B-metaspades_066	binsABC	True	False	True	True	d__Bacteria;p__Bacillota_A;c__Clostridia;o__Lachnospirales;f__Lachnospiraceae;g__Oribacterium;s__Oribacterium sp000160135	kSGB_7282	k__Bacteria|p__Firmicutes|c__Clostridia|o__Clostridiales|f__Lachnospiraceae|g__Oribacterium|s__Oribacterium_sp_oral_taxon_078|t__SGB7282	1920325	56.1000	37	80090	87.8000	250.8649	0.9989	o__Clostridiales (UID1226)	87.2600	0.0000	0.0000	90.3900	0.0200	kingdom	0.0000	0.0000	0.0003
CMC035.B-metaspades_067	binsB	True	False	True	True	d__Bacteria;p__Patescibacteria;c__Saccharimonadia;o__Saccharimonadales;f__;g__;s__	uSGB_19821	k__Bacteria|p__Candidatus_Saccharibacteria|c__Candidatus_Saccharibacteria_unclassified|o__Candidatus_Saccharibacteria_unclassified|f__Candidatus_Saccharibacteria_unclassified|g__GGB12783|s__GGB12783_SGB19821|t__SGB19821	597638	42.6000	66	12034	91.6000	9.0348	0.9986	k__Bacteria (UID1453)	52.1400	0.8500	0.0000	81.1900	0.0400	family	0.3200	0.0400	0.0001
CMC035.B-metaspades_068	binsB	True	True	True	True	d__Bacteria;p__Actinomycetota;c__Actinomycetia;o__Actinomycetales;f__Actinomycetaceae;g__Pauljensenia;s__Pauljensenia cardiffensis	kSGB_17147	k__Bacteria|p__Actinobacteria|c__Actinobacteria|o__Actinomycetales|f__Actinomycetaceae|g__Schaalia|s__Schaalia_cardiffensis|t__SGB17147	1988689	61.5000	209	11408	86.0100	10.2957	0.9975	f__Actinomycetaceae (UID1531)	93.1700	2.8600	36.3600	88.6600	3.3800	genus	0.2200	0.0300	0.0018
CMC035.B-metaspades_069	binsB	True	False	True	True	d__Bacteria;p__Bacteroidota;c__Bacteroidia;o__Flavobacteriales;f__Flavobacteriaceae;g__Capnocytophaga;s__	kSGB_2502	k__Bacteria|p__Bacteroidetes|c__Flavobacteriia|o__Flavobacteriales|f__Flavobacteriaceae|g__Capnocytophaga|s__Capnocytophaga_sputigena|t__SGB2502	2030845	38.5000	450	5640	92.0700	12.1980	0.9974	p__Bacteroidetes (UID2605)	71.5400	2.0800	66.6700	70.7200	1.6800	kingdom	0.0000	0.0000	0.0016
CMC035.B-metaspades_071	binsBC	True	False	True	True	d__Bacteria;p__Actinomycetota;c__Coriobacteriia;o__Coriobacteriales;f__Eggerthellaceae;g__Slackia;s__Slackia exigua	kSGB_14784	k__Bacteria|p__Actinobacteria|c__Coriobacteriia|o__Eggerthellales|f__Eggerthellaceae|g__Slackia|s__Slackia_exigua|t__SGB14784	1111910	63.2000	379	3171	90.1100	6.6596	0.9938	p__Actinobacteria (UID2112)	60.4600	1.8100	66.6700	55.4600	2.5400	kingdom	0.0000	0.0000	0.0029
CMC035.B-metaspades_072	binsC	True	True	True	True	d__Bacteria;p__Bacteroidota;c__Bacteroidia;o__Bacteroidales;f__Bacteroidaceae;g__Prevotella;s__Prevotella koreensis	kSGB_1580	k__Bacteria|p__Bacteroidetes|c__Bacteroidia|o__Bacteroidales|f__Prevotellaceae|g__Prevotella|s__Prevotella_sp_KCOM_3155|t__SGB1580	2099938	44.6000	316	8258	89.2200	13.4443	0.9982	o__Bacteroidales (UID2716)	91.3000	0.9500	75.0000	87.0500	0.8200	genus	0.2500	0.0400	0.0018
CMC035.B-metaspades_073	binsAC	True	True	True	True	d__Bacteria;p__Bacillota_A;c__Clostridia;o__Peptostreptococcales;f__Anaerovoracaceae;g__RGIG7111;s__	kSGB_6631	k__Bacteria|p__Firmicutes|c__Clostridia|o__Clostridiales|f__Lachnospiraceae|g__Johnsonella|s__Johnsonella_ignava|t__SGB6631	1450339	42.4000	26	104548	87.4200	201.2692	1.0000	o__Clostridiales (UID1120)	92.2000	0.7100	100.0000	96.5300	0.5200	class	0.0700	0.0800	0.0001
CMC035.B-metaspades_074	binsAB	True	False	True	False	d__Bacteria;p__Actinomycetota;c__Coriobacteriia;o__Coriobacteriales;f__Atopobiaceae;g__Olsenella_F;s__Olsenella_F sp001189515	kSGB_14348	k__Bacteria|p__Actinobacteria|c__Coriobacteriia|o__Coriobacteriales|f__Atopobiaceae|g__Olsenella|s__Olsenella_sp_oral_taxon_807|t__SGB14348	887714	61.8000	181	5704	87.4800	209.6508	0.9995	p__Actinobacteria (UID2112)	51.2800	0.0000	0.0000	44.7800	0.1300	kingdom	0.0000	0.0000	0.0050
CMC035.B-metaspades_075	binsA	True	True	True	True	d__Bacteria;p__Bacteroidota;c__Bacteroidia;o__Bacteroidales;f__Porphyromonadaceae;g__Porphyromonas;s__Porphyromonas sp905372525	uSGB_2038	k__Bacteria|p__Bacteroidetes|c__Bacteroidia|o__Bacteroidales|f__Porphyromonadaceae|g__GGB1472|s__GGB1472_SGB2038|t__SGB2038	2313343	55.8000	28	162127	84.9800	43.1857	0.9998	f__Porphyromonadaceae (UID2622)	94.1200	0.0000	0.0000	93.4200	0.0200	genus	0.2200	0.0300	0.0003
CMC035.B-metaspades_076	binsB	True	False	True	True	d__Bacteria;p__Bacillota_A;c__Clostridia;o__Lachnospirales;f__Lachnospiraceae;g__CAKAHY01;s__	uSGB_4477	k__Bacteria|p__Firmicutes|c__CFGB1396|o__OFGB1396|f__FGB1396|g__GGB3389|s__GGB3389_SGB4477|t__SGB4477	1731875	39.4000	209	11444	93.5300	11.2105	0.9993	o__Clostridiales (UID1226)	82.4800	0.6400	100.0000	75.3700	0.2400	genus	0.1600	0.7500	0.0001
CMC035.B-metaspades_077	binsC	True	False	True	True	d__Bacteria;p__Synergistota;c__Synergistia;o__Synergistales;f__Synergistaceae;g__;s__	uSGB_26545	k__Bacteria|p__Synergistetes|c__CFGB6188|o__OFGB6188|f__FGB6188|g__GGB17919|s__GGB17919_SGB26545|t__SGB26545	1226557	57.7000	359	4245	90.9000	5.3928	0.9964	k__Bacteria (UID209)	76.4300	0.3100	50.0000	57.2300	1.9400	phylum	0.1400	0.1200	0.0001
CMC035.B-metaspades_078	binsC	True	False	True	True	d__Bacteria;p__Bacillota_A;c__Clostridia;o__Lachnospirales;f__Lachnospiraceae;g__Stomatobaculum;s__	kSGB_5268	k__Bacteria|p__Fusobacteria|c__Fusobacteriia|o__Fusobacteriales|f__Fusobacteriaceae|g__Fusobacterium|s__Fusobacterium_naviforme|t__SGB5268	1824653	54.9000	582	3689	89.0200	4.7958	0.9871	o__Clostridiales (UID1226)	87.1600	1.9000	33.3300	76.3000	1.4600	genus	0.2900	0.3900	0.0005
CMC035.B-metaspades_079	binsA	True	True	True	True	d__Bacteria;p__Bacillota_A;c__Clostridia;o__Saccharofermentanales;f__Fastidiosipilaceae;g__JAAYOA01;s__	uSGB_53709	k__Bacteria|p__Cyanobacteria|c__Cyanobacteria_unclassified|o__Synechococcales|f__Prochloraceae|g__GGB38134|s__GGB38134_SGB53709|t__SGB53709	2194747	56.6000	49	63623	90.1800	14.7020	0.9994	o__Clostridiales (UID1120)	98.5800	0.7100	0.0000	92.4700	1.2900	genus	0.0900	0.6400	0.0000
CMC035.B-metaspades_080	binsAC	True	True	True	True	d__Bacteria;p__Pseudomonadota;c__Gammaproteobacteria;o__Burkholderiales;f__Burkholderiaceae_A;g__Lautropia;s__Lautropia mirabilis	kSGB_13165	k__Bacteria|p__Proteobacteria|c__Betaproteobacteria|o__Burkholderiales|f__Burkholderiaceae|g__Lautropia|s__Lautropia_mirabilis|t__SGB13165	3142135	65.5000	79	55750	87.4700	32.5519	0.9992	p__Proteobacteria (UID3887)	97.4300	0.7700	100.0000	98.6200	0.0800	class	0.1600	0.0200	0.0002
CMC035.B-metaspades_081	binsBC	True	True	True	True	d__Bacteria;p__Bacillota_C;c__Negativicutes;o__Veillonellales;f__Megasphaeraceae;g__Anaeroglobus;s__Anaeroglobus geminatus	kSGB_5870	k__Bacteria|p__Firmicutes|c__Negativicutes|o__Veillonellales|f__Veillonellaceae|g__Anaeroglobus|s__Anaeroglobus_geminatus|t__SGB5870	1612015	49.2000	64	33609	89.8200	55.4234	0.9995	o__Selenomonadales (UID1024)	98.6000	0.0700	0.0000	89.2800	0.0600	genus	0.0100	0.1700	0.0017
CMC035.B-metaspades_082	binsC	True	False	True	True	d__Bacteria;p__Bacteroidota;c__Bacteroidia;o__Bacteroidales;f__UBA932;g__Cryptobacteroides;s__	uSGB_2191	k__Bacteria|p__Bacteroidetes|c__CFGB648|o__OFGB648|f__FGB648|g__GGB1596|s__GGB1596_SGB2191|t__SGB2191	1673211	55.2000	552	3612	93.8900	4.9763	0.9967	p__Bacteroidetes (UID2605)	77.8300	1.8100	42.8600	68.3900	6.0300	family	0.2900	0.2300	0.0001
CMC035.B-metaspades_083	binsAC	True	False	True	True	d__Bacteria;p__Bacteroidota;c__Bacteroidia;o__Flavobacteriales;f__Flavobacteriaceae;g__Capnocytophaga;s__Capnocytophaga leadbetteri	kSGB_2495	k__Bacteria|p__Bacteroidetes|c__Flavobacteriia|o__Flavobacteriales|f__Flavobacteriaceae|g__Capnocytophaga|s__Capnocytophaga_leadbetteri|t__SGB2495	2181614	40.7000	226	12317	91.7100	20.8540	0.9991	p__Bacteroidetes (UID2605)	87.2400	1.9000	25.0000	85.4800	2.6700	kingdom	0.0000	0.0000	0.0016
CMC035.B-metaspades_084	binsAC	True	True	True	True	d__Bacteria;p__Bacillota_A;c__Clostridia;o__Peptostreptococcales;f__Anaerovoracaceae;g__Hornefia;s__Hornefia minuta	kSGB_3932	k__Bacteria|p__Firmicutes|c__Clostridia|o__Clostridiales|f__Clostridiales_Family_XIII_Incertae_Sedis|g__Clostridiales_Family_XIII_Incertae_Sedis_unclassified|s__Eubacterium_minutum|t__SGB3932	1736113	46.0000	29	89875	88.9000	107.2793	1.0000	o__Clostridiales (UID1120)	96.8100	0.3500	0.0000	95.6700	0.0500	genus	0.0900	0.2400	0.0002
CMC035.B-metaspades_085	binsBC	True	True	True	True	d__Bacteria;p__Pseudomonadota;c__Gammaproteobacteria;o__Cardiobacteriales;f__Cardiobacteriaceae;g__Cardiobacterium;s__Cardiobacterium hominis	kSGB_9418	k__Bacteria|p__Proteobacteria|c__Gammaproteobacteria|o__Cardiobacteriales|f__Cardiobacteriaceae|g__Cardiobacterium|s__Cardiobacterium_hominis|t__SGB9418	2236025	59.8000	83	33986	89.8000	16.8169	0.9993	c__Gammaproteobacteria (UID4201)	94.3300	0.0000	0.0000	91.9300	0.1800	class	0.1500	0.0400	0.0002
CMC035.B-metaspades_086	binsB	False	False	True	True	d__Bacteria;p__Bacillota_A;c__Clostridia;o__Lachnospirales;f__Lachnospiraceae;g__Lachnoanaerobaculum;s__Lachnoanaerobaculum saburreum	kSGB_4481	k__Bacteria|p__Firmicutes|c__Clostridia|o__Clostridiales|f__Lachnospiraceae|g__Lachnoanaerobaculum|s__Lachnoanaerobaculum_saburreum|t__SGB4481	851746	37.8000	320	2823	95.4300	6.5075	0.9963	o__Clostridiales (UID1226)	48.7800	0.0000	0.0000	44.0300	0.7100	genus	0.2500	0.0900	0.0016
CMC035.B-metaspades_087	binsBC	True	False	True	True	d__Bacteria;p__Synergistota;c__Synergistia;o__Synergistales;f__Dethiosulfovibrionaceae;g__Pyramidobacter;s__Pyramidobacter piscolens	kSGB_15497	k__Bacteria|p__Synergistetes|c__Synergistia|o__Synergistales|f__Synergistaceae|g__Pyramidobacter|s__Pyramidobacter_piscolens|t__SGB15497	1919057	60.7000	300	8302	87.9200	10.9000	0.9979	k__Bacteria (UID209)	86.4400	0.0000	0.0000	81.8200	2.9900	kingdom	0.0000	0.0000	0.0016
CMC035.B-metaspades_088	binsC	True	False	True	True	d__Bacteria;p__Bacteroidota;c__Bacteroidia;o__Bacteroidales;f__Porphyromonadaceae;g__Porphyromonas;s__Porphyromonas endodontalis	kSGB_2016	k__Bacteria|p__Bacteroidetes|c__Bacteroidia|o__Bacteroidales|f__Porphyromonadaceae|g__Porphyromonas|s__Porphyromonas_endodontalis|t__SGB2016	902047	48.7000	564	1588	91.2500	4.5782	0.9893	f__Porphyromonadaceae (UID2622)	54.1000	1.3100	41.6700	53.8200	1.4700	kingdom	0.0000	0.0000	0.0038
CMC035.B-metaspades_090	binsAB	True	False	True	False	d__Bacteria;p__Spirochaetota;c__Spirochaetia;o__Treponematales;f__Treponemataceae;g__Treponema_C;s__Treponema_C maltophilum	kSGB_3589	k__Bacteria|p__Spirochaetes|c__Spirochaetia|o__Spirochaetales|f__Spirochaetaceae|g__Treponema|s__Treponema_maltophilum|t__SGB3589	1779944	49.0000	310	6356	91.9400	29.1794	0.9982	f__Spirochaetaceae (UID2535)	81.1200	0.7000	100.0000	84.8000	0.3200	kingdom	0.0000	0.0000	0.0056
CMC035.B-metaspades_091	binsC	True	False	True	True	d__Archaea;p__Methanobacteriota;c__Methanobacteria;o__Methanobacteriales;f__Methanobacteriaceae;g__Methanobrevibacter_A;s__	kSGB_720	k__Archaea|p__Euryarchaeota|c__Methanobacteria|o__Methanobacteriales|f__Methanobacteriaceae|g__Methanobrevibacter|s__Methanobrevibacter_oralis|t__SGB720	1853099	31.1000	388	6092	88.1400	69.5308	0.9991	p__Euryarchaeota (UID3)	88.1300	0.0000	0.0000	90.5300	0.4800	kingdom	0.0000	0.0000	0.0001
CMC035.B-metaspades_092	binsB	True	False	True	True	d__Bacteria;p__Bacillota_A;c__Clostridia;o__Peptostreptococcales;f__Anaerovoracaceae;g__CAJPNN01;s__CAJPNN01 sp905372035	uSGB_3946	k__Bacteria|p__Firmicutes|c__CFGB1207|o__OFGB1207|f__FGB1207|g__GGB2964|s__GGB2964_SGB3946|t__SGB3946	1254495	38.6000	195	8374	91.3600	10.9117	0.9992	o__Clostridiales (UID1120)	87.6400	1.3000	0.0000	91.3800	1.3300	family	0.1700	0.4100	0.0001
CMC035.B-metaspades_093	binsAB	True	False	True	True	d__Bacteria;p__Bacillota_A;c__Clostridia;o__Lachnospirales;f__Lachnospiraceae;g__Butyrivibrio;s__	uSGB_65989	k__Bacteria|p__Firmicutes|c__CFGB19489|o__OFGB19489|f__FGB19489|g__GGB47994|s__GGB47994_SGB65989|t__SGB65989	1209144	42.6000	221	6560	91.6300	7.5590	0.9965	f__Lachnospiraceae (UID1255)	64.3900	0.3800	50.0000	66.7200	0.1900	genus	0.2500	0.3200	0.0003
CMC035.B-metaspades_094	binsC	True	False	True	True	d__Bacteria;p__Bacillota_A;c__Clostridia;o__Lachnospirales;f__Lachnospiraceae;g__F0428;s__	uSGB_4476	k__Bacteria|p__Firmicutes|c__CFGB1395|o__OFGB1395|f__FGB1395|g__GGB3388|s__GGB3388_SGB4476|t__SGB4476	1555581	32.8000	545	3366	93.3700	7.6804	0.9980	o__Clostridiales (UID1226)	76.5100	0.2100	0.0000	82.4000	0.8500	family	0.1400	0.2400	0.0001
CMC035.B-metaspades_095	binsAC	True	True	True	True	d__Bacteria;p__Actinomycetota;c__Actinomycetia;o__Actinomycetales;f__Micrococcaceae;g__Rothia;s__Rothia dentocariosa	kSGB_16988	k__Bacteria|p__Actinobacteria|c__Actinobacteria|o__Micrococcales|f__Micrococcaceae|g__Rothia|s__Rothia_dentocariosa|t__SGB16988	2155432	53.8000	173	20371	84.2200	68.3717	0.9978	o__Actinomycetales (UID1530)	94.3500	0.0000	0.0000	94.5300	0.2400	kingdom	0.0000	0.0000	0.0032
CMC035.B-metaspades_096	binsBC	True	True	True	True	d__Bacteria;p__Bacillota_A;c__Clostridia;o__Lachnospirales;f__Lachnospiraceae;g__Catonella;s__Catonella morbi	kSGB_4503	k__Bacteria|p__Firmicutes|c__Clostridia|o__Clostridiales|f__Lachnospiraceae|g__Catonella|s__Catonella_morbi|t__SGB4503	2593404	37.7000	336	9709	90.3700	12.7833	0.9989	o__Clostridiales (UID1212)	90.4500	1.6800	33.3300	81.8500	0.5100	kingdom	0.0000	0.0000	0.0006
CMC035.B-metaspades_097	binsAC	True	True	True	True	d__Bacteria;p__Pseudomonadota;c__Gammaproteobacteria;o__Cardiobacteriales;f__Cardiobacteriaceae;g__Cardiobacterium;s__Cardiobacterium sp916618745	uSGB_9415	k__Bacteria|p__Proteobacteria|c__Gammaproteobacteria|o__Cardiobacteriales|f__Cardiobacteriaceae|g__Cardiobacterium|s__Cardiobacterium_SGB9415|t__SGB9415	2537574	58.3000	39	102385	88.3200	71.3410	0.9996	c__Gammaproteobacteria (UID4201)	96.0900	0.0000	0.0000	87.0800	0.0500	class	0.0400	0.0600	0.0001
CMC035.B-metaspades_098	binsC	True	False	True	True	d__Bacteria;p__Actinomycetota;c__Actinomycetia;o__Actinomycetales;f__Actinomycetaceae;g__Actinomyces;s__Actinomyces oricola	kSGB_33758	k__Bacteria|p__Actinobacteria|c__Actinobacteria|o__Actinomycetales|f__Actinomycetaceae|g__Actinomyces|s__Actinomyces_oricola|t__SGB33758	1975922	68.9000	538	4708	88.8000	13.5417	0.9986	f__Actinomycetaceae (UID1531)	78.8100	0.7500	33.3300	77.5700	0.5200	kingdom	0.0000	0.0000	0.0009
CMC035.B-metaspades_099	binsABC	True	True	True	True	d__Bacteria;p__Bacillota_A;c__Clostridia;o__Lachnospirales;f__Lachnospiraceae;g__Johnsonella;s__	uSGB_4474	k__Bacteria|p__Firmicutes|c__CFGB1394|o__OFGB1394|f__FGB1394|g__GGB3386|s__GGB3386_SGB4474|t__SGB4474	1652212	39.4000	197	10945	90.1100	29.7802	0.9991	o__Clostridiales (UID1226)	91.1300	0.9600	0.0000	99.2300	0.0600	kingdom	0.0000	0.0000	0.0011
CMC035.B-metaspades_100	binsB	True	True	True	True	d__Bacteria;p__Actinomycetota;c__Coriobacteriia;o__Coriobacteriales;f__Eggerthellaceae;g__;s__	kSGB_33568	k__Bacteria|p__Actinobacteria|c__Coriobacteriia|o__Eggerthellales|f__Eggerthellaceae|g__Arabia|s__Arabia_massiliensis|t__SGB33568	2506221	62.8000	125	34816	86.8000	25.0992	0.9994	p__Actinobacteria (UID2112)	97.1800	0.8100	0.0000	94.0300	0.5500	genus	0.0700	0.6000	0.0001
CMC035.B-metaspades_101	binsBC	True	False	True	True	d__Bacteria;p__Synergistota;c__Synergistia;o__Synergistales;f__Aminobacteriaceae;g__CAJPSE01;s__	uSGB_17523	k__Bacteria|p__Synergistetes|c__Synergistia|o__Synergistales|f__Synergistaceae|g__GGB10852|s__GGB10852_SGB17523|t__SGB17523	1564041	63.8000	182	11271	87.2500	140.8445	0.9979	k__Bacteria (UID209)	71.6900	1.6900	100.0000	70.6800	0.2800	order	0.3200	0.2100	0.0034
CMC035.B-metaspades_102	binsB	True	False	True	True	d__Bacteria;p__Bacillota_A;c__Clostridia;o__Peptostreptococcales;f__Anaerovoracaceae;g__RUG100;s__	uSGB_37203	k__Bacteria|p__Firmicutes|c__CFGB8240|o__OFGB8240|f__FGB8240|g__GGB25267|s__GGB25267_SGB37203|t__SGB37203	1233105	43.6000	183	8949	91.3300	8.3044	0.9978	k__Bacteria (UID203)	74.4800	1.7200	100.0000	85.2600	2.2900	family	0.0700	0.6300	0.0006
CMC035.B-metaspades_103	binsABC	True	True	True	True	d__Bacteria;p__Bacillota_A;c__Clostridia;o__Peptostreptococcales;f__Anaerovoracaceae;g__Eubacterium_B;s__	kSGB_3936	k__Bacteria|p__Firmicutes|c__Clostridia|o__Clostridiales|f__Clostridiales_Family_XIII_Incertae_Sedis|g__Clostridiales_Family_XIII_Incertae_Sedis_unclassified|s__Eubacterium_infirmum|t__SGB3936	1607154	49.5000	34	81655	90.6900	34.7794	0.9994	o__Clostridiales (UID1120)	93.2600	0.0000	0.0000	81.8800	0.6700	family	0.1000	0.3600	0.0007
CMC035.B-metaspades_104	binsB	False	False	True	True	d__Bacteria;p__Bacillota_A;c__Clostridia;o__Peptostreptococcales;f__Anaerovoracaceae;g__Gallibacter;s__Gallibacter brachus	kSGB_3931	k__Bacteria|p__Firmicutes|c__Clostridia|o__Clostridiales|f__Clostridiales_Family_XIII_Incertae_Sedis|g__Clostridiales_Family_XIII_Incertae_Sedis_unclassified|s__Eubacterium_brachy|t__SGB3931	793801	38.9000	274	3092	89.6800	5.1161	0.9963	k__Bacteria (UID203)	48.7900	0.6900	0.0000	51.5900	1.4200	kingdom	0.0000	0.0000	0.0002
CMC035.B-metaspades_105	binsAC	True	False	True	True	d__Bacteria;p__Patescibacteria;c__Saccharimonadia;o__Saccharimonadales;f__Nanosynbacteraceae;g__Nanosynbacter;s__	uSGB_19908	k__Bacteria|p__Candidatus_Saccharibacteria|c__Candidatus_Saccharibacteria_unclassified|o__Candidatus_Saccharibacteria_unclassified|f__Candidatus_Saccharibacteria_unclassified|g__GGB12798|s__GGB12798_SGB19908|t__SGB19908	875878	47.1000	27	48909	90.9100	77.5222	0.9999	k__Bacteria (UID1453)	62.1100	3.4200	0.0000	92.4100	0.7900	phylum	0.1000	0.1400	0.0002
CMC035.B-metaspades_106	binsAC	True	False	True	False	d__Bacteria;p__Bacteroidota;c__Bacteroidia;o__Bacteroidales;f__Porphyromonadaceae;g__Porphyromonas;s__Porphyromonas pasteri	kSGB_2043	k__Bacteria|p__Bacteroidetes|c__Bacteroidia|o__Bacteroidales|f__Porphyromonadaceae|g__Porphyromonas|s__Porphyromonas_somerae|t__SGB2043	1355329	57.2000	703	2017	89.7300	11.1210	0.9950	f__Porphyromonadaceae (UID2622)	67.9500	2.7500	90.9100	58.1400	2.9200	kingdom	0.0000	0.0000	0.0090
CMC035.B-metaspades_107	binsC	True	False	False	True	d__Bacteria;p__Desulfobacterota;c__Desulfovibrionia;o__Desulfovibrionales;f__Desulfovibrionaceae;g__Desulfovibrio;s__Desulfovibrio sp003860215	kSGB_29646	k__Bacteria|p__Proteobacteria|c__Deltaproteobacteria|o__Desulfovibrionales|f__Desulfovibrionaceae|g__Desulfovibrio|s__Desulfovibrio_sp_OH1186_COT_070|t__SGB29646	1413788	60.8000	754	1916	90.8600	4.1142	0.9946	c__Deltaproteobacteria (UID3218)	66.5700	0.1200	0.0000	58.1300	2.0500	genus	0.6300	0.0400	0.0000
CMC035.B-metaspades_108	binsC	True	True	True	True	d__Bacteria;p__Bacteroidota;c__Bacteroidia;o__Bacteroidales;f__P3;g__RGIG3770;s__	uSGB_35877	k__Bacteria|p__Bacteroidetes|c__CFGB7552|o__OFGB7552|f__FGB7552|g__GGB24086|s__GGB24086_SGB35877|t__SGB35877	2030037	52.5000	348	8127	87.9200	7.5650	0.9972	k__Bacteria (UID2569)	90.7700	0.8100	0.0000	86.9900	0.0400	class	0.0900	0.4400	0.0002
CMC035.B-metaspades_109	binsAC	True	False	True	True	d__Bacteria;p__Bacillota_C;c__Negativicutes;o__Selenomonadales;f__Selenomonadaceae;g__Centipeda;s__Centipeda noxia	kSGB_5884	k__Bacteria|p__Firmicutes|c__Negativicutes|o__Selenomonadales|f__Selenomonadaceae|g__Selenomonas|s__Selenomonas_noxia|t__SGB5884	1668042	56.9000	122	21574	91.3900	177.0648	0.9986	f__Veillonellaceae (UID1033)	86.9400	0.6900	100.0000	83.2100	1.2100	kingdom	0.0000	0.0000	0.0029
CMC035.B-metaspades_110	binsC	True	False	True	True	d__Bacteria;p__Bacillota_A;c__Clostridia;o__Peptostreptococcales;f__Anaerovoracaceae;g__Mogibacterium;s__	kSGB_3924	k__Bacteria|p__Firmicutes|c__Clostridia|o__Clostridiales|f__Clostridiales_Family_XIII_Incertae_Sedis|g__Mogibacterium|s__Mogibacterium_pumilum|t__SGB3924	588654	43.1000	321	1951	92.3100	4.7798	0.9934	o__Clostridiales (UID1120)	53.3300	0.0000	0.0000	41.6100	0.0600	kingdom	0.0000	0.0000	0.0036
CMC040.B-metaspades_001	binsB	True	False	True	False	d__Bacteria;p__Actinomycetota;c__Actinomycetia;o__Actinomycetales;f__Actinomycetaceae;g__Actinomyces;s__Actinomyces johnsonii	kSGB_15887	k__Bacteria|p__Actinobacteria|c__Actinobacteria|o__Actinomycetales|f__Actinomycetaceae|g__Actinomyces|s__Actinomyces_johnsonii|t__SGB15887	3135729	68.7000	690	5958	87.7200	123.5880	1.0000	k__Bacteria (UID203)	51.2600	8.9300	50.0000	68.9600	19.8400	kingdom	0.0000	0.0000	0.0119
CMC040.B-metaspades_002	binsABC	True	False	True	True	d__Bacteria;p__Patescibacteria;c__Saccharimonadia;o__Saccharimonadales;f__UBA10027;g__SDRW01;s__	uSGB_19843	k__Bacteria|p__Candidatus_Saccharibacteria|c__CFGB4355|o__OFGB4355|f__FGB4355|g__GGB12789|s__GGB12789_SGB19843|t__SGB19843	808867	54.2000	27	51313	90.5800	24.2815	0.9996	k__Bacteria (UID1453)	59.4000	2.1400	33.3300	90.6000	0.2500	class	0.1200	0.0900	0.0012
CMC040.B-metaspades_003	binsBC	True	False	True	True	d__Bacteria;p__Actinomycetota;c__Actinomycetia;o__Actinomycetales;f__Actinomycetaceae;g__Actinomyces;s__Actinomyces massiliensis	kSGB_15873	k__Bacteria|p__Actinobacteria|c__Actinobacteria|o__Actinomycetales|f__Actinomycetaceae|g__Actinomyces|s__Actinomyces_massiliensis|t__SGB15873	1816770	67.9000	264	5458	86.1700	59.7871	0.9960	f__Actinomycetaceae (UID1531)	56.7700	1.6300	33.3300	56.5200	1.7900	kingdom	0.0000	0.0000	0.0048
CMC040.B-metaspades_004	binsAC	True	True	True	True	d__Bacteria;p__Actinomycetota;c__Coriobacteriia;o__Coriobacteriales;f__Atopobiaceae;g__Lancefieldella;s__	uSGB_62949	k__Bacteria|p__Actinobacteria|c__Coriobacteriia|o__Coriobacteriales|f__Atopobiaceae|g__Atopobium|s__Atopobium_SGB62949|t__SGB62949	1249686	48.7000	168	9623	89.5700	8.4304	0.9976	p__Actinobacteria (UID2112)	91.6400	2.4200	66.6700	81.9100	0.1400	kingdom	0.0000	0.0000	0.0014
CMC040.B-metaspades_005	binsA	False	False	True	False	d__Bacteria;p__Actinomycetota;c__Actinomycetia;o__Actinomycetales;f__Actinomycetaceae;g__Actinomyces;s__	kSGB_15875	k__Bacteria|p__Actinobacteria|c__Actinobacteria|o__Actinomycetales|f__Actinomycetaceae|g__Actinomyces|s__Actinomyces_israelii|t__SGB15875	1160032	71.1000	626	1895	88.5600	19.6905	0.9975	k__Bacteria (UID203)	23.2600	0.0000	0.0000	29.9400	0.5100	kingdom	0.0000	0.0000	0.0078
CMC040.B-metaspades_006	binsC	True	True	True	True	d__Bacteria;p__Bacteroidota;c__Bacteroidia;o__Bacteroidales;f__Bacteroidaceae;g__Alloprevotella;s__Alloprevotella sp000318095	kSGB_1464	k__Bacteria|p__Bacteroidetes|c__Bacteroidia|o__Bacteroidales|f__Prevotellaceae|g__Alloprevotella|s__Prevotella_sp_oral_taxon_473|t__SGB1464	2489165	46.1000	35	106796	84.9500	48.0800	0.9996	o__Bacteroidales (UID2657)	97.4900	0.7600	0.0000	94.2500	1.7900	genus	0.1000	0.1300	0.0001
CMC040.B-metaspades_007	binsAC	True	False	True	True	d__Bacteria;p__Bacteroidota;c__Bacteroidia;o__Bacteroidales;f__Bacteroidaceae;g__Alloprevotella;s__	uSGB_1470	k__Bacteria|p__Bacteroidetes|c__Bacteroidia|o__Bacteroidales|f__Prevotellaceae|g__GGB1144|s__GGB1144_SGB1470|t__SGB1470	1695178	55.7000	146	14095	86.7900	9.8836	0.9985	o__Bacteroidales (UID2657)	79.3400	1.2400	40.0000	72.9400	1.9500	family	0.0700	0.0300	0.0016
CMC040.B-metaspades_008	binsBC	True	False	True	True	d__Bacteria;p__Bacillota_A;c__Clostridia;o__Lachnospirales;f__Lachnospiraceae;g__Johnsonella;s__Johnsonella sp900766185	uSGB_4472	k__Bacteria|p__Firmicutes|c__CFGB1394|o__OFGB1394|f__FGB1394|g__GGB3385|s__GGB3385_SGB4472|t__SGB4472	1300732	37.2000	283	4276	87.3700	51.4746	0.9980	o__Clostridiales (UID1226)	70.1800	0.3200	100.0000	72.7400	0.2400	class	0.2900	0.0300	0.0036
CMC040.B-metaspades_009	binsAC	True	False	True	True	d__Bacteria;p__Bacteroidota;c__Bacteroidia;o__Bacteroidales;f__Paludibacteraceae;g__F0058;s__F0058 sp000163695	kSGB_1341	k__Bacteria|p__Bacteroidetes|c__Bacteroidetes_unclassified|o__Bacteroidetes_unclassified|f__Bacteroidetes_unclassified|g__Bacteroidetes_unclassified|s__Bacteroidetes_oral_taxon_274|t__SGB1341	1133443	43.2000	455	2654	87.8000	14.9513	0.9971	k__Bacteria (UID2569)	55.5700	3.4900	87.5000	53.7300	1.9800	order	0.3800	0.0300	0.0041
CMC040.B-metaspades_010	binsC	True	False	True	True	d__Bacteria;p__Pseudomonadota;c__Gammaproteobacteria;o__Cardiobacteriales;f__Cardiobacteriaceae;g__Cardiobacterium;s__Cardiobacterium hominis	kSGB_9418	k__Bacteria|p__Proteobacteria|c__Gammaproteobacteria|o__Cardiobacteriales|f__Cardiobacteriaceae|g__Cardiobacterium|s__Cardiobacterium_hominis|t__SGB9418	2018556	59.8000	406	8549	89.5100	133.2185	0.9994	c__Gammaproteobacteria (UID4201)	81.3600	2.7500	71.4300	85.1300	1.4300	class	0.1700	0.0300	0.0027
CMC040.B-metaspades_011	binsAC	True	False	True	False	d__Bacteria;p__Actinomycetota;c__Actinomycetia;o__Actinomycetales;f__Micrococcaceae;g__Rothia;s__Rothia aeria	kSGB_16987	k__Bacteria|p__Actinobacteria|c__Actinobacteria|o__Micrococcales|f__Micrococcaceae|g__Rothia|s__Rothia_aeria|t__SGB16987	1585237	58.1000	575	2840	85.8700	15.1997	0.9968	o__Actinomycetales (UID1530)	63.4500	5.4100	85.7100	56.5700	1.2600	kingdom	0.0000	0.0000	0.0052
CMC040.B-metaspades_012	binsC	True	True	True	True	d__Bacteria;p__Bacillota_A;c__Clostridia;o__Lachnospirales;f__Lachnospiraceae;g__F0428;s__F0428 sp003043955	kSGB_4479	k__Bacteria|p__Firmicutes|c__Clostridia|o__Clostridiales|f__Lachnospiraceae|g__Lachnospiraceae_unclassified|s__Lachnospiraceae_bacterium_oral_taxon_096|t__SGB4479	1848459	39.9000	92	28899	92.5000	62.7424	0.9998	o__Clostridiales (UID1226)	95.8900	0.0000	0.0000	99.1900	0.1500	class	0.1500	0.0300	0.0001
CMC040.B-metaspades_013	binsABC	True	False	True	True	d__Bacteria;p__Pseudomonadota;c__Gammaproteobacteria;o__Burkholderiales;f__Burkholderiaceae_A;g__Lautropia;s__Lautropia dentalis	kSGB_13164	k__Bacteria|p__Proteobacteria|c__Betaproteobacteria|o__Burkholderiales|f__Burkholderiaceae|g__Lautropia|s__Lautropia_sp_KCOM_2505|t__SGB13164	3007022	65.7000	290	8843	83.1700	53.2234	0.9961	p__Proteobacteria (UID3887)	85.1000	1.9100	57.1400	82.1600	1.6500	family	0.2600	0.0600	0.0023
CMC040.B-metaspades_014	binsAC	True	True	True	True	d__Bacteria;p__Actinomycetota;c__Coriobacteriia;o__Coriobacteriales;f__Atopobiaceae;g__Olsenella_F;s__Olsenella_F sp001189515	kSGB_14348	k__Bacteria|p__Actinobacteria|c__Coriobacteriia|o__Coriobacteriales|f__Atopobiaceae|g__Olsenella|s__Olsenella_sp_oral_taxon_807|t__SGB14348	2798290	61.1000	121	34217	83.2700	15.9645	0.9992	p__Actinobacteria (UID2112)	98.5900	0.8100	0.0000	96.1200	1.3600	family	0.2100	0.0200	0.0004
CMC040.B-metaspades_016	binsAC	False	False	True	True	d__Bacteria;p__Bacillota_B;c__Peptococcia;o__Peptococcales;f__Peptococcaceae;g__;s__	uSGB_4061	k__Bacteria|p__Firmicutes|c__CFGB1261|o__OFGB1261|f__FGB1261|g__GGB3059|s__GGB3059_SGB4061|t__SGB4061	404606	39.8000	37	19263	91.0800	20.3730	0.9991	c__Clostridia (UID1085)	19.5100	0.0000	0.0000	18.8200	0.0000	order	0.1600	0.0900	0.0013
CMC040.B-metaspades_017	binsABC	True	False	True	True	d__Bacteria;p__Bacillota;c__Bacilli;o__Lactobacillales;f__Streptococcaceae;g__Streptococcus;s__	kSGB_8102	k__Bacteria|p__Firmicutes|c__Bacilli|o__Lactobacillales|f__Streptococcaceae|g__Streptococcus|s__Streptococcus_oralis|t__SGB8102	1485357	41.6000	83	25938	89.7300	77.6892	0.9999	k__Bacteria (UID203)	56.8200	7.7600	83.3300	62.4400	10.4500	kingdom	0.0000	0.0000	0.0008
CMC040.B-metaspades_018	binsA	True	True	True	True	d__Bacteria;p__Bacteroidota;c__Bacteroidia;o__Bacteroidales;f__Porphyromonadaceae;g__Porphyromonas;s__Porphyromonas sp000467855	kSGB_2041	k__Bacteria|p__Bacteroidetes|c__Bacteroidia|o__Bacteroidales|f__Porphyromonadaceae|g__Porphyromonas|s__Porphyromonas_sp_oral_taxon_278|t__SGB2041	2133044	55.7000	35	119955	86.2300	364.0057	1.0000	f__Porphyromonadaceae (UID2622)	98.5300	0.1600	0.0000	99.3700	0.0500	kingdom	0.0000	0.0000	0.0002
CMC040.B-metaspades_019	binsAC	True	False	True	False	d__Bacteria;p__Bacteroidota;c__Bacteroidia;o__Bacteroidales;f__Porphyromonadaceae;g__Porphyromonas;s__Porphyromonas sp905372565	uSGB_2039	k__Bacteria|p__Bacteroidetes|c__Bacteroidia|o__Bacteroidales|f__Porphyromonadaceae|g__GGB1473|s__GGB1473_SGB2039|t__SGB2039	1310518	53.7000	165	6470	84.9600	202.6061	0.9975	f__Porphyromonadaceae (UID2622)	71.4600	2.1000	91.6700	69.3000	1.2000	family	0.2500	0.0200	0.0056
CMC040.B-metaspades_020	binsB	True	False	True	False	d__Bacteria;p__Actinomycetota;c__Actinomycetia;o__Actinomycetales;f__Actinomycetaceae;g__Peptidiphaga;s__Peptidiphaga sp905373325	uSGB_15895	k__Bacteria|p__Actinobacteria|c__Actinobacteria|o__Actinomycetales|f__Actinomycetaceae|g__Actinomyces|s__Actinomyces_SGB15895|t__SGB15895	1122328	65.6000	232	4359	87.9200	525.1789	0.9983	p__Actinobacteria (UID1454)	52.2400	2.5000	100.0000	45.6500	1.3300	genus	0.0400	0.0200	0.0086
CMC040.B-metaspades_021	binsABC	True	False	True	False	d__Bacteria;p__Patescibacteria;c__Saccharimonadia;o__Saccharimonadales;f__UBA10027;g__SDRW01;s__SDRW01 sp007845485	uSGB_19880	k__Bacteria|p__Candidatus_Saccharibacteria|c__Candidatus_Saccharibacteria_unclassified|o__Candidatus_Saccharibacteria_unclassified|f__Candidatus_Saccharibacteria_unclassified|g__GGB12793|s__GGB12793_SGB19880|t__SGB19880	534736	37.0000	61	7814	89.5200	40.4246	0.9984	k__Bacteria (UID1452)	52.6200	0.9300	0.0000	75.9200	0.0000	class	0.1800	0.0400	0.0051
CMC040.B-metaspades_022	binsAC	True	True	True	True	d__Bacteria;p__Bacteroidota;c__Bacteroidia;o__Bacteroidales;f__Bacteroidaceae;g__Alloprevotella;s__Alloprevotella sp003639005	uSGB_1467	k__Bacteria|p__Bacteroidetes|c__Bacteroidia|o__Bacteroidales|f__Prevotellaceae|g__GGB1143|s__GGB1143_SGB1467|t__SGB1467	2190078	54.2000	34	81248	87.4300	17.4500	0.9998	o__Bacteroidales (UID2657)	96.3300	0.3800	50.0000	90.4300	1.6000	family	0.0300	0.0500	0.0000
CMC040.B-metaspades_023	binsC	True	True	True	True	d__Bacteria;p__Bacillota_C;c__Negativicutes;o__Selenomonadales;f__Selenomonadaceae;g__AWVT01;s__AWVT01 sp916439735	uSGB_5895	k__Bacteria|p__Firmicutes|c__Negativicutes|o__Selenomonadales|f__Selenomonadaceae|g__GGB4308|s__GGB4308_SGB5895|t__SGB5895	1698832	51.3000	63	39956	90.7800	30.5810	0.9993	f__Veillonellaceae (UID1032)	98.2100	0.2900	20.0000	98.7400	1.8500	family	0.4200	0.0300	0.0011
CMC040.B-metaspades_024	binsAC	True	False	True	True	d__Bacteria;p__Bacillota_C;c__Negativicutes;o__Selenomonadales;f__Selenomonadaceae;g__Centipeda;s__Centipeda noxia	kSGB_5884	k__Bacteria|p__Firmicutes|c__Negativicutes|o__Selenomonadales|f__Selenomonadaceae|g__Selenomonas|s__Selenomonas_noxia|t__SGB5884	1671001	57.0000	47	74562	91.4500	116.1362	0.9999	f__Veillonellaceae (UID1033)	72.4100	0.0000	0.0000	79.1800	0.5200	kingdom	0.0000	0.0000	0.0003
CMC040.B-metaspades_025	binsBC	True	False	True	True	d__Bacteria;p__Campylobacterota;c__Campylobacteria;o__Campylobacterales;f__Campylobacteraceae;g__Campylobacter_A;s__	uSGB_19323	k__Bacteria|p__Proteobacteria|c__Epsilonproteobacteria|o__Campylobacterales|f__Campylobacteraceae|g__Campylobacter|s__Campylobacter_SGB19323|t__SGB19323	1093325	46.9000	338	3354	88.3900	25.0299	0.9985	c__Epsilonproteobacteria (UID3065)	58.6800	2.4200	88.8900	51.6000	4.8300	kingdom	0.0000	0.0000	0.0042
CMC040.B-metaspades_026	binsAB	True	True	True	True	d__Bacteria;p__Bacteroidota;c__Bacteroidia;o__Bacteroidales;f__Porphyromonadaceae;g__Porphyromonas;s__Porphyromonas catoniae	kSGB_2036	k__Bacteria|p__Bacteroidetes|c__Bacteroidia|o__Bacteroidales|f__Porphyromonadaceae|g__Porphyromonas|s__Porphyromonas_catoniae|t__SGB2036	1803041	50.9000	75	52566	86.1700	85.5320	0.9996	f__Porphyromonadaceae (UID2622)	90.0600	0.6300	100.0000	88.9100	0.0600	kingdom	0.0000	0.0000	0.0013
CMC040.B-metaspades_027	binsB	True	True	True	True	d__Bacteria;p__Actinomycetota;c__Actinomycetia;o__Mycobacteriales;f__Mycobacteriaceae;g__Corynebacterium;s__Corynebacterium durum	kSGB_17008	k__Bacteria|p__Actinobacteria|c__Actinobacteria|o__Corynebacteriales|f__Corynebacteriaceae|g__Corynebacterium|s__Corynebacterium_durum|t__SGB17008	2229621	57.9000	196	10509	89.9400	127.5526	0.9978	o__Actinomycetales (UID1809)	91.8200	0.4500	0.0000	89.7800	0.5000	kingdom	0.0000	0.0000	0.0048
CMC040.B-metaspades_028	binsABC	True	False	True	True	d__Bacteria;p__Bacteroidota;c__Bacteroidia;o__Flavobacteriales;f__Flavobacteriaceae;g__Capnocytophaga;s__Capnocytophaga sp000466425	kSGB_2486	k__Bacteria|p__Bacteroidetes|c__Flavobacteriia|o__Flavobacteriales|f__Flavobacteriaceae|g__Capnocytophaga|s__Capnocytophaga_sp_oral_taxon_863|t__SGB2486	1707847	43.4000	82	31657	90.5800	67.7268	0.9999	p__Bacteroidetes (UID2605)	71.8500	0.2400	0.0000	69.3200	0.1000	kingdom	0.0000	0.0000	0.0004
CMC040.B-metaspades_029	binsC	True	False	False	True	d__Bacteria;p__Spirochaetota;c__Spirochaetia;o__Treponematales;f__Treponemataceae;g__Treponema_D;s__Treponema_D sp014334335	uSGB_3552	k__Bacteria|p__Firmicutes|c__CFGB1003|o__OFGB1003|f__FGB1003|g__GGB2633|s__GGB2633_SGB3552|t__SGB3552	1758575	39.1000	569	3655	93.7200	6.1306	0.9976	f__Spirochaetaceae (UID2535)	80.3200	0.1600	100.0000	75.8100	1.7400	family	0.4900	0.0400	0.0002
CMC040.B-metaspades_030	binsAC	True	False	True	True	d__Bacteria;p__Bacteroidota;c__Bacteroidia;o__Bacteroidales;f__Porphyromonadaceae;g__Porphyromonas;s__Porphyromonas pasteri	kSGB_2043	k__Bacteria|p__Bacteroidetes|c__Bacteroidia|o__Bacteroidales|f__Porphyromonadaceae|g__Porphyromonas|s__Porphyromonas_somerae|t__SGB2043	2103845	56.0000	78	48156	85.9700	59.6744	0.9997	k__Bacteria (UID203)	83.0900	0.0000	0.0000	94.1800	0.1700	kingdom	0.0000	0.0000	0.0019
CMC040.B-metaspades_031	binsB	False	False	True	True	d__Bacteria;p__Patescibacteria;c__Saccharimonadia;o__Saccharimonadales;f__Nanosyncoccaceae;g__Nanosyncoccus;s__Nanosyncoccus sp905372495	uSGB_19792	k__Bacteria|p__Candidatus_Saccharibacteria|c__CFGB4342|o__OFGB4342|f__FGB4342|g__GGB12762|s__GGB12762_SGB19792|t__SGB19792	500635	40.5000	86	6693	90.7800	7.1860	0.9990	k__Bacteria (UID1453)	48.7600	0.0000	0.0000	71.1900	0.1400	family	0.3000	0.0700	0.0002
CMC040.B-metaspades_032	binsAC	True	False	True	True	d__Bacteria;p__Bacillota_C;c__Negativicutes;o__Selenomonadales;f__Selenomonadaceae;g__Centipeda;s__	uSGB_5876	k__Bacteria|p__Firmicutes|c__Negativicutes|o__Selenomonadales|f__Selenomonadaceae|g__GGB4303|s__GGB4303_SGB5876|t__SGB5876	1133580	50.1000	33	64448	91.6500	27.5121	0.9999	k__Bacteria (UID203)	53.4500	0.0000	0.0000	45.6500	0.2200	order	0.2300	0.0400	0.0004
CMC040.B-metaspades_033	binsAC	True	False	True	False	d__Bacteria;p__Spirochaetota;c__Spirochaetia;o__Treponematales;f__Treponemataceae;g__Treponema_C;s__Treponema_C maltophilum	kSGB_3589	k__Bacteria|p__Spirochaetes|c__Spirochaetia|o__Spirochaetales|f__Spirochaetaceae|g__Treponema|s__Treponema_maltophilum|t__SGB3589	1776113	49.5000	591	3485	93.8100	9.6074	0.9956	f__Spirochaetaceae (UID2535)	85.8600	1.4200	100.0000	85.9700	2.9000	kingdom	0.0000	0.0000	0.0053
CMC040.B-metaspades_034	binsAB	True	False	True	True	d__Bacteria;p__Actinomycetota;c__Actinomycetia;o__Actinomycetales;f__Actinomycetaceae;g__Actinomyces;s__Actinomyces sp000195595	kSGB_15886	k__Bacteria|p__Actinobacteria|c__Actinobacteria|o__Actinomycetales|f__Actinomycetaceae|g__Actinomyces|s__Actinomyces_sp_oral_taxon_170|t__SGB15886	1505957	69.2000	274	7190	88.8700	217.8299	0.9997	k__Bacteria (UID203)	52.6300	1.7500	100.0000	46.9400	1.3100	kingdom	0.0000	0.0000	0.0043
CMC040.B-metaspades_035	binsB	True	False	True	True	d__Bacteria;p__Bacteroidota;c__Bacteroidia;o__Bacteroidales;f__Bacteroidaceae;g__Prevotella;s__Prevotella saccharolytica	kSGB_1454	k__Bacteria|p__Bacteroidetes|c__Bacteroidia|o__Bacteroidales|f__Prevotellaceae|g__Prevotella|s__Prevotella_saccharolytica|t__SGB1454	2009309	43.4000	228	7126	84.3300	41.1917	0.9967	g__Prevotella (UID2724)	80.2600	0.2500	66.6700	76.6000	1.3400	kingdom	0.0000	0.0000	0.0041
CMC040.B-metaspades_036	binsAC	True	False	True	True	d__Bacteria;p__Bacillota;c__Bacilli;o__Lactobacillales;f__Aerococcaceae;g__Abiotrophia;s__Abiotrophia defectiva	kSGB_8235	k__Bacteria|p__Firmicutes|c__Bacilli|o__Lactobacillales|f__Aerococcaceae|g__Abiotrophia|s__Abiotrophia_defectiva|t__SGB8235	1183257	47.8000	590	2140	90.7700	7.1065	0.9919	k__Bacteria (UID203)	60.3400	5.1700	100.0000	58.8900	7.2000	kingdom	0.0000	0.0000	0.0043
CMC040.B-metaspades_037	binsABC	True	False	True	True	d__Bacteria;p__Patescibacteria;c__Saccharimonadia;o__Saccharimonadales;f__Nanoperiomorbaceae;g__Nanoperiomorbus;s__	kSGB_19800	k__Bacteria|p__Candidatus_Saccharibacteria|c__Candidatus_Saccharibacteria_unclassified|o__Candidatus_Saccharibacteria_unclassified|f__Candidatus_Saccharibacteria_unclassified|g__Candidatus_Saccharibacteria_unclassified|s__Candidatus_Saccharibacteria_bacterium_TM7__EAM_G5_1_HOT_356|t__SGB19800	757732	50.8000	28	41709	89.1400	21.1464	0.9991	k__Bacteria (UID1453)	60.4000	0.8500	0.0000	93.6200	0.3300	class	0.0400	0.1700	0.0005
CMC040.B-metaspades_038	binsAC	True	False	True	True	d__Bacteria;p__Bacillota_C;c__Negativicutes;o__Veillonellales;f__Dialisteraceae;g__Dialister;s__Dialister invisus	uSGB_58528	k__Bacteria|p__Firmicutes|c__CFGB12681|o__OFGB12681|f__FGB12681|g__GGB35869|s__GGB35869_SGB58528|t__SGB58528	875162	46.9000	338	3015	89.2000	5.8228	0.9933	p__Firmicutes (UID1022)	55.5000	0.4100	50.0000	51.6700	0.1300	kingdom	0.0000	0.0000	0.0023
CMC040.B-metaspades_039	binsAC	True	False	True	True	d__Bacteria;p__Patescibacteria;c__JAEDAM01;o__Absconditabacterales;f__Absconditicoccaceae;g__HOT-345;s__HOT-345 sp003260355	kSGB_6893	k__Bacteria|p__Bacteria_unclassified|c__Bacteria_unclassified|o__Bacteria_unclassified|f__Bacteria_unclassified|g__Bacteria_unclassified|s__SR1_bacterium_human_oral_taxon_HOT_345|t__SGB6893	1085688	38.3000	23	49661	84.4500	63.2478	0.9976	k__Bacteria (UID2329)	71.9100	3.3700	0.0000	94.2500	2.3400	class	0.0400	0.0900	0.0001
CMC040.B-metaspades_040	binsBC	True	False	True	True	d__Bacteria;p__Bacillota_A;c__Clostridia;o__Lachnospirales;f__Lachnospiraceae;g__Lachnoanaerobaculum;s__Lachnoanaerobaculum orale	uSGB_4485	k__Bacteria|p__Firmicutes|c__Clostridia|o__Clostridiales|f__Lachnospiraceae|g__Lachnoanaerobaculum|s__Lachnoanaerobaculum_SGB4485|t__SGB4485	1279048	39.2000	286	5041	94.8400	9.2892	0.9981	o__Clostridiales (UID1226)	72.9500	0.6400	100.0000	61.5600	0.5200	genus	0.1900	0.0300	0.0008
CMC040.B-metaspades_041	binsABC	True	False	True	True	d__Bacteria;p__Bacillota;c__Bacilli;o__Lactobacillales;f__Streptococcaceae;g__Streptococcus;s__Streptococcus gordonii	kSGB_8053	k__Bacteria|p__Firmicutes|c__Bacilli|o__Lactobacillales|f__Streptococcaceae|g__Streptococcus|s__Streptococcus_gordonii|t__SGB8053	1226980	41.3000	147	10403	90.0700	13.7231	0.9986	o__Lactobacillales (UID544)	52.5900	4.2700	63.1600	55.9500	3.5900	kingdom	0.0000	0.0000	0.0013
CMC040.B-metaspades_042	binsBC	True	False	True	False	d__Bacteria;p__Actinomycetota;c__Actinomycetia;o__Actinomycetales;f__Micrococcaceae;g__Rothia;s__Rothia dentocariosa	kSGB_16988	k__Bacteria|p__Actinobacteria|c__Actinobacteria|o__Micrococcales|f__Micrococcaceae|g__Rothia|s__Rothia_dentocariosa|t__SGB16988	1485939	54.0000	182	7707	84.2400	107.5176	0.9977	o__Actinomycetales (UID1530)	70.9900	0.6600	100.0000	65.6200	1.4000	kingdom	0.0000	0.0000	0.0054
CMC040.B-metaspades_043	binsB	True	False	True	True	d__Bacteria;p__Bacteroidota;c__Bacteroidia;o__Bacteroidales;f__Bacteroidaceae;g__Prevotella;s__	uSGB_1459	k__Bacteria|p__Bacteroidetes|c__Bacteroidia|o__Bacteroidales|f__Prevotellaceae|g__Prevotella|s__Prevotella_SGB1459|t__SGB1459	2667387	47.6000	253	18999	78.4900	130.9138	0.9984	k__Bacteria (UID203)	65.1300	0.8600	100.0000	72.5700	1.2600	kingdom	0.0000	0.0000	0.0029
CMC040.B-metaspades_044	binsB	True	False	True	True	d__Bacteria;p__Pseudomonadota;c__Gammaproteobacteria;o__Burkholderiales;f__Neisseriaceae;g__Kingella_B;s__Kingella_B oralis	kSGB_9422	k__Bacteria|p__Proteobacteria|c__Betaproteobacteria|o__Neisseriales|f__Neisseriaceae|g__Kingella|s__Kingella_oralis|t__SGB9422	1293890	55.4000	270	5397	82.3200	37.5074	0.9992	k__Bacteria (UID203)	50.8800	5.2600	75.0000	53.3700	6.2600	genus	0.0400	0.0300	0.0022
CMC040.B-metaspades_045	binsBC	True	False	True	True	d__Bacteria;p__Actinomycetota;c__Actinomycetia;o__Mycobacteriales;f__Mycobacteriaceae;g__Corynebacterium;s__Corynebacterium matruchotii	kSGB_17007	k__Bacteria|p__Actinobacteria|c__Actinobacteria|o__Corynebacteriales|f__Corynebacteriaceae|g__Corynebacterium|s__Corynebacterium_matruchotii|t__SGB17007	2499795	57.7000	74	72154	87.1800	1356.2365	0.9995	o__Actinomycetales (UID1812)	88.9200	0.2200	100.0000	92.3600	0.2400	kingdom	0.0000	0.0000	0.0011
CMC040.B-metaspades_046	binsBC	True	False	True	True	d__Bacteria;p__Bacillota_A;c__Clostridia;o__Lachnospirales;f__Lachnospiraceae;g__Lachnoanaerobaculum;s__Lachnoanaerobaculum saburreum	kSGB_4481	k__Bacteria|p__Firmicutes|c__Clostridia|o__Clostridiales|f__Lachnospiraceae|g__Lachnoanaerobaculum|s__Lachnoanaerobaculum_saburreum|t__SGB4481	1338152	37.7000	265	5987	93.6800	15.8585	0.9986	k__Bacteria (UID203)	56.8300	0.0000	0.0000	61.9200	0.1900	genus	0.2100	0.0900	0.0022
CMC040.B-metaspades_047	binsC	True	False	True	True	d__Bacteria;p__Bacteroidota;c__Bacteroidia;o__Bacteroidales;f__Tannerellaceae;g__Tannerella;s__	uSGB_2049	k__Bacteria|p__Bacteroidetes|c__Bacteroidia|o__Bacteroidales|f__Tannerellaceae|g__Tannerella|s__Tannerella_SGB2049|t__SGB2049	2097490	56.3000	304	8286	83.3800	27.7839	0.9982	o__Bacteroidales (UID2621)	79.8500	2.8200	44.4400	76.2400	1.3500	kingdom	0.0000	0.0000	0.0027
CMC040.B-metaspades_048	binsAB	True	False	True	True	d__Bacteria;p__Bacteroidota;c__Bacteroidia;o__Bacteroidales;f__Bacteroidaceae;g__Prevotella;s__Prevotella maculosa	kSGB_1524	k__Bacteria|p__Bacteroidetes|c__Bacteroidia|o__Bacteroidales|f__Prevotellaceae|g__Prevotella|s__Prevotella_maculosa|t__SGB1524	1918142	49.4000	171	13724	87.4900	12.2110	0.9988	g__Prevotella (UID2724)	68.8700	0.6200	33.3300	67.5400	0.0200	kingdom	0.0000	0.0000	0.0015
CMC040.B-metaspades_049	binsAB	True	False	True	True	d__Bacteria;p__Pseudomonadota;c__Gammaproteobacteria;o__Enterobacterales_A;f__Pasteurellaceae;g__Mesocricetibacter;s__Mesocricetibacter sp905373425	uSGB_9728	k__Bacteria|p__Proteobacteria|c__Gammaproteobacteria|o__Pasteurellales|f__Pasteurellaceae|g__GGB6814|s__GGB6814_SGB9728|t__SGB9728	1863686	41.2000	170	11287	86.3000	40.0218	0.9978	f__Pasteurellaceae (UID4932)	84.0500	3.1200	16.0000	82.6500	2.0300	genus	0.0800	0.7800	0.0024
CMC040.B-metaspades_050	binsC	True	False	True	True	d__Bacteria;p__Bacillota_C;c__Negativicutes;o__Selenomonadales;f__Selenomonadaceae;g__CAJPQU01;s__CAJPQU01 sp905372875	uSGB_5873	k__Bacteria|p__Firmicutes|c__CFGB1714|o__OFGB1714|f__FGB1714|g__GGB4300|s__GGB4300_SGB5873|t__SGB5873	1435871	56.0000	569	2833	90.5500	4.9088	0.9937	p__Firmicutes (UID1022)	72.6200	1.9000	25.0000	69.1800	6.2100	class	0.3400	0.0400	0.0013
CMC040.B-metaspades_051	binsAC	True	False	False	True	d__Bacteria;p__Actinomycetota;c__Actinomycetia;o__Actinomycetales;f__Actinomycetaceae;g__Peptidiphaga;s__	uSGB_15893	k__Bacteria|p__Actinobacteria|c__Actinobacteria|o__Actinomycetales|f__Actinomycetaceae|g__Actinomyces|s__Actinomyces_SGB15893|t__SGB15893	1076046	59.9000	46	49482	86.9700	63.6043	0.9994	p__Actinobacteria (UID1454)	51.4100	0.0000	0.0000	44.5200	0.0200	family	0.6100	0.0200	0.0010
CMC040.B-metaspades_052	binsB	True	False	True	True	d__Bacteria;p__Pseudomonadota;c__Gammaproteobacteria;o__Burkholderiales;f__Neisseriaceae;g__Kingella_B;s__	uSGB_9438	k__Bacteria|p__Proteobacteria|c__Betaproteobacteria|o__Neisseriales|f__Neisseriaceae|g__GGB6679|s__GGB6679_SGB9438|t__SGB9438	1615895	56.2000	263	7547	83.8700	33.7217	0.9985	f__Neisseriaceae (UID3890)	71.9900	1.0200	80.0000	71.5000	0.2300	genus	0.1700	0.2800	0.0028
CMC040.B-metaspades_053	binsAC	True	False	True	True	d__Bacteria;p__Bacillota_A;c__Clostridia;o__Lachnospirales;f__Lachnospiraceae;g__Oribacterium;s__	uSGB_5274	k__Bacteria|p__Firmicutes|c__Clostridia|o__Clostridiales|f__Lachnospiraceae|g__Oribacterium|s__Oribacterium_SGB5274|t__SGB5274	1481597	44.8000	651	2590	89.7700	4.5161	0.9951	o__Clostridiales (UID1226)	74.1400	0.8500	50.0000	63.6900	0.4500	kingdom	0.0000	0.0000	0.0001
CMC040.B-metaspades_054	binsBC	True	False	True	True	d__Bacteria;p__Bacteroidota;c__Bacteroidia;o__Bacteroidales;f__Bacteroidaceae;g__Prevotella;s__Prevotella veroralis	kSGB_1541	k__Bacteria|p__Bacteroidetes|c__Bacteroidia|o__Bacteroidales|f__Prevotellaceae|g__Prevotella|s__Prevotella_veroralis|t__SGB1541	2193979	41.7000	103	29271	85.4800	44.8437	0.9997	g__Prevotella (UID2724)	89.2000	0.4200	50.0000	82.1600	0.1600	kingdom	0.0000	0.0000	0.0007
CMC040.B-metaspades_055	binsAC	True	False	True	True	d__Bacteria;p__Bacillota;c__Bacilli;o__Lactobacillales;f__Streptococcaceae;g__Streptococcus;s__Streptococcus cristatus_C	kSGB_8031	k__Bacteria|p__Firmicutes|c__Bacilli|o__Lactobacillales|f__Streptococcaceae|g__Streptococcus|s__Streptococcus_cristatus|t__SGB8031	1484380	42.7000	61	48317	88.3300	106.7820	0.9997	o__Lactobacillales (UID544)	72.1100	2.7100	73.9100	70.2200	2.9300	kingdom	0.0000	0.0000	0.0002
CMC040.B-metaspades_056	binsA	True	False	True	True	d__Bacteria;p__Pseudomonadota;c__Gammaproteobacteria;o__Burkholderiales;f__Neisseriaceae;g__Neisseria;s__Neisseria sp000090875	kSGB_9463	k__Bacteria|p__Proteobacteria|c__Betaproteobacteria|o__Neisseriales|f__Neisseriaceae|g__Neisseria|s__Neisseria_sp_oral_taxon_014|t__SGB9463	1961380	53.8000	251	15128	85.0100	196.1665	0.9998	f__Neisseriaceae (UID3890)	82.3300	1.4700	25.0000	79.6100	1.7100	kingdom	0.0000	0.0000	0.0015
CMC040.B-metaspades_057	binsABC	True	False	True	True	d__Bacteria;p__Actinomycetota;c__Actinomycetia;o__Propionibacteriales;f__Propionibacteriaceae;g__Arachnia;s__	kSGB_15897	k__Bacteria|p__Actinobacteria|c__Actinobacteria|o__Propionibacteriales|f__Propionibacteriaceae|g__Pseudopropionibacterium|s__Pseudopropionibacterium_propionicum|t__SGB15897	2205249	65.2000	211	13098	89.0800	253.4227	0.9998	o__Actinomycetales (UID1697)	68.2700	5.7500	84.2100	67.6300	5.6800	order	0.2500	0.0600	0.0035
CMC040.B-metaspades_058	binsBC	True	False	True	True	d__Bacteria;p__Bacteroidota;c__Bacteroidia;o__Flavobacteriales;f__Flavobacteriaceae;g__Capnocytophaga;s__	uSGB_2488	k__Bacteria|p__Bacteroidetes|c__Flavobacteriia|o__Flavobacteriales|f__Flavobacteriaceae|g__GGB1838|s__GGB1838_SGB2488|t__SGB2488	1871721	41.9000	110	23662	90.4600	35.0464	0.9995	p__Bacteroidetes (UID2605)	83.7000	1.4300	75.0000	81.3600	1.8700	kingdom	0.0000	0.0000	0.0003
CMC040.B-metaspades_059	binsC	True	True	True	True	d__Bacteria;p__Bacteroidota;c__Bacteroidia;o__Bacteroidales;f__CAJPTX01;g__Bacteroides_D;s__	uSGB_1315	k__Bacteria|p__Bacteroidetes|c__CFGB494|o__OFGB494|f__FGB494|g__GGB1022|s__GGB1022_SGB1315|t__SGB1315	2423649	46.5000	31	135127	89.9900	19.9000	0.9992	p__Bacteroidetes (UID2605)	96.1900	0.0000	0.0000	96.7400	0.1700	genus	0.0500	0.2400	0.0001
CMC040.B-metaspades_060	binsA	True	False	True	True	d__Bacteria;p__Bacteroidota;c__Bacteroidia;o__Bacteroidales;f__Paludibacteraceae;g__F0058;s__F0058 sp905372605	uSGB_1343	k__Bacteria|p__Bacteroidetes|c__Bacteroidetes_unclassified|o__Bacteroidetes_unclassified|f__Bacteroidetes_unclassified|g__Bacteroidetes_unclassified|s__Bacteroidetes_unclassified_SGB1343|t__SGB1343	1614541	44.5000	406	4357	87.9100	57.1837	0.9986	k__Bacteria (UID2569)	82.3100	9.1400	88.8900	83.7400	7.2500	family	0.3600	0.0300	0.0044
CMC040.B-metaspades_062	binsBC	True	False	True	True	d__Bacteria;p__Bacteroidota;c__Bacteroidia;o__Bacteroidales;f__Bacteroidaceae;g__Prevotella;s__Prevotella loescheii	kSGB_1457	k__Bacteria|p__Bacteroidetes|c__Bacteroidia|o__Bacteroidales|f__Prevotellaceae|g__Prevotella|s__Prevotella_loescheii|t__SGB1457	2639461	46.8000	172	23038	81.3900	22.4250	0.9995	k__Bacteria (UID203)	67.4000	0.0000	0.0000	76.9200	0.0400	kingdom	0.0000	0.0000	0.0021
CMC040.B-metaspades_063	binsB	True	False	True	True	d__Bacteria;p__Bacteroidota;c__Bacteroidia;o__Flavobacteriales;f__Flavobacteriaceae;g__Capnocytophaga;s__	uSGB_2480	k__Bacteria|p__Bacteroidetes|c__Flavobacteriia|o__Flavobacteriales|f__Flavobacteriaceae|g__Capnocytophaga|s__Capnocytophaga_SGB2480|t__SGB2480	2230184	40.2000	222	14075	89.3500	99.4829	0.9993	p__Bacteroidetes (UID2605)	86.6000	2.1600	90.9100	85.4400	4.4700	kingdom	0.0000	0.0000	0.0024
CMC040.B-metaspades_064	binsC	True	True	True	True	d__Bacteria;p__Bacillota_A;c__Clostridia;o__Peptostreptococcales;f__Peptostreptococcaceae;g__Peptostreptococcus;s__Peptostreptococcus stomatis	kSGB_748	k__Bacteria|p__Firmicutes|c__Clostridia|o__Clostridiales|f__Peptostreptococcaceae|g__Peptostreptococcus|s__Peptostreptococcus_stomatis|t__SGB748	1501753	37.9000	324	6223	89.7300	14.2127	0.9989	o__Clostridiales (UID1120)	94.5800	0.0000	0.0000	97.1000	0.1800	kingdom	0.0000	0.0000	0.0001
CMC040.B-metaspades_065	binsBC	True	True	True	True	d__Bacteria;p__Actinomycetota;c__Actinomycetia;o__Actinomycetales;f__Actinomycetaceae;g__Peptidiphaga;s__Peptidiphaga sp000466165	kSGB_15892	k__Bacteria|p__Actinobacteria|c__Actinobacteria|o__Actinomycetales|f__Actinomycetaceae|g__Actinobaculum|s__Actinobaculum_sp_oral_taxon_183|t__SGB15892	1955323	68.4000	150	11324	86.8900	164.5387	0.9971	p__Actinobacteria (UID1454)	90.2800	0.0000	0.0000	90.6700	0.3400	genus	0.1100	0.0400	0.0021
CMC040.B-metaspades_066	binsC	True	False	False	True	d__Bacteria;p__Bacteroidota;c__Bacteroidia;o__Bacteroidales;f__Bacteroidaceae;g__Alloprevotella;s__Alloprevotella tannerae	kSGB_1411	k__Bacteria|p__Bacteroidetes|c__Bacteroidia|o__Bacteroidales|f__Prevotellaceae|g__Alloprevotella|s__Alloprevotella_tannerae|t__SGB1411	2344105	47.2000	454	4404	79.0400	28.0096	0.9966	o__Bacteroidales (UID2657)	88.4300	7.0500	85.2900	95.1900	8.0700	genus	0.5200	0.0400	0.0039
CMC040.B-metaspades_068	binsABC	True	False	True	True	d__Bacteria;p__Patescibacteria;c__Saccharimonadia;o__Saccharimonadales;f__Nanosynbacteraceae;g__Nanosynbacter;s__	uSGB_19909	k__Bacteria|p__Candidatus_Saccharibacteria|c__Candidatus_Saccharibacteria_unclassified|o__Candidatus_Saccharibacteria_unclassified|f__Candidatus_Saccharibacteria_unclassified|g__GGB12798|s__GGB12798_SGB19909|t__SGB19909	691780	52.4000	22	54214	92.2500	49.0136	1.0000	k__Bacteria (UID1452)	63.2700	0.9300	0.0000	94.7500	0.2200	genus	0.0300	0.0400	0.0013
CMC040.B-metaspades_069	binsC	True	False	True	True	d__Bacteria;p__Bacteroidota;c__Bacteroidia;o__Bacteroidales;f__Bacteroidaceae;g__Prevotella;s__Prevotella pallens	kSGB_1564	k__Bacteria|p__Bacteroidetes|c__Bacteroidia|o__Bacteroidales|f__Prevotellaceae|g__Prevotella|s__Prevotella_pallens|t__SGB1564	1972817	37.5000	350	7091	83.7400	15.3534	0.9993	g__Prevotella (UID2724)	81.5100	0.0800	50.0000	78.7000	0.8700	kingdom	0.0000	0.0000	0.0002
CMC040.B-metaspades_070	binsAC	True	False	True	True	d__Bacteria;p__Bacteroidota;c__Bacteroidia;o__Bacteroidales;f__Porphyromonadaceae;g__Porphyromonas;s__Porphyromonas sp905372525	uSGB_2038	k__Bacteria|p__Bacteroidetes|c__Bacteroidia|o__Bacteroidales|f__Porphyromonadaceae|g__GGB1472|s__GGB1472_SGB2038|t__SGB2038	2075828	56.0000	66	53449	84.3500	34.7409	0.9997	f__Porphyromonadaceae (UID2622)	89.4100	0.0000	0.0000	86.9800	0.0600	kingdom	0.0000	0.0000	0.0004
CMC040.B-metaspades_071	binsBC	True	False	True	True	d__Bacteria;p__Pseudomonadota;c__Gammaproteobacteria;o__Burkholderiales;f__Neisseriaceae;g__Neisseria;s__	uSGB_9457	k__Bacteria|p__Proteobacteria|c__Betaproteobacteria|o__Neisseriales|f__Neisseriaceae|g__Neisseria|s__Neisseria_SGB9457|t__SGB9457	1467356	49.3000	118	19871	86.2100	87.8483	0.9994	k__Bacteria (UID203)	65.5200	3.4500	50.0000	67.0500	4.7900	kingdom	0.0000	0.0000	0.0007
CMC040.B-metaspades_072	binsB	True	False	True	True	d__Bacteria;p__Actinomycetota;c__Actinomycetia;o__Propionibacteriales;f__Propionibacteriaceae;g__Arachnia;s__Arachnia sp905372155	uSGB_15898	k__Bacteria|p__Actinobacteria|c__Actinobacteria|o__Propionibacteriales|f__Propionibacteriaceae|g__Pseudopropionibacterium|s__Pseudopropionibacterium_SGB15898|t__SGB15898	1609660	65.8000	280	7280	89.6200	336.5968	0.9998	o__Actinomycetales (UID1697)	52.7100	0.5200	100.0000	42.2200	0.0900	order	0.3200	0.0700	0.0032
CMC040.B-metaspades_073	binsABC	True	False	True	True	d__Bacteria;p__Campylobacterota;c__Campylobacteria;o__Campylobacterales;f__Campylobacteraceae;g__Campylobacter_A;s__Campylobacter_A concisus_O	kSGB_19339	k__Bacteria|p__Proteobacteria|c__Epsilonproteobacteria|o__Campylobacterales|f__Campylobacteraceae|g__Campylobacter|s__Campylobacter_concisus|t__SGB19339	1215924	37.6000	341	4056	94.1200	20.2891	0.9987	k__Bacteria (UID203)	56.8800	0.8600	100.0000	65.2800	1.1200	kingdom	0.0000	0.0000	0.0039
CMC040.B-metaspades_074	binsBC	True	False	True	True	d__Bacteria;p__Bacillota_A;c__Clostridia;o__Lachnospirales;f__Lachnospiraceae;g__Lachnoanaerobaculum;s__	kSGB_4490	k__Bacteria|p__Firmicutes|c__Clostridia|o__Clostridiales|f__Lachnospiraceae|g__Lachnoanaerobaculum|s__Lachnoanaerobaculum_umeaense|t__SGB4490	1697958	35.6000	289	6687	93.2600	14.7990	0.9992	o__Clostridiales (UID1226)	80.1200	0.0000	0.0000	79.3600	0.0800	genus	0.0400	0.2900	0.0006
CMC040.B-metaspades_076	binsC	True	True	True	True	d__Bacteria;p__Campylobacterota;c__Campylobacteria;o__Campylobacterales;f__Campylobacteraceae;g__Campylobacter_B;s__	uSGB_19297	k__Bacteria|p__Proteobacteria|c__Epsilonproteobacteria|o__Campylobacterales|f__Campylobacteraceae|g__Campylobacter|s__Campylobacter_SGB19297|t__SGB19297	1871069	48.5000	290	8227	85.5200	14.4534	0.9980	c__Epsilonproteobacteria (UID3065)	92.3300	1.5700	85.7100	86.1100	0.7000	kingdom	0.0000	0.0000	0.0028
CMC040.B-metaspades_077	binsAC	True	False	True	True	d__Bacteria;p__Pseudomonadota;c__Gammaproteobacteria;o__Enterobacterales_A;f__Pasteurellaceae;g__;s__	uSGB_9727	k__Bacteria|p__Proteobacteria|c__Gammaproteobacteria|o__Pasteurellales|f__Pasteurellaceae|g__GGB6813|s__GGB6813_SGB9727|t__SGB9727	983901	44.3000	94	14889	90.4700	15.4734	0.9992	f__Pasteurellaceae (UID4932)	52.9100	3.4500	14.2900	53.9700	3.6400	genus	0.1000	0.5200	0.0007
CMC040.B-metaspades_078	binsBC	True	False	True	True	d__Bacteria;p__Pseudomonadota;c__Gammaproteobacteria;o__Burkholderiales;f__Rhodocyclaceae;g__Propionivibrio;s__	uSGB_9421	k__Bacteria|p__Proteobacteria|c__Gammaproteobacteria|o__Cardiobacteriales|f__Cardiobacteriaceae|g__GGB6673|s__GGB6673_SGB9421|t__SGB9421	1936269	58.8000	219	10890	83.7200	20.9922	0.9982	c__Betaproteobacteria (UID3971)	81.7100	1.1800	33.3300	84.2900	0.7500	class	0.1300	0.0600	0.0037
CMC040.B-metaspades_079	binsA	True	False	True	True	d__Bacteria;p__Pseudomonadota;c__Gammaproteobacteria;o__Enterobacterales_A;f__Pasteurellaceae;g__Aggregatibacter;s__	kSGB_9737	k__Bacteria|p__Proteobacteria|c__Gammaproteobacteria|o__Pasteurellales|f__Pasteurellaceae|g__Aggregatibacter|s__Aggregatibacter_segnis|t__SGB9737	1544576	42.5000	176	24183	88.7800	115.3335	0.9994	k__Bacteria (UID203)	56.9000	7.7600	100.0000	66.9700	18.7700	kingdom	0.0000	0.0000	0.0017
CMC040.B-metaspades_080	binsB	True	False	True	True	d__Bacteria;p__Bacteroidota;c__Bacteroidia;o__Flavobacteriales;f__Flavobacteriaceae;g__Capnocytophaga;s__Capnocytophaga gingivalis	kSGB_2479	k__Bacteria|p__Bacteroidetes|c__Flavobacteriia|o__Flavobacteriales|f__Flavobacteriaceae|g__Capnocytophaga|s__Capnocytophaga_gingivalis|t__SGB2479	2032118	41.0000	232	11963	90.9200	25.5409	0.9991	p__Bacteroidetes (UID2605)	87.7900	0.4800	0.0000	88.3800	0.1400	kingdom	0.0000	0.0000	0.0005
CMC040.B-metaspades_081	binsAC	True	False	True	True	d__Bacteria;p__Bacteroidota;c__Bacteroidia;o__Bacteroidales;f__Porphyromonadaceae;g__Porphyromonas;s__Porphyromonas endodontalis	kSGB_2016	k__Bacteria|p__Bacteroidetes|c__Bacteroidia|o__Bacteroidales|f__Porphyromonadaceae|g__Porphyromonas|s__Porphyromonas_endodontalis|t__SGB2016	1654457	48.5000	408	5193	89.3300	11.4140	0.9965	f__Porphyromonadaceae (UID2622)	87.7700	3.2700	85.7100	82.6800	4.0200	kingdom	0.0000	0.0000	0.0031
CMC040.B-metaspades_082	binsBC	True	True	True	True	d__Bacteria;p__Spirochaetota;c__Spirochaetia;o__Treponematales;f__Treponemataceae;g__Treponema;s__	uSGB_3609	k__Bacteria|p__Spirochaetes|c__Spirochaetia|o__Spirochaetales|f__Spirochaetaceae|g__GGB2674|s__GGB2674_SGB3609|t__SGB3609	2211124	44.4000	255	11320	89.0100	12.4827	0.9986	f__Spirochaetaceae (UID2512)	91.3700	1.1900	60.0000	88.6000	2.7800	kingdom	0.0000	0.0000	0.0012
CMC040.B-metaspades_083	binsABC	True	False	True	True	d__Bacteria;p__Bacteroidota;c__Bacteroidia;o__Flavobacteriales;f__Flavobacteriaceae;g__Capnocytophaga;s__Capnocytophaga bilenii	kSGB_2489	k__Bacteria|p__Bacteroidetes|c__Flavobacteriia|o__Flavobacteriales|f__Flavobacteriaceae|g__Capnocytophaga|s__Capnocytophaga_sp_oral_taxon_332|t__SGB2489	1251185	38.2000	136	10095	90.8100	25.3294	0.9986	k__Bacteria (UID203)	51.7200	5.1700	50.0000	53.1200	7.1300	kingdom	0.0000	0.0000	0.0015
CMC040.B-metaspades_084	binsABC	True	True	True	True	d__Bacteria;p__Actinomycetota;c__Actinomycetia;o__Propionibacteriales;f__Propionibacteriaceae;g__Fen-668;s__	uSGB_15902	k__Bacteria|p__Actinobacteria|c__Actinobacteria|o__Propionibacteriales|f__Propionibacteriaceae|g__GGB10025|s__GGB10025_SGB15902|t__SGB15902	2667407	67.0000	76	49220	90.5100	40.8408	0.9988	o__Actinomycetales (UID1697)	94.0400	0.7800	0.0000	100.0000	1.2900	genus	0.0800	0.9000	0.0000
CMC040.B-metaspades_085	binsABC	True	False	True	True	d__Bacteria;p__Bacillota_A;c__Clostridia;o__Lachnospirales;f__Lachnospiraceae;g__Stomatobaculum;s__Stomatobaculum sp916439095	uSGB_5266	k__Bacteria|p__Firmicutes|c__Clostridia|o__Clostridiales|f__Lachnospiraceae|g__Stomatobaculum|s__Stomatobaculum_SGB5266|t__SGB5266	855082	57.2000	196	4919	93.3900	10.8439	0.9972	k__Bacteria (UID203)	58.9300	3.4500	50.0000	50.9000	2.4700	kingdom	0.0000	0.0000	0.0040
CMC040.B-metaspades_086	binsAC	True	True	True	True	d__Bacteria;p__Bacteroidota;c__Bacteroidia;o__Bacteroidales;f__Bacteroidaceae;g__Prevotella;s__Prevotella melaninogenica_B	uSGB_1551	k__Bacteria|p__Bacteroidetes|c__Bacteroidia|o__Bacteroidales|f__Prevotellaceae|g__Prevotella|s__Prevotella_SGB1551|t__SGB1551	2784386	41.1000	165	23862	82.6100	82.0588	0.9992	g__Prevotella (UID2724)	90.3300	0.3800	100.0000	87.6500	1.9600	kingdom	0.0000	0.0000	0.0006
CMC040.B-metaspades_087	binsAC	True	True	True	True	d__Bacteria;p__Bacteroidota;c__Bacteroidia;o__Bacteroidales;f__Porphyromonadaceae;g__Porphyromonas;s__Porphyromonas sp018127745	uSGB_2040	k__Bacteria|p__Bacteroidetes|c__Bacteroidia|o__Bacteroidales|f__Porphyromonadaceae|g__GGB1474|s__GGB1474_SGB2040|t__SGB2040	1968621	61.6000	39	68057	85.2500	25.6974	0.9996	f__Porphyromonadaceae (UID2622)	96.9500	1.4200	14.2900	95.6400	0.2400	family	0.0700	0.0200	0.0000
CMC040.B-metaspades_088	binsB	False	False	True	False	d__Bacteria;p__Actinomycetota;c__Actinomycetia;o__Actinomycetales;f__Actinomycetaceae;g__Pauljensenia;s__Pauljensenia hongkongensis	kSGB_17148	k__Bacteria|p__Actinobacteria|c__Actinobacteria|o__Actinomycetales|f__Actinomycetaceae|g__Actinomyces|s__Actinomyces_hongkongensis|t__SGB17148	1018007	70.4000	353	3002	89.9400	42.9875	0.9986	f__Actinomycetaceae (UID1531)	43.1300	0.9800	66.6700	46.5400	0.9700	genus	0.1100	0.0600	0.0072
CMC040.B-metaspades_089	binsAC	True	False	True	True	d__Bacteria;p__Bacteroidota;c__Bacteroidia;o__Bacteroidales;f__Tannerellaceae;g__Tannerella;s__Tannerella serpentiformis	kSGB_2048	k__Bacteria|p__Bacteroidetes|c__Bacteroidia|o__Bacteroidales|f__Tannerellaceae|g__Tannerella|s__Tannerella_sp_oral_taxon_HOT_286|t__SGB2048	1073802	58.3000	278	4433	86.9600	467.3935	0.9993	o__Bacteroidales (UID2621)	54.1100	0.5100	50.0000	46.3700	0.0300	kingdom	0.0000	0.0000	0.0050
CMC040.B-metaspades_090	binsBC	True	False	True	True	d__Bacteria;p__Pseudomonadota;c__Gammaproteobacteria;o__Enterobacterales_A;f__Pasteurellaceae;g__Haemophilus_D;s__Haemophilus_D parainfluenzae	kSGB_9712	k__Bacteria|p__Proteobacteria|c__Gammaproteobacteria|o__Pasteurellales|f__Pasteurellaceae|g__Haemophilus|s__Haemophilus_parainfluenzae|t__SGB9712	1506799	39.4000	300	5549	91.6400	13.3017	0.9981	k__Bacteria (UID203)	64.7100	0.0000	0.0000	80.4500	0.7100	genus	0.1400	0.5700	0.0030
CMC040.B-metaspades_091	binsBC	True	False	True	True	d__Bacteria;p__Bacillota_A;c__Clostridia;o__Lachnospirales;f__Lachnospiraceae;g__Lachnoanaerobaculum;s__Lachnoanaerobaculum sp000209465	kSGB_4480	k__Bacteria|p__Firmicutes|c__Clostridia|o__Clostridiales|f__Lachnospiraceae|g__Lachnospiraceae_unclassified|s__Lachnospiraceae_bacterium_oral_taxon_500|t__SGB4480	1760047	36.4000	282	7403	92.0500	31.6110	0.9989	o__Clostridiales (UID1226)	76.0700	0.1400	100.0000	73.0400	1.9500	genus	0.2200	0.0600	0.0017
CMC040.B-metaspades_092	binsB	True	True	True	True	d__Bacteria;p__Actinomycetota;c__Actinomycetia;o__Actinomycetales;f__Actinomycetaceae;g__Pauljensenia;s__	uSGB_17154	k__Bacteria|p__Actinobacteria|c__Actinobacteria|o__Actinomycetales|f__Actinomycetaceae|g__Actinomyces|s__Actinomyces_SGB17154|t__SGB17154	2108475	65.3000	266	11990	89.4500	15.6132	0.9985	f__Actinomycetaceae (UID1531)	91.0800	2.6700	57.1400	90.2900	1.0500	genus	0.0800	0.3100	0.0012
CMC040.B-metaspades_093	binsAC	True	False	True	True	d__Bacteria;p__Actinomycetota;c__Actinomycetia;o__Propionibacteriales;f__Propionibacteriaceae;g__Arachnia;s__Arachnia sp013333945	uSGB_15899	k__Bacteria|p__Actinobacteria|c__Actinobacteria|o__Propionibacteriales|f__Propionibacteriaceae|g__Pseudopropionibacterium|s__Pseudopropionibacterium_SGB15899|t__SGB15899	2810311	63.4000	177	34191	89.9900	484.7492	0.9998	o__Actinomycetales (UID1697)	87.3900	1.1800	80.0000	86.8900	2.0000	family	0.2200	0.0500	0.0019
CMC040.B-metaspades_094	binsC	True	False	True	True	d__Bacteria;p__Bacteroidota;c__Bacteroidia;o__Bacteroidales;f__Bacteroidaceae;g__Alloprevotella;s__Alloprevotella sp916438195	uSGB_1484	k__Bacteria|p__Bacteroidetes|c__Bacteroidia|o__Bacteroidales|f__Prevotellaceae|g__Alloprevotella|s__Alloprevotella_SGB1484|t__SGB1484	1997155	46.1000	258	10111	87.6500	8.6295	0.9984	o__Bacteroidales (UID2657)	83.5400	0.6400	66.6700	82.7200	0.5600	genus	0.1700	0.0300	0.0005
CMC040.B-metaspades_095	binsC	True	False	True	True	d__Bacteria;p__Bacillota_A;c__Clostridia;o__Peptostreptococcales;f__Filifactoraceae;g__Filifactor;s__	kSGB_6629	k__Bacteria|p__Firmicutes|c__Clostridia|o__Clostridiales|f__Peptostreptococcaceae|g__Filifactor|s__Filifactor_alocis|t__SGB6629	946717	35.7000	356	2901	85.9100	5.3137	0.9961	o__Clostridiales (UID1120)	59.0200	0.0200	0.0000	61.0800	0.5600	kingdom	0.0000	0.0000	0.0005
CMC040.B-metaspades_096	binsC	True	False	True	True	d__Bacteria;p__Spirochaetota;c__Spirochaetia;o__Treponematales;f__Treponemataceae;g__Treponema_D;s__	uSGB_3592	k__Bacteria|p__Spirochaetes|c__CFGB1017|o__OFGB1017|f__FGB1017|g__GGB2666|s__GGB2666_SGB3592|t__SGB3592	1362626	43.1000	687	2078	90.9700	6.1889	0.9889	f__Spirochaetaceae (UID2535)	67.0900	3.4600	50.0000	53.5200	3.3800	phylum	0.1700	0.0400	0.0042
CMC040.B-metaspades_097	binsC	True	False	True	True	d__Bacteria;p__Bacteroidota;c__Bacteroidia;o__Bacteroidales;f__Bacteroidaceae;g__Prevotella;s__	kSGB_21554	k__Bacteria|p__Bacteroidetes|c__Bacteroidia|o__Bacteroidales|f__Prevotellaceae|g__Prevotella|s__Prevotella_sp_oral_taxon_376|t__SGB21554	1787790	49.6000	600	3386	91.5200	7.0730	0.9946	g__Prevotella (UID2724)	79.3400	1.1800	45.4500	67.9800	4.3800	kingdom	0.0000	0.0000	0.0036
CMC040.B-metaspades_098	binsC	True	False	True	True	d__Bacteria;p__Bacillota_A;c__Clostridia;o__Peptostreptococcales;f__Anaerovoracaceae;g__Mogibacterium;s__Mogibacterium diversum	kSGB_3922	k__Bacteria|p__Firmicutes|c__Clostridia|o__Clostridiales|f__Clostridiales_Family_XIII_Incertae_Sedis|g__Mogibacterium|s__Mogibacterium_diversum|t__SGB3922	1355098	42.0000	340	4710	88.1700	18.1379	0.9963	o__Clostridiales (UID1120)	82.4500	2.4800	83.3300	83.0300	3.5200	family	0.3800	0.0300	0.0037
